index,symbol,as_of_date,reconstruction_method,status,source_file
NIFTY50,ADANIENT,2025-09-30,reverse official event chain from official 2026-10-02 anchor,RECONSTRUCTED_OFFICIAL_REVIEW_DELTA_VALIDATED,official_2026_interim_events.csv
NIFTY50,ADANIPORTS,2025-09-30,reverse official event chain from official 2026-10-02 anchor,RECONSTRUCTED_OFFICIAL_REVIEW_DELTA_VALIDATED,official_2026_interim_events.csv
NIFTY50,APOLLOHOSP,2025-09-30,reverse official event chain from official 2026-10-02 anchor,RECONSTRUCTED_OFFICIAL_REVIEW_DELTA_VALIDATED,official_2026_interim_events.csv
NIFTY50,ASIANPAINT,2025-09-30,reverse official event chain from official 2026-10-02 anchor,RECONSTRUCTED_OFFICIAL_REVIEW_DELTA_VALIDATED,official_2026_interim_events.csv
NIFTY50,AXISBANK,2025-09-30,reverse official event chain from official 2026-10-02 anchor,RECONSTRUCTED_OFFICIAL_REVIEW_DELTA_VALIDATED,official_2026_interim_events.csv
NIFTY50,BAJAJ-AUTO,2025-09-30,reverse official event chain from official 2026-10-02 anchor,RECONSTRUCTED_OFFICIAL_REVIEW_DELTA_VALIDATED,official_2026_interim_events.csv
NIFTY50,BAJAJFINSV,2025-09-30,reverse official event chain from official 2026-10-02 anchor,RECONSTRUCTED_OFFICIAL_REVIEW_DELTA_VALIDATED,official_2026_interim_events.csv
NIFTY50,BAJFINANCE,2025-09-30,reverse official event chain from official 2026-10-02 anchor,RECONSTRUCTED_OFFICIAL_REVIEW_DELTA_VALIDATED,official_2026_interim_events.csv
NIFTY50,BEL,2025-09-30,reverse official event chain from official 2026-10-02 anchor,RECONSTRUCTED_OFFICIAL_REVIEW_DELTA_VALIDATED,official_2026_interim_events.csv
NIFTY50,BHARTIARTL,2025-09-30,reverse official event chain from official 2026-10-02 anchor,RECONSTRUCTED_OFFICIAL_REVIEW_DELTA_VALIDATED,official_2026_interim_events.csv
NIFTY50,CIPLA,2025-09-30,reverse official event chain from official 2026-10-02 anchor,RECONSTRUCTED_OFFICIAL_REVIEW_DELTA_VALIDATED,official_2026_interim_events.csv
NIFTY50,COALINDIA,2025-09-30,reverse official event chain from official 2026-10-02 anchor,RECONSTRUCTED_OFFICIAL_REVIEW_DELTA_VALIDATED,official_2026_interim_events.csv
NIFTY50,DRREDDY,2025-09-30,reverse official event chain from official 2026-10-02 anchor,RECONSTRUCTED_OFFICIAL_REVIEW_DELTA_VALIDATED,official_2026_interim_events.csv
NIFTY50,EICHERMOT,2025-09-30,reverse official event chain from official 2026-10-02 anchor,RECONSTRUCTED_OFFICIAL_REVIEW_DELTA_VALIDATED,official_2026_interim_events.csv
NIFTY50,ETERNAL,2025-09-30,reverse official event chain from official 2026-10-02 anchor,RECONSTRUCTED_OFFICIAL_REVIEW_DELTA_VALIDATED,official_2026_interim_events.csv
NIFTY50,GRASIM,2025-09-30,reverse official event chain from official 2026-10-02 anchor,RECONSTRUCTED_OFFICIAL_REVIEW_DELTA_VALIDATED,official_2026_interim_events.csv
NIFTY50,HCLTECH,2025-09-30,reverse official event chain from official 2026-10-02 anchor,RECONSTRUCTED_OFFICIAL_REVIEW_DELTA_VALIDATED,official_2026_interim_events.csv
NIFTY50,HDFCBANK,2025-09-30,reverse official event chain from official 2026-10-02 anchor,RECONSTRUCTED_OFFICIAL_REVIEW_DELTA_VALIDATED,official_2026_interim_events.csv
NIFTY50,HDFCLIFE,2025-09-30,reverse official event chain from official 2026-10-02 anchor,RECONSTRUCTED_OFFICIAL_REVIEW_DELTA_VALIDATED,official_2026_interim_events.csv
NIFTY50,HINDALCO,2025-09-30,reverse official event chain from official 2026-10-02 anchor,RECONSTRUCTED_OFFICIAL_REVIEW_DELTA_VALIDATED,official_2026_interim_events.csv
NIFTY50,HINDUNILVR,2025-09-30,reverse official event chain from official 2026-10-02 anchor,RECONSTRUCTED_OFFICIAL_REVIEW_DELTA_VALIDATED,official_2026_interim_events.csv
NIFTY50,ICICIBANK,2025-09-30,reverse official event chain from official 2026-10-02 anchor,RECONSTRUCTED_OFFICIAL_REVIEW_DELTA_VALIDATED,official_2026_interim_events.csv
NIFTY50,INDIGO,2025-09-30,reverse official event chain from official 2026-10-02 anchor,RECONSTRUCTED_OFFICIAL_REVIEW_DELTA_VALIDATED,official_2026_interim_events.csv
NIFTY50,INFY,2025-09-30,reverse official event chain from official 2026-10-02 anchor,RECONSTRUCTED_OFFICIAL_REVIEW_DELTA_VALIDATED,official_2026_interim_events.csv
NIFTY50,ITC,2025-09-30,reverse official event chain from official 2026-10-02 anchor,RECONSTRUCTED_OFFICIAL_REVIEW_DELTA_VALIDATED,official_2026_interim_events.csv
NIFTY50,JIOFIN,2025-09-30,reverse official event chain from official 2026-10-02 anchor,RECONSTRUCTED_OFFICIAL_REVIEW_DELTA_VALIDATED,official_2026_interim_events.csv
NIFTY50,JSWSTEEL,2025-09-30,reverse official event chain from official 2026-10-02 anchor,RECONSTRUCTED_OFFICIAL_REVIEW_DELTA_VALIDATED,official_2026_interim_events.csv
NIFTY50,KOTAKBANK,2025-09-30,reverse official event chain from official 2026-10-02 anchor,RECONSTRUCTED_OFFICIAL_REVIEW_DELTA_VALIDATED,official_2026_interim_events.csv
NIFTY50,LT,2025-09-30,reverse official event chain from official 2026-10-02 anchor,RECONSTRUCTED_OFFICIAL_REVIEW_DELTA_VALIDATED,official_2026_interim_events.csv
NIFTY50,M&M,2025-09-30,reverse official event chain from official 2026-10-02 anchor,RECONSTRUCTED_OFFICIAL_REVIEW_DELTA_VALIDATED,official_2026_interim_events.csv
NIFTY50,MARUTI,2025-09-30,reverse official event chain from official 2026-10-02 anchor,RECONSTRUCTED_OFFICIAL_REVIEW_DELTA_VALIDATED,official_2026_interim_events.csv
NIFTY50,MAXHEALTH,2025-09-30,reverse official event chain from official 2026-10-02 anchor,RECONSTRUCTED_OFFICIAL_REVIEW_DELTA_VALIDATED,official_2026_interim_events.csv
NIFTY50,NESTLEIND,2025-09-30,reverse official event chain from official 2026-10-02 anchor,RECONSTRUCTED_OFFICIAL_REVIEW_DELTA_VALIDATED,official_2026_interim_events.csv
NIFTY50,NTPC,2025-09-30,reverse official event chain from official 2026-10-02 anchor,RECONSTRUCTED_OFFICIAL_REVIEW_DELTA_VALIDATED,official_2026_interim_events.csv
NIFTY50,ONGC,2025-09-30,reverse official event chain from official 2026-10-02 anchor,RECONSTRUCTED_OFFICIAL_REVIEW_DELTA_VALIDATED,official_2026_interim_events.csv
NIFTY50,POWERGRID,2025-09-30,reverse official event chain from official 2026-10-02 anchor,RECONSTRUCTED_OFFICIAL_REVIEW_DELTA_VALIDATED,official_2026_interim_events.csv
NIFTY50,RELIANCE,2025-09-30,reverse official event chain from official 2026-10-02 anchor,RECONSTRUCTED_OFFICIAL_REVIEW_DELTA_VALIDATED,official_2026_interim_events.csv
NIFTY50,SBILIFE,2025-09-30,reverse official event chain from official 2026-10-02 anchor,RECONSTRUCTED_OFFICIAL_REVIEW_DELTA_VALIDATED,official_2026_interim_events.csv
NIFTY50,SBIN,2025-09-30,reverse official event chain from official 2026-10-02 anchor,RECONSTRUCTED_OFFICIAL_REVIEW_DELTA_VALIDATED,official_2026_interim_events.csv
NIFTY50,SHRIRAMFIN,2025-09-30,reverse official event chain from official 2026-10-02 anchor,RECONSTRUCTED_OFFICIAL_REVIEW_DELTA_VALIDATED,official_2026_interim_events.csv
NIFTY50,SUNPHARMA,2025-09-30,reverse official event chain from official 2026-10-02 anchor,RECONSTRUCTED_OFFICIAL_REVIEW_DELTA_VALIDATED,official_2026_interim_events.csv
NIFTY50,TATACONSUM,2025-09-30,reverse official event chain from official 2026-10-02 anchor,RECONSTRUCTED_OFFICIAL_REVIEW_DELTA_VALIDATED,official_2026_interim_events.csv
NIFTY50,TATASTEEL,2025-09-30,reverse official event chain from official 2026-10-02 anchor,RECONSTRUCTED_OFFICIAL_REVIEW_DELTA_VALIDATED,official_2026_interim_events.csv
NIFTY50,TCS,2025-09-30,reverse official event chain from official 2026-10-02 anchor,RECONSTRUCTED_OFFICIAL_REVIEW_DELTA_VALIDATED,official_2026_interim_events.csv
NIFTY50,TECHM,2025-09-30,reverse official event chain from official 2026-10-02 anchor,RECONSTRUCTED_OFFICIAL_REVIEW_DELTA_VALIDATED,official_2026_interim_events.csv
NIFTY50,TITAN,2025-09-30,reverse official event chain from official 2026-10-02 anchor,RECONSTRUCTED_OFFICIAL_REVIEW_DELTA_VALIDATED,official_2026_interim_events.csv
NIFTY50,TMPV,2025-09-30,reverse official event chain from official 2026-10-02 anchor,RECONSTRUCTED_OFFICIAL_REVIEW_DELTA_VALIDATED,official_2026_interim_events.csv
NIFTY50,TRENT,2025-09-30,reverse official event chain from official 2026-10-02 anchor,RECONSTRUCTED_OFFICIAL_REVIEW_DELTA_VALIDATED,official_2026_interim_events.csv
NIFTY50,ULTRACEMCO,2025-09-30,reverse official event chain from official 2026-10-02 anchor,RECONSTRUCTED_OFFICIAL_REVIEW_DELTA_VALIDATED,official_2026_interim_events.csv
NIFTY50,WIPRO,2025-09-30,reverse official event chain from official 2026-10-02 anchor,RECONSTRUCTED_OFFICIAL_REVIEW_DELTA_VALIDATED,official_2026_interim_events.csv
NIFTYNEXT50,ABB,2025-09-30,reverse official event chain from official 2026-10-02 anchor,RECONSTRUCTED_OFFICIAL_REVIEW_DELTA_VALIDATED,official_2026_interim_events.csv
NIFTYNEXT50,ADANIENSOL,2025-09-30,reverse official event chain from official 2026-10-02 anchor,RECONSTRUCTED_OFFICIAL_REVIEW_DELTA_VALIDATED,official_2026_interim_events.csv
NIFTYNEXT50,ADANIGREEN,2025-09-30,reverse official event chain from official 2026-10-02 anchor,RECONSTRUCTED_OFFICIAL_REVIEW_DELTA_VALIDATED,official_2026_interim_events.csv
NIFTYNEXT50,ADANIPOWER,2025-09-30,reverse official event chain from official 2026-10-02 anchor,RECONSTRUCTED_OFFICIAL_REVIEW_DELTA_VALIDATED,official_2026_interim_events.csv
NIFTYNEXT50,AMBUJACEM,2025-09-30,reverse official event chain from official 2026-10-02 anchor,RECONSTRUCTED_OFFICIAL_REVIEW_DELTA_VALIDATED,official_2026_interim_events.csv
NIFTYNEXT50,BAJAJHFL,2025-09-30,reverse official event chain from official 2026-10-02 anchor,RECONSTRUCTED_OFFICIAL_REVIEW_DELTA_VALIDATED,official_2026_interim_events.csv
NIFTYNEXT50,BAJAJHLDNG,2025-09-30,reverse official event chain from official 2026-10-02 anchor,RECONSTRUCTED_OFFICIAL_REVIEW_DELTA_VALIDATED,official_2026_interim_events.csv
NIFTYNEXT50,BANKBARODA,2025-09-30,reverse official event chain from official 2026-10-02 anchor,RECONSTRUCTED_OFFICIAL_REVIEW_DELTA_VALIDATED,official_2026_interim_events.csv
NIFTYNEXT50,BOSCHLTD,2025-09-30,reverse official event chain from official 2026-10-02 anchor,RECONSTRUCTED_OFFICIAL_REVIEW_DELTA_VALIDATED,official_2026_interim_events.csv
NIFTYNEXT50,BPCL,2025-09-30,reverse official event chain from official 2026-10-02 anchor,RECONSTRUCTED_OFFICIAL_REVIEW_DELTA_VALIDATED,official_2026_interim_events.csv
NIFTYNEXT50,BRITANNIA,2025-09-30,reverse official event chain from official 2026-10-02 anchor,RECONSTRUCTED_OFFICIAL_REVIEW_DELTA_VALIDATED,official_2026_interim_events.csv
NIFTYNEXT50,CANBK,2025-09-30,reverse official event chain from official 2026-10-02 anchor,RECONSTRUCTED_OFFICIAL_REVIEW_DELTA_VALIDATED,official_2026_interim_events.csv
NIFTYNEXT50,CGPOWER,2025-09-30,reverse official event chain from official 2026-10-02 anchor,RECONSTRUCTED_OFFICIAL_REVIEW_DELTA_VALIDATED,official_2026_interim_events.csv
NIFTYNEXT50,CHOLAFIN,2025-09-30,reverse official event chain from official 2026-10-02 anchor,RECONSTRUCTED_OFFICIAL_REVIEW_DELTA_VALIDATED,official_2026_interim_events.csv
NIFTYNEXT50,DIVISLAB,2025-09-30,reverse official event chain from official 2026-10-02 anchor,RECONSTRUCTED_OFFICIAL_REVIEW_DELTA_VALIDATED,official_2026_interim_events.csv
NIFTYNEXT50,DLF,2025-09-30,reverse official event chain from official 2026-10-02 anchor,RECONSTRUCTED_OFFICIAL_REVIEW_DELTA_VALIDATED,official_2026_interim_events.csv
NIFTYNEXT50,DMART,2025-09-30,reverse official event chain from official 2026-10-02 anchor,RECONSTRUCTED_OFFICIAL_REVIEW_DELTA_VALIDATED,official_2026_interim_events.csv
NIFTYNEXT50,ENRIN,2025-09-30,reverse official event chain from official 2026-10-02 anchor,RECONSTRUCTED_OFFICIAL_REVIEW_DELTA_VALIDATED,official_2026_interim_events.csv
NIFTYNEXT50,GAIL,2025-09-30,reverse official event chain from official 2026-10-02 anchor,RECONSTRUCTED_OFFICIAL_REVIEW_DELTA_VALIDATED,official_2026_interim_events.csv
NIFTYNEXT50,GODREJCP,2025-09-30,reverse official event chain from official 2026-10-02 anchor,RECONSTRUCTED_OFFICIAL_REVIEW_DELTA_VALIDATED,official_2026_interim_events.csv
NIFTYNEXT50,HAL,2025-09-30,reverse official event chain from official 2026-10-02 anchor,RECONSTRUCTED_OFFICIAL_REVIEW_DELTA_VALIDATED,official_2026_interim_events.csv
NIFTYNEXT50,HAVELLS,2025-09-30,reverse official event chain from official 2026-10-02 anchor,RECONSTRUCTED_OFFICIAL_REVIEW_DELTA_VALIDATED,official_2026_interim_events.csv
NIFTYNEXT50,HINDZINC,2025-09-30,reverse official event chain from official 2026-10-02 anchor,RECONSTRUCTED_OFFICIAL_REVIEW_DELTA_VALIDATED,official_2026_interim_events.csv
NIFTYNEXT50,HYUNDAI,2025-09-30,reverse official event chain from official 2026-10-02 anchor,RECONSTRUCTED_OFFICIAL_REVIEW_DELTA_VALIDATED,official_2026_interim_events.csv
NIFTYNEXT50,ICICIGI,2025-09-30,reverse official event chain from official 2026-10-02 anchor,RECONSTRUCTED_OFFICIAL_REVIEW_DELTA_VALIDATED,official_2026_interim_events.csv
NIFTYNEXT50,INDHOTEL,2025-09-30,reverse official event chain from official 2026-10-02 anchor,RECONSTRUCTED_OFFICIAL_REVIEW_DELTA_VALIDATED,official_2026_interim_events.csv
NIFTYNEXT50,IOC,2025-09-30,reverse official event chain from official 2026-10-02 anchor,RECONSTRUCTED_OFFICIAL_REVIEW_DELTA_VALIDATED,official_2026_interim_events.csv
NIFTYNEXT50,IRFC,2025-09-30,reverse official event chain from official 2026-10-02 anchor,RECONSTRUCTED_OFFICIAL_REVIEW_DELTA_VALIDATED,official_2026_interim_events.csv
NIFTYNEXT50,JINDALSTEL,2025-09-30,reverse official event chain from official 2026-10-02 anchor,RECONSTRUCTED_OFFICIAL_REVIEW_DELTA_VALIDATED,official_2026_interim_events.csv
NIFTYNEXT50,JSWENERGY,2025-09-30,reverse official event chain from official 2026-10-02 anchor,RECONSTRUCTED_OFFICIAL_REVIEW_DELTA_VALIDATED,official_2026_interim_events.csv
NIFTYNEXT50,LICI,2025-09-30,reverse official event chain from official 2026-10-02 anchor,RECONSTRUCTED_OFFICIAL_REVIEW_DELTA_VALIDATED,official_2026_interim_events.csv
NIFTYNEXT50,LODHA,2025-09-30,reverse official event chain from official 2026-10-02 anchor,RECONSTRUCTED_OFFICIAL_REVIEW_DELTA_VALIDATED,official_2026_interim_events.csv
NIFTYNEXT50,LTM,2025-09-30,reverse official event chain from official 2026-10-02 anchor,RECONSTRUCTED_OFFICIAL_REVIEW_DELTA_VALIDATED,official_2026_interim_events.csv
NIFTYNEXT50,MAZDOCK,2025-09-30,reverse official event chain from official 2026-10-02 anchor,RECONSTRUCTED_OFFICIAL_REVIEW_DELTA_VALIDATED,official_2026_interim_events.csv
NIFTYNEXT50,MOTHERSON,2025-09-30,reverse official event chain from official 2026-10-02 anchor,RECONSTRUCTED_OFFICIAL_REVIEW_DELTA_VALIDATED,official_2026_interim_events.csv
NIFTYNEXT50,NAUKRI,2025-09-30,reverse official event chain from official 2026-10-02 anchor,RECONSTRUCTED_OFFICIAL_REVIEW_DELTA_VALIDATED,official_2026_interim_events.csv
NIFTYNEXT50,PFC,2025-09-30,reverse official event chain from official 2026-10-02 anchor,RECONSTRUCTED_OFFICIAL_REVIEW_DELTA_VALIDATED,official_2026_interim_events.csv
NIFTYNEXT50,PIDILITIND,2025-09-30,reverse official event chain from official 2026-10-02 anchor,RECONSTRUCTED_OFFICIAL_REVIEW_DELTA_VALIDATED,official_2026_interim_events.csv
NIFTYNEXT50,PNB,2025-09-30,reverse official event chain from official 2026-10-02 anchor,RECONSTRUCTED_OFFICIAL_REVIEW_DELTA_VALIDATED,official_2026_interim_events.csv
NIFTYNEXT50,RECLTD,2025-09-30,reverse official event chain from official 2026-10-02 anchor,RECONSTRUCTED_OFFICIAL_REVIEW_DELTA_VALIDATED,official_2026_interim_events.csv
NIFTYNEXT50,SHREECEM,2025-09-30,reverse official event chain from official 2026-10-02 anchor,RECONSTRUCTED_OFFICIAL_REVIEW_DELTA_VALIDATED,official_2026_interim_events.csv
NIFTYNEXT50,SIEMENS,2025-09-30,reverse official event chain from official 2026-10-02 anchor,RECONSTRUCTED_OFFICIAL_REVIEW_DELTA_VALIDATED,official_2026_interim_events.csv
NIFTYNEXT50,SOLARINDS,2025-09-30,reverse official event chain from official 2026-10-02 anchor,RECONSTRUCTED_OFFICIAL_REVIEW_DELTA_VALIDATED,official_2026_interim_events.csv
NIFTYNEXT50,TATAPOWER,2025-09-30,reverse official event chain from official 2026-10-02 anchor,RECONSTRUCTED_OFFICIAL_REVIEW_DELTA_VALIDATED,official_2026_interim_events.csv
NIFTYNEXT50,TORNTPHARM,2025-09-30,reverse official event chain from official 2026-10-02 anchor,RECONSTRUCTED_OFFICIAL_REVIEW_DELTA_VALIDATED,official_2026_interim_events.csv
NIFTYNEXT50,TVSMOTOR,2025-09-30,reverse official event chain from official 2026-10-02 anchor,RECONSTRUCTED_OFFICIAL_REVIEW_DELTA_VALIDATED,official_2026_interim_events.csv
NIFTYNEXT50,UNITDSPR,2025-09-30,reverse official event chain from official 2026-10-02 anchor,RECONSTRUCTED_OFFICIAL_REVIEW_DELTA_VALIDATED,official_2026_interim_events.csv
NIFTYNEXT50,VBL,2025-09-30,reverse official event chain from official 2026-10-02 anchor,RECONSTRUCTED_OFFICIAL_REVIEW_DELTA_VALIDATED,official_2026_interim_events.csv
NIFTYNEXT50,VEDL,2025-09-30,reverse official event chain from official 2026-10-02 anchor,RECONSTRUCTED_OFFICIAL_REVIEW_DELTA_VALIDATED,official_2026_interim_events.csv
NIFTYNEXT50,ZYDUSLIFE,2025-09-30,reverse official event chain from official 2026-10-02 anchor,RECONSTRUCTED_OFFICIAL_REVIEW_DELTA_VALIDATED,official_2026_interim_events.csv
NIFTYMIDCAP150,360ONE,2025-09-30,reverse official event chain from official 2026-10-02 anchor,RECONSTRUCTED_OFFICIAL_REVIEW_DELTA_VALIDATED,official_2026_interim_events.csv
NIFTYMIDCAP150,3MINDIA,2025-09-30,reverse official event chain from official 2026-10-02 anchor,RECONSTRUCTED_OFFICIAL_REVIEW_DELTA_VALIDATED,official_2026_interim_events.csv
NIFTYMIDCAP150,ABBOTINDIA,2025-09-30,reverse official event chain from official 2026-10-02 anchor,RECONSTRUCTED_OFFICIAL_REVIEW_DELTA_VALIDATED,official_2026_interim_events.csv
NIFTYMIDCAP150,ABCAPITAL,2025-09-30,reverse official event chain from official 2026-10-02 anchor,RECONSTRUCTED_OFFICIAL_REVIEW_DELTA_VALIDATED,official_2026_interim_events.csv
NIFTYMIDCAP150,ACC,2025-09-30,reverse official event chain from official 2026-10-02 anchor,RECONSTRUCTED_OFFICIAL_REVIEW_DELTA_VALIDATED,official_2026_interim_events.csv
NIFTYMIDCAP150,AIAENG,2025-09-30,reverse official event chain from official 2026-10-02 anchor,RECONSTRUCTED_OFFICIAL_REVIEW_DELTA_VALIDATED,official_2026_interim_events.csv
NIFTYMIDCAP150,AJANTPHARM,2025-09-30,reverse official event chain from official 2026-10-02 anchor,RECONSTRUCTED_OFFICIAL_REVIEW_DELTA_VALIDATED,official_2026_interim_events.csv
NIFTYMIDCAP150,ALKEM,2025-09-30,reverse official event chain from official 2026-10-02 anchor,RECONSTRUCTED_OFFICIAL_REVIEW_DELTA_VALIDATED,official_2026_interim_events.csv
NIFTYMIDCAP150,APARINDS,2025-09-30,reverse official event chain from official 2026-10-02 anchor,RECONSTRUCTED_OFFICIAL_REVIEW_DELTA_VALIDATED,official_2026_interim_events.csv
NIFTYMIDCAP150,APLAPOLLO,2025-09-30,reverse official event chain from official 2026-10-02 anchor,RECONSTRUCTED_OFFICIAL_REVIEW_DELTA_VALIDATED,official_2026_interim_events.csv
NIFTYMIDCAP150,APOLLOTYRE,2025-09-30,reverse official event chain from official 2026-10-02 anchor,RECONSTRUCTED_OFFICIAL_REVIEW_DELTA_VALIDATED,official_2026_interim_events.csv
NIFTYMIDCAP150,ASHOKLEY,2025-09-30,reverse official event chain from official 2026-10-02 anchor,RECONSTRUCTED_OFFICIAL_REVIEW_DELTA_VALIDATED,official_2026_interim_events.csv
NIFTYMIDCAP150,ASTRAL,2025-09-30,reverse official event chain from official 2026-10-02 anchor,RECONSTRUCTED_OFFICIAL_REVIEW_DELTA_VALIDATED,official_2026_interim_events.csv
NIFTYMIDCAP150,ATGL,2025-09-30,reverse official event chain from official 2026-10-02 anchor,RECONSTRUCTED_OFFICIAL_REVIEW_DELTA_VALIDATED,official_2026_interim_events.csv
NIFTYMIDCAP150,AUBANK,2025-09-30,reverse official event chain from official 2026-10-02 anchor,RECONSTRUCTED_OFFICIAL_REVIEW_DELTA_VALIDATED,official_2026_interim_events.csv
NIFTYMIDCAP150,AUROPHARMA,2025-09-30,reverse official event chain from official 2026-10-02 anchor,RECONSTRUCTED_OFFICIAL_REVIEW_DELTA_VALIDATED,official_2026_interim_events.csv
NIFTYMIDCAP150,AWL,2025-09-30,reverse official event chain from official 2026-10-02 anchor,RECONSTRUCTED_OFFICIAL_REVIEW_DELTA_VALIDATED,official_2026_interim_events.csv
NIFTYMIDCAP150,BALKRISIND,2025-09-30,reverse official event chain from official 2026-10-02 anchor,RECONSTRUCTED_OFFICIAL_REVIEW_DELTA_VALIDATED,official_2026_interim_events.csv
NIFTYMIDCAP150,BANKINDIA,2025-09-30,reverse official event chain from official 2026-10-02 anchor,RECONSTRUCTED_OFFICIAL_REVIEW_DELTA_VALIDATED,official_2026_interim_events.csv
NIFTYMIDCAP150,BDL,2025-09-30,reverse official event chain from official 2026-10-02 anchor,RECONSTRUCTED_OFFICIAL_REVIEW_DELTA_VALIDATED,official_2026_interim_events.csv
NIFTYMIDCAP150,BERGEPAINT,2025-09-30,reverse official event chain from official 2026-10-02 anchor,RECONSTRUCTED_OFFICIAL_REVIEW_DELTA_VALIDATED,official_2026_interim_events.csv
NIFTYMIDCAP150,BHARATFORG,2025-09-30,reverse official event chain from official 2026-10-02 anchor,RECONSTRUCTED_OFFICIAL_REVIEW_DELTA_VALIDATED,official_2026_interim_events.csv
NIFTYMIDCAP150,BHARTIHEXA,2025-09-30,reverse official event chain from official 2026-10-02 anchor,RECONSTRUCTED_OFFICIAL_REVIEW_DELTA_VALIDATED,official_2026_interim_events.csv
NIFTYMIDCAP150,BHEL,2025-09-30,reverse official event chain from official 2026-10-02 anchor,RECONSTRUCTED_OFFICIAL_REVIEW_DELTA_VALIDATED,official_2026_interim_events.csv
NIFTYMIDCAP150,BIOCON,2025-09-30,reverse official event chain from official 2026-10-02 anchor,RECONSTRUCTED_OFFICIAL_REVIEW_DELTA_VALIDATED,official_2026_interim_events.csv
NIFTYMIDCAP150,BLUESTARCO,2025-09-30,reverse official event chain from official 2026-10-02 anchor,RECONSTRUCTED_OFFICIAL_REVIEW_DELTA_VALIDATED,official_2026_interim_events.csv
NIFTYMIDCAP150,BSE,2025-09-30,reverse official event chain from official 2026-10-02 anchor,RECONSTRUCTED_OFFICIAL_REVIEW_DELTA_VALIDATED,official_2026_interim_events.csv
NIFTYMIDCAP150,COCHINSHIP,2025-09-30,reverse official event chain from official 2026-10-02 anchor,RECONSTRUCTED_OFFICIAL_REVIEW_DELTA_VALIDATED,official_2026_interim_events.csv
NIFTYMIDCAP150,COFORGE,2025-09-30,reverse official event chain from official 2026-10-02 anchor,RECONSTRUCTED_OFFICIAL_REVIEW_DELTA_VALIDATED,official_2026_interim_events.csv
NIFTYMIDCAP150,COLPAL,2025-09-30,reverse official event chain from official 2026-10-02 anchor,RECONSTRUCTED_OFFICIAL_REVIEW_DELTA_VALIDATED,official_2026_interim_events.csv
NIFTYMIDCAP150,CONCOR,2025-09-30,reverse official event chain from official 2026-10-02 anchor,RECONSTRUCTED_OFFICIAL_REVIEW_DELTA_VALIDATED,official_2026_interim_events.csv
NIFTYMIDCAP150,COROMANDEL,2025-09-30,reverse official event chain from official 2026-10-02 anchor,RECONSTRUCTED_OFFICIAL_REVIEW_DELTA_VALIDATED,official_2026_interim_events.csv
NIFTYMIDCAP150,CRISIL,2025-09-30,reverse official event chain from official 2026-10-02 anchor,RECONSTRUCTED_OFFICIAL_REVIEW_DELTA_VALIDATED,official_2026_interim_events.csv
NIFTYMIDCAP150,CUMMINSIND,2025-09-30,reverse official event chain from official 2026-10-02 anchor,RECONSTRUCTED_OFFICIAL_REVIEW_DELTA_VALIDATED,official_2026_interim_events.csv
NIFTYMIDCAP150,DABUR,2025-09-30,reverse official event chain from official 2026-10-02 anchor,RECONSTRUCTED_OFFICIAL_REVIEW_DELTA_VALIDATED,official_2026_interim_events.csv
NIFTYMIDCAP150,DALBHARAT,2025-09-30,reverse official event chain from official 2026-10-02 anchor,RECONSTRUCTED_OFFICIAL_REVIEW_DELTA_VALIDATED,official_2026_interim_events.csv
NIFTYMIDCAP150,DEEPAKNTR,2025-09-30,reverse official event chain from official 2026-10-02 anchor,RECONSTRUCTED_OFFICIAL_REVIEW_DELTA_VALIDATED,official_2026_interim_events.csv
NIFTYMIDCAP150,DIXON,2025-09-30,reverse official event chain from official 2026-10-02 anchor,RECONSTRUCTED_OFFICIAL_REVIEW_DELTA_VALIDATED,official_2026_interim_events.csv
NIFTYMIDCAP150,ENDURANCE,2025-09-30,reverse official event chain from official 2026-10-02 anchor,RECONSTRUCTED_OFFICIAL_REVIEW_DELTA_VALIDATED,official_2026_interim_events.csv
NIFTYMIDCAP150,ESCORTS,2025-09-30,reverse official event chain from official 2026-10-02 anchor,RECONSTRUCTED_OFFICIAL_REVIEW_DELTA_VALIDATED,official_2026_interim_events.csv
NIFTYMIDCAP150,EXIDEIND,2025-09-30,reverse official event chain from official 2026-10-02 anchor,RECONSTRUCTED_OFFICIAL_REVIEW_DELTA_VALIDATED,official_2026_interim_events.csv
NIFTYMIDCAP150,FACT,2025-09-30,reverse official event chain from official 2026-10-02 anchor,RECONSTRUCTED_OFFICIAL_REVIEW_DELTA_VALIDATED,official_2026_interim_events.csv
NIFTYMIDCAP150,FEDERALBNK,2025-09-30,reverse official event chain from official 2026-10-02 anchor,RECONSTRUCTED_OFFICIAL_REVIEW_DELTA_VALIDATED,official_2026_interim_events.csv
NIFTYMIDCAP150,FLUOROCHEM,2025-09-30,reverse official event chain from official 2026-10-02 anchor,RECONSTRUCTED_OFFICIAL_REVIEW_DELTA_VALIDATED,official_2026_interim_events.csv
NIFTYMIDCAP150,FORTIS,2025-09-30,reverse official event chain from official 2026-10-02 anchor,RECONSTRUCTED_OFFICIAL_REVIEW_DELTA_VALIDATED,official_2026_interim_events.csv
NIFTYMIDCAP150,GICRE,2025-09-30,reverse official event chain from official 2026-10-02 anchor,RECONSTRUCTED_OFFICIAL_REVIEW_DELTA_VALIDATED,official_2026_interim_events.csv
NIFTYMIDCAP150,GLAXO,2025-09-30,reverse official event chain from official 2026-10-02 anchor,RECONSTRUCTED_OFFICIAL_REVIEW_DELTA_VALIDATED,official_2026_interim_events.csv
NIFTYMIDCAP150,GLENMARK,2025-09-30,reverse official event chain from official 2026-10-02 anchor,RECONSTRUCTED_OFFICIAL_REVIEW_DELTA_VALIDATED,official_2026_interim_events.csv
NIFTYMIDCAP150,GMRAIRPORT,2025-09-30,reverse official event chain from official 2026-10-02 anchor,RECONSTRUCTED_OFFICIAL_REVIEW_DELTA_VALIDATED,official_2026_interim_events.csv
NIFTYMIDCAP150,GODFRYPHLP,2025-09-30,reverse official event chain from official 2026-10-02 anchor,RECONSTRUCTED_OFFICIAL_REVIEW_DELTA_VALIDATED,official_2026_interim_events.csv
NIFTYMIDCAP150,GODREJIND,2025-09-30,reverse official event chain from official 2026-10-02 anchor,RECONSTRUCTED_OFFICIAL_REVIEW_DELTA_VALIDATED,official_2026_interim_events.csv
NIFTYMIDCAP150,GODREJPROP,2025-09-30,reverse official event chain from official 2026-10-02 anchor,RECONSTRUCTED_OFFICIAL_REVIEW_DELTA_VALIDATED,official_2026_interim_events.csv
NIFTYMIDCAP150,GUJGASLTD,2025-09-30,reverse official event chain from official 2026-10-02 anchor,RECONSTRUCTED_OFFICIAL_REVIEW_DELTA_VALIDATED,official_2026_interim_events.csv
NIFTYMIDCAP150,GVT&D,2025-09-30,reverse official event chain from official 2026-10-02 anchor,RECONSTRUCTED_OFFICIAL_REVIEW_DELTA_VALIDATED,official_2026_interim_events.csv
NIFTYMIDCAP150,HDFCAMC,2025-09-30,reverse official event chain from official 2026-10-02 anchor,RECONSTRUCTED_OFFICIAL_REVIEW_DELTA_VALIDATED,official_2026_interim_events.csv
NIFTYMIDCAP150,HEROMOTOCO,2025-09-30,reverse official event chain from official 2026-10-02 anchor,RECONSTRUCTED_OFFICIAL_REVIEW_DELTA_VALIDATED,official_2026_interim_events.csv
NIFTYMIDCAP150,HEXT,2025-09-30,reverse official event chain from official 2026-10-02 anchor,RECONSTRUCTED_OFFICIAL_REVIEW_DELTA_VALIDATED,official_2026_interim_events.csv
NIFTYMIDCAP150,HINDPETRO,2025-09-30,reverse official event chain from official 2026-10-02 anchor,RECONSTRUCTED_OFFICIAL_REVIEW_DELTA_VALIDATED,official_2026_interim_events.csv
NIFTYMIDCAP150,HONAUT,2025-09-30,reverse official event chain from official 2026-10-02 anchor,RECONSTRUCTED_OFFICIAL_REVIEW_DELTA_VALIDATED,official_2026_interim_events.csv
NIFTYMIDCAP150,HUDCO,2025-09-30,reverse official event chain from official 2026-10-02 anchor,RECONSTRUCTED_OFFICIAL_REVIEW_DELTA_VALIDATED,official_2026_interim_events.csv
NIFTYMIDCAP150,ICICIPRULI,2025-09-30,reverse official event chain from official 2026-10-02 anchor,RECONSTRUCTED_OFFICIAL_REVIEW_DELTA_VALIDATED,official_2026_interim_events.csv
NIFTYMIDCAP150,IDBI,2025-09-30,reverse official event chain from official 2026-10-02 anchor,RECONSTRUCTED_OFFICIAL_REVIEW_DELTA_VALIDATED,official_2026_interim_events.csv
NIFTYMIDCAP150,IDEA,2025-09-30,reverse official event chain from official 2026-10-02 anchor,RECONSTRUCTED_OFFICIAL_REVIEW_DELTA_VALIDATED,official_2026_interim_events.csv
NIFTYMIDCAP150,IDFCFIRSTB,2025-09-30,reverse official event chain from official 2026-10-02 anchor,RECONSTRUCTED_OFFICIAL_REVIEW_DELTA_VALIDATED,official_2026_interim_events.csv
NIFTYMIDCAP150,IGL,2025-09-30,reverse official event chain from official 2026-10-02 anchor,RECONSTRUCTED_OFFICIAL_REVIEW_DELTA_VALIDATED,official_2026_interim_events.csv
NIFTYMIDCAP150,INDIANB,2025-09-30,reverse official event chain from official 2026-10-02 anchor,RECONSTRUCTED_OFFICIAL_REVIEW_DELTA_VALIDATED,official_2026_interim_events.csv
NIFTYMIDCAP150,INDUSINDBK,2025-09-30,reverse official event chain from official 2026-10-02 anchor,RECONSTRUCTED_OFFICIAL_REVIEW_DELTA_VALIDATED,official_2026_interim_events.csv
NIFTYMIDCAP150,INDUSTOWER,2025-09-30,reverse official event chain from official 2026-10-02 anchor,RECONSTRUCTED_OFFICIAL_REVIEW_DELTA_VALIDATED,official_2026_interim_events.csv
NIFTYMIDCAP150,IOB,2025-09-30,reverse official event chain from official 2026-10-02 anchor,RECONSTRUCTED_OFFICIAL_REVIEW_DELTA_VALIDATED,official_2026_interim_events.csv
NIFTYMIDCAP150,IPCALAB,2025-09-30,reverse official event chain from official 2026-10-02 anchor,RECONSTRUCTED_OFFICIAL_REVIEW_DELTA_VALIDATED,official_2026_interim_events.csv
NIFTYMIDCAP150,IRB,2025-09-30,reverse official event chain from official 2026-10-02 anchor,RECONSTRUCTED_OFFICIAL_REVIEW_DELTA_VALIDATED,official_2026_interim_events.csv
NIFTYMIDCAP150,IRCTC,2025-09-30,reverse official event chain from official 2026-10-02 anchor,RECONSTRUCTED_OFFICIAL_REVIEW_DELTA_VALIDATED,official_2026_interim_events.csv
NIFTYMIDCAP150,IREDA,2025-09-30,reverse official event chain from official 2026-10-02 anchor,RECONSTRUCTED_OFFICIAL_REVIEW_DELTA_VALIDATED,official_2026_interim_events.csv
NIFTYMIDCAP150,ITCHOTELS,2025-09-30,reverse official event chain from official 2026-10-02 anchor,RECONSTRUCTED_OFFICIAL_REVIEW_DELTA_VALIDATED,official_2026_interim_events.csv
NIFTYMIDCAP150,JKCEMENT,2025-09-30,reverse official event chain from official 2026-10-02 anchor,RECONSTRUCTED_OFFICIAL_REVIEW_DELTA_VALIDATED,official_2026_interim_events.csv
NIFTYMIDCAP150,JSL,2025-09-30,reverse official event chain from official 2026-10-02 anchor,RECONSTRUCTED_OFFICIAL_REVIEW_DELTA_VALIDATED,official_2026_interim_events.csv
NIFTYMIDCAP150,JSWINFRA,2025-09-30,reverse official event chain from official 2026-10-02 anchor,RECONSTRUCTED_OFFICIAL_REVIEW_DELTA_VALIDATED,official_2026_interim_events.csv
NIFTYMIDCAP150,JUBLFOOD,2025-09-30,reverse official event chain from official 2026-10-02 anchor,RECONSTRUCTED_OFFICIAL_REVIEW_DELTA_VALIDATED,official_2026_interim_events.csv
NIFTYMIDCAP150,KALYANKJIL,2025-09-30,reverse official event chain from official 2026-10-02 anchor,RECONSTRUCTED_OFFICIAL_REVIEW_DELTA_VALIDATED,official_2026_interim_events.csv
NIFTYMIDCAP150,KEI,2025-09-30,reverse official event chain from official 2026-10-02 anchor,RECONSTRUCTED_OFFICIAL_REVIEW_DELTA_VALIDATED,official_2026_interim_events.csv
NIFTYMIDCAP150,KPITTECH,2025-09-30,reverse official event chain from official 2026-10-02 anchor,RECONSTRUCTED_OFFICIAL_REVIEW_DELTA_VALIDATED,official_2026_interim_events.csv
NIFTYMIDCAP150,KPRMILL,2025-09-30,reverse official event chain from official 2026-10-02 anchor,RECONSTRUCTED_OFFICIAL_REVIEW_DELTA_VALIDATED,official_2026_interim_events.csv
NIFTYMIDCAP150,LICHSGFIN,2025-09-30,reverse official event chain from official 2026-10-02 anchor,RECONSTRUCTED_OFFICIAL_REVIEW_DELTA_VALIDATED,official_2026_interim_events.csv
NIFTYMIDCAP150,LINDEINDIA,2025-09-30,reverse official event chain from official 2026-10-02 anchor,RECONSTRUCTED_OFFICIAL_REVIEW_DELTA_VALIDATED,official_2026_interim_events.csv
NIFTYMIDCAP150,LLOYDSME,2025-09-30,reverse official event chain from official 2026-10-02 anchor,RECONSTRUCTED_OFFICIAL_REVIEW_DELTA_VALIDATED,official_2026_interim_events.csv
NIFTYMIDCAP150,LTF,2025-09-30,reverse official event chain from official 2026-10-02 anchor,RECONSTRUCTED_OFFICIAL_REVIEW_DELTA_VALIDATED,official_2026_interim_events.csv
NIFTYMIDCAP150,LTTS,2025-09-30,reverse official event chain from official 2026-10-02 anchor,RECONSTRUCTED_OFFICIAL_REVIEW_DELTA_VALIDATED,official_2026_interim_events.csv
NIFTYMIDCAP150,LUPIN,2025-09-30,reverse official event chain from official 2026-10-02 anchor,RECONSTRUCTED_OFFICIAL_REVIEW_DELTA_VALIDATED,official_2026_interim_events.csv
NIFTYMIDCAP150,M&MFIN,2025-09-30,reverse official event chain from official 2026-10-02 anchor,RECONSTRUCTED_OFFICIAL_REVIEW_DELTA_VALIDATED,official_2026_interim_events.csv
NIFTYMIDCAP150,MAHABANK,2025-09-30,reverse official event chain from official 2026-10-02 anchor,RECONSTRUCTED_OFFICIAL_REVIEW_DELTA_VALIDATED,official_2026_interim_events.csv
NIFTYMIDCAP150,MANKIND,2025-09-30,reverse official event chain from official 2026-10-02 anchor,RECONSTRUCTED_OFFICIAL_REVIEW_DELTA_VALIDATED,official_2026_interim_events.csv
NIFTYMIDCAP150,MARICO,2025-09-30,reverse official event chain from official 2026-10-02 anchor,RECONSTRUCTED_OFFICIAL_REVIEW_DELTA_VALIDATED,official_2026_interim_events.csv
NIFTYMIDCAP150,MEDANTA,2025-09-30,reverse official event chain from official 2026-10-02 anchor,RECONSTRUCTED_OFFICIAL_REVIEW_DELTA_VALIDATED,official_2026_interim_events.csv
NIFTYMIDCAP150,MFSL,2025-09-30,reverse official event chain from official 2026-10-02 anchor,RECONSTRUCTED_OFFICIAL_REVIEW_DELTA_VALIDATED,official_2026_interim_events.csv
NIFTYMIDCAP150,MOTILALOFS,2025-09-30,reverse official event chain from official 2026-10-02 anchor,RECONSTRUCTED_OFFICIAL_REVIEW_DELTA_VALIDATED,official_2026_interim_events.csv
NIFTYMIDCAP150,MPHASIS,2025-09-30,reverse official event chain from official 2026-10-02 anchor,RECONSTRUCTED_OFFICIAL_REVIEW_DELTA_VALIDATED,official_2026_interim_events.csv
NIFTYMIDCAP150,MRF,2025-09-30,reverse official event chain from official 2026-10-02 anchor,RECONSTRUCTED_OFFICIAL_REVIEW_DELTA_VALIDATED,official_2026_interim_events.csv
NIFTYMIDCAP150,MUTHOOTFIN,2025-09-30,reverse official event chain from official 2026-10-02 anchor,RECONSTRUCTED_OFFICIAL_REVIEW_DELTA_VALIDATED,official_2026_interim_events.csv
NIFTYMIDCAP150,NAM-INDIA,2025-09-30,reverse official event chain from official 2026-10-02 anchor,RECONSTRUCTED_OFFICIAL_REVIEW_DELTA_VALIDATED,official_2026_interim_events.csv
NIFTYMIDCAP150,NATIONALUM,2025-09-30,reverse official event chain from official 2026-10-02 anchor,RECONSTRUCTED_OFFICIAL_REVIEW_DELTA_VALIDATED,official_2026_interim_events.csv
NIFTYMIDCAP150,NHPC,2025-09-30,reverse official event chain from official 2026-10-02 anchor,RECONSTRUCTED_OFFICIAL_REVIEW_DELTA_VALIDATED,official_2026_interim_events.csv
NIFTYMIDCAP150,NIACL,2025-09-30,reverse official event chain from official 2026-10-02 anchor,RECONSTRUCTED_OFFICIAL_REVIEW_DELTA_VALIDATED,official_2026_interim_events.csv
NIFTYMIDCAP150,NLCINDIA,2025-09-30,reverse official event chain from official 2026-10-02 anchor,RECONSTRUCTED_OFFICIAL_REVIEW_DELTA_VALIDATED,official_2026_interim_events.csv
NIFTYMIDCAP150,NMDC,2025-09-30,reverse official event chain from official 2026-10-02 anchor,RECONSTRUCTED_OFFICIAL_REVIEW_DELTA_VALIDATED,official_2026_interim_events.csv
NIFTYMIDCAP150,NTPCGREEN,2025-09-30,reverse official event chain from official 2026-10-02 anchor,RECONSTRUCTED_OFFICIAL_REVIEW_DELTA_VALIDATED,official_2026_interim_events.csv
NIFTYMIDCAP150,NYKAA,2025-09-30,reverse official event chain from official 2026-10-02 anchor,RECONSTRUCTED_OFFICIAL_REVIEW_DELTA_VALIDATED,official_2026_interim_events.csv
NIFTYMIDCAP150,OBEROIRLTY,2025-09-30,reverse official event chain from official 2026-10-02 anchor,RECONSTRUCTED_OFFICIAL_REVIEW_DELTA_VALIDATED,official_2026_interim_events.csv
NIFTYMIDCAP150,OFSS,2025-09-30,reverse official event chain from official 2026-10-02 anchor,RECONSTRUCTED_OFFICIAL_REVIEW_DELTA_VALIDATED,official_2026_interim_events.csv
NIFTYMIDCAP150,OIL,2025-09-30,reverse official event chain from official 2026-10-02 anchor,RECONSTRUCTED_OFFICIAL_REVIEW_DELTA_VALIDATED,official_2026_interim_events.csv
NIFTYMIDCAP150,PAGEIND,2025-09-30,reverse official event chain from official 2026-10-02 anchor,RECONSTRUCTED_OFFICIAL_REVIEW_DELTA_VALIDATED,official_2026_interim_events.csv
NIFTYMIDCAP150,PATANJALI,2025-09-30,reverse official event chain from official 2026-10-02 anchor,RECONSTRUCTED_OFFICIAL_REVIEW_DELTA_VALIDATED,official_2026_interim_events.csv
NIFTYMIDCAP150,PAYTM,2025-09-30,reverse official event chain from official 2026-10-02 anchor,RECONSTRUCTED_OFFICIAL_REVIEW_DELTA_VALIDATED,official_2026_interim_events.csv
NIFTYMIDCAP150,PERSISTENT,2025-09-30,reverse official event chain from official 2026-10-02 anchor,RECONSTRUCTED_OFFICIAL_REVIEW_DELTA_VALIDATED,official_2026_interim_events.csv
NIFTYMIDCAP150,PETRONET,2025-09-30,reverse official event chain from official 2026-10-02 anchor,RECONSTRUCTED_OFFICIAL_REVIEW_DELTA_VALIDATED,official_2026_interim_events.csv
NIFTYMIDCAP150,PGHH,2025-09-30,reverse official event chain from official 2026-10-02 anchor,RECONSTRUCTED_OFFICIAL_REVIEW_DELTA_VALIDATED,official_2026_interim_events.csv
NIFTYMIDCAP150,PHOENIXLTD,2025-09-30,reverse official event chain from official 2026-10-02 anchor,RECONSTRUCTED_OFFICIAL_REVIEW_DELTA_VALIDATED,official_2026_interim_events.csv
NIFTYMIDCAP150,PIIND,2025-09-30,reverse official event chain from official 2026-10-02 anchor,RECONSTRUCTED_OFFICIAL_REVIEW_DELTA_VALIDATED,official_2026_interim_events.csv
NIFTYMIDCAP150,POLICYBZR,2025-09-30,reverse official event chain from official 2026-10-02 anchor,RECONSTRUCTED_OFFICIAL_REVIEW_DELTA_VALIDATED,official_2026_interim_events.csv
NIFTYMIDCAP150,POLYCAB,2025-09-30,reverse official event chain from official 2026-10-02 anchor,RECONSTRUCTED_OFFICIAL_REVIEW_DELTA_VALIDATED,official_2026_interim_events.csv
NIFTYMIDCAP150,POWERINDIA,2025-09-30,reverse official event chain from official 2026-10-02 anchor,RECONSTRUCTED_OFFICIAL_REVIEW_DELTA_VALIDATED,official_2026_interim_events.csv
NIFTYMIDCAP150,PREMIERENE,2025-09-30,reverse official event chain from official 2026-10-02 anchor,RECONSTRUCTED_OFFICIAL_REVIEW_DELTA_VALIDATED,official_2026_interim_events.csv
NIFTYMIDCAP150,PRESTIGE,2025-09-30,reverse official event chain from official 2026-10-02 anchor,RECONSTRUCTED_OFFICIAL_REVIEW_DELTA_VALIDATED,official_2026_interim_events.csv
NIFTYMIDCAP150,RVNL,2025-09-30,reverse official event chain from official 2026-10-02 anchor,RECONSTRUCTED_OFFICIAL_REVIEW_DELTA_VALIDATED,official_2026_interim_events.csv
NIFTYMIDCAP150,SAIL,2025-09-30,reverse official event chain from official 2026-10-02 anchor,RECONSTRUCTED_OFFICIAL_REVIEW_DELTA_VALIDATED,official_2026_interim_events.csv
NIFTYMIDCAP150,SBICARD,2025-09-30,reverse official event chain from official 2026-10-02 anchor,RECONSTRUCTED_OFFICIAL_REVIEW_DELTA_VALIDATED,official_2026_interim_events.csv
NIFTYMIDCAP150,SCHAEFFLER,2025-09-30,reverse official event chain from official 2026-10-02 anchor,RECONSTRUCTED_OFFICIAL_REVIEW_DELTA_VALIDATED,official_2026_interim_events.csv
NIFTYMIDCAP150,SJVN,2025-09-30,reverse official event chain from official 2026-10-02 anchor,RECONSTRUCTED_OFFICIAL_REVIEW_DELTA_VALIDATED,official_2026_interim_events.csv
NIFTYMIDCAP150,SONACOMS,2025-09-30,reverse official event chain from official 2026-10-02 anchor,RECONSTRUCTED_OFFICIAL_REVIEW_DELTA_VALIDATED,official_2026_interim_events.csv
NIFTYMIDCAP150,SRF,2025-09-30,reverse official event chain from official 2026-10-02 anchor,RECONSTRUCTED_OFFICIAL_REVIEW_DELTA_VALIDATED,official_2026_interim_events.csv
NIFTYMIDCAP150,SUNDARMFIN,2025-09-30,reverse official event chain from official 2026-10-02 anchor,RECONSTRUCTED_OFFICIAL_REVIEW_DELTA_VALIDATED,official_2026_interim_events.csv
NIFTYMIDCAP150,SUPREMEIND,2025-09-30,reverse official event chain from official 2026-10-02 anchor,RECONSTRUCTED_OFFICIAL_REVIEW_DELTA_VALIDATED,official_2026_interim_events.csv
NIFTYMIDCAP150,SUZLON,2025-09-30,reverse official event chain from official 2026-10-02 anchor,RECONSTRUCTED_OFFICIAL_REVIEW_DELTA_VALIDATED,official_2026_interim_events.csv
NIFTYMIDCAP150,SWIGGY,2025-09-30,reverse official event chain from official 2026-10-02 anchor,RECONSTRUCTED_OFFICIAL_REVIEW_DELTA_VALIDATED,official_2026_interim_events.csv
NIFTYMIDCAP150,SYNGENE,2025-09-30,reverse official event chain from official 2026-10-02 anchor,RECONSTRUCTED_OFFICIAL_REVIEW_DELTA_VALIDATED,official_2026_interim_events.csv
NIFTYMIDCAP150,TATACOMM,2025-09-30,reverse official event chain from official 2026-10-02 anchor,RECONSTRUCTED_OFFICIAL_REVIEW_DELTA_VALIDATED,official_2026_interim_events.csv
NIFTYMIDCAP150,TATAELXSI,2025-09-30,reverse official event chain from official 2026-10-02 anchor,RECONSTRUCTED_OFFICIAL_REVIEW_DELTA_VALIDATED,official_2026_interim_events.csv
NIFTYMIDCAP150,TATAINVEST,2025-09-30,reverse official event chain from official 2026-10-02 anchor,RECONSTRUCTED_OFFICIAL_REVIEW_DELTA_VALIDATED,official_2026_interim_events.csv
NIFTYMIDCAP150,TATATECH,2025-09-30,reverse official event chain from official 2026-10-02 anchor,RECONSTRUCTED_OFFICIAL_REVIEW_DELTA_VALIDATED,official_2026_interim_events.csv
NIFTYMIDCAP150,THERMAX,2025-09-30,reverse official event chain from official 2026-10-02 anchor,RECONSTRUCTED_OFFICIAL_REVIEW_DELTA_VALIDATED,official_2026_interim_events.csv
NIFTYMIDCAP150,TIINDIA,2025-09-30,reverse official event chain from official 2026-10-02 anchor,RECONSTRUCTED_OFFICIAL_REVIEW_DELTA_VALIDATED,official_2026_interim_events.csv
NIFTYMIDCAP150,TORNTPOWER,2025-09-30,reverse official event chain from official 2026-10-02 anchor,RECONSTRUCTED_OFFICIAL_REVIEW_DELTA_VALIDATED,official_2026_interim_events.csv
NIFTYMIDCAP150,UBL,2025-09-30,reverse official event chain from official 2026-10-02 anchor,RECONSTRUCTED_OFFICIAL_REVIEW_DELTA_VALIDATED,official_2026_interim_events.csv
NIFTYMIDCAP150,UCOBANK,2025-09-30,reverse official event chain from official 2026-10-02 anchor,RECONSTRUCTED_OFFICIAL_REVIEW_DELTA_VALIDATED,official_2026_interim_events.csv
NIFTYMIDCAP150,UNIONBANK,2025-09-30,reverse official event chain from official 2026-10-02 anchor,RECONSTRUCTED_OFFICIAL_REVIEW_DELTA_VALIDATED,official_2026_interim_events.csv
NIFTYMIDCAP150,UNOMINDA,2025-09-30,reverse official event chain from official 2026-10-02 anchor,RECONSTRUCTED_OFFICIAL_REVIEW_DELTA_VALIDATED,official_2026_interim_events.csv
NIFTYMIDCAP150,UPL,2025-09-30,reverse official event chain from official 2026-10-02 anchor,RECONSTRUCTED_OFFICIAL_REVIEW_DELTA_VALIDATED,official_2026_interim_events.csv
NIFTYMIDCAP150,VMM,2025-09-30,reverse official event chain from official 2026-10-02 anchor,RECONSTRUCTED_OFFICIAL_REVIEW_DELTA_VALIDATED,official_2026_interim_events.csv
NIFTYMIDCAP150,VOLTAS,2025-09-30,reverse official event chain from official 2026-10-02 anchor,RECONSTRUCTED_OFFICIAL_REVIEW_DELTA_VALIDATED,official_2026_interim_events.csv
NIFTYMIDCAP150,WAAREEENER,2025-09-30,reverse official event chain from official 2026-10-02 anchor,RECONSTRUCTED_OFFICIAL_REVIEW_DELTA_VALIDATED,official_2026_interim_events.csv
NIFTYMIDCAP150,YESBANK,2025-09-30,reverse official event chain from official 2026-10-02 anchor,RECONSTRUCTED_OFFICIAL_REVIEW_DELTA_VALIDATED,official_2026_interim_events.csv
NIFTYSMALLCAP250,AADHARHFC,2025-09-30,reverse official event chain from official 2026-10-02 anchor,RECONSTRUCTED_OFFICIAL_REVIEW_DELTA_VALIDATED,official_2026_interim_events.csv
NIFTYSMALLCAP250,AARTIIND,2025-09-30,reverse official event chain from official 2026-10-02 anchor,RECONSTRUCTED_OFFICIAL_REVIEW_DELTA_VALIDATED,official_2026_interim_events.csv
NIFTYSMALLCAP250,AAVAS,2025-09-30,reverse official event chain from official 2026-10-02 anchor,RECONSTRUCTED_OFFICIAL_REVIEW_DELTA_VALIDATED,official_2026_interim_events.csv
NIFTYSMALLCAP250,ABFRL,2025-09-30,reverse official event chain from official 2026-10-02 anchor,RECONSTRUCTED_OFFICIAL_REVIEW_DELTA_VALIDATED,official_2026_interim_events.csv
NIFTYSMALLCAP250,ABLBL,2025-09-30,reverse official event chain from official 2026-10-02 anchor,RECONSTRUCTED_OFFICIAL_REVIEW_DELTA_VALIDATED,official_2026_interim_events.csv
NIFTYSMALLCAP250,ABREL,2025-09-30,reverse official event chain from official 2026-10-02 anchor,RECONSTRUCTED_OFFICIAL_REVIEW_DELTA_VALIDATED,official_2026_interim_events.csv
NIFTYSMALLCAP250,ABSLAMC,2025-09-30,reverse official event chain from official 2026-10-02 anchor,RECONSTRUCTED_OFFICIAL_REVIEW_DELTA_VALIDATED,official_2026_interim_events.csv
NIFTYSMALLCAP250,ACE,2025-09-30,reverse official event chain from official 2026-10-02 anchor,RECONSTRUCTED_OFFICIAL_REVIEW_DELTA_VALIDATED,official_2026_interim_events.csv
NIFTYSMALLCAP250,ACMESOLAR,2025-09-30,reverse official event chain from official 2026-10-02 anchor,RECONSTRUCTED_OFFICIAL_REVIEW_DELTA_VALIDATED,official_2026_interim_events.csv
NIFTYSMALLCAP250,AEGISLOG,2025-09-30,reverse official event chain from official 2026-10-02 anchor,RECONSTRUCTED_OFFICIAL_REVIEW_DELTA_VALIDATED,official_2026_interim_events.csv
NIFTYSMALLCAP250,AEGISVOPAK,2025-09-30,reverse official event chain from official 2026-10-02 anchor,RECONSTRUCTED_OFFICIAL_REVIEW_DELTA_VALIDATED,official_2026_interim_events.csv
NIFTYSMALLCAP250,AFCONS,2025-09-30,reverse official event chain from official 2026-10-02 anchor,RECONSTRUCTED_OFFICIAL_REVIEW_DELTA_VALIDATED,official_2026_interim_events.csv
NIFTYSMALLCAP250,AFFLE,2025-09-30,reverse official event chain from official 2026-10-02 anchor,RECONSTRUCTED_OFFICIAL_REVIEW_DELTA_VALIDATED,official_2026_interim_events.csv
NIFTYSMALLCAP250,AGARWALEYE,2025-09-30,reverse official event chain from official 2026-10-02 anchor,RECONSTRUCTED_OFFICIAL_REVIEW_DELTA_VALIDATED,official_2026_interim_events.csv
NIFTYSMALLCAP250,AIIL,2025-09-30,reverse official event chain from official 2026-10-02 anchor,RECONSTRUCTED_OFFICIAL_REVIEW_DELTA_VALIDATED,official_2026_interim_events.csv
NIFTYSMALLCAP250,AKUMS,2025-09-30,reverse official event chain from official 2026-10-02 anchor,RECONSTRUCTED_OFFICIAL_REVIEW_DELTA_VALIDATED,official_2026_interim_events.csv
NIFTYSMALLCAP250,AKZOINDIA,2025-09-30,reverse official event chain from official 2026-10-02 anchor,RECONSTRUCTED_OFFICIAL_REVIEW_DELTA_VALIDATED,official_2026_interim_events.csv
NIFTYSMALLCAP250,ALKYLAMINE,2025-09-30,reverse official event chain from official 2026-10-02 anchor,RECONSTRUCTED_OFFICIAL_REVIEW_DELTA_VALIDATED,official_2026_interim_events.csv
NIFTYSMALLCAP250,ALOKINDS,2025-09-30,reverse official event chain from official 2026-10-02 anchor,RECONSTRUCTED_OFFICIAL_REVIEW_DELTA_VALIDATED,official_2026_interim_events.csv
NIFTYSMALLCAP250,AMBER,2025-09-30,reverse official event chain from official 2026-10-02 anchor,RECONSTRUCTED_OFFICIAL_REVIEW_DELTA_VALIDATED,official_2026_interim_events.csv
NIFTYSMALLCAP250,ANANDRATHI,2025-09-30,reverse official event chain from official 2026-10-02 anchor,RECONSTRUCTED_OFFICIAL_REVIEW_DELTA_VALIDATED,official_2026_interim_events.csv
NIFTYSMALLCAP250,ANANTRAJ,2025-09-30,reverse official event chain from official 2026-10-02 anchor,RECONSTRUCTED_OFFICIAL_REVIEW_DELTA_VALIDATED,official_2026_interim_events.csv
NIFTYSMALLCAP250,ANGELONE,2025-09-30,reverse official event chain from official 2026-10-02 anchor,RECONSTRUCTED_OFFICIAL_REVIEW_DELTA_VALIDATED,official_2026_interim_events.csv
NIFTYSMALLCAP250,APLLTD,2025-09-30,reverse official event chain from official 2026-10-02 anchor,RECONSTRUCTED_OFFICIAL_REVIEW_DELTA_VALIDATED,official_2026_interim_events.csv
NIFTYSMALLCAP250,APTUS,2025-09-30,reverse official event chain from official 2026-10-02 anchor,RECONSTRUCTED_OFFICIAL_REVIEW_DELTA_VALIDATED,official_2026_interim_events.csv
NIFTYSMALLCAP250,ARE&M,2025-09-30,reverse official event chain from official 2026-10-02 anchor,RECONSTRUCTED_OFFICIAL_REVIEW_DELTA_VALIDATED,official_2026_interim_events.csv
NIFTYSMALLCAP250,ASAHIINDIA,2025-09-30,reverse official event chain from official 2026-10-02 anchor,RECONSTRUCTED_OFFICIAL_REVIEW_DELTA_VALIDATED,official_2026_interim_events.csv
NIFTYSMALLCAP250,ASTERDM,2025-09-30,reverse official event chain from official 2026-10-02 anchor,RECONSTRUCTED_OFFICIAL_REVIEW_DELTA_VALIDATED,official_2026_interim_events.csv
NIFTYSMALLCAP250,ASTRAZEN,2025-09-30,reverse official event chain from official 2026-10-02 anchor,RECONSTRUCTED_OFFICIAL_REVIEW_DELTA_VALIDATED,official_2026_interim_events.csv
NIFTYSMALLCAP250,ATHERENERG,2025-09-30,reverse official event chain from official 2026-10-02 anchor,RECONSTRUCTED_OFFICIAL_REVIEW_DELTA_VALIDATED,official_2026_interim_events.csv
NIFTYSMALLCAP250,ATUL,2025-09-30,reverse official event chain from official 2026-10-02 anchor,RECONSTRUCTED_OFFICIAL_REVIEW_DELTA_VALIDATED,official_2026_interim_events.csv
NIFTYSMALLCAP250,BALRAMCHIN,2025-09-30,reverse official event chain from official 2026-10-02 anchor,RECONSTRUCTED_OFFICIAL_REVIEW_DELTA_VALIDATED,official_2026_interim_events.csv
NIFTYSMALLCAP250,BANDHANBNK,2025-09-30,reverse official event chain from official 2026-10-02 anchor,RECONSTRUCTED_OFFICIAL_REVIEW_DELTA_VALIDATED,official_2026_interim_events.csv
NIFTYSMALLCAP250,BASF,2025-09-30,reverse official event chain from official 2026-10-02 anchor,RECONSTRUCTED_OFFICIAL_REVIEW_DELTA_VALIDATED,official_2026_interim_events.csv
NIFTYSMALLCAP250,BATAINDIA,2025-09-30,reverse official event chain from official 2026-10-02 anchor,RECONSTRUCTED_OFFICIAL_REVIEW_DELTA_VALIDATED,official_2026_interim_events.csv
NIFTYSMALLCAP250,BAYERCROP,2025-09-30,reverse official event chain from official 2026-10-02 anchor,RECONSTRUCTED_OFFICIAL_REVIEW_DELTA_VALIDATED,official_2026_interim_events.csv
NIFTYSMALLCAP250,BBTC,2025-09-30,reverse official event chain from official 2026-10-02 anchor,RECONSTRUCTED_OFFICIAL_REVIEW_DELTA_VALIDATED,official_2026_interim_events.csv
NIFTYSMALLCAP250,BEML,2025-09-30,reverse official event chain from official 2026-10-02 anchor,RECONSTRUCTED_OFFICIAL_REVIEW_DELTA_VALIDATED,official_2026_interim_events.csv
NIFTYSMALLCAP250,BIKAJI,2025-09-30,reverse official event chain from official 2026-10-02 anchor,RECONSTRUCTED_OFFICIAL_REVIEW_DELTA_VALIDATED,official_2026_interim_events.csv
NIFTYSMALLCAP250,BLS,2025-09-30,reverse official event chain from official 2026-10-02 anchor,RECONSTRUCTED_OFFICIAL_REVIEW_DELTA_VALIDATED,official_2026_interim_events.csv
NIFTYSMALLCAP250,BLUEDART,2025-09-30,reverse official event chain from official 2026-10-02 anchor,RECONSTRUCTED_OFFICIAL_REVIEW_DELTA_VALIDATED,official_2026_interim_events.csv
NIFTYSMALLCAP250,BLUEJET,2025-09-30,reverse official event chain from official 2026-10-02 anchor,RECONSTRUCTED_OFFICIAL_REVIEW_DELTA_VALIDATED,official_2026_interim_events.csv
NIFTYSMALLCAP250,BRIGADE,2025-09-30,reverse official event chain from official 2026-10-02 anchor,RECONSTRUCTED_OFFICIAL_REVIEW_DELTA_VALIDATED,official_2026_interim_events.csv
NIFTYSMALLCAP250,BSOFT,2025-09-30,reverse official event chain from official 2026-10-02 anchor,RECONSTRUCTED_OFFICIAL_REVIEW_DELTA_VALIDATED,official_2026_interim_events.csv
NIFTYSMALLCAP250,CAMPUS,2025-09-30,reverse official event chain from official 2026-10-02 anchor,RECONSTRUCTED_OFFICIAL_REVIEW_DELTA_VALIDATED,official_2026_interim_events.csv
NIFTYSMALLCAP250,CAMS,2025-09-30,reverse official event chain from official 2026-10-02 anchor,RECONSTRUCTED_OFFICIAL_REVIEW_DELTA_VALIDATED,official_2026_interim_events.csv
NIFTYSMALLCAP250,CANFINHOME,2025-09-30,reverse official event chain from official 2026-10-02 anchor,RECONSTRUCTED_OFFICIAL_REVIEW_DELTA_VALIDATED,official_2026_interim_events.csv
NIFTYSMALLCAP250,CAPLIPOINT,2025-09-30,reverse official event chain from official 2026-10-02 anchor,RECONSTRUCTED_OFFICIAL_REVIEW_DELTA_VALIDATED,official_2026_interim_events.csv
NIFTYSMALLCAP250,CARBORUNIV,2025-09-30,reverse official event chain from official 2026-10-02 anchor,RECONSTRUCTED_OFFICIAL_REVIEW_DELTA_VALIDATED,official_2026_interim_events.csv
NIFTYSMALLCAP250,CASTROLIND,2025-09-30,reverse official event chain from official 2026-10-02 anchor,RECONSTRUCTED_OFFICIAL_REVIEW_DELTA_VALIDATED,official_2026_interim_events.csv
NIFTYSMALLCAP250,CCL,2025-09-30,reverse official event chain from official 2026-10-02 anchor,RECONSTRUCTED_OFFICIAL_REVIEW_DELTA_VALIDATED,official_2026_interim_events.csv
NIFTYSMALLCAP250,CDSL,2025-09-30,reverse official event chain from official 2026-10-02 anchor,RECONSTRUCTED_OFFICIAL_REVIEW_DELTA_VALIDATED,official_2026_interim_events.csv
NIFTYSMALLCAP250,CEATLTD,2025-09-30,reverse official event chain from official 2026-10-02 anchor,RECONSTRUCTED_OFFICIAL_REVIEW_DELTA_VALIDATED,official_2026_interim_events.csv
NIFTYSMALLCAP250,CENTRALBK,2025-09-30,reverse official event chain from official 2026-10-02 anchor,RECONSTRUCTED_OFFICIAL_REVIEW_DELTA_VALIDATED,official_2026_interim_events.csv
NIFTYSMALLCAP250,CENTURYPLY,2025-09-30,reverse official event chain from official 2026-10-02 anchor,RECONSTRUCTED_OFFICIAL_REVIEW_DELTA_VALIDATED,official_2026_interim_events.csv
NIFTYSMALLCAP250,CERA,2025-09-30,reverse official event chain from official 2026-10-02 anchor,RECONSTRUCTED_OFFICIAL_REVIEW_DELTA_VALIDATED,official_2026_interim_events.csv
NIFTYSMALLCAP250,CESC,2025-09-30,reverse official event chain from official 2026-10-02 anchor,RECONSTRUCTED_OFFICIAL_REVIEW_DELTA_VALIDATED,official_2026_interim_events.csv
NIFTYSMALLCAP250,CGCL,2025-09-30,reverse official event chain from official 2026-10-02 anchor,RECONSTRUCTED_OFFICIAL_REVIEW_DELTA_VALIDATED,official_2026_interim_events.csv
NIFTYSMALLCAP250,CHALET,2025-09-30,reverse official event chain from official 2026-10-02 anchor,RECONSTRUCTED_OFFICIAL_REVIEW_DELTA_VALIDATED,official_2026_interim_events.csv
NIFTYSMALLCAP250,CHAMBLFERT,2025-09-30,reverse official event chain from official 2026-10-02 anchor,RECONSTRUCTED_OFFICIAL_REVIEW_DELTA_VALIDATED,official_2026_interim_events.csv
NIFTYSMALLCAP250,CHENNPETRO,2025-09-30,reverse official event chain from official 2026-10-02 anchor,RECONSTRUCTED_OFFICIAL_REVIEW_DELTA_VALIDATED,official_2026_interim_events.csv
NIFTYSMALLCAP250,CHOICEIN,2025-09-30,reverse official event chain from official 2026-10-02 anchor,RECONSTRUCTED_OFFICIAL_REVIEW_DELTA_VALIDATED,official_2026_interim_events.csv
NIFTYSMALLCAP250,CHOLAHLDNG,2025-09-30,reverse official event chain from official 2026-10-02 anchor,RECONSTRUCTED_OFFICIAL_REVIEW_DELTA_VALIDATED,official_2026_interim_events.csv
NIFTYSMALLCAP250,CLEAN,2025-09-30,reverse official event chain from official 2026-10-02 anchor,RECONSTRUCTED_OFFICIAL_REVIEW_DELTA_VALIDATED,official_2026_interim_events.csv
NIFTYSMALLCAP250,COHANCE,2025-09-30,reverse official event chain from official 2026-10-02 anchor,RECONSTRUCTED_OFFICIAL_REVIEW_DELTA_VALIDATED,official_2026_interim_events.csv
NIFTYSMALLCAP250,CONCORDBIO,2025-09-30,reverse official event chain from official 2026-10-02 anchor,RECONSTRUCTED_OFFICIAL_REVIEW_DELTA_VALIDATED,official_2026_interim_events.csv
NIFTYSMALLCAP250,CRAFTSMAN,2025-09-30,reverse official event chain from official 2026-10-02 anchor,RECONSTRUCTED_OFFICIAL_REVIEW_DELTA_VALIDATED,official_2026_interim_events.csv
NIFTYSMALLCAP250,CREDITACC,2025-09-30,reverse official event chain from official 2026-10-02 anchor,RECONSTRUCTED_OFFICIAL_REVIEW_DELTA_VALIDATED,official_2026_interim_events.csv
NIFTYSMALLCAP250,CROMPTON,2025-09-30,reverse official event chain from official 2026-10-02 anchor,RECONSTRUCTED_OFFICIAL_REVIEW_DELTA_VALIDATED,official_2026_interim_events.csv
NIFTYSMALLCAP250,CUB,2025-09-30,reverse official event chain from official 2026-10-02 anchor,RECONSTRUCTED_OFFICIAL_REVIEW_DELTA_VALIDATED,official_2026_interim_events.csv
NIFTYSMALLCAP250,CYIENT,2025-09-30,reverse official event chain from official 2026-10-02 anchor,RECONSTRUCTED_OFFICIAL_REVIEW_DELTA_VALIDATED,official_2026_interim_events.csv
NIFTYSMALLCAP250,DATAPATTNS,2025-09-30,reverse official event chain from official 2026-10-02 anchor,RECONSTRUCTED_OFFICIAL_REVIEW_DELTA_VALIDATED,official_2026_interim_events.csv
NIFTYSMALLCAP250,DBREALTY,2025-09-30,reverse official event chain from official 2026-10-02 anchor,RECONSTRUCTED_OFFICIAL_REVIEW_DELTA_VALIDATED,official_2026_interim_events.csv
NIFTYSMALLCAP250,DCMSHRIRAM,2025-09-30,reverse official event chain from official 2026-10-02 anchor,RECONSTRUCTED_OFFICIAL_REVIEW_DELTA_VALIDATED,official_2026_interim_events.csv
NIFTYSMALLCAP250,DEEPAKFERT,2025-09-30,reverse official event chain from official 2026-10-02 anchor,RECONSTRUCTED_OFFICIAL_REVIEW_DELTA_VALIDATED,official_2026_interim_events.csv
NIFTYSMALLCAP250,DELHIVERY,2025-09-30,reverse official event chain from official 2026-10-02 anchor,RECONSTRUCTED_OFFICIAL_REVIEW_DELTA_VALIDATED,official_2026_interim_events.csv
NIFTYSMALLCAP250,DEVYANI,2025-09-30,reverse official event chain from official 2026-10-02 anchor,RECONSTRUCTED_OFFICIAL_REVIEW_DELTA_VALIDATED,official_2026_interim_events.csv
NIFTYSMALLCAP250,DOMS,2025-09-30,reverse official event chain from official 2026-10-02 anchor,RECONSTRUCTED_OFFICIAL_REVIEW_DELTA_VALIDATED,official_2026_interim_events.csv
NIFTYSMALLCAP250,ECLERX,2025-09-30,reverse official event chain from official 2026-10-02 anchor,RECONSTRUCTED_OFFICIAL_REVIEW_DELTA_VALIDATED,official_2026_interim_events.csv
NIFTYSMALLCAP250,EIDPARRY,2025-09-30,reverse official event chain from official 2026-10-02 anchor,RECONSTRUCTED_OFFICIAL_REVIEW_DELTA_VALIDATED,official_2026_interim_events.csv
NIFTYSMALLCAP250,EIHOTEL,2025-09-30,reverse official event chain from official 2026-10-02 anchor,RECONSTRUCTED_OFFICIAL_REVIEW_DELTA_VALIDATED,official_2026_interim_events.csv
NIFTYSMALLCAP250,ELECON,2025-09-30,reverse official event chain from official 2026-10-02 anchor,RECONSTRUCTED_OFFICIAL_REVIEW_DELTA_VALIDATED,official_2026_interim_events.csv
NIFTYSMALLCAP250,ELGIEQUIP,2025-09-30,reverse official event chain from official 2026-10-02 anchor,RECONSTRUCTED_OFFICIAL_REVIEW_DELTA_VALIDATED,official_2026_interim_events.csv
NIFTYSMALLCAP250,EMAMILTD,2025-09-30,reverse official event chain from official 2026-10-02 anchor,RECONSTRUCTED_OFFICIAL_REVIEW_DELTA_VALIDATED,official_2026_interim_events.csv
NIFTYSMALLCAP250,EMCURE,2025-09-30,reverse official event chain from official 2026-10-02 anchor,RECONSTRUCTED_OFFICIAL_REVIEW_DELTA_VALIDATED,official_2026_interim_events.csv
NIFTYSMALLCAP250,ENGINERSIN,2025-09-30,reverse official event chain from official 2026-10-02 anchor,RECONSTRUCTED_OFFICIAL_REVIEW_DELTA_VALIDATED,official_2026_interim_events.csv
NIFTYSMALLCAP250,ERIS,2025-09-30,reverse official event chain from official 2026-10-02 anchor,RECONSTRUCTED_OFFICIAL_REVIEW_DELTA_VALIDATED,official_2026_interim_events.csv
NIFTYSMALLCAP250,FINCABLES,2025-09-30,reverse official event chain from official 2026-10-02 anchor,RECONSTRUCTED_OFFICIAL_REVIEW_DELTA_VALIDATED,official_2026_interim_events.csv
NIFTYSMALLCAP250,FINPIPE,2025-09-30,reverse official event chain from official 2026-10-02 anchor,RECONSTRUCTED_OFFICIAL_REVIEW_DELTA_VALIDATED,official_2026_interim_events.csv
NIFTYSMALLCAP250,FIRSTCRY,2025-09-30,reverse official event chain from official 2026-10-02 anchor,RECONSTRUCTED_OFFICIAL_REVIEW_DELTA_VALIDATED,official_2026_interim_events.csv
NIFTYSMALLCAP250,FIVESTAR,2025-09-30,reverse official event chain from official 2026-10-02 anchor,RECONSTRUCTED_OFFICIAL_REVIEW_DELTA_VALIDATED,official_2026_interim_events.csv
NIFTYSMALLCAP250,FORCEMOT,2025-09-30,reverse official event chain from official 2026-10-02 anchor,RECONSTRUCTED_OFFICIAL_REVIEW_DELTA_VALIDATED,official_2026_interim_events.csv
NIFTYSMALLCAP250,FSL,2025-09-30,reverse official event chain from official 2026-10-02 anchor,RECONSTRUCTED_OFFICIAL_REVIEW_DELTA_VALIDATED,official_2026_interim_events.csv
NIFTYSMALLCAP250,GESHIP,2025-09-30,reverse official event chain from official 2026-10-02 anchor,RECONSTRUCTED_OFFICIAL_REVIEW_DELTA_VALIDATED,official_2026_interim_events.csv
NIFTYSMALLCAP250,GILLETTE,2025-09-30,reverse official event chain from official 2026-10-02 anchor,RECONSTRUCTED_OFFICIAL_REVIEW_DELTA_VALIDATED,official_2026_interim_events.csv
NIFTYSMALLCAP250,GLAND,2025-09-30,reverse official event chain from official 2026-10-02 anchor,RECONSTRUCTED_OFFICIAL_REVIEW_DELTA_VALIDATED,official_2026_interim_events.csv
NIFTYSMALLCAP250,GMDCLTD,2025-09-30,reverse official event chain from official 2026-10-02 anchor,RECONSTRUCTED_OFFICIAL_REVIEW_DELTA_VALIDATED,official_2026_interim_events.csv
NIFTYSMALLCAP250,GODIGIT,2025-09-30,reverse official event chain from official 2026-10-02 anchor,RECONSTRUCTED_OFFICIAL_REVIEW_DELTA_VALIDATED,official_2026_interim_events.csv
NIFTYSMALLCAP250,GODREJAGRO,2025-09-30,reverse official event chain from official 2026-10-02 anchor,RECONSTRUCTED_OFFICIAL_REVIEW_DELTA_VALIDATED,official_2026_interim_events.csv
NIFTYSMALLCAP250,GPIL,2025-09-30,reverse official event chain from official 2026-10-02 anchor,RECONSTRUCTED_OFFICIAL_REVIEW_DELTA_VALIDATED,official_2026_interim_events.csv
NIFTYSMALLCAP250,GRANULES,2025-09-30,reverse official event chain from official 2026-10-02 anchor,RECONSTRUCTED_OFFICIAL_REVIEW_DELTA_VALIDATED,official_2026_interim_events.csv
NIFTYSMALLCAP250,GRAPHITE,2025-09-30,reverse official event chain from official 2026-10-02 anchor,RECONSTRUCTED_OFFICIAL_REVIEW_DELTA_VALIDATED,official_2026_interim_events.csv
NIFTYSMALLCAP250,GRAVITA,2025-09-30,reverse official event chain from official 2026-10-02 anchor,RECONSTRUCTED_OFFICIAL_REVIEW_DELTA_VALIDATED,official_2026_interim_events.csv
NIFTYSMALLCAP250,GRSE,2025-09-30,reverse official event chain from official 2026-10-02 anchor,RECONSTRUCTED_OFFICIAL_REVIEW_DELTA_VALIDATED,official_2026_interim_events.csv
NIFTYSMALLCAP250,GSPL,2025-09-30,reverse official event chain from official 2026-10-02 anchor,RECONSTRUCTED_OFFICIAL_REVIEW_DELTA_VALIDATED,official_2026_interim_events.csv
NIFTYSMALLCAP250,HAPPSTMNDS,2025-09-30,reverse official event chain from official 2026-10-02 anchor,RECONSTRUCTED_OFFICIAL_REVIEW_DELTA_VALIDATED,official_2026_interim_events.csv
NIFTYSMALLCAP250,HBLENGINE,2025-09-30,reverse official event chain from official 2026-10-02 anchor,RECONSTRUCTED_OFFICIAL_REVIEW_DELTA_VALIDATED,official_2026_interim_events.csv
NIFTYSMALLCAP250,HEG,2025-09-30,reverse official event chain from official 2026-10-02 anchor,RECONSTRUCTED_OFFICIAL_REVIEW_DELTA_VALIDATED,official_2026_interim_events.csv
NIFTYSMALLCAP250,HFCL,2025-09-30,reverse official event chain from official 2026-10-02 anchor,RECONSTRUCTED_OFFICIAL_REVIEW_DELTA_VALIDATED,official_2026_interim_events.csv
NIFTYSMALLCAP250,HINDCOPPER,2025-09-30,reverse official event chain from official 2026-10-02 anchor,RECONSTRUCTED_OFFICIAL_REVIEW_DELTA_VALIDATED,official_2026_interim_events.csv
NIFTYSMALLCAP250,HOMEFIRST,2025-09-30,reverse official event chain from official 2026-10-02 anchor,RECONSTRUCTED_OFFICIAL_REVIEW_DELTA_VALIDATED,official_2026_interim_events.csv
NIFTYSMALLCAP250,HONASA,2025-09-30,reverse official event chain from official 2026-10-02 anchor,RECONSTRUCTED_OFFICIAL_REVIEW_DELTA_VALIDATED,official_2026_interim_events.csv
NIFTYSMALLCAP250,HSCL,2025-09-30,reverse official event chain from official 2026-10-02 anchor,RECONSTRUCTED_OFFICIAL_REVIEW_DELTA_VALIDATED,official_2026_interim_events.csv
NIFTYSMALLCAP250,IEX,2025-09-30,reverse official event chain from official 2026-10-02 anchor,RECONSTRUCTED_OFFICIAL_REVIEW_DELTA_VALIDATED,official_2026_interim_events.csv
NIFTYSMALLCAP250,IFCI,2025-09-30,reverse official event chain from official 2026-10-02 anchor,RECONSTRUCTED_OFFICIAL_REVIEW_DELTA_VALIDATED,official_2026_interim_events.csv
NIFTYSMALLCAP250,IGIL,2025-09-30,reverse official event chain from official 2026-10-02 anchor,RECONSTRUCTED_OFFICIAL_REVIEW_DELTA_VALIDATED,official_2026_interim_events.csv
NIFTYSMALLCAP250,IIFL,2025-09-30,reverse official event chain from official 2026-10-02 anchor,RECONSTRUCTED_OFFICIAL_REVIEW_DELTA_VALIDATED,official_2026_interim_events.csv
NIFTYSMALLCAP250,IKS,2025-09-30,reverse official event chain from official 2026-10-02 anchor,RECONSTRUCTED_OFFICIAL_REVIEW_DELTA_VALIDATED,official_2026_interim_events.csv
NIFTYSMALLCAP250,INDGN,2025-09-30,reverse official event chain from official 2026-10-02 anchor,RECONSTRUCTED_OFFICIAL_REVIEW_DELTA_VALIDATED,official_2026_interim_events.csv
NIFTYSMALLCAP250,INDIACEM,2025-09-30,reverse official event chain from official 2026-10-02 anchor,RECONSTRUCTED_OFFICIAL_REVIEW_DELTA_VALIDATED,official_2026_interim_events.csv
NIFTYSMALLCAP250,INDIAMART,2025-09-30,reverse official event chain from official 2026-10-02 anchor,RECONSTRUCTED_OFFICIAL_REVIEW_DELTA_VALIDATED,official_2026_interim_events.csv
NIFTYSMALLCAP250,INOXINDIA,2025-09-30,reverse official event chain from official 2026-10-02 anchor,RECONSTRUCTED_OFFICIAL_REVIEW_DELTA_VALIDATED,official_2026_interim_events.csv
NIFTYSMALLCAP250,INOXWIND,2025-09-30,reverse official event chain from official 2026-10-02 anchor,RECONSTRUCTED_OFFICIAL_REVIEW_DELTA_VALIDATED,official_2026_interim_events.csv
NIFTYSMALLCAP250,INTELLECT,2025-09-30,reverse official event chain from official 2026-10-02 anchor,RECONSTRUCTED_OFFICIAL_REVIEW_DELTA_VALIDATED,official_2026_interim_events.csv
NIFTYSMALLCAP250,IRCON,2025-09-30,reverse official event chain from official 2026-10-02 anchor,RECONSTRUCTED_OFFICIAL_REVIEW_DELTA_VALIDATED,official_2026_interim_events.csv
NIFTYSMALLCAP250,ITI,2025-09-30,reverse official event chain from official 2026-10-02 anchor,RECONSTRUCTED_OFFICIAL_REVIEW_DELTA_VALIDATED,official_2026_interim_events.csv
NIFTYSMALLCAP250,J&KBANK,2025-09-30,reverse official event chain from official 2026-10-02 anchor,RECONSTRUCTED_OFFICIAL_REVIEW_DELTA_VALIDATED,official_2026_interim_events.csv
NIFTYSMALLCAP250,JBCHEPHARM,2025-09-30,reverse official event chain from official 2026-10-02 anchor,RECONSTRUCTED_OFFICIAL_REVIEW_DELTA_VALIDATED,official_2026_interim_events.csv
NIFTYSMALLCAP250,JBMA,2025-09-30,reverse official event chain from official 2026-10-02 anchor,RECONSTRUCTED_OFFICIAL_REVIEW_DELTA_VALIDATED,official_2026_interim_events.csv
NIFTYSMALLCAP250,JINDALSAW,2025-09-30,reverse official event chain from official 2026-10-02 anchor,RECONSTRUCTED_OFFICIAL_REVIEW_DELTA_VALIDATED,official_2026_interim_events.csv
NIFTYSMALLCAP250,JKTYRE,2025-09-30,reverse official event chain from official 2026-10-02 anchor,RECONSTRUCTED_OFFICIAL_REVIEW_DELTA_VALIDATED,official_2026_interim_events.csv
NIFTYSMALLCAP250,JMFINANCIL,2025-09-30,reverse official event chain from official 2026-10-02 anchor,RECONSTRUCTED_OFFICIAL_REVIEW_DELTA_VALIDATED,official_2026_interim_events.csv
NIFTYSMALLCAP250,JPPOWER,2025-09-30,reverse official event chain from official 2026-10-02 anchor,RECONSTRUCTED_OFFICIAL_REVIEW_DELTA_VALIDATED,official_2026_interim_events.csv
NIFTYSMALLCAP250,JSWCEMENT,2025-09-30,reverse official event chain from official 2026-10-02 anchor,RECONSTRUCTED_OFFICIAL_REVIEW_DELTA_VALIDATED,official_2026_interim_events.csv
NIFTYSMALLCAP250,JUBLINGREA,2025-09-30,reverse official event chain from official 2026-10-02 anchor,RECONSTRUCTED_OFFICIAL_REVIEW_DELTA_VALIDATED,official_2026_interim_events.csv
NIFTYSMALLCAP250,JUBLPHARMA,2025-09-30,reverse official event chain from official 2026-10-02 anchor,RECONSTRUCTED_OFFICIAL_REVIEW_DELTA_VALIDATED,official_2026_interim_events.csv
NIFTYSMALLCAP250,JWL,2025-09-30,reverse official event chain from official 2026-10-02 anchor,RECONSTRUCTED_OFFICIAL_REVIEW_DELTA_VALIDATED,official_2026_interim_events.csv
NIFTYSMALLCAP250,JYOTHYLAB,2025-09-30,reverse official event chain from official 2026-10-02 anchor,RECONSTRUCTED_OFFICIAL_REVIEW_DELTA_VALIDATED,official_2026_interim_events.csv
NIFTYSMALLCAP250,JYOTICNC,2025-09-30,reverse official event chain from official 2026-10-02 anchor,RECONSTRUCTED_OFFICIAL_REVIEW_DELTA_VALIDATED,official_2026_interim_events.csv
NIFTYSMALLCAP250,KAJARIACER,2025-09-30,reverse official event chain from official 2026-10-02 anchor,RECONSTRUCTED_OFFICIAL_REVIEW_DELTA_VALIDATED,official_2026_interim_events.csv
NIFTYSMALLCAP250,KARURVYSYA,2025-09-30,reverse official event chain from official 2026-10-02 anchor,RECONSTRUCTED_OFFICIAL_REVIEW_DELTA_VALIDATED,official_2026_interim_events.csv
NIFTYSMALLCAP250,KAYNES,2025-09-30,reverse official event chain from official 2026-10-02 anchor,RECONSTRUCTED_OFFICIAL_REVIEW_DELTA_VALIDATED,official_2026_interim_events.csv
NIFTYSMALLCAP250,KEC,2025-09-30,reverse official event chain from official 2026-10-02 anchor,RECONSTRUCTED_OFFICIAL_REVIEW_DELTA_VALIDATED,official_2026_interim_events.csv
NIFTYSMALLCAP250,KFINTECH,2025-09-30,reverse official event chain from official 2026-10-02 anchor,RECONSTRUCTED_OFFICIAL_REVIEW_DELTA_VALIDATED,official_2026_interim_events.csv
NIFTYSMALLCAP250,KIMS,2025-09-30,reverse official event chain from official 2026-10-02 anchor,RECONSTRUCTED_OFFICIAL_REVIEW_DELTA_VALIDATED,official_2026_interim_events.csv
NIFTYSMALLCAP250,KIRLOSBROS,2025-09-30,reverse official event chain from official 2026-10-02 anchor,RECONSTRUCTED_OFFICIAL_REVIEW_DELTA_VALIDATED,official_2026_interim_events.csv
NIFTYSMALLCAP250,KIRLOSENG,2025-09-30,reverse official event chain from official 2026-10-02 anchor,RECONSTRUCTED_OFFICIAL_REVIEW_DELTA_VALIDATED,official_2026_interim_events.csv
NIFTYSMALLCAP250,KPIL,2025-09-30,reverse official event chain from official 2026-10-02 anchor,RECONSTRUCTED_OFFICIAL_REVIEW_DELTA_VALIDATED,official_2026_interim_events.csv
NIFTYSMALLCAP250,KSB,2025-09-30,reverse official event chain from official 2026-10-02 anchor,RECONSTRUCTED_OFFICIAL_REVIEW_DELTA_VALIDATED,official_2026_interim_events.csv
NIFTYSMALLCAP250,LALPATHLAB,2025-09-30,reverse official event chain from official 2026-10-02 anchor,RECONSTRUCTED_OFFICIAL_REVIEW_DELTA_VALIDATED,official_2026_interim_events.csv
NIFTYSMALLCAP250,LATENTVIEW,2025-09-30,reverse official event chain from official 2026-10-02 anchor,RECONSTRUCTED_OFFICIAL_REVIEW_DELTA_VALIDATED,official_2026_interim_events.csv
NIFTYSMALLCAP250,LAURUSLABS,2025-09-30,reverse official event chain from official 2026-10-02 anchor,RECONSTRUCTED_OFFICIAL_REVIEW_DELTA_VALIDATED,official_2026_interim_events.csv
NIFTYSMALLCAP250,LEMONTREE,2025-09-30,reverse official event chain from official 2026-10-02 anchor,RECONSTRUCTED_OFFICIAL_REVIEW_DELTA_VALIDATED,official_2026_interim_events.csv
NIFTYSMALLCAP250,LTFOODS,2025-09-30,reverse official event chain from official 2026-10-02 anchor,RECONSTRUCTED_OFFICIAL_REVIEW_DELTA_VALIDATED,official_2026_interim_events.csv
NIFTYSMALLCAP250,MAHSCOOTER,2025-09-30,reverse official event chain from official 2026-10-02 anchor,RECONSTRUCTED_OFFICIAL_REVIEW_DELTA_VALIDATED,official_2026_interim_events.csv
NIFTYSMALLCAP250,MAHSEAMLES,2025-09-30,reverse official event chain from official 2026-10-02 anchor,RECONSTRUCTED_OFFICIAL_REVIEW_DELTA_VALIDATED,official_2026_interim_events.csv
NIFTYSMALLCAP250,MANAPPURAM,2025-09-30,reverse official event chain from official 2026-10-02 anchor,RECONSTRUCTED_OFFICIAL_REVIEW_DELTA_VALIDATED,official_2026_interim_events.csv
NIFTYSMALLCAP250,MANYAVAR,2025-09-30,reverse official event chain from official 2026-10-02 anchor,RECONSTRUCTED_OFFICIAL_REVIEW_DELTA_VALIDATED,official_2026_interim_events.csv
NIFTYSMALLCAP250,MAPMYINDIA,2025-09-30,reverse official event chain from official 2026-10-02 anchor,RECONSTRUCTED_OFFICIAL_REVIEW_DELTA_VALIDATED,official_2026_interim_events.csv
NIFTYSMALLCAP250,MCX,2025-09-30,reverse official event chain from official 2026-10-02 anchor,RECONSTRUCTED_OFFICIAL_REVIEW_DELTA_VALIDATED,official_2026_interim_events.csv
NIFTYSMALLCAP250,METROPOLIS,2025-09-30,reverse official event chain from official 2026-10-02 anchor,RECONSTRUCTED_OFFICIAL_REVIEW_DELTA_VALIDATED,official_2026_interim_events.csv
NIFTYSMALLCAP250,MGL,2025-09-30,reverse official event chain from official 2026-10-02 anchor,RECONSTRUCTED_OFFICIAL_REVIEW_DELTA_VALIDATED,official_2026_interim_events.csv
NIFTYSMALLCAP250,MINDACORP,2025-09-30,reverse official event chain from official 2026-10-02 anchor,RECONSTRUCTED_OFFICIAL_REVIEW_DELTA_VALIDATED,official_2026_interim_events.csv
NIFTYSMALLCAP250,MMTC,2025-09-30,reverse official event chain from official 2026-10-02 anchor,RECONSTRUCTED_OFFICIAL_REVIEW_DELTA_VALIDATED,official_2026_interim_events.csv
NIFTYSMALLCAP250,MRPL,2025-09-30,reverse official event chain from official 2026-10-02 anchor,RECONSTRUCTED_OFFICIAL_REVIEW_DELTA_VALIDATED,official_2026_interim_events.csv
NIFTYSMALLCAP250,MSUMI,2025-09-30,reverse official event chain from official 2026-10-02 anchor,RECONSTRUCTED_OFFICIAL_REVIEW_DELTA_VALIDATED,official_2026_interim_events.csv
NIFTYSMALLCAP250,NATCOPHARM,2025-09-30,reverse official event chain from official 2026-10-02 anchor,RECONSTRUCTED_OFFICIAL_REVIEW_DELTA_VALIDATED,official_2026_interim_events.csv
NIFTYSMALLCAP250,NAVA,2025-09-30,reverse official event chain from official 2026-10-02 anchor,RECONSTRUCTED_OFFICIAL_REVIEW_DELTA_VALIDATED,official_2026_interim_events.csv
NIFTYSMALLCAP250,NAVINFLUOR,2025-09-30,reverse official event chain from official 2026-10-02 anchor,RECONSTRUCTED_OFFICIAL_REVIEW_DELTA_VALIDATED,official_2026_interim_events.csv
NIFTYSMALLCAP250,NBCC,2025-09-30,reverse official event chain from official 2026-10-02 anchor,RECONSTRUCTED_OFFICIAL_REVIEW_DELTA_VALIDATED,official_2026_interim_events.csv
NIFTYSMALLCAP250,NCC,2025-09-30,reverse official event chain from official 2026-10-02 anchor,RECONSTRUCTED_OFFICIAL_REVIEW_DELTA_VALIDATED,official_2026_interim_events.csv
NIFTYSMALLCAP250,NETWEB,2025-09-30,reverse official event chain from official 2026-10-02 anchor,RECONSTRUCTED_OFFICIAL_REVIEW_DELTA_VALIDATED,official_2026_interim_events.csv
NIFTYSMALLCAP250,NEULANDLAB,2025-09-30,reverse official event chain from official 2026-10-02 anchor,RECONSTRUCTED_OFFICIAL_REVIEW_DELTA_VALIDATED,official_2026_interim_events.csv
NIFTYSMALLCAP250,NEWGEN,2025-09-30,reverse official event chain from official 2026-10-02 anchor,RECONSTRUCTED_OFFICIAL_REVIEW_DELTA_VALIDATED,official_2026_interim_events.csv
NIFTYSMALLCAP250,NH,2025-09-30,reverse official event chain from official 2026-10-02 anchor,RECONSTRUCTED_OFFICIAL_REVIEW_DELTA_VALIDATED,official_2026_interim_events.csv
NIFTYSMALLCAP250,NIVABUPA,2025-09-30,reverse official event chain from official 2026-10-02 anchor,RECONSTRUCTED_OFFICIAL_REVIEW_DELTA_VALIDATED,official_2026_interim_events.csv
NIFTYSMALLCAP250,NSLNISP,2025-09-30,reverse official event chain from official 2026-10-02 anchor,RECONSTRUCTED_OFFICIAL_REVIEW_DELTA_VALIDATED,official_2026_interim_events.csv
NIFTYSMALLCAP250,NUVAMA,2025-09-30,reverse official event chain from official 2026-10-02 anchor,RECONSTRUCTED_OFFICIAL_REVIEW_DELTA_VALIDATED,official_2026_interim_events.csv
NIFTYSMALLCAP250,NUVOCO,2025-09-30,reverse official event chain from official 2026-10-02 anchor,RECONSTRUCTED_OFFICIAL_REVIEW_DELTA_VALIDATED,official_2026_interim_events.csv
NIFTYSMALLCAP250,OLAELEC,2025-09-30,reverse official event chain from official 2026-10-02 anchor,RECONSTRUCTED_OFFICIAL_REVIEW_DELTA_VALIDATED,official_2026_interim_events.csv
NIFTYSMALLCAP250,OLECTRA,2025-09-30,reverse official event chain from official 2026-10-02 anchor,RECONSTRUCTED_OFFICIAL_REVIEW_DELTA_VALIDATED,official_2026_interim_events.csv
NIFTYSMALLCAP250,ONESOURCE,2025-09-30,reverse official event chain from official 2026-10-02 anchor,RECONSTRUCTED_OFFICIAL_REVIEW_DELTA_VALIDATED,official_2026_interim_events.csv
NIFTYSMALLCAP250,PCBL,2025-09-30,reverse official event chain from official 2026-10-02 anchor,RECONSTRUCTED_OFFICIAL_REVIEW_DELTA_VALIDATED,official_2026_interim_events.csv
NIFTYSMALLCAP250,PFIZER,2025-09-30,reverse official event chain from official 2026-10-02 anchor,RECONSTRUCTED_OFFICIAL_REVIEW_DELTA_VALIDATED,official_2026_interim_events.csv
NIFTYSMALLCAP250,PGEL,2025-09-30,reverse official event chain from official 2026-10-02 anchor,RECONSTRUCTED_OFFICIAL_REVIEW_DELTA_VALIDATED,official_2026_interim_events.csv
NIFTYSMALLCAP250,PNBHOUSING,2025-09-30,reverse official event chain from official 2026-10-02 anchor,RECONSTRUCTED_OFFICIAL_REVIEW_DELTA_VALIDATED,official_2026_interim_events.csv
NIFTYSMALLCAP250,POLYMED,2025-09-30,reverse official event chain from official 2026-10-02 anchor,RECONSTRUCTED_OFFICIAL_REVIEW_DELTA_VALIDATED,official_2026_interim_events.csv
NIFTYSMALLCAP250,POONAWALLA,2025-09-30,reverse official event chain from official 2026-10-02 anchor,RECONSTRUCTED_OFFICIAL_REVIEW_DELTA_VALIDATED,official_2026_interim_events.csv
NIFTYSMALLCAP250,PPLPHARMA,2025-09-30,reverse official event chain from official 2026-10-02 anchor,RECONSTRUCTED_OFFICIAL_REVIEW_DELTA_VALIDATED,official_2026_interim_events.csv
NIFTYSMALLCAP250,PRAJIND,2025-09-30,reverse official event chain from official 2026-10-02 anchor,RECONSTRUCTED_OFFICIAL_REVIEW_DELTA_VALIDATED,official_2026_interim_events.csv
NIFTYSMALLCAP250,PTCIL,2025-09-30,reverse official event chain from official 2026-10-02 anchor,RECONSTRUCTED_OFFICIAL_REVIEW_DELTA_VALIDATED,official_2026_interim_events.csv
NIFTYSMALLCAP250,PVRINOX,2025-09-30,reverse official event chain from official 2026-10-02 anchor,RECONSTRUCTED_OFFICIAL_REVIEW_DELTA_VALIDATED,official_2026_interim_events.csv
NIFTYSMALLCAP250,RADICO,2025-09-30,reverse official event chain from official 2026-10-02 anchor,RECONSTRUCTED_OFFICIAL_REVIEW_DELTA_VALIDATED,official_2026_interim_events.csv
NIFTYSMALLCAP250,RAILTEL,2025-09-30,reverse official event chain from official 2026-10-02 anchor,RECONSTRUCTED_OFFICIAL_REVIEW_DELTA_VALIDATED,official_2026_interim_events.csv
NIFTYSMALLCAP250,RAINBOW,2025-09-30,reverse official event chain from official 2026-10-02 anchor,RECONSTRUCTED_OFFICIAL_REVIEW_DELTA_VALIDATED,official_2026_interim_events.csv
NIFTYSMALLCAP250,RAMCOCEM,2025-09-30,reverse official event chain from official 2026-10-02 anchor,RECONSTRUCTED_OFFICIAL_REVIEW_DELTA_VALIDATED,official_2026_interim_events.csv
NIFTYSMALLCAP250,RBLBANK,2025-09-30,reverse official event chain from official 2026-10-02 anchor,RECONSTRUCTED_OFFICIAL_REVIEW_DELTA_VALIDATED,official_2026_interim_events.csv
NIFTYSMALLCAP250,RCF,2025-09-30,reverse official event chain from official 2026-10-02 anchor,RECONSTRUCTED_OFFICIAL_REVIEW_DELTA_VALIDATED,official_2026_interim_events.csv
NIFTYSMALLCAP250,REDINGTON,2025-09-30,reverse official event chain from official 2026-10-02 anchor,RECONSTRUCTED_OFFICIAL_REVIEW_DELTA_VALIDATED,official_2026_interim_events.csv
NIFTYSMALLCAP250,RELINFRA,2025-09-30,reverse official event chain from official 2026-10-02 anchor,RECONSTRUCTED_OFFICIAL_REVIEW_DELTA_VALIDATED,official_2026_interim_events.csv
NIFTYSMALLCAP250,RHIM,2025-09-30,reverse official event chain from official 2026-10-02 anchor,RECONSTRUCTED_OFFICIAL_REVIEW_DELTA_VALIDATED,official_2026_interim_events.csv
NIFTYSMALLCAP250,RITES,2025-09-30,reverse official event chain from official 2026-10-02 anchor,RECONSTRUCTED_OFFICIAL_REVIEW_DELTA_VALIDATED,official_2026_interim_events.csv
NIFTYSMALLCAP250,RKFORGE,2025-09-30,reverse official event chain from official 2026-10-02 anchor,RECONSTRUCTED_OFFICIAL_REVIEW_DELTA_VALIDATED,official_2026_interim_events.csv
NIFTYSMALLCAP250,RPOWER,2025-09-30,reverse official event chain from official 2026-10-02 anchor,RECONSTRUCTED_OFFICIAL_REVIEW_DELTA_VALIDATED,official_2026_interim_events.csv
NIFTYSMALLCAP250,RRKABEL,2025-09-30,reverse official event chain from official 2026-10-02 anchor,RECONSTRUCTED_OFFICIAL_REVIEW_DELTA_VALIDATED,official_2026_interim_events.csv
NIFTYSMALLCAP250,SAGILITY,2025-09-30,reverse official event chain from official 2026-10-02 anchor,RECONSTRUCTED_OFFICIAL_REVIEW_DELTA_VALIDATED,official_2026_interim_events.csv
NIFTYSMALLCAP250,SAILIFE,2025-09-30,reverse official event chain from official 2026-10-02 anchor,RECONSTRUCTED_OFFICIAL_REVIEW_DELTA_VALIDATED,official_2026_interim_events.csv
NIFTYSMALLCAP250,SAMMAANCAP,2025-09-30,reverse official event chain from official 2026-10-02 anchor,RECONSTRUCTED_OFFICIAL_REVIEW_DELTA_VALIDATED,official_2026_interim_events.csv
NIFTYSMALLCAP250,SAPPHIRE,2025-09-30,reverse official event chain from official 2026-10-02 anchor,RECONSTRUCTED_OFFICIAL_REVIEW_DELTA_VALIDATED,official_2026_interim_events.csv
NIFTYSMALLCAP250,SARDAEN,2025-09-30,reverse official event chain from official 2026-10-02 anchor,RECONSTRUCTED_OFFICIAL_REVIEW_DELTA_VALIDATED,official_2026_interim_events.csv
NIFTYSMALLCAP250,SAREGAMA,2025-09-30,reverse official event chain from official 2026-10-02 anchor,RECONSTRUCTED_OFFICIAL_REVIEW_DELTA_VALIDATED,official_2026_interim_events.csv
NIFTYSMALLCAP250,SBFC,2025-09-30,reverse official event chain from official 2026-10-02 anchor,RECONSTRUCTED_OFFICIAL_REVIEW_DELTA_VALIDATED,official_2026_interim_events.csv
NIFTYSMALLCAP250,SCHNEIDER,2025-09-30,reverse official event chain from official 2026-10-02 anchor,RECONSTRUCTED_OFFICIAL_REVIEW_DELTA_VALIDATED,official_2026_interim_events.csv
NIFTYSMALLCAP250,SCI,2025-09-30,reverse official event chain from official 2026-10-02 anchor,RECONSTRUCTED_OFFICIAL_REVIEW_DELTA_VALIDATED,official_2026_interim_events.csv
NIFTYSMALLCAP250,SHYAMMETL,2025-09-30,reverse official event chain from official 2026-10-02 anchor,RECONSTRUCTED_OFFICIAL_REVIEW_DELTA_VALIDATED,official_2026_interim_events.csv
NIFTYSMALLCAP250,SIGNATURE,2025-09-30,reverse official event chain from official 2026-10-02 anchor,RECONSTRUCTED_OFFICIAL_REVIEW_DELTA_VALIDATED,official_2026_interim_events.csv
NIFTYSMALLCAP250,SOBHA,2025-09-30,reverse official event chain from official 2026-10-02 anchor,RECONSTRUCTED_OFFICIAL_REVIEW_DELTA_VALIDATED,official_2026_interim_events.csv
NIFTYSMALLCAP250,SONATSOFTW,2025-09-30,reverse official event chain from official 2026-10-02 anchor,RECONSTRUCTED_OFFICIAL_REVIEW_DELTA_VALIDATED,official_2026_interim_events.csv
NIFTYSMALLCAP250,STARHEALTH,2025-09-30,reverse official event chain from official 2026-10-02 anchor,RECONSTRUCTED_OFFICIAL_REVIEW_DELTA_VALIDATED,official_2026_interim_events.csv
NIFTYSMALLCAP250,SUMICHEM,2025-09-30,reverse official event chain from official 2026-10-02 anchor,RECONSTRUCTED_OFFICIAL_REVIEW_DELTA_VALIDATED,official_2026_interim_events.csv
NIFTYSMALLCAP250,SUNDRMFAST,2025-09-30,reverse official event chain from official 2026-10-02 anchor,RECONSTRUCTED_OFFICIAL_REVIEW_DELTA_VALIDATED,official_2026_interim_events.csv
NIFTYSMALLCAP250,SUNTV,2025-09-30,reverse official event chain from official 2026-10-02 anchor,RECONSTRUCTED_OFFICIAL_REVIEW_DELTA_VALIDATED,official_2026_interim_events.csv
NIFTYSMALLCAP250,SWANCORP,2025-09-30,reverse official event chain from official 2026-10-02 anchor,RECONSTRUCTED_OFFICIAL_REVIEW_DELTA_VALIDATED,official_2026_interim_events.csv
NIFTYSMALLCAP250,SYRMA,2025-09-30,reverse official event chain from official 2026-10-02 anchor,RECONSTRUCTED_OFFICIAL_REVIEW_DELTA_VALIDATED,official_2026_interim_events.csv
NIFTYSMALLCAP250,TARIL,2025-09-30,reverse official event chain from official 2026-10-02 anchor,RECONSTRUCTED_OFFICIAL_REVIEW_DELTA_VALIDATED,official_2026_interim_events.csv
NIFTYSMALLCAP250,TATACHEM,2025-09-30,reverse official event chain from official 2026-10-02 anchor,RECONSTRUCTED_OFFICIAL_REVIEW_DELTA_VALIDATED,official_2026_interim_events.csv
NIFTYSMALLCAP250,TBOTEK,2025-09-30,reverse official event chain from official 2026-10-02 anchor,RECONSTRUCTED_OFFICIAL_REVIEW_DELTA_VALIDATED,official_2026_interim_events.csv
NIFTYSMALLCAP250,TECHNOE,2025-09-30,reverse official event chain from official 2026-10-02 anchor,RECONSTRUCTED_OFFICIAL_REVIEW_DELTA_VALIDATED,official_2026_interim_events.csv
NIFTYSMALLCAP250,TEJASNET,2025-09-30,reverse official event chain from official 2026-10-02 anchor,RECONSTRUCTED_OFFICIAL_REVIEW_DELTA_VALIDATED,official_2026_interim_events.csv
NIFTYSMALLCAP250,THELEELA,2025-09-30,reverse official event chain from official 2026-10-02 anchor,RECONSTRUCTED_OFFICIAL_REVIEW_DELTA_VALIDATED,official_2026_interim_events.csv
NIFTYSMALLCAP250,TIMKEN,2025-09-30,reverse official event chain from official 2026-10-02 anchor,RECONSTRUCTED_OFFICIAL_REVIEW_DELTA_VALIDATED,official_2026_interim_events.csv
NIFTYSMALLCAP250,TITAGARH,2025-09-30,reverse official event chain from official 2026-10-02 anchor,RECONSTRUCTED_OFFICIAL_REVIEW_DELTA_VALIDATED,official_2026_interim_events.csv
NIFTYSMALLCAP250,TRIDENT,2025-09-30,reverse official event chain from official 2026-10-02 anchor,RECONSTRUCTED_OFFICIAL_REVIEW_DELTA_VALIDATED,official_2026_interim_events.csv
NIFTYSMALLCAP250,TRITURBINE,2025-09-30,reverse official event chain from official 2026-10-02 anchor,RECONSTRUCTED_OFFICIAL_REVIEW_DELTA_VALIDATED,official_2026_interim_events.csv
NIFTYSMALLCAP250,TRIVENI,2025-09-30,reverse official event chain from official 2026-10-02 anchor,RECONSTRUCTED_OFFICIAL_REVIEW_DELTA_VALIDATED,official_2026_interim_events.csv
NIFTYSMALLCAP250,TTML,2025-09-30,reverse official event chain from official 2026-10-02 anchor,RECONSTRUCTED_OFFICIAL_REVIEW_DELTA_VALIDATED,official_2026_interim_events.csv
NIFTYSMALLCAP250,USHAMART,2025-09-30,reverse official event chain from official 2026-10-02 anchor,RECONSTRUCTED_OFFICIAL_REVIEW_DELTA_VALIDATED,official_2026_interim_events.csv
NIFTYSMALLCAP250,UTIAMC,2025-09-30,reverse official event chain from official 2026-10-02 anchor,RECONSTRUCTED_OFFICIAL_REVIEW_DELTA_VALIDATED,official_2026_interim_events.csv
NIFTYSMALLCAP250,VENTIVE,2025-09-30,reverse official event chain from official 2026-10-02 anchor,RECONSTRUCTED_OFFICIAL_REVIEW_DELTA_VALIDATED,official_2026_interim_events.csv
NIFTYSMALLCAP250,VGUARD,2025-09-30,reverse official event chain from official 2026-10-02 anchor,RECONSTRUCTED_OFFICIAL_REVIEW_DELTA_VALIDATED,official_2026_interim_events.csv
NIFTYSMALLCAP250,VIJAYA,2025-09-30,reverse official event chain from official 2026-10-02 anchor,RECONSTRUCTED_OFFICIAL_REVIEW_DELTA_VALIDATED,official_2026_interim_events.csv
NIFTYSMALLCAP250,VTL,2025-09-30,reverse official event chain from official 2026-10-02 anchor,RECONSTRUCTED_OFFICIAL_REVIEW_DELTA_VALIDATED,official_2026_interim_events.csv
NIFTYSMALLCAP250,WELCORP,2025-09-30,reverse official event chain from official 2026-10-02 anchor,RECONSTRUCTED_OFFICIAL_REVIEW_DELTA_VALIDATED,official_2026_interim_events.csv
NIFTYSMALLCAP250,WELSPUNLIV,2025-09-30,reverse official event chain from official 2026-10-02 anchor,RECONSTRUCTED_OFFICIAL_REVIEW_DELTA_VALIDATED,official_2026_interim_events.csv
NIFTYSMALLCAP250,WHIRLPOOL,2025-09-30,reverse official event chain from official 2026-10-02 anchor,RECONSTRUCTED_OFFICIAL_REVIEW_DELTA_VALIDATED,official_2026_interim_events.csv
NIFTYSMALLCAP250,WOCKPHARMA,2025-09-30,reverse official event chain from official 2026-10-02 anchor,RECONSTRUCTED_OFFICIAL_REVIEW_DELTA_VALIDATED,official_2026_interim_events.csv
NIFTYSMALLCAP250,ZEEL,2025-09-30,reverse official event chain from official 2026-10-02 anchor,RECONSTRUCTED_OFFICIAL_REVIEW_DELTA_VALIDATED,official_2026_interim_events.csv
NIFTYSMALLCAP250,ZENSARTECH,2025-09-30,reverse official event chain from official 2026-10-02 anchor,RECONSTRUCTED_OFFICIAL_REVIEW_DELTA_VALIDATED,official_2026_interim_events.csv
NIFTYSMALLCAP250,ZENTEC,2025-09-30,reverse official event chain from official 2026-10-02 anchor,RECONSTRUCTED_OFFICIAL_REVIEW_DELTA_VALIDATED,official_2026_interim_events.csv
NIFTYSMALLCAP250,ZFCVINDIA,2025-09-30,reverse official event chain from official 2026-10-02 anchor,RECONSTRUCTED_OFFICIAL_REVIEW_DELTA_VALIDATED,official_2026_interim_events.csv
NIFTYMICROCAP250,AARTIDRUGS,2025-09-30,reverse official event chain from official 2026-10-02 anchor,RECONSTRUCTED_OFFICIAL_REVIEW_DELTA_VALIDATED,official_2026_interim_events.csv
NIFTYMICROCAP250,AARTIPHARM,2025-09-30,reverse official event chain from official 2026-10-02 anchor,RECONSTRUCTED_OFFICIAL_REVIEW_DELTA_VALIDATED,official_2026_interim_events.csv
NIFTYMICROCAP250,ABDL,2025-09-30,reverse official event chain from official 2026-10-02 anchor,RECONSTRUCTED_OFFICIAL_REVIEW_DELTA_VALIDATED,official_2026_interim_events.csv
NIFTYMICROCAP250,ACI,2025-09-30,reverse official event chain from official 2026-10-02 anchor,RECONSTRUCTED_OFFICIAL_REVIEW_DELTA_VALIDATED,official_2026_interim_events.csv
NIFTYMICROCAP250,ACUTAAS,2025-09-30,reverse official event chain from official 2026-10-02 anchor,RECONSTRUCTED_OFFICIAL_REVIEW_DELTA_VALIDATED,official_2026_interim_events.csv
NIFTYMICROCAP250,ADVENZYMES,2025-09-30,reverse official event chain from official 2026-10-02 anchor,RECONSTRUCTED_OFFICIAL_REVIEW_DELTA_VALIDATED,official_2026_interim_events.csv
NIFTYMICROCAP250,AETHER,2025-09-30,reverse official event chain from official 2026-10-02 anchor,RECONSTRUCTED_OFFICIAL_REVIEW_DELTA_VALIDATED,official_2026_interim_events.csv
NIFTYMICROCAP250,AGI,2025-09-30,reverse official event chain from official 2026-10-02 anchor,RECONSTRUCTED_OFFICIAL_REVIEW_DELTA_VALIDATED,official_2026_interim_events.csv
NIFTYMICROCAP250,AHLUCONT,2025-09-30,reverse official event chain from official 2026-10-02 anchor,RECONSTRUCTED_OFFICIAL_REVIEW_DELTA_VALIDATED,official_2026_interim_events.csv
NIFTYMICROCAP250,AJAXENGG,2025-09-30,reverse official event chain from official 2026-10-02 anchor,RECONSTRUCTED_OFFICIAL_REVIEW_DELTA_VALIDATED,official_2026_interim_events.csv
NIFTYMICROCAP250,ALIVUS,2025-09-30,reverse official event chain from official 2026-10-02 anchor,RECONSTRUCTED_OFFICIAL_REVIEW_DELTA_VALIDATED,official_2026_interim_events.csv
NIFTYMICROCAP250,ALLCARGO,2025-09-30,reverse official event chain from official 2026-10-02 anchor,RECONSTRUCTED_OFFICIAL_REVIEW_DELTA_VALIDATED,official_2026_interim_events.csv
NIFTYMICROCAP250,ANUP,2025-09-30,reverse official event chain from official 2026-10-02 anchor,RECONSTRUCTED_OFFICIAL_REVIEW_DELTA_VALIDATED,official_2026_interim_events.csv
NIFTYMICROCAP250,ANURAS,2025-09-30,reverse official event chain from official 2026-10-02 anchor,RECONSTRUCTED_OFFICIAL_REVIEW_DELTA_VALIDATED,official_2026_interim_events.csv
NIFTYMICROCAP250,ARVIND,2025-09-30,reverse official event chain from official 2026-10-02 anchor,RECONSTRUCTED_OFFICIAL_REVIEW_DELTA_VALIDATED,official_2026_interim_events.csv
NIFTYMICROCAP250,ARVINDFASN,2025-09-30,reverse official event chain from official 2026-10-02 anchor,RECONSTRUCTED_OFFICIAL_REVIEW_DELTA_VALIDATED,official_2026_interim_events.csv
NIFTYMICROCAP250,ASHOKA,2025-09-30,reverse official event chain from official 2026-10-02 anchor,RECONSTRUCTED_OFFICIAL_REVIEW_DELTA_VALIDATED,official_2026_interim_events.csv
NIFTYMICROCAP250,ASKAUTOLTD,2025-09-30,reverse official event chain from official 2026-10-02 anchor,RECONSTRUCTED_OFFICIAL_REVIEW_DELTA_VALIDATED,official_2026_interim_events.csv
NIFTYMICROCAP250,ASTRAMICRO,2025-09-30,reverse official event chain from official 2026-10-02 anchor,RECONSTRUCTED_OFFICIAL_REVIEW_DELTA_VALIDATED,official_2026_interim_events.csv
NIFTYMICROCAP250,AURIONPRO,2025-09-30,reverse official event chain from official 2026-10-02 anchor,RECONSTRUCTED_OFFICIAL_REVIEW_DELTA_VALIDATED,official_2026_interim_events.csv
NIFTYMICROCAP250,AVALON,2025-09-30,reverse official event chain from official 2026-10-02 anchor,RECONSTRUCTED_OFFICIAL_REVIEW_DELTA_VALIDATED,official_2026_interim_events.csv
NIFTYMICROCAP250,AVANTIFEED,2025-09-30,reverse official event chain from official 2026-10-02 anchor,RECONSTRUCTED_OFFICIAL_REVIEW_DELTA_VALIDATED,official_2026_interim_events.csv
NIFTYMICROCAP250,AWFIS,2025-09-30,reverse official event chain from official 2026-10-02 anchor,RECONSTRUCTED_OFFICIAL_REVIEW_DELTA_VALIDATED,official_2026_interim_events.csv
NIFTYMICROCAP250,AZAD,2025-09-30,reverse official event chain from official 2026-10-02 anchor,RECONSTRUCTED_OFFICIAL_REVIEW_DELTA_VALIDATED,official_2026_interim_events.csv
NIFTYMICROCAP250,BAJAJELEC,2025-09-30,reverse official event chain from official 2026-10-02 anchor,RECONSTRUCTED_OFFICIAL_REVIEW_DELTA_VALIDATED,official_2026_interim_events.csv
NIFTYMICROCAP250,BALAMINES,2025-09-30,reverse official event chain from official 2026-10-02 anchor,RECONSTRUCTED_OFFICIAL_REVIEW_DELTA_VALIDATED,official_2026_interim_events.csv
NIFTYMICROCAP250,BALUFORGE,2025-09-30,reverse official event chain from official 2026-10-02 anchor,RECONSTRUCTED_OFFICIAL_REVIEW_DELTA_VALIDATED,official_2026_interim_events.csv
NIFTYMICROCAP250,BANCOINDIA,2025-09-30,reverse official event chain from official 2026-10-02 anchor,RECONSTRUCTED_OFFICIAL_REVIEW_DELTA_VALIDATED,official_2026_interim_events.csv
NIFTYMICROCAP250,BBL,2025-09-30,reverse official event chain from official 2026-10-02 anchor,RECONSTRUCTED_OFFICIAL_REVIEW_DELTA_VALIDATED,official_2026_interim_events.csv
NIFTYMICROCAP250,BECTORFOOD,2025-09-30,reverse official event chain from official 2026-10-02 anchor,RECONSTRUCTED_OFFICIAL_REVIEW_DELTA_VALIDATED,official_2026_interim_events.csv
NIFTYMICROCAP250,BELRISE,2025-09-30,reverse official event chain from official 2026-10-02 anchor,RECONSTRUCTED_OFFICIAL_REVIEW_DELTA_VALIDATED,official_2026_interim_events.csv
NIFTYMICROCAP250,BIRLACORPN,2025-09-30,reverse official event chain from official 2026-10-02 anchor,RECONSTRUCTED_OFFICIAL_REVIEW_DELTA_VALIDATED,official_2026_interim_events.csv
NIFTYMICROCAP250,BLACKBUCK,2025-09-30,reverse official event chain from official 2026-10-02 anchor,RECONSTRUCTED_OFFICIAL_REVIEW_DELTA_VALIDATED,official_2026_interim_events.csv
NIFTYMICROCAP250,BORORENEW,2025-09-30,reverse official event chain from official 2026-10-02 anchor,RECONSTRUCTED_OFFICIAL_REVIEW_DELTA_VALIDATED,official_2026_interim_events.csv
NIFTYMICROCAP250,BOSCH-HCIL,2025-09-30,reverse official event chain from official 2026-10-02 anchor,RECONSTRUCTED_OFFICIAL_REVIEW_DELTA_VALIDATED,official_2026_interim_events.csv
NIFTYMICROCAP250,CARTRADE,2025-09-30,reverse official event chain from official 2026-10-02 anchor,RECONSTRUCTED_OFFICIAL_REVIEW_DELTA_VALIDATED,official_2026_interim_events.csv
NIFTYMICROCAP250,CCAVENUE,2025-09-30,reverse official event chain from official 2026-10-02 anchor,RECONSTRUCTED_OFFICIAL_REVIEW_DELTA_VALIDATED,official_2026_interim_events.csv
NIFTYMICROCAP250,CEIGALL,2025-09-30,reverse official event chain from official 2026-10-02 anchor,RECONSTRUCTED_OFFICIAL_REVIEW_DELTA_VALIDATED,official_2026_interim_events.csv
NIFTYMICROCAP250,CELLO,2025-09-30,reverse official event chain from official 2026-10-02 anchor,RECONSTRUCTED_OFFICIAL_REVIEW_DELTA_VALIDATED,official_2026_interim_events.csv
NIFTYMICROCAP250,CEMPRO,2025-09-30,reverse official event chain from official 2026-10-02 anchor,RECONSTRUCTED_OFFICIAL_REVIEW_DELTA_VALIDATED,official_2026_interim_events.csv
NIFTYMICROCAP250,CIEINDIA,2025-09-30,reverse official event chain from official 2026-10-02 anchor,RECONSTRUCTED_OFFICIAL_REVIEW_DELTA_VALIDATED,official_2026_interim_events.csv
NIFTYMICROCAP250,CIGNITITEC,2025-09-30,reverse official event chain from official 2026-10-02 anchor,RECONSTRUCTED_OFFICIAL_REVIEW_DELTA_VALIDATED,official_2026_interim_events.csv
NIFTYMICROCAP250,CMSINFO,2025-09-30,reverse official event chain from official 2026-10-02 anchor,RECONSTRUCTED_OFFICIAL_REVIEW_DELTA_VALIDATED,official_2026_interim_events.csv
NIFTYMICROCAP250,CSBBANK,2025-09-30,reverse official event chain from official 2026-10-02 anchor,RECONSTRUCTED_OFFICIAL_REVIEW_DELTA_VALIDATED,official_2026_interim_events.csv
NIFTYMICROCAP250,CYIENTDLM,2025-09-30,reverse official event chain from official 2026-10-02 anchor,RECONSTRUCTED_OFFICIAL_REVIEW_DELTA_VALIDATED,official_2026_interim_events.csv
NIFTYMICROCAP250,DATAMATICS,2025-09-30,reverse official event chain from official 2026-10-02 anchor,RECONSTRUCTED_OFFICIAL_REVIEW_DELTA_VALIDATED,official_2026_interim_events.csv
NIFTYMICROCAP250,DBL,2025-09-30,reverse official event chain from official 2026-10-02 anchor,RECONSTRUCTED_OFFICIAL_REVIEW_DELTA_VALIDATED,official_2026_interim_events.csv
NIFTYMICROCAP250,DCAL,2025-09-30,reverse official event chain from official 2026-10-02 anchor,RECONSTRUCTED_OFFICIAL_REVIEW_DELTA_VALIDATED,official_2026_interim_events.csv
NIFTYMICROCAP250,DCBBANK,2025-09-30,reverse official event chain from official 2026-10-02 anchor,RECONSTRUCTED_OFFICIAL_REVIEW_DELTA_VALIDATED,official_2026_interim_events.csv
NIFTYMICROCAP250,DHANUKA,2025-09-30,reverse official event chain from official 2026-10-02 anchor,RECONSTRUCTED_OFFICIAL_REVIEW_DELTA_VALIDATED,official_2026_interim_events.csv
NIFTYMICROCAP250,DIACABS,2025-09-30,reverse official event chain from official 2026-10-02 anchor,RECONSTRUCTED_OFFICIAL_REVIEW_DELTA_VALIDATED,official_2026_interim_events.csv
NIFTYMICROCAP250,DODLA,2025-09-30,reverse official event chain from official 2026-10-02 anchor,RECONSTRUCTED_OFFICIAL_REVIEW_DELTA_VALIDATED,official_2026_interim_events.csv
NIFTYMICROCAP250,DYNAMATECH,2025-09-30,reverse official event chain from official 2026-10-02 anchor,RECONSTRUCTED_OFFICIAL_REVIEW_DELTA_VALIDATED,official_2026_interim_events.csv
NIFTYMICROCAP250,EASEMYTRIP,2025-09-30,reverse official event chain from official 2026-10-02 anchor,RECONSTRUCTED_OFFICIAL_REVIEW_DELTA_VALIDATED,official_2026_interim_events.csv
NIFTYMICROCAP250,EDELWEISS,2025-09-30,reverse official event chain from official 2026-10-02 anchor,RECONSTRUCTED_OFFICIAL_REVIEW_DELTA_VALIDATED,official_2026_interim_events.csv
NIFTYMICROCAP250,EIEL,2025-09-30,reverse official event chain from official 2026-10-02 anchor,RECONSTRUCTED_OFFICIAL_REVIEW_DELTA_VALIDATED,official_2026_interim_events.csv
NIFTYMICROCAP250,ELECTCAST,2025-09-30,reverse official event chain from official 2026-10-02 anchor,RECONSTRUCTED_OFFICIAL_REVIEW_DELTA_VALIDATED,official_2026_interim_events.csv
NIFTYMICROCAP250,EMBDL,2025-09-30,reverse official event chain from official 2026-10-02 anchor,RECONSTRUCTED_OFFICIAL_REVIEW_DELTA_VALIDATED,official_2026_interim_events.csv
NIFTYMICROCAP250,EMIL,2025-09-30,reverse official event chain from official 2026-10-02 anchor,RECONSTRUCTED_OFFICIAL_REVIEW_DELTA_VALIDATED,official_2026_interim_events.csv
NIFTYMICROCAP250,EMUDHRA,2025-09-30,reverse official event chain from official 2026-10-02 anchor,RECONSTRUCTED_OFFICIAL_REVIEW_DELTA_VALIDATED,official_2026_interim_events.csv
NIFTYMICROCAP250,ENTERO,2025-09-30,reverse official event chain from official 2026-10-02 anchor,RECONSTRUCTED_OFFICIAL_REVIEW_DELTA_VALIDATED,official_2026_interim_events.csv
NIFTYMICROCAP250,EPIGRAL,2025-09-30,reverse official event chain from official 2026-10-02 anchor,RECONSTRUCTED_OFFICIAL_REVIEW_DELTA_VALIDATED,official_2026_interim_events.csv
NIFTYMICROCAP250,EPL,2025-09-30,reverse official event chain from official 2026-10-02 anchor,RECONSTRUCTED_OFFICIAL_REVIEW_DELTA_VALIDATED,official_2026_interim_events.csv
NIFTYMICROCAP250,EQUITASBNK,2025-09-30,reverse official event chain from official 2026-10-02 anchor,RECONSTRUCTED_OFFICIAL_REVIEW_DELTA_VALIDATED,official_2026_interim_events.csv
NIFTYMICROCAP250,ETHOSLTD,2025-09-30,reverse official event chain from official 2026-10-02 anchor,RECONSTRUCTED_OFFICIAL_REVIEW_DELTA_VALIDATED,official_2026_interim_events.csv
NIFTYMICROCAP250,EUREKAFORB,2025-09-30,reverse official event chain from official 2026-10-02 anchor,RECONSTRUCTED_OFFICIAL_REVIEW_DELTA_VALIDATED,official_2026_interim_events.csv
NIFTYMICROCAP250,FDC,2025-09-30,reverse official event chain from official 2026-10-02 anchor,RECONSTRUCTED_OFFICIAL_REVIEW_DELTA_VALIDATED,official_2026_interim_events.csv
NIFTYMICROCAP250,FIEMIND,2025-09-30,reverse official event chain from official 2026-10-02 anchor,RECONSTRUCTED_OFFICIAL_REVIEW_DELTA_VALIDATED,official_2026_interim_events.csv
NIFTYMICROCAP250,FINEORG,2025-09-30,reverse official event chain from official 2026-10-02 anchor,RECONSTRUCTED_OFFICIAL_REVIEW_DELTA_VALIDATED,official_2026_interim_events.csv
NIFTYMICROCAP250,GABRIEL,2025-09-30,reverse official event chain from official 2026-10-02 anchor,RECONSTRUCTED_OFFICIAL_REVIEW_DELTA_VALIDATED,official_2026_interim_events.csv
NIFTYMICROCAP250,GAEL,2025-09-30,reverse official event chain from official 2026-10-02 anchor,RECONSTRUCTED_OFFICIAL_REVIEW_DELTA_VALIDATED,official_2026_interim_events.csv
NIFTYMICROCAP250,GALLANTT,2025-09-30,reverse official event chain from official 2026-10-02 anchor,RECONSTRUCTED_OFFICIAL_REVIEW_DELTA_VALIDATED,official_2026_interim_events.csv
NIFTYMICROCAP250,GANECOS,2025-09-30,reverse official event chain from official 2026-10-02 anchor,RECONSTRUCTED_OFFICIAL_REVIEW_DELTA_VALIDATED,official_2026_interim_events.csv
NIFTYMICROCAP250,GANESHHOU,2025-09-30,reverse official event chain from official 2026-10-02 anchor,RECONSTRUCTED_OFFICIAL_REVIEW_DELTA_VALIDATED,official_2026_interim_events.csv
NIFTYMICROCAP250,GARFIBRES,2025-09-30,reverse official event chain from official 2026-10-02 anchor,RECONSTRUCTED_OFFICIAL_REVIEW_DELTA_VALIDATED,official_2026_interim_events.csv
NIFTYMICROCAP250,GATEWAY,2025-09-30,reverse official event chain from official 2026-10-02 anchor,RECONSTRUCTED_OFFICIAL_REVIEW_DELTA_VALIDATED,official_2026_interim_events.csv
NIFTYMICROCAP250,GHCL,2025-09-30,reverse official event chain from official 2026-10-02 anchor,RECONSTRUCTED_OFFICIAL_REVIEW_DELTA_VALIDATED,official_2026_interim_events.csv
NIFTYMICROCAP250,GMMPFAUDLR,2025-09-30,reverse official event chain from official 2026-10-02 anchor,RECONSTRUCTED_OFFICIAL_REVIEW_DELTA_VALIDATED,official_2026_interim_events.csv
NIFTYMICROCAP250,GMRP&UI,2025-09-30,reverse official event chain from official 2026-10-02 anchor,RECONSTRUCTED_OFFICIAL_REVIEW_DELTA_VALIDATED,official_2026_interim_events.csv
NIFTYMICROCAP250,GNFC,2025-09-30,reverse official event chain from official 2026-10-02 anchor,RECONSTRUCTED_OFFICIAL_REVIEW_DELTA_VALIDATED,official_2026_interim_events.csv
NIFTYMICROCAP250,GOKEX,2025-09-30,reverse official event chain from official 2026-10-02 anchor,RECONSTRUCTED_OFFICIAL_REVIEW_DELTA_VALIDATED,official_2026_interim_events.csv
NIFTYMICROCAP250,GPPL,2025-09-30,reverse official event chain from official 2026-10-02 anchor,RECONSTRUCTED_OFFICIAL_REVIEW_DELTA_VALIDATED,official_2026_interim_events.csv
NIFTYMICROCAP250,GREAVESCOT,2025-09-30,reverse official event chain from official 2026-10-02 anchor,RECONSTRUCTED_OFFICIAL_REVIEW_DELTA_VALIDATED,official_2026_interim_events.csv
NIFTYMICROCAP250,GREENPANEL,2025-09-30,reverse official event chain from official 2026-10-02 anchor,RECONSTRUCTED_OFFICIAL_REVIEW_DELTA_VALIDATED,official_2026_interim_events.csv
NIFTYMICROCAP250,GRINFRA,2025-09-30,reverse official event chain from official 2026-10-02 anchor,RECONSTRUCTED_OFFICIAL_REVIEW_DELTA_VALIDATED,official_2026_interim_events.csv
NIFTYMICROCAP250,GRWRHITECH,2025-09-30,reverse official event chain from official 2026-10-02 anchor,RECONSTRUCTED_OFFICIAL_REVIEW_DELTA_VALIDATED,official_2026_interim_events.csv
NIFTYMICROCAP250,GSFC,2025-09-30,reverse official event chain from official 2026-10-02 anchor,RECONSTRUCTED_OFFICIAL_REVIEW_DELTA_VALIDATED,official_2026_interim_events.csv
NIFTYMICROCAP250,GULFOILLUB,2025-09-30,reverse official event chain from official 2026-10-02 anchor,RECONSTRUCTED_OFFICIAL_REVIEW_DELTA_VALIDATED,official_2026_interim_events.csv
NIFTYMICROCAP250,HCC,2025-09-30,reverse official event chain from official 2026-10-02 anchor,RECONSTRUCTED_OFFICIAL_REVIEW_DELTA_VALIDATED,official_2026_interim_events.csv
NIFTYMICROCAP250,HCG,2025-09-30,reverse official event chain from official 2026-10-02 anchor,RECONSTRUCTED_OFFICIAL_REVIEW_DELTA_VALIDATED,official_2026_interim_events.csv
NIFTYMICROCAP250,HEMIPROP,2025-09-30,reverse official event chain from official 2026-10-02 anchor,RECONSTRUCTED_OFFICIAL_REVIEW_DELTA_VALIDATED,official_2026_interim_events.csv
NIFTYMICROCAP250,HERITGFOOD,2025-09-30,reverse official event chain from official 2026-10-02 anchor,RECONSTRUCTED_OFFICIAL_REVIEW_DELTA_VALIDATED,official_2026_interim_events.csv
NIFTYMICROCAP250,HGINFRA,2025-09-30,reverse official event chain from official 2026-10-02 anchor,RECONSTRUCTED_OFFICIAL_REVIEW_DELTA_VALIDATED,official_2026_interim_events.csv
NIFTYMICROCAP250,HIKAL,2025-09-30,reverse official event chain from official 2026-10-02 anchor,RECONSTRUCTED_OFFICIAL_REVIEW_DELTA_VALIDATED,official_2026_interim_events.csv
NIFTYMICROCAP250,ICIL,2025-09-30,reverse official event chain from official 2026-10-02 anchor,RECONSTRUCTED_OFFICIAL_REVIEW_DELTA_VALIDATED,official_2026_interim_events.csv
NIFTYMICROCAP250,IFBIND,2025-09-30,reverse official event chain from official 2026-10-02 anchor,RECONSTRUCTED_OFFICIAL_REVIEW_DELTA_VALIDATED,official_2026_interim_events.csv
NIFTYMICROCAP250,IIFLCAPS,2025-09-30,reverse official event chain from official 2026-10-02 anchor,RECONSTRUCTED_OFFICIAL_REVIEW_DELTA_VALIDATED,official_2026_interim_events.csv
NIFTYMICROCAP250,IMAGICAA,2025-09-30,reverse official event chain from official 2026-10-02 anchor,RECONSTRUCTED_OFFICIAL_REVIEW_DELTA_VALIDATED,official_2026_interim_events.csv
NIFTYMICROCAP250,IMFA,2025-09-30,reverse official event chain from official 2026-10-02 anchor,RECONSTRUCTED_OFFICIAL_REVIEW_DELTA_VALIDATED,official_2026_interim_events.csv
NIFTYMICROCAP250,INDIAGLYCO,2025-09-30,reverse official event chain from official 2026-10-02 anchor,RECONSTRUCTED_OFFICIAL_REVIEW_DELTA_VALIDATED,official_2026_interim_events.csv
NIFTYMICROCAP250,INDIASHLTR,2025-09-30,reverse official event chain from official 2026-10-02 anchor,RECONSTRUCTED_OFFICIAL_REVIEW_DELTA_VALIDATED,official_2026_interim_events.csv
NIFTYMICROCAP250,INDIGOPNTS,2025-09-30,reverse official event chain from official 2026-10-02 anchor,RECONSTRUCTED_OFFICIAL_REVIEW_DELTA_VALIDATED,official_2026_interim_events.csv
NIFTYMICROCAP250,INGERRAND,2025-09-30,reverse official event chain from official 2026-10-02 anchor,RECONSTRUCTED_OFFICIAL_REVIEW_DELTA_VALIDATED,official_2026_interim_events.csv
NIFTYMICROCAP250,INNOVACAP,2025-09-30,reverse official event chain from official 2026-10-02 anchor,RECONSTRUCTED_OFFICIAL_REVIEW_DELTA_VALIDATED,official_2026_interim_events.csv
NIFTYMICROCAP250,INOXGREEN,2025-09-30,reverse official event chain from official 2026-10-02 anchor,RECONSTRUCTED_OFFICIAL_REVIEW_DELTA_VALIDATED,official_2026_interim_events.csv
NIFTYMICROCAP250,IONEXCHANG,2025-09-30,reverse official event chain from official 2026-10-02 anchor,RECONSTRUCTED_OFFICIAL_REVIEW_DELTA_VALIDATED,official_2026_interim_events.csv
NIFTYMICROCAP250,ISGEC,2025-09-30,reverse official event chain from official 2026-10-02 anchor,RECONSTRUCTED_OFFICIAL_REVIEW_DELTA_VALIDATED,official_2026_interim_events.csv
NIFTYMICROCAP250,IXIGO,2025-09-30,reverse official event chain from official 2026-10-02 anchor,RECONSTRUCTED_OFFICIAL_REVIEW_DELTA_VALIDATED,official_2026_interim_events.csv
NIFTYMICROCAP250,JAIBALAJI,2025-09-30,reverse official event chain from official 2026-10-02 anchor,RECONSTRUCTED_OFFICIAL_REVIEW_DELTA_VALIDATED,official_2026_interim_events.csv
NIFTYMICROCAP250,JAMNAAUTO,2025-09-30,reverse official event chain from official 2026-10-02 anchor,RECONSTRUCTED_OFFICIAL_REVIEW_DELTA_VALIDATED,official_2026_interim_events.csv
NIFTYMICROCAP250,JINDWORLD,2025-09-30,reverse official event chain from official 2026-10-02 anchor,RECONSTRUCTED_OFFICIAL_REVIEW_DELTA_VALIDATED,official_2026_interim_events.csv
NIFTYMICROCAP250,JISLJALEQS,2025-09-30,reverse official event chain from official 2026-10-02 anchor,RECONSTRUCTED_OFFICIAL_REVIEW_DELTA_VALIDATED,official_2026_interim_events.csv
NIFTYMICROCAP250,JKIL,2025-09-30,reverse official event chain from official 2026-10-02 anchor,RECONSTRUCTED_OFFICIAL_REVIEW_DELTA_VALIDATED,official_2026_interim_events.csv
NIFTYMICROCAP250,JKLAKSHMI,2025-09-30,reverse official event chain from official 2026-10-02 anchor,RECONSTRUCTED_OFFICIAL_REVIEW_DELTA_VALIDATED,official_2026_interim_events.csv
NIFTYMICROCAP250,JKPAPER,2025-09-30,reverse official event chain from official 2026-10-02 anchor,RECONSTRUCTED_OFFICIAL_REVIEW_DELTA_VALIDATED,official_2026_interim_events.csv
NIFTYMICROCAP250,JSFB,2025-09-30,reverse official event chain from official 2026-10-02 anchor,RECONSTRUCTED_OFFICIAL_REVIEW_DELTA_VALIDATED,official_2026_interim_events.csv
NIFTYMICROCAP250,JUSTDIAL,2025-09-30,reverse official event chain from official 2026-10-02 anchor,RECONSTRUCTED_OFFICIAL_REVIEW_DELTA_VALIDATED,official_2026_interim_events.csv
NIFTYMICROCAP250,KANSAINER,2025-09-30,reverse official event chain from official 2026-10-02 anchor,RECONSTRUCTED_OFFICIAL_REVIEW_DELTA_VALIDATED,official_2026_interim_events.csv
NIFTYMICROCAP250,KIRLPNU,2025-09-30,reverse official event chain from official 2026-10-02 anchor,RECONSTRUCTED_OFFICIAL_REVIEW_DELTA_VALIDATED,official_2026_interim_events.csv
NIFTYMICROCAP250,KITEX,2025-09-30,reverse official event chain from official 2026-10-02 anchor,RECONSTRUCTED_OFFICIAL_REVIEW_DELTA_VALIDATED,official_2026_interim_events.csv
NIFTYMICROCAP250,KNRCON,2025-09-30,reverse official event chain from official 2026-10-02 anchor,RECONSTRUCTED_OFFICIAL_REVIEW_DELTA_VALIDATED,official_2026_interim_events.csv
NIFTYMICROCAP250,KPIGREEN,2025-09-30,reverse official event chain from official 2026-10-02 anchor,RECONSTRUCTED_OFFICIAL_REVIEW_DELTA_VALIDATED,official_2026_interim_events.csv
NIFTYMICROCAP250,KRBL,2025-09-30,reverse official event chain from official 2026-10-02 anchor,RECONSTRUCTED_OFFICIAL_REVIEW_DELTA_VALIDATED,official_2026_interim_events.csv
NIFTYMICROCAP250,KRN,2025-09-30,reverse official event chain from official 2026-10-02 anchor,RECONSTRUCTED_OFFICIAL_REVIEW_DELTA_VALIDATED,official_2026_interim_events.csv
NIFTYMICROCAP250,KSCL,2025-09-30,reverse official event chain from official 2026-10-02 anchor,RECONSTRUCTED_OFFICIAL_REVIEW_DELTA_VALIDATED,official_2026_interim_events.csv
NIFTYMICROCAP250,KSL,2025-09-30,reverse official event chain from official 2026-10-02 anchor,RECONSTRUCTED_OFFICIAL_REVIEW_DELTA_VALIDATED,official_2026_interim_events.csv
NIFTYMICROCAP250,KTKBANK,2025-09-30,reverse official event chain from official 2026-10-02 anchor,RECONSTRUCTED_OFFICIAL_REVIEW_DELTA_VALIDATED,official_2026_interim_events.csv
NIFTYMICROCAP250,LLOYDSENGG,2025-09-30,reverse official event chain from official 2026-10-02 anchor,RECONSTRUCTED_OFFICIAL_REVIEW_DELTA_VALIDATED,official_2026_interim_events.csv
NIFTYMICROCAP250,LLOYDSENT,2025-09-30,reverse official event chain from official 2026-10-02 anchor,RECONSTRUCTED_OFFICIAL_REVIEW_DELTA_VALIDATED,official_2026_interim_events.csv
NIFTYMICROCAP250,LMW,2025-09-30,reverse official event chain from official 2026-10-02 anchor,RECONSTRUCTED_OFFICIAL_REVIEW_DELTA_VALIDATED,official_2026_interim_events.csv
NIFTYMICROCAP250,LUMAXTECH,2025-09-30,reverse official event chain from official 2026-10-02 anchor,RECONSTRUCTED_OFFICIAL_REVIEW_DELTA_VALIDATED,official_2026_interim_events.csv
NIFTYMICROCAP250,LUXIND,2025-09-30,reverse official event chain from official 2026-10-02 anchor,RECONSTRUCTED_OFFICIAL_REVIEW_DELTA_VALIDATED,official_2026_interim_events.csv
NIFTYMICROCAP250,LXCHEM,2025-09-30,reverse official event chain from official 2026-10-02 anchor,RECONSTRUCTED_OFFICIAL_REVIEW_DELTA_VALIDATED,official_2026_interim_events.csv
NIFTYMICROCAP250,MAHLIFE,2025-09-30,reverse official event chain from official 2026-10-02 anchor,RECONSTRUCTED_OFFICIAL_REVIEW_DELTA_VALIDATED,official_2026_interim_events.csv
NIFTYMICROCAP250,MANINFRA,2025-09-30,reverse official event chain from official 2026-10-02 anchor,RECONSTRUCTED_OFFICIAL_REVIEW_DELTA_VALIDATED,official_2026_interim_events.csv
NIFTYMICROCAP250,MANORAMA,2025-09-30,reverse official event chain from official 2026-10-02 anchor,RECONSTRUCTED_OFFICIAL_REVIEW_DELTA_VALIDATED,official_2026_interim_events.csv
NIFTYMICROCAP250,MARKSANS,2025-09-30,reverse official event chain from official 2026-10-02 anchor,RECONSTRUCTED_OFFICIAL_REVIEW_DELTA_VALIDATED,official_2026_interim_events.csv
NIFTYMICROCAP250,MASTEK,2025-09-30,reverse official event chain from official 2026-10-02 anchor,RECONSTRUCTED_OFFICIAL_REVIEW_DELTA_VALIDATED,official_2026_interim_events.csv
NIFTYMICROCAP250,MAXESTATES,2025-09-30,reverse official event chain from official 2026-10-02 anchor,RECONSTRUCTED_OFFICIAL_REVIEW_DELTA_VALIDATED,official_2026_interim_events.csv
NIFTYMICROCAP250,MEDPLUS,2025-09-30,reverse official event chain from official 2026-10-02 anchor,RECONSTRUCTED_OFFICIAL_REVIEW_DELTA_VALIDATED,official_2026_interim_events.csv
NIFTYMICROCAP250,MIDHANI,2025-09-30,reverse official event chain from official 2026-10-02 anchor,RECONSTRUCTED_OFFICIAL_REVIEW_DELTA_VALIDATED,official_2026_interim_events.csv
NIFTYMICROCAP250,MOIL,2025-09-30,reverse official event chain from official 2026-10-02 anchor,RECONSTRUCTED_OFFICIAL_REVIEW_DELTA_VALIDATED,official_2026_interim_events.csv
NIFTYMICROCAP250,MSTCLTD,2025-09-30,reverse official event chain from official 2026-10-02 anchor,RECONSTRUCTED_OFFICIAL_REVIEW_DELTA_VALIDATED,official_2026_interim_events.csv
NIFTYMICROCAP250,MTARTECH,2025-09-30,reverse official event chain from official 2026-10-02 anchor,RECONSTRUCTED_OFFICIAL_REVIEW_DELTA_VALIDATED,official_2026_interim_events.csv
NIFTYMICROCAP250,NAZARA,2025-09-30,reverse official event chain from official 2026-10-02 anchor,RECONSTRUCTED_OFFICIAL_REVIEW_DELTA_VALIDATED,official_2026_interim_events.csv
NIFTYMICROCAP250,NEOGEN,2025-09-30,reverse official event chain from official 2026-10-02 anchor,RECONSTRUCTED_OFFICIAL_REVIEW_DELTA_VALIDATED,official_2026_interim_events.csv
NIFTYMICROCAP250,NESCO,2025-09-30,reverse official event chain from official 2026-10-02 anchor,RECONSTRUCTED_OFFICIAL_REVIEW_DELTA_VALIDATED,official_2026_interim_events.csv
NIFTYMICROCAP250,NETWORK18,2025-09-30,reverse official event chain from official 2026-10-02 anchor,RECONSTRUCTED_OFFICIAL_REVIEW_DELTA_VALIDATED,official_2026_interim_events.csv
NIFTYMICROCAP250,NFL,2025-09-30,reverse official event chain from official 2026-10-02 anchor,RECONSTRUCTED_OFFICIAL_REVIEW_DELTA_VALIDATED,official_2026_interim_events.csv
NIFTYMICROCAP250,OPTIEMUS,2025-09-30,reverse official event chain from official 2026-10-02 anchor,RECONSTRUCTED_OFFICIAL_REVIEW_DELTA_VALIDATED,official_2026_interim_events.csv
NIFTYMICROCAP250,ORCHPHARMA,2025-09-30,reverse official event chain from official 2026-10-02 anchor,RECONSTRUCTED_OFFICIAL_REVIEW_DELTA_VALIDATED,official_2026_interim_events.csv
NIFTYMICROCAP250,ORIENTCEM,2025-09-30,reverse official event chain from official 2026-10-02 anchor,RECONSTRUCTED_OFFICIAL_REVIEW_DELTA_VALIDATED,official_2026_interim_events.csv
NIFTYMICROCAP250,OSWALPUMPS,2025-09-30,reverse official event chain from official 2026-10-02 anchor,RECONSTRUCTED_OFFICIAL_REVIEW_DELTA_VALIDATED,official_2026_interim_events.csv
NIFTYMICROCAP250,PARADEEP,2025-09-30,reverse official event chain from official 2026-10-02 anchor,RECONSTRUCTED_OFFICIAL_REVIEW_DELTA_VALIDATED,official_2026_interim_events.csv
NIFTYMICROCAP250,PARAS,2025-09-30,reverse official event chain from official 2026-10-02 anchor,RECONSTRUCTED_OFFICIAL_REVIEW_DELTA_VALIDATED,official_2026_interim_events.csv
NIFTYMICROCAP250,PARKHOTELS,2025-09-30,reverse official event chain from official 2026-10-02 anchor,RECONSTRUCTED_OFFICIAL_REVIEW_DELTA_VALIDATED,official_2026_interim_events.csv
NIFTYMICROCAP250,PATELENG,2025-09-30,reverse official event chain from official 2026-10-02 anchor,RECONSTRUCTED_OFFICIAL_REVIEW_DELTA_VALIDATED,official_2026_interim_events.csv
NIFTYMICROCAP250,PCJEWELLER,2025-09-30,reverse official event chain from official 2026-10-02 anchor,RECONSTRUCTED_OFFICIAL_REVIEW_DELTA_VALIDATED,official_2026_interim_events.csv
NIFTYMICROCAP250,PGIL,2025-09-30,reverse official event chain from official 2026-10-02 anchor,RECONSTRUCTED_OFFICIAL_REVIEW_DELTA_VALIDATED,official_2026_interim_events.csv
NIFTYMICROCAP250,PNCINFRA,2025-09-30,reverse official event chain from official 2026-10-02 anchor,RECONSTRUCTED_OFFICIAL_REVIEW_DELTA_VALIDATED,official_2026_interim_events.csv
NIFTYMICROCAP250,PNGJL,2025-09-30,reverse official event chain from official 2026-10-02 anchor,RECONSTRUCTED_OFFICIAL_REVIEW_DELTA_VALIDATED,official_2026_interim_events.csv
NIFTYMICROCAP250,POLYPLEX,2025-09-30,reverse official event chain from official 2026-10-02 anchor,RECONSTRUCTED_OFFICIAL_REVIEW_DELTA_VALIDATED,official_2026_interim_events.csv
NIFTYMICROCAP250,POWERMECH,2025-09-30,reverse official event chain from official 2026-10-02 anchor,RECONSTRUCTED_OFFICIAL_REVIEW_DELTA_VALIDATED,official_2026_interim_events.csv
NIFTYMICROCAP250,PRICOLLTD,2025-09-30,reverse official event chain from official 2026-10-02 anchor,RECONSTRUCTED_OFFICIAL_REVIEW_DELTA_VALIDATED,official_2026_interim_events.csv
NIFTYMICROCAP250,PRINCEPIPE,2025-09-30,reverse official event chain from official 2026-10-02 anchor,RECONSTRUCTED_OFFICIAL_REVIEW_DELTA_VALIDATED,official_2026_interim_events.csv
NIFTYMICROCAP250,PRIVISCL,2025-09-30,reverse official event chain from official 2026-10-02 anchor,RECONSTRUCTED_OFFICIAL_REVIEW_DELTA_VALIDATED,official_2026_interim_events.csv
NIFTYMICROCAP250,PRSMJOHNSN,2025-09-30,reverse official event chain from official 2026-10-02 anchor,RECONSTRUCTED_OFFICIAL_REVIEW_DELTA_VALIDATED,official_2026_interim_events.csv
NIFTYMICROCAP250,PRUDENT,2025-09-30,reverse official event chain from official 2026-10-02 anchor,RECONSTRUCTED_OFFICIAL_REVIEW_DELTA_VALIDATED,official_2026_interim_events.csv
NIFTYMICROCAP250,PTC,2025-09-30,reverse official event chain from official 2026-10-02 anchor,RECONSTRUCTED_OFFICIAL_REVIEW_DELTA_VALIDATED,official_2026_interim_events.csv
NIFTYMICROCAP250,PURVA,2025-09-30,reverse official event chain from official 2026-10-02 anchor,RECONSTRUCTED_OFFICIAL_REVIEW_DELTA_VALIDATED,official_2026_interim_events.csv
NIFTYMICROCAP250,QUESS,2025-09-30,reverse official event chain from official 2026-10-02 anchor,RECONSTRUCTED_OFFICIAL_REVIEW_DELTA_VALIDATED,official_2026_interim_events.csv
NIFTYMICROCAP250,RAIN,2025-09-30,reverse official event chain from official 2026-10-02 anchor,RECONSTRUCTED_OFFICIAL_REVIEW_DELTA_VALIDATED,official_2026_interim_events.csv
NIFTYMICROCAP250,RALLIS,2025-09-30,reverse official event chain from official 2026-10-02 anchor,RECONSTRUCTED_OFFICIAL_REVIEW_DELTA_VALIDATED,official_2026_interim_events.csv
NIFTYMICROCAP250,RATEGAIN,2025-09-30,reverse official event chain from official 2026-10-02 anchor,RECONSTRUCTED_OFFICIAL_REVIEW_DELTA_VALIDATED,official_2026_interim_events.csv
NIFTYMICROCAP250,RATNAMANI,2025-09-30,reverse official event chain from official 2026-10-02 anchor,RECONSTRUCTED_OFFICIAL_REVIEW_DELTA_VALIDATED,official_2026_interim_events.csv
NIFTYMICROCAP250,RAYMONDLSL,2025-09-30,reverse official event chain from official 2026-10-02 anchor,RECONSTRUCTED_OFFICIAL_REVIEW_DELTA_VALIDATED,official_2026_interim_events.csv
NIFTYMICROCAP250,RBA,2025-09-30,reverse official event chain from official 2026-10-02 anchor,RECONSTRUCTED_OFFICIAL_REVIEW_DELTA_VALIDATED,official_2026_interim_events.csv
NIFTYMICROCAP250,REFEX,2025-09-30,reverse official event chain from official 2026-10-02 anchor,RECONSTRUCTED_OFFICIAL_REVIEW_DELTA_VALIDATED,official_2026_interim_events.csv
NIFTYMICROCAP250,RELAXO,2025-09-30,reverse official event chain from official 2026-10-02 anchor,RECONSTRUCTED_OFFICIAL_REVIEW_DELTA_VALIDATED,official_2026_interim_events.csv
NIFTYMICROCAP250,RELIGARE,2025-09-30,reverse official event chain from official 2026-10-02 anchor,RECONSTRUCTED_OFFICIAL_REVIEW_DELTA_VALIDATED,official_2026_interim_events.csv
NIFTYMICROCAP250,RENUKA,2025-09-30,reverse official event chain from official 2026-10-02 anchor,RECONSTRUCTED_OFFICIAL_REVIEW_DELTA_VALIDATED,official_2026_interim_events.csv
NIFTYMICROCAP250,ROUTE,2025-09-30,reverse official event chain from official 2026-10-02 anchor,RECONSTRUCTED_OFFICIAL_REVIEW_DELTA_VALIDATED,official_2026_interim_events.csv
NIFTYMICROCAP250,RTNINDIA,2025-09-30,reverse official event chain from official 2026-10-02 anchor,RECONSTRUCTED_OFFICIAL_REVIEW_DELTA_VALIDATED,official_2026_interim_events.csv
NIFTYMICROCAP250,RTNPOWER,2025-09-30,reverse official event chain from official 2026-10-02 anchor,RECONSTRUCTED_OFFICIAL_REVIEW_DELTA_VALIDATED,official_2026_interim_events.csv
NIFTYMICROCAP250,SAFARI,2025-09-30,reverse official event chain from official 2026-10-02 anchor,RECONSTRUCTED_OFFICIAL_REVIEW_DELTA_VALIDATED,official_2026_interim_events.csv
NIFTYMICROCAP250,SAMHI,2025-09-30,reverse official event chain from official 2026-10-02 anchor,RECONSTRUCTED_OFFICIAL_REVIEW_DELTA_VALIDATED,official_2026_interim_events.csv
NIFTYMICROCAP250,SANDUMA,2025-09-30,reverse official event chain from official 2026-10-02 anchor,RECONSTRUCTED_OFFICIAL_REVIEW_DELTA_VALIDATED,official_2026_interim_events.csv
NIFTYMICROCAP250,SANOFI,2025-09-30,reverse official event chain from official 2026-10-02 anchor,RECONSTRUCTED_OFFICIAL_REVIEW_DELTA_VALIDATED,official_2026_interim_events.csv
NIFTYMICROCAP250,SANOFICONR,2025-09-30,reverse official event chain from official 2026-10-02 anchor,RECONSTRUCTED_OFFICIAL_REVIEW_DELTA_VALIDATED,official_2026_interim_events.csv
NIFTYMICROCAP250,SANSERA,2025-09-30,reverse official event chain from official 2026-10-02 anchor,RECONSTRUCTED_OFFICIAL_REVIEW_DELTA_VALIDATED,official_2026_interim_events.csv
NIFTYMICROCAP250,SENCO,2025-09-30,reverse official event chain from official 2026-10-02 anchor,RECONSTRUCTED_OFFICIAL_REVIEW_DELTA_VALIDATED,official_2026_interim_events.csv
NIFTYMICROCAP250,SFL,2025-09-30,reverse official event chain from official 2026-10-02 anchor,RECONSTRUCTED_OFFICIAL_REVIEW_DELTA_VALIDATED,official_2026_interim_events.csv
NIFTYMICROCAP250,SHAILY,2025-09-30,reverse official event chain from official 2026-10-02 anchor,RECONSTRUCTED_OFFICIAL_REVIEW_DELTA_VALIDATED,official_2026_interim_events.csv
NIFTYMICROCAP250,SHAKTIPUMP,2025-09-30,reverse official event chain from official 2026-10-02 anchor,RECONSTRUCTED_OFFICIAL_REVIEW_DELTA_VALIDATED,official_2026_interim_events.csv
NIFTYMICROCAP250,SHARDACROP,2025-09-30,reverse official event chain from official 2026-10-02 anchor,RECONSTRUCTED_OFFICIAL_REVIEW_DELTA_VALIDATED,official_2026_interim_events.csv
NIFTYMICROCAP250,SHARDAMOTR,2025-09-30,reverse official event chain from official 2026-10-02 anchor,RECONSTRUCTED_OFFICIAL_REVIEW_DELTA_VALIDATED,official_2026_interim_events.csv
NIFTYMICROCAP250,SHAREINDIA,2025-09-30,reverse official event chain from official 2026-10-02 anchor,RECONSTRUCTED_OFFICIAL_REVIEW_DELTA_VALIDATED,official_2026_interim_events.csv
NIFTYMICROCAP250,SHILPAMED,2025-09-30,reverse official event chain from official 2026-10-02 anchor,RECONSTRUCTED_OFFICIAL_REVIEW_DELTA_VALIDATED,official_2026_interim_events.csv
NIFTYMICROCAP250,SHRIPISTON,2025-09-30,reverse official event chain from official 2026-10-02 anchor,RECONSTRUCTED_OFFICIAL_REVIEW_DELTA_VALIDATED,official_2026_interim_events.csv
NIFTYMICROCAP250,SKIPPER,2025-09-30,reverse official event chain from official 2026-10-02 anchor,RECONSTRUCTED_OFFICIAL_REVIEW_DELTA_VALIDATED,official_2026_interim_events.csv
NIFTYMICROCAP250,SKYGOLD,2025-09-30,reverse official event chain from official 2026-10-02 anchor,RECONSTRUCTED_OFFICIAL_REVIEW_DELTA_VALIDATED,official_2026_interim_events.csv
NIFTYMICROCAP250,SOUTHBANK,2025-09-30,reverse official event chain from official 2026-10-02 anchor,RECONSTRUCTED_OFFICIAL_REVIEW_DELTA_VALIDATED,official_2026_interim_events.csv
NIFTYMICROCAP250,SPARC,2025-09-30,reverse official event chain from official 2026-10-02 anchor,RECONSTRUCTED_OFFICIAL_REVIEW_DELTA_VALIDATED,official_2026_interim_events.csv
NIFTYMICROCAP250,STAR,2025-09-30,reverse official event chain from official 2026-10-02 anchor,RECONSTRUCTED_OFFICIAL_REVIEW_DELTA_VALIDATED,official_2026_interim_events.csv
NIFTYMICROCAP250,STARCEMENT,2025-09-30,reverse official event chain from official 2026-10-02 anchor,RECONSTRUCTED_OFFICIAL_REVIEW_DELTA_VALIDATED,official_2026_interim_events.csv
NIFTYMICROCAP250,STLTECH,2025-09-30,reverse official event chain from official 2026-10-02 anchor,RECONSTRUCTED_OFFICIAL_REVIEW_DELTA_VALIDATED,official_2026_interim_events.csv
NIFTYMICROCAP250,STYRENIX,2025-09-30,reverse official event chain from official 2026-10-02 anchor,RECONSTRUCTED_OFFICIAL_REVIEW_DELTA_VALIDATED,official_2026_interim_events.csv
NIFTYMICROCAP250,SUBROS,2025-09-30,reverse official event chain from official 2026-10-02 anchor,RECONSTRUCTED_OFFICIAL_REVIEW_DELTA_VALIDATED,official_2026_interim_events.csv
NIFTYMICROCAP250,SUDARSCHEM,2025-09-30,reverse official event chain from official 2026-10-02 anchor,RECONSTRUCTED_OFFICIAL_REVIEW_DELTA_VALIDATED,official_2026_interim_events.csv
NIFTYMICROCAP250,SUNDARMHLD,2025-09-30,reverse official event chain from official 2026-10-02 anchor,RECONSTRUCTED_OFFICIAL_REVIEW_DELTA_VALIDATED,official_2026_interim_events.csv
NIFTYMICROCAP250,SUNFLAG,2025-09-30,reverse official event chain from official 2026-10-02 anchor,RECONSTRUCTED_OFFICIAL_REVIEW_DELTA_VALIDATED,official_2026_interim_events.csv
NIFTYMICROCAP250,SUNTECK,2025-09-30,reverse official event chain from official 2026-10-02 anchor,RECONSTRUCTED_OFFICIAL_REVIEW_DELTA_VALIDATED,official_2026_interim_events.csv
NIFTYMICROCAP250,SUPRIYA,2025-09-30,reverse official event chain from official 2026-10-02 anchor,RECONSTRUCTED_OFFICIAL_REVIEW_DELTA_VALIDATED,official_2026_interim_events.csv
NIFTYMICROCAP250,SURYAROSNI,2025-09-30,reverse official event chain from official 2026-10-02 anchor,RECONSTRUCTED_OFFICIAL_REVIEW_DELTA_VALIDATED,official_2026_interim_events.csv
NIFTYMICROCAP250,SWSOLAR,2025-09-30,reverse official event chain from official 2026-10-02 anchor,RECONSTRUCTED_OFFICIAL_REVIEW_DELTA_VALIDATED,official_2026_interim_events.csv
NIFTYMICROCAP250,SYMPHONY,2025-09-30,reverse official event chain from official 2026-10-02 anchor,RECONSTRUCTED_OFFICIAL_REVIEW_DELTA_VALIDATED,official_2026_interim_events.csv
NIFTYMICROCAP250,TANLA,2025-09-30,reverse official event chain from official 2026-10-02 anchor,RECONSTRUCTED_OFFICIAL_REVIEW_DELTA_VALIDATED,official_2026_interim_events.csv
NIFTYMICROCAP250,TARC,2025-09-30,reverse official event chain from official 2026-10-02 anchor,RECONSTRUCTED_OFFICIAL_REVIEW_DELTA_VALIDATED,official_2026_interim_events.csv
NIFTYMICROCAP250,TDPOWERSYS,2025-09-30,reverse official event chain from official 2026-10-02 anchor,RECONSTRUCTED_OFFICIAL_REVIEW_DELTA_VALIDATED,official_2026_interim_events.csv
NIFTYMICROCAP250,TEAMLEASE,2025-09-30,reverse official event chain from official 2026-10-02 anchor,RECONSTRUCTED_OFFICIAL_REVIEW_DELTA_VALIDATED,official_2026_interim_events.csv
NIFTYMICROCAP250,TEGA,2025-09-30,reverse official event chain from official 2026-10-02 anchor,RECONSTRUCTED_OFFICIAL_REVIEW_DELTA_VALIDATED,official_2026_interim_events.csv
NIFTYMICROCAP250,TEXRAIL,2025-09-30,reverse official event chain from official 2026-10-02 anchor,RECONSTRUCTED_OFFICIAL_REVIEW_DELTA_VALIDATED,official_2026_interim_events.csv
NIFTYMICROCAP250,THANGAMAYL,2025-09-30,reverse official event chain from official 2026-10-02 anchor,RECONSTRUCTED_OFFICIAL_REVIEW_DELTA_VALIDATED,official_2026_interim_events.csv
NIFTYMICROCAP250,THOMASCOOK,2025-09-30,reverse official event chain from official 2026-10-02 anchor,RECONSTRUCTED_OFFICIAL_REVIEW_DELTA_VALIDATED,official_2026_interim_events.csv
NIFTYMICROCAP250,THYROCARE,2025-09-30,reverse official event chain from official 2026-10-02 anchor,RECONSTRUCTED_OFFICIAL_REVIEW_DELTA_VALIDATED,official_2026_interim_events.csv
NIFTYMICROCAP250,TI,2025-09-30,reverse official event chain from official 2026-10-02 anchor,RECONSTRUCTED_OFFICIAL_REVIEW_DELTA_VALIDATED,official_2026_interim_events.csv
NIFTYMICROCAP250,TIMETECHNO,2025-09-30,reverse official event chain from official 2026-10-02 anchor,RECONSTRUCTED_OFFICIAL_REVIEW_DELTA_VALIDATED,official_2026_interim_events.csv
NIFTYMICROCAP250,TIPSMUSIC,2025-09-30,reverse official event chain from official 2026-10-02 anchor,RECONSTRUCTED_OFFICIAL_REVIEW_DELTA_VALIDATED,official_2026_interim_events.csv
NIFTYMICROCAP250,TRANSRAILL,2025-09-30,reverse official event chain from official 2026-10-02 anchor,RECONSTRUCTED_OFFICIAL_REVIEW_DELTA_VALIDATED,official_2026_interim_events.csv
NIFTYMICROCAP250,TVSSCS,2025-09-30,reverse official event chain from official 2026-10-02 anchor,RECONSTRUCTED_OFFICIAL_REVIEW_DELTA_VALIDATED,official_2026_interim_events.csv
NIFTYMICROCAP250,UJJIVANSFB,2025-09-30,reverse official event chain from official 2026-10-02 anchor,RECONSTRUCTED_OFFICIAL_REVIEW_DELTA_VALIDATED,official_2026_interim_events.csv
NIFTYMICROCAP250,UNIMECH,2025-09-30,reverse official event chain from official 2026-10-02 anchor,RECONSTRUCTED_OFFICIAL_REVIEW_DELTA_VALIDATED,official_2026_interim_events.csv
NIFTYMICROCAP250,V2RETAIL,2025-09-30,reverse official event chain from official 2026-10-02 anchor,RECONSTRUCTED_OFFICIAL_REVIEW_DELTA_VALIDATED,official_2026_interim_events.csv
NIFTYMICROCAP250,VAIBHAVGBL,2025-09-30,reverse official event chain from official 2026-10-02 anchor,RECONSTRUCTED_OFFICIAL_REVIEW_DELTA_VALIDATED,official_2026_interim_events.csv
NIFTYMICROCAP250,VARROC,2025-09-30,reverse official event chain from official 2026-10-02 anchor,RECONSTRUCTED_OFFICIAL_REVIEW_DELTA_VALIDATED,official_2026_interim_events.csv
NIFTYMICROCAP250,VESUVIUS,2025-09-30,reverse official event chain from official 2026-10-02 anchor,RECONSTRUCTED_OFFICIAL_REVIEW_DELTA_VALIDATED,official_2026_interim_events.csv
NIFTYMICROCAP250,VINATIORGA,2025-09-30,reverse official event chain from official 2026-10-02 anchor,RECONSTRUCTED_OFFICIAL_REVIEW_DELTA_VALIDATED,official_2026_interim_events.csv
NIFTYMICROCAP250,VIPIND,2025-09-30,reverse official event chain from official 2026-10-02 anchor,RECONSTRUCTED_OFFICIAL_REVIEW_DELTA_VALIDATED,official_2026_interim_events.csv
NIFTYMICROCAP250,VIYASH,2025-09-30,reverse official event chain from official 2026-10-02 anchor,RECONSTRUCTED_OFFICIAL_REVIEW_DELTA_VALIDATED,official_2026_interim_events.csv
NIFTYMICROCAP250,VMART,2025-09-30,reverse official event chain from official 2026-10-02 anchor,RECONSTRUCTED_OFFICIAL_REVIEW_DELTA_VALIDATED,official_2026_interim_events.csv
NIFTYMICROCAP250,VOLTAMP,2025-09-30,reverse official event chain from official 2026-10-02 anchor,RECONSTRUCTED_OFFICIAL_REVIEW_DELTA_VALIDATED,official_2026_interim_events.csv
NIFTYMICROCAP250,VSTIND,2025-09-30,reverse official event chain from official 2026-10-02 anchor,RECONSTRUCTED_OFFICIAL_REVIEW_DELTA_VALIDATED,official_2026_interim_events.csv
NIFTYMICROCAP250,WAAREERTL,2025-09-30,reverse official event chain from official 2026-10-02 anchor,RECONSTRUCTED_OFFICIAL_REVIEW_DELTA_VALIDATED,official_2026_interim_events.csv
NIFTYMICROCAP250,WABAG,2025-09-30,reverse official event chain from official 2026-10-02 anchor,RECONSTRUCTED_OFFICIAL_REVIEW_DELTA_VALIDATED,official_2026_interim_events.csv
NIFTYMICROCAP250,WEBELSOLAR,2025-09-30,reverse official event chain from official 2026-10-02 anchor,RECONSTRUCTED_OFFICIAL_REVIEW_DELTA_VALIDATED,official_2026_interim_events.csv
NIFTYMICROCAP250,WELENT,2025-09-30,reverse official event chain from official 2026-10-02 anchor,RECONSTRUCTED_OFFICIAL_REVIEW_DELTA_VALIDATED,official_2026_interim_events.csv
NIFTYMICROCAP250,WESTLIFE,2025-09-30,reverse official event chain from official 2026-10-02 anchor,RECONSTRUCTED_OFFICIAL_REVIEW_DELTA_VALIDATED,official_2026_interim_events.csv
NIFTYMICROCAP250,YATHARTH,2025-09-30,reverse official event chain from official 2026-10-02 anchor,RECONSTRUCTED_OFFICIAL_REVIEW_DELTA_VALIDATED,official_2026_interim_events.csv
NIFTYMICROCAP250,ZAGGLE,2025-09-30,reverse official event chain from official 2026-10-02 anchor,RECONSTRUCTED_OFFICIAL_REVIEW_DELTA_VALIDATED,official_2026_interim_events.csv
NIFTYMICROCAP250,ZYDUSWELL,2025-09-30,reverse official event chain from official 2026-10-02 anchor,RECONSTRUCTED_OFFICIAL_REVIEW_DELTA_VALIDATED,official_2026_interim_events.csv
