index,symbol,as_of_date,reconstruction_method,status,source_file
NIFTY50,ADANIENT,2026-03-30,reverse official event chain from official 2026-10-02 anchor,RECONSTRUCTED_OFFICIAL_REVIEW_DELTA_VALIDATED,official_2026_interim_events.csv
NIFTY50,ADANIPORTS,2026-03-30,reverse official event chain from official 2026-10-02 anchor,RECONSTRUCTED_OFFICIAL_REVIEW_DELTA_VALIDATED,official_2026_interim_events.csv
NIFTY50,APOLLOHOSP,2026-03-30,reverse official event chain from official 2026-10-02 anchor,RECONSTRUCTED_OFFICIAL_REVIEW_DELTA_VALIDATED,official_2026_interim_events.csv
NIFTY50,ASIANPAINT,2026-03-30,reverse official event chain from official 2026-10-02 anchor,RECONSTRUCTED_OFFICIAL_REVIEW_DELTA_VALIDATED,official_2026_interim_events.csv
NIFTY50,AXISBANK,2026-03-30,reverse official event chain from official 2026-10-02 anchor,RECONSTRUCTED_OFFICIAL_REVIEW_DELTA_VALIDATED,official_2026_interim_events.csv
NIFTY50,BAJAJ-AUTO,2026-03-30,reverse official event chain from official 2026-10-02 anchor,RECONSTRUCTED_OFFICIAL_REVIEW_DELTA_VALIDATED,official_2026_interim_events.csv
NIFTY50,BAJAJFINSV,2026-03-30,reverse official event chain from official 2026-10-02 anchor,RECONSTRUCTED_OFFICIAL_REVIEW_DELTA_VALIDATED,official_2026_interim_events.csv
NIFTY50,BAJFINANCE,2026-03-30,reverse official event chain from official 2026-10-02 anchor,RECONSTRUCTED_OFFICIAL_REVIEW_DELTA_VALIDATED,official_2026_interim_events.csv
NIFTY50,BEL,2026-03-30,reverse official event chain from official 2026-10-02 anchor,RECONSTRUCTED_OFFICIAL_REVIEW_DELTA_VALIDATED,official_2026_interim_events.csv
NIFTY50,BHARTIARTL,2026-03-30,reverse official event chain from official 2026-10-02 anchor,RECONSTRUCTED_OFFICIAL_REVIEW_DELTA_VALIDATED,official_2026_interim_events.csv
NIFTY50,CIPLA,2026-03-30,reverse official event chain from official 2026-10-02 anchor,RECONSTRUCTED_OFFICIAL_REVIEW_DELTA_VALIDATED,official_2026_interim_events.csv
NIFTY50,COALINDIA,2026-03-30,reverse official event chain from official 2026-10-02 anchor,RECONSTRUCTED_OFFICIAL_REVIEW_DELTA_VALIDATED,official_2026_interim_events.csv
NIFTY50,DRREDDY,2026-03-30,reverse official event chain from official 2026-10-02 anchor,RECONSTRUCTED_OFFICIAL_REVIEW_DELTA_VALIDATED,official_2026_interim_events.csv
NIFTY50,EICHERMOT,2026-03-30,reverse official event chain from official 2026-10-02 anchor,RECONSTRUCTED_OFFICIAL_REVIEW_DELTA_VALIDATED,official_2026_interim_events.csv
NIFTY50,ETERNAL,2026-03-30,reverse official event chain from official 2026-10-02 anchor,RECONSTRUCTED_OFFICIAL_REVIEW_DELTA_VALIDATED,official_2026_interim_events.csv
NIFTY50,GRASIM,2026-03-30,reverse official event chain from official 2026-10-02 anchor,RECONSTRUCTED_OFFICIAL_REVIEW_DELTA_VALIDATED,official_2026_interim_events.csv
NIFTY50,HCLTECH,2026-03-30,reverse official event chain from official 2026-10-02 anchor,RECONSTRUCTED_OFFICIAL_REVIEW_DELTA_VALIDATED,official_2026_interim_events.csv
NIFTY50,HDFCBANK,2026-03-30,reverse official event chain from official 2026-10-02 anchor,RECONSTRUCTED_OFFICIAL_REVIEW_DELTA_VALIDATED,official_2026_interim_events.csv
NIFTY50,HDFCLIFE,2026-03-30,reverse official event chain from official 2026-10-02 anchor,RECONSTRUCTED_OFFICIAL_REVIEW_DELTA_VALIDATED,official_2026_interim_events.csv
NIFTY50,HINDALCO,2026-03-30,reverse official event chain from official 2026-10-02 anchor,RECONSTRUCTED_OFFICIAL_REVIEW_DELTA_VALIDATED,official_2026_interim_events.csv
NIFTY50,HINDUNILVR,2026-03-30,reverse official event chain from official 2026-10-02 anchor,RECONSTRUCTED_OFFICIAL_REVIEW_DELTA_VALIDATED,official_2026_interim_events.csv
NIFTY50,ICICIBANK,2026-03-30,reverse official event chain from official 2026-10-02 anchor,RECONSTRUCTED_OFFICIAL_REVIEW_DELTA_VALIDATED,official_2026_interim_events.csv
NIFTY50,INDIGO,2026-03-30,reverse official event chain from official 2026-10-02 anchor,RECONSTRUCTED_OFFICIAL_REVIEW_DELTA_VALIDATED,official_2026_interim_events.csv
NIFTY50,INFY,2026-03-30,reverse official event chain from official 2026-10-02 anchor,RECONSTRUCTED_OFFICIAL_REVIEW_DELTA_VALIDATED,official_2026_interim_events.csv
NIFTY50,ITC,2026-03-30,reverse official event chain from official 2026-10-02 anchor,RECONSTRUCTED_OFFICIAL_REVIEW_DELTA_VALIDATED,official_2026_interim_events.csv
NIFTY50,JIOFIN,2026-03-30,reverse official event chain from official 2026-10-02 anchor,RECONSTRUCTED_OFFICIAL_REVIEW_DELTA_VALIDATED,official_2026_interim_events.csv
NIFTY50,JSWSTEEL,2026-03-30,reverse official event chain from official 2026-10-02 anchor,RECONSTRUCTED_OFFICIAL_REVIEW_DELTA_VALIDATED,official_2026_interim_events.csv
NIFTY50,KOTAKBANK,2026-03-30,reverse official event chain from official 2026-10-02 anchor,RECONSTRUCTED_OFFICIAL_REVIEW_DELTA_VALIDATED,official_2026_interim_events.csv
NIFTY50,LT,2026-03-30,reverse official event chain from official 2026-10-02 anchor,RECONSTRUCTED_OFFICIAL_REVIEW_DELTA_VALIDATED,official_2026_interim_events.csv
NIFTY50,M&M,2026-03-30,reverse official event chain from official 2026-10-02 anchor,RECONSTRUCTED_OFFICIAL_REVIEW_DELTA_VALIDATED,official_2026_interim_events.csv
NIFTY50,MARUTI,2026-03-30,reverse official event chain from official 2026-10-02 anchor,RECONSTRUCTED_OFFICIAL_REVIEW_DELTA_VALIDATED,official_2026_interim_events.csv
NIFTY50,MAXHEALTH,2026-03-30,reverse official event chain from official 2026-10-02 anchor,RECONSTRUCTED_OFFICIAL_REVIEW_DELTA_VALIDATED,official_2026_interim_events.csv
NIFTY50,NESTLEIND,2026-03-30,reverse official event chain from official 2026-10-02 anchor,RECONSTRUCTED_OFFICIAL_REVIEW_DELTA_VALIDATED,official_2026_interim_events.csv
NIFTY50,NTPC,2026-03-30,reverse official event chain from official 2026-10-02 anchor,RECONSTRUCTED_OFFICIAL_REVIEW_DELTA_VALIDATED,official_2026_interim_events.csv
NIFTY50,ONGC,2026-03-30,reverse official event chain from official 2026-10-02 anchor,RECONSTRUCTED_OFFICIAL_REVIEW_DELTA_VALIDATED,official_2026_interim_events.csv
NIFTY50,POWERGRID,2026-03-30,reverse official event chain from official 2026-10-02 anchor,RECONSTRUCTED_OFFICIAL_REVIEW_DELTA_VALIDATED,official_2026_interim_events.csv
NIFTY50,RELIANCE,2026-03-30,reverse official event chain from official 2026-10-02 anchor,RECONSTRUCTED_OFFICIAL_REVIEW_DELTA_VALIDATED,official_2026_interim_events.csv
NIFTY50,SBILIFE,2026-03-30,reverse official event chain from official 2026-10-02 anchor,RECONSTRUCTED_OFFICIAL_REVIEW_DELTA_VALIDATED,official_2026_interim_events.csv
NIFTY50,SBIN,2026-03-30,reverse official event chain from official 2026-10-02 anchor,RECONSTRUCTED_OFFICIAL_REVIEW_DELTA_VALIDATED,official_2026_interim_events.csv
NIFTY50,SHRIRAMFIN,2026-03-30,reverse official event chain from official 2026-10-02 anchor,RECONSTRUCTED_OFFICIAL_REVIEW_DELTA_VALIDATED,official_2026_interim_events.csv
NIFTY50,SUNPHARMA,2026-03-30,reverse official event chain from official 2026-10-02 anchor,RECONSTRUCTED_OFFICIAL_REVIEW_DELTA_VALIDATED,official_2026_interim_events.csv
NIFTY50,TATACONSUM,2026-03-30,reverse official event chain from official 2026-10-02 anchor,RECONSTRUCTED_OFFICIAL_REVIEW_DELTA_VALIDATED,official_2026_interim_events.csv
NIFTY50,TATASTEEL,2026-03-30,reverse official event chain from official 2026-10-02 anchor,RECONSTRUCTED_OFFICIAL_REVIEW_DELTA_VALIDATED,official_2026_interim_events.csv
NIFTY50,TCS,2026-03-30,reverse official event chain from official 2026-10-02 anchor,RECONSTRUCTED_OFFICIAL_REVIEW_DELTA_VALIDATED,official_2026_interim_events.csv
NIFTY50,TECHM,2026-03-30,reverse official event chain from official 2026-10-02 anchor,RECONSTRUCTED_OFFICIAL_REVIEW_DELTA_VALIDATED,official_2026_interim_events.csv
NIFTY50,TITAN,2026-03-30,reverse official event chain from official 2026-10-02 anchor,RECONSTRUCTED_OFFICIAL_REVIEW_DELTA_VALIDATED,official_2026_interim_events.csv
NIFTY50,TMPV,2026-03-30,reverse official event chain from official 2026-10-02 anchor,RECONSTRUCTED_OFFICIAL_REVIEW_DELTA_VALIDATED,official_2026_interim_events.csv
NIFTY50,TRENT,2026-03-30,reverse official event chain from official 2026-10-02 anchor,RECONSTRUCTED_OFFICIAL_REVIEW_DELTA_VALIDATED,official_2026_interim_events.csv
NIFTY50,ULTRACEMCO,2026-03-30,reverse official event chain from official 2026-10-02 anchor,RECONSTRUCTED_OFFICIAL_REVIEW_DELTA_VALIDATED,official_2026_interim_events.csv
NIFTY50,WIPRO,2026-03-30,reverse official event chain from official 2026-10-02 anchor,RECONSTRUCTED_OFFICIAL_REVIEW_DELTA_VALIDATED,official_2026_interim_events.csv
NIFTYMICROCAP250,AARTIDRUGS,2026-03-30,reverse official event chain from official 2026-10-02 anchor,RECONSTRUCTED_OFFICIAL_REVIEW_DELTA_VALIDATED,official_2026_interim_events.csv
NIFTYMICROCAP250,AARTIPHARM,2026-03-30,reverse official event chain from official 2026-10-02 anchor,RECONSTRUCTED_OFFICIAL_REVIEW_DELTA_VALIDATED,official_2026_interim_events.csv
NIFTYMICROCAP250,ACI,2026-03-30,reverse official event chain from official 2026-10-02 anchor,RECONSTRUCTED_OFFICIAL_REVIEW_DELTA_VALIDATED,official_2026_interim_events.csv
NIFTYMICROCAP250,ADVENZYMES,2026-03-30,reverse official event chain from official 2026-10-02 anchor,RECONSTRUCTED_OFFICIAL_REVIEW_DELTA_VALIDATED,official_2026_interim_events.csv
NIFTYMICROCAP250,AEQUS,2026-03-30,reverse official event chain from official 2026-10-02 anchor,RECONSTRUCTED_OFFICIAL_REVIEW_DELTA_VALIDATED,official_2026_interim_events.csv
NIFTYMICROCAP250,AETHER,2026-03-30,reverse official event chain from official 2026-10-02 anchor,RECONSTRUCTED_OFFICIAL_REVIEW_DELTA_VALIDATED,official_2026_interim_events.csv
NIFTYMICROCAP250,AGARWALEYE,2026-03-30,reverse official event chain from official 2026-10-02 anchor,RECONSTRUCTED_OFFICIAL_REVIEW_DELTA_VALIDATED,official_2026_interim_events.csv
NIFTYMICROCAP250,AHLUCONT,2026-03-30,reverse official event chain from official 2026-10-02 anchor,RECONSTRUCTED_OFFICIAL_REVIEW_DELTA_VALIDATED,official_2026_interim_events.csv
NIFTYMICROCAP250,AKUMS,2026-03-30,reverse official event chain from official 2026-10-02 anchor,RECONSTRUCTED_OFFICIAL_REVIEW_DELTA_VALIDATED,official_2026_interim_events.csv
NIFTYMICROCAP250,ALIVUS,2026-03-30,reverse official event chain from official 2026-10-02 anchor,RECONSTRUCTED_OFFICIAL_REVIEW_DELTA_VALIDATED,official_2026_interim_events.csv
NIFTYMICROCAP250,ALKYLAMINE,2026-03-30,reverse official event chain from official 2026-10-02 anchor,RECONSTRUCTED_OFFICIAL_REVIEW_DELTA_VALIDATED,official_2026_interim_events.csv
NIFTYMICROCAP250,ALOKINDS,2026-03-30,reverse official event chain from official 2026-10-02 anchor,RECONSTRUCTED_OFFICIAL_REVIEW_DELTA_VALIDATED,official_2026_interim_events.csv
NIFTYMICROCAP250,ANUP,2026-03-30,reverse official event chain from official 2026-10-02 anchor,RECONSTRUCTED_OFFICIAL_REVIEW_DELTA_VALIDATED,official_2026_interim_events.csv
NIFTYMICROCAP250,APLLTD,2026-03-30,reverse official event chain from official 2026-10-02 anchor,RECONSTRUCTED_OFFICIAL_REVIEW_DELTA_VALIDATED,official_2026_interim_events.csv
NIFTYMICROCAP250,APOLLO,2026-03-30,reverse official event chain from official 2026-10-02 anchor,RECONSTRUCTED_OFFICIAL_REVIEW_DELTA_VALIDATED,official_2026_interim_events.csv
NIFTYMICROCAP250,ARVIND,2026-03-30,reverse official event chain from official 2026-10-02 anchor,RECONSTRUCTED_OFFICIAL_REVIEW_DELTA_VALIDATED,official_2026_interim_events.csv
NIFTYMICROCAP250,ARVINDFASN,2026-03-30,reverse official event chain from official 2026-10-02 anchor,RECONSTRUCTED_OFFICIAL_REVIEW_DELTA_VALIDATED,official_2026_interim_events.csv
NIFTYMICROCAP250,ASHAPURMIN,2026-03-30,reverse official event chain from official 2026-10-02 anchor,RECONSTRUCTED_OFFICIAL_REVIEW_DELTA_VALIDATED,official_2026_interim_events.csv
NIFTYMICROCAP250,ASHOKA,2026-03-30,reverse official event chain from official 2026-10-02 anchor,RECONSTRUCTED_OFFICIAL_REVIEW_DELTA_VALIDATED,official_2026_interim_events.csv
NIFTYMICROCAP250,ASKAUTOLTD,2026-03-30,reverse official event chain from official 2026-10-02 anchor,RECONSTRUCTED_OFFICIAL_REVIEW_DELTA_VALIDATED,official_2026_interim_events.csv
NIFTYMICROCAP250,ASTRAMICRO,2026-03-30,reverse official event chain from official 2026-10-02 anchor,RECONSTRUCTED_OFFICIAL_REVIEW_DELTA_VALIDATED,official_2026_interim_events.csv
NIFTYMICROCAP250,ATLANTAELE,2026-03-30,reverse official event chain from official 2026-10-02 anchor,RECONSTRUCTED_OFFICIAL_REVIEW_DELTA_VALIDATED,official_2026_interim_events.csv
NIFTYMICROCAP250,AURIONPRO,2026-03-30,reverse official event chain from official 2026-10-02 anchor,RECONSTRUCTED_OFFICIAL_REVIEW_DELTA_VALIDATED,official_2026_interim_events.csv
NIFTYMICROCAP250,AVALON,2026-03-30,reverse official event chain from official 2026-10-02 anchor,RECONSTRUCTED_OFFICIAL_REVIEW_DELTA_VALIDATED,official_2026_interim_events.csv
NIFTYMICROCAP250,AVANTIFEED,2026-03-30,reverse official event chain from official 2026-10-02 anchor,RECONSTRUCTED_OFFICIAL_REVIEW_DELTA_VALIDATED,official_2026_interim_events.csv
NIFTYMICROCAP250,AVL,2026-03-30,reverse official event chain from official 2026-10-02 anchor,RECONSTRUCTED_OFFICIAL_REVIEW_DELTA_VALIDATED,official_2026_interim_events.csv
NIFTYMICROCAP250,AWFIS,2026-03-30,reverse official event chain from official 2026-10-02 anchor,RECONSTRUCTED_OFFICIAL_REVIEW_DELTA_VALIDATED,official_2026_interim_events.csv
NIFTYMICROCAP250,AXISCADES,2026-03-30,reverse official event chain from official 2026-10-02 anchor,RECONSTRUCTED_OFFICIAL_REVIEW_DELTA_VALIDATED,official_2026_interim_events.csv
NIFTYMICROCAP250,AZAD,2026-03-30,reverse official event chain from official 2026-10-02 anchor,RECONSTRUCTED_OFFICIAL_REVIEW_DELTA_VALIDATED,official_2026_interim_events.csv
NIFTYMICROCAP250,BAJAJELEC,2026-03-30,reverse official event chain from official 2026-10-02 anchor,RECONSTRUCTED_OFFICIAL_REVIEW_DELTA_VALIDATED,official_2026_interim_events.csv
NIFTYMICROCAP250,BALAMINES,2026-03-30,reverse official event chain from official 2026-10-02 anchor,RECONSTRUCTED_OFFICIAL_REVIEW_DELTA_VALIDATED,official_2026_interim_events.csv
NIFTYMICROCAP250,BALUFORGE,2026-03-30,reverse official event chain from official 2026-10-02 anchor,RECONSTRUCTED_OFFICIAL_REVIEW_DELTA_VALIDATED,official_2026_interim_events.csv
NIFTYMICROCAP250,BANCOINDIA,2026-03-30,reverse official event chain from official 2026-10-02 anchor,RECONSTRUCTED_OFFICIAL_REVIEW_DELTA_VALIDATED,official_2026_interim_events.csv
NIFTYMICROCAP250,BBOX,2026-03-30,reverse official event chain from official 2026-10-02 anchor,RECONSTRUCTED_OFFICIAL_REVIEW_DELTA_VALIDATED,official_2026_interim_events.csv
NIFTYMICROCAP250,BECTORFOOD,2026-03-30,reverse official event chain from official 2026-10-02 anchor,RECONSTRUCTED_OFFICIAL_REVIEW_DELTA_VALIDATED,official_2026_interim_events.csv
NIFTYMICROCAP250,BIRLACORPN,2026-03-30,reverse official event chain from official 2026-10-02 anchor,RECONSTRUCTED_OFFICIAL_REVIEW_DELTA_VALIDATED,official_2026_interim_events.csv
NIFTYMICROCAP250,BLACKBUCK,2026-03-30,reverse official event chain from official 2026-10-02 anchor,RECONSTRUCTED_OFFICIAL_REVIEW_DELTA_VALIDATED,official_2026_interim_events.csv
NIFTYMICROCAP250,BLUESTONE,2026-03-30,reverse official event chain from official 2026-10-02 anchor,RECONSTRUCTED_OFFICIAL_REVIEW_DELTA_VALIDATED,official_2026_interim_events.csv
NIFTYMICROCAP250,BORORENEW,2026-03-30,reverse official event chain from official 2026-10-02 anchor,RECONSTRUCTED_OFFICIAL_REVIEW_DELTA_VALIDATED,official_2026_interim_events.csv
NIFTYMICROCAP250,CAMPUS,2026-03-30,reverse official event chain from official 2026-10-02 anchor,RECONSTRUCTED_OFFICIAL_REVIEW_DELTA_VALIDATED,official_2026_interim_events.csv
NIFTYMICROCAP250,CAPILLARY,2026-03-30,reverse official event chain from official 2026-10-02 anchor,RECONSTRUCTED_OFFICIAL_REVIEW_DELTA_VALIDATED,official_2026_interim_events.csv
NIFTYMICROCAP250,CCAVENUE,2026-03-30,reverse official event chain from official 2026-10-02 anchor,RECONSTRUCTED_OFFICIAL_REVIEW_DELTA_VALIDATED,official_2026_interim_events.csv
NIFTYMICROCAP250,CELLO,2026-03-30,reverse official event chain from official 2026-10-02 anchor,RECONSTRUCTED_OFFICIAL_REVIEW_DELTA_VALIDATED,official_2026_interim_events.csv
NIFTYMICROCAP250,CENTURYPLY,2026-03-30,reverse official event chain from official 2026-10-02 anchor,RECONSTRUCTED_OFFICIAL_REVIEW_DELTA_VALIDATED,official_2026_interim_events.csv
NIFTYMICROCAP250,CERA,2026-03-30,reverse official event chain from official 2026-10-02 anchor,RECONSTRUCTED_OFFICIAL_REVIEW_DELTA_VALIDATED,official_2026_interim_events.csv
NIFTYMICROCAP250,CIEINDIA,2026-03-30,reverse official event chain from official 2026-10-02 anchor,RECONSTRUCTED_OFFICIAL_REVIEW_DELTA_VALIDATED,official_2026_interim_events.csv
NIFTYMICROCAP250,CIGNITITEC,2026-03-30,reverse official event chain from official 2026-10-02 anchor,RECONSTRUCTED_OFFICIAL_REVIEW_DELTA_VALIDATED,official_2026_interim_events.csv
NIFTYMICROCAP250,CMSINFO,2026-03-30,reverse official event chain from official 2026-10-02 anchor,RECONSTRUCTED_OFFICIAL_REVIEW_DELTA_VALIDATED,official_2026_interim_events.csv
NIFTYMICROCAP250,CORONA,2026-03-30,reverse official event chain from official 2026-10-02 anchor,RECONSTRUCTED_OFFICIAL_REVIEW_DELTA_VALIDATED,official_2026_interim_events.csv
NIFTYMICROCAP250,CRAMC,2026-03-30,reverse official event chain from official 2026-10-02 anchor,RECONSTRUCTED_OFFICIAL_REVIEW_DELTA_VALIDATED,official_2026_interim_events.csv
NIFTYMICROCAP250,CRIZAC,2026-03-30,reverse official event chain from official 2026-10-02 anchor,RECONSTRUCTED_OFFICIAL_REVIEW_DELTA_VALIDATED,official_2026_interim_events.csv
NIFTYMICROCAP250,CSBBANK,2026-03-30,reverse official event chain from official 2026-10-02 anchor,RECONSTRUCTED_OFFICIAL_REVIEW_DELTA_VALIDATED,official_2026_interim_events.csv
NIFTYMICROCAP250,CUPID,2026-03-30,reverse official event chain from official 2026-10-02 anchor,RECONSTRUCTED_OFFICIAL_REVIEW_DELTA_VALIDATED,official_2026_interim_events.csv
NIFTYMICROCAP250,DATAMATICS,2026-03-30,reverse official event chain from official 2026-10-02 anchor,RECONSTRUCTED_OFFICIAL_REVIEW_DELTA_VALIDATED,official_2026_interim_events.csv
NIFTYMICROCAP250,DBL,2026-03-30,reverse official event chain from official 2026-10-02 anchor,RECONSTRUCTED_OFFICIAL_REVIEW_DELTA_VALIDATED,official_2026_interim_events.csv
NIFTYMICROCAP250,DBREALTY,2026-03-30,reverse official event chain from official 2026-10-02 anchor,RECONSTRUCTED_OFFICIAL_REVIEW_DELTA_VALIDATED,official_2026_interim_events.csv
NIFTYMICROCAP250,DCBBANK,2026-03-30,reverse official event chain from official 2026-10-02 anchor,RECONSTRUCTED_OFFICIAL_REVIEW_DELTA_VALIDATED,official_2026_interim_events.csv
NIFTYMICROCAP250,DIACABS,2026-03-30,reverse official event chain from official 2026-10-02 anchor,RECONSTRUCTED_OFFICIAL_REVIEW_DELTA_VALIDATED,official_2026_interim_events.csv
NIFTYMICROCAP250,DYNAMATECH,2026-03-30,reverse official event chain from official 2026-10-02 anchor,RECONSTRUCTED_OFFICIAL_REVIEW_DELTA_VALIDATED,official_2026_interim_events.csv
NIFTYMICROCAP250,EDELWEISS,2026-03-30,reverse official event chain from official 2026-10-02 anchor,RECONSTRUCTED_OFFICIAL_REVIEW_DELTA_VALIDATED,official_2026_interim_events.csv
NIFTYMICROCAP250,EIEL,2026-03-30,reverse official event chain from official 2026-10-02 anchor,RECONSTRUCTED_OFFICIAL_REVIEW_DELTA_VALIDATED,official_2026_interim_events.csv
NIFTYMICROCAP250,ELECTCAST,2026-03-30,reverse official event chain from official 2026-10-02 anchor,RECONSTRUCTED_OFFICIAL_REVIEW_DELTA_VALIDATED,official_2026_interim_events.csv
NIFTYMICROCAP250,ELLEN,2026-03-30,reverse official event chain from official 2026-10-02 anchor,RECONSTRUCTED_OFFICIAL_REVIEW_DELTA_VALIDATED,official_2026_interim_events.csv
NIFTYMICROCAP250,EMBDL,2026-03-30,reverse official event chain from official 2026-10-02 anchor,RECONSTRUCTED_OFFICIAL_REVIEW_DELTA_VALIDATED,official_2026_interim_events.csv
NIFTYMICROCAP250,EMIL,2026-03-30,reverse official event chain from official 2026-10-02 anchor,RECONSTRUCTED_OFFICIAL_REVIEW_DELTA_VALIDATED,official_2026_interim_events.csv
NIFTYMICROCAP250,ENTERO,2026-03-30,reverse official event chain from official 2026-10-02 anchor,RECONSTRUCTED_OFFICIAL_REVIEW_DELTA_VALIDATED,official_2026_interim_events.csv
NIFTYMICROCAP250,EPL,2026-03-30,reverse official event chain from official 2026-10-02 anchor,RECONSTRUCTED_OFFICIAL_REVIEW_DELTA_VALIDATED,official_2026_interim_events.csv
NIFTYMICROCAP250,EQUITASBNK,2026-03-30,reverse official event chain from official 2026-10-02 anchor,RECONSTRUCTED_OFFICIAL_REVIEW_DELTA_VALIDATED,official_2026_interim_events.csv
NIFTYMICROCAP250,ETHOSLTD,2026-03-30,reverse official event chain from official 2026-10-02 anchor,RECONSTRUCTED_OFFICIAL_REVIEW_DELTA_VALIDATED,official_2026_interim_events.csv
NIFTYMICROCAP250,EUREKAFORB,2026-03-30,reverse official event chain from official 2026-10-02 anchor,RECONSTRUCTED_OFFICIAL_REVIEW_DELTA_VALIDATED,official_2026_interim_events.csv
NIFTYMICROCAP250,FEDFINA,2026-03-30,reverse official event chain from official 2026-10-02 anchor,RECONSTRUCTED_OFFICIAL_REVIEW_DELTA_VALIDATED,official_2026_interim_events.csv
NIFTYMICROCAP250,FIEMIND,2026-03-30,reverse official event chain from official 2026-10-02 anchor,RECONSTRUCTED_OFFICIAL_REVIEW_DELTA_VALIDATED,official_2026_interim_events.csv
NIFTYMICROCAP250,FINPIPE,2026-03-30,reverse official event chain from official 2026-10-02 anchor,RECONSTRUCTED_OFFICIAL_REVIEW_DELTA_VALIDATED,official_2026_interim_events.csv
NIFTYMICROCAP250,GAEL,2026-03-30,reverse official event chain from official 2026-10-02 anchor,RECONSTRUCTED_OFFICIAL_REVIEW_DELTA_VALIDATED,official_2026_interim_events.csv
NIFTYMICROCAP250,GHCL,2026-03-30,reverse official event chain from official 2026-10-02 anchor,RECONSTRUCTED_OFFICIAL_REVIEW_DELTA_VALIDATED,official_2026_interim_events.csv
NIFTYMICROCAP250,GMMPFAUDLR,2026-03-30,reverse official event chain from official 2026-10-02 anchor,RECONSTRUCTED_OFFICIAL_REVIEW_DELTA_VALIDATED,official_2026_interim_events.csv
NIFTYMICROCAP250,GMRP&UI,2026-03-30,reverse official event chain from official 2026-10-02 anchor,RECONSTRUCTED_OFFICIAL_REVIEW_DELTA_VALIDATED,official_2026_interim_events.csv
NIFTYMICROCAP250,GNFC,2026-03-30,reverse official event chain from official 2026-10-02 anchor,RECONSTRUCTED_OFFICIAL_REVIEW_DELTA_VALIDATED,official_2026_interim_events.csv
NIFTYMICROCAP250,GODREJAGRO,2026-03-30,reverse official event chain from official 2026-10-02 anchor,RECONSTRUCTED_OFFICIAL_REVIEW_DELTA_VALIDATED,official_2026_interim_events.csv
NIFTYMICROCAP250,GOKEX,2026-03-30,reverse official event chain from official 2026-10-02 anchor,RECONSTRUCTED_OFFICIAL_REVIEW_DELTA_VALIDATED,official_2026_interim_events.csv
NIFTYMICROCAP250,GOKULAGRO,2026-03-30,reverse official event chain from official 2026-10-02 anchor,RECONSTRUCTED_OFFICIAL_REVIEW_DELTA_VALIDATED,official_2026_interim_events.csv
NIFTYMICROCAP250,GPPL,2026-03-30,reverse official event chain from official 2026-10-02 anchor,RECONSTRUCTED_OFFICIAL_REVIEW_DELTA_VALIDATED,official_2026_interim_events.csv
NIFTYMICROCAP250,GREAVESCOT,2026-03-30,reverse official event chain from official 2026-10-02 anchor,RECONSTRUCTED_OFFICIAL_REVIEW_DELTA_VALIDATED,official_2026_interim_events.csv
NIFTYMICROCAP250,GRWRHITECH,2026-03-30,reverse official event chain from official 2026-10-02 anchor,RECONSTRUCTED_OFFICIAL_REVIEW_DELTA_VALIDATED,official_2026_interim_events.csv
NIFTYMICROCAP250,GSFC,2026-03-30,reverse official event chain from official 2026-10-02 anchor,RECONSTRUCTED_OFFICIAL_REVIEW_DELTA_VALIDATED,official_2026_interim_events.csv
NIFTYMICROCAP250,HAPPSTMNDS,2026-03-30,reverse official event chain from official 2026-10-02 anchor,RECONSTRUCTED_OFFICIAL_REVIEW_DELTA_VALIDATED,official_2026_interim_events.csv
NIFTYMICROCAP250,HCC,2026-03-30,reverse official event chain from official 2026-10-02 anchor,RECONSTRUCTED_OFFICIAL_REVIEW_DELTA_VALIDATED,official_2026_interim_events.csv
NIFTYMICROCAP250,HCG,2026-03-30,reverse official event chain from official 2026-10-02 anchor,RECONSTRUCTED_OFFICIAL_REVIEW_DELTA_VALIDATED,official_2026_interim_events.csv
NIFTYMICROCAP250,HEMIPROP,2026-03-30,reverse official event chain from official 2026-10-02 anchor,RECONSTRUCTED_OFFICIAL_REVIEW_DELTA_VALIDATED,official_2026_interim_events.csv
NIFTYMICROCAP250,HERITGFOOD,2026-03-30,reverse official event chain from official 2026-10-02 anchor,RECONSTRUCTED_OFFICIAL_REVIEW_DELTA_VALIDATED,official_2026_interim_events.csv
NIFTYMICROCAP250,HGINFRA,2026-03-30,reverse official event chain from official 2026-10-02 anchor,RECONSTRUCTED_OFFICIAL_REVIEW_DELTA_VALIDATED,official_2026_interim_events.csv
NIFTYMICROCAP250,ICIL,2026-03-30,reverse official event chain from official 2026-10-02 anchor,RECONSTRUCTED_OFFICIAL_REVIEW_DELTA_VALIDATED,official_2026_interim_events.csv
NIFTYMICROCAP250,IFBIND,2026-03-30,reverse official event chain from official 2026-10-02 anchor,RECONSTRUCTED_OFFICIAL_REVIEW_DELTA_VALIDATED,official_2026_interim_events.csv
NIFTYMICROCAP250,IIFLCAPS,2026-03-30,reverse official event chain from official 2026-10-02 anchor,RECONSTRUCTED_OFFICIAL_REVIEW_DELTA_VALIDATED,official_2026_interim_events.csv
NIFTYMICROCAP250,IMFA,2026-03-30,reverse official event chain from official 2026-10-02 anchor,RECONSTRUCTED_OFFICIAL_REVIEW_DELTA_VALIDATED,official_2026_interim_events.csv
NIFTYMICROCAP250,INDIAGLYCO,2026-03-30,reverse official event chain from official 2026-10-02 anchor,RECONSTRUCTED_OFFICIAL_REVIEW_DELTA_VALIDATED,official_2026_interim_events.csv
NIFTYMICROCAP250,INDIASHLTR,2026-03-30,reverse official event chain from official 2026-10-02 anchor,RECONSTRUCTED_OFFICIAL_REVIEW_DELTA_VALIDATED,official_2026_interim_events.csv
NIFTYMICROCAP250,INDIGOPNTS,2026-03-30,reverse official event chain from official 2026-10-02 anchor,RECONSTRUCTED_OFFICIAL_REVIEW_DELTA_VALIDATED,official_2026_interim_events.csv
NIFTYMICROCAP250,INOXGREEN,2026-03-30,reverse official event chain from official 2026-10-02 anchor,RECONSTRUCTED_OFFICIAL_REVIEW_DELTA_VALIDATED,official_2026_interim_events.csv
NIFTYMICROCAP250,INOXINDIA,2026-03-30,reverse official event chain from official 2026-10-02 anchor,RECONSTRUCTED_OFFICIAL_REVIEW_DELTA_VALIDATED,official_2026_interim_events.csv
NIFTYMICROCAP250,IONEXCHANG,2026-03-30,reverse official event chain from official 2026-10-02 anchor,RECONSTRUCTED_OFFICIAL_REVIEW_DELTA_VALIDATED,official_2026_interim_events.csv
NIFTYMICROCAP250,IXIGO,2026-03-30,reverse official event chain from official 2026-10-02 anchor,RECONSTRUCTED_OFFICIAL_REVIEW_DELTA_VALIDATED,official_2026_interim_events.csv
NIFTYMICROCAP250,JAIBALAJI,2026-03-30,reverse official event chain from official 2026-10-02 anchor,RECONSTRUCTED_OFFICIAL_REVIEW_DELTA_VALIDATED,official_2026_interim_events.csv
NIFTYMICROCAP250,JAMNAAUTO,2026-03-30,reverse official event chain from official 2026-10-02 anchor,RECONSTRUCTED_OFFICIAL_REVIEW_DELTA_VALIDATED,official_2026_interim_events.csv
NIFTYMICROCAP250,JAYNECOIND,2026-03-30,reverse official event chain from official 2026-10-02 anchor,RECONSTRUCTED_OFFICIAL_REVIEW_DELTA_VALIDATED,official_2026_interim_events.csv
NIFTYMICROCAP250,JKLAKSHMI,2026-03-30,reverse official event chain from official 2026-10-02 anchor,RECONSTRUCTED_OFFICIAL_REVIEW_DELTA_VALIDATED,official_2026_interim_events.csv
NIFTYMICROCAP250,JKPAPER,2026-03-30,reverse official event chain from official 2026-10-02 anchor,RECONSTRUCTED_OFFICIAL_REVIEW_DELTA_VALIDATED,official_2026_interim_events.csv
NIFTYMICROCAP250,JLHL,2026-03-30,reverse official event chain from official 2026-10-02 anchor,RECONSTRUCTED_OFFICIAL_REVIEW_DELTA_VALIDATED,official_2026_interim_events.csv
NIFTYMICROCAP250,JSFB,2026-03-30,reverse official event chain from official 2026-10-02 anchor,RECONSTRUCTED_OFFICIAL_REVIEW_DELTA_VALIDATED,official_2026_interim_events.csv
NIFTYMICROCAP250,JSLL,2026-03-30,reverse official event chain from official 2026-10-02 anchor,RECONSTRUCTED_OFFICIAL_REVIEW_DELTA_VALIDATED,official_2026_interim_events.csv
NIFTYMICROCAP250,JUSTDIAL,2026-03-30,reverse official event chain from official 2026-10-02 anchor,RECONSTRUCTED_OFFICIAL_REVIEW_DELTA_VALIDATED,official_2026_interim_events.csv
NIFTYMICROCAP250,JYOTHYLAB,2026-03-30,reverse official event chain from official 2026-10-02 anchor,RECONSTRUCTED_OFFICIAL_REVIEW_DELTA_VALIDATED,official_2026_interim_events.csv
NIFTYMICROCAP250,KANSAINER,2026-03-30,reverse official event chain from official 2026-10-02 anchor,RECONSTRUCTED_OFFICIAL_REVIEW_DELTA_VALIDATED,official_2026_interim_events.csv
NIFTYMICROCAP250,KIRLOSBROS,2026-03-30,reverse official event chain from official 2026-10-02 anchor,RECONSTRUCTED_OFFICIAL_REVIEW_DELTA_VALIDATED,official_2026_interim_events.csv
NIFTYMICROCAP250,KIRLPNU,2026-03-30,reverse official event chain from official 2026-10-02 anchor,RECONSTRUCTED_OFFICIAL_REVIEW_DELTA_VALIDATED,official_2026_interim_events.csv
NIFTYMICROCAP250,KITEX,2026-03-30,reverse official event chain from official 2026-10-02 anchor,RECONSTRUCTED_OFFICIAL_REVIEW_DELTA_VALIDATED,official_2026_interim_events.csv
NIFTYMICROCAP250,KNRCON,2026-03-30,reverse official event chain from official 2026-10-02 anchor,RECONSTRUCTED_OFFICIAL_REVIEW_DELTA_VALIDATED,official_2026_interim_events.csv
NIFTYMICROCAP250,KPIGREEN,2026-03-30,reverse official event chain from official 2026-10-02 anchor,RECONSTRUCTED_OFFICIAL_REVIEW_DELTA_VALIDATED,official_2026_interim_events.csv
NIFTYMICROCAP250,KRBL,2026-03-30,reverse official event chain from official 2026-10-02 anchor,RECONSTRUCTED_OFFICIAL_REVIEW_DELTA_VALIDATED,official_2026_interim_events.csv
NIFTYMICROCAP250,KRN,2026-03-30,reverse official event chain from official 2026-10-02 anchor,RECONSTRUCTED_OFFICIAL_REVIEW_DELTA_VALIDATED,official_2026_interim_events.csv
NIFTYMICROCAP250,KSB,2026-03-30,reverse official event chain from official 2026-10-02 anchor,RECONSTRUCTED_OFFICIAL_REVIEW_DELTA_VALIDATED,official_2026_interim_events.csv
NIFTYMICROCAP250,KSCL,2026-03-30,reverse official event chain from official 2026-10-02 anchor,RECONSTRUCTED_OFFICIAL_REVIEW_DELTA_VALIDATED,official_2026_interim_events.csv
NIFTYMICROCAP250,KTKBANK,2026-03-30,reverse official event chain from official 2026-10-02 anchor,RECONSTRUCTED_OFFICIAL_REVIEW_DELTA_VALIDATED,official_2026_interim_events.csv
NIFTYMICROCAP250,LLOYDSENGG,2026-03-30,reverse official event chain from official 2026-10-02 anchor,RECONSTRUCTED_OFFICIAL_REVIEW_DELTA_VALIDATED,official_2026_interim_events.csv
NIFTYMICROCAP250,LLOYDSENT,2026-03-30,reverse official event chain from official 2026-10-02 anchor,RECONSTRUCTED_OFFICIAL_REVIEW_DELTA_VALIDATED,official_2026_interim_events.csv
NIFTYMICROCAP250,LOTUSDEV,2026-03-30,reverse official event chain from official 2026-10-02 anchor,RECONSTRUCTED_OFFICIAL_REVIEW_DELTA_VALIDATED,official_2026_interim_events.csv
NIFTYMICROCAP250,LUMAXTECH,2026-03-30,reverse official event chain from official 2026-10-02 anchor,RECONSTRUCTED_OFFICIAL_REVIEW_DELTA_VALIDATED,official_2026_interim_events.csv
NIFTYMICROCAP250,LXCHEM,2026-03-30,reverse official event chain from official 2026-10-02 anchor,RECONSTRUCTED_OFFICIAL_REVIEW_DELTA_VALIDATED,official_2026_interim_events.csv
NIFTYMICROCAP250,MAHSCOOTER,2026-03-30,reverse official event chain from official 2026-10-02 anchor,RECONSTRUCTED_OFFICIAL_REVIEW_DELTA_VALIDATED,official_2026_interim_events.csv
NIFTYMICROCAP250,MAHSEAMLES,2026-03-30,reverse official event chain from official 2026-10-02 anchor,RECONSTRUCTED_OFFICIAL_REVIEW_DELTA_VALIDATED,official_2026_interim_events.csv
NIFTYMICROCAP250,MANORAMA,2026-03-30,reverse official event chain from official 2026-10-02 anchor,RECONSTRUCTED_OFFICIAL_REVIEW_DELTA_VALIDATED,official_2026_interim_events.csv
NIFTYMICROCAP250,MANYAVAR,2026-03-30,reverse official event chain from official 2026-10-02 anchor,RECONSTRUCTED_OFFICIAL_REVIEW_DELTA_VALIDATED,official_2026_interim_events.csv
NIFTYMICROCAP250,MARKSANS,2026-03-30,reverse official event chain from official 2026-10-02 anchor,RECONSTRUCTED_OFFICIAL_REVIEW_DELTA_VALIDATED,official_2026_interim_events.csv
NIFTYMICROCAP250,MASTEK,2026-03-30,reverse official event chain from official 2026-10-02 anchor,RECONSTRUCTED_OFFICIAL_REVIEW_DELTA_VALIDATED,official_2026_interim_events.csv
NIFTYMICROCAP250,MEDPLUS,2026-03-30,reverse official event chain from official 2026-10-02 anchor,RECONSTRUCTED_OFFICIAL_REVIEW_DELTA_VALIDATED,official_2026_interim_events.csv
NIFTYMICROCAP250,METROPOLIS,2026-03-30,reverse official event chain from official 2026-10-02 anchor,RECONSTRUCTED_OFFICIAL_REVIEW_DELTA_VALIDATED,official_2026_interim_events.csv
NIFTYMICROCAP250,MIDHANI,2026-03-30,reverse official event chain from official 2026-10-02 anchor,RECONSTRUCTED_OFFICIAL_REVIEW_DELTA_VALIDATED,official_2026_interim_events.csv
NIFTYMICROCAP250,MOIL,2026-03-30,reverse official event chain from official 2026-10-02 anchor,RECONSTRUCTED_OFFICIAL_REVIEW_DELTA_VALIDATED,official_2026_interim_events.csv
NIFTYMICROCAP250,MSTCLTD,2026-03-30,reverse official event chain from official 2026-10-02 anchor,RECONSTRUCTED_OFFICIAL_REVIEW_DELTA_VALIDATED,official_2026_interim_events.csv
NIFTYMICROCAP250,MTARTECH,2026-03-30,reverse official event chain from official 2026-10-02 anchor,RECONSTRUCTED_OFFICIAL_REVIEW_DELTA_VALIDATED,official_2026_interim_events.csv
NIFTYMICROCAP250,NAZARA,2026-03-30,reverse official event chain from official 2026-10-02 anchor,RECONSTRUCTED_OFFICIAL_REVIEW_DELTA_VALIDATED,official_2026_interim_events.csv
NIFTYMICROCAP250,NEOGEN,2026-03-30,reverse official event chain from official 2026-10-02 anchor,RECONSTRUCTED_OFFICIAL_REVIEW_DELTA_VALIDATED,official_2026_interim_events.csv
NIFTYMICROCAP250,NESCO,2026-03-30,reverse official event chain from official 2026-10-02 anchor,RECONSTRUCTED_OFFICIAL_REVIEW_DELTA_VALIDATED,official_2026_interim_events.csv
NIFTYMICROCAP250,NETWORK18,2026-03-30,reverse official event chain from official 2026-10-02 anchor,RECONSTRUCTED_OFFICIAL_REVIEW_DELTA_VALIDATED,official_2026_interim_events.csv
NIFTYMICROCAP250,NFL,2026-03-30,reverse official event chain from official 2026-10-02 anchor,RECONSTRUCTED_OFFICIAL_REVIEW_DELTA_VALIDATED,official_2026_interim_events.csv
NIFTYMICROCAP250,OPTIEMUS,2026-03-30,reverse official event chain from official 2026-10-02 anchor,RECONSTRUCTED_OFFICIAL_REVIEW_DELTA_VALIDATED,official_2026_interim_events.csv
NIFTYMICROCAP250,ORIENTCEM,2026-03-30,reverse official event chain from official 2026-10-02 anchor,RECONSTRUCTED_OFFICIAL_REVIEW_DELTA_VALIDATED,official_2026_interim_events.csv
NIFTYMICROCAP250,ORKLAINDIA,2026-03-30,reverse official event chain from official 2026-10-02 anchor,RECONSTRUCTED_OFFICIAL_REVIEW_DELTA_VALIDATED,official_2026_interim_events.csv
NIFTYMICROCAP250,OSWALPUMPS,2026-03-30,reverse official event chain from official 2026-10-02 anchor,RECONSTRUCTED_OFFICIAL_REVIEW_DELTA_VALIDATED,official_2026_interim_events.csv
NIFTYMICROCAP250,PARAS,2026-03-30,reverse official event chain from official 2026-10-02 anchor,RECONSTRUCTED_OFFICIAL_REVIEW_DELTA_VALIDATED,official_2026_interim_events.csv
NIFTYMICROCAP250,PARKHOSPS,2026-03-30,reverse official event chain from official 2026-10-02 anchor,RECONSTRUCTED_OFFICIAL_REVIEW_DELTA_VALIDATED,official_2026_interim_events.csv
NIFTYMICROCAP250,PCJEWELLER,2026-03-30,reverse official event chain from official 2026-10-02 anchor,RECONSTRUCTED_OFFICIAL_REVIEW_DELTA_VALIDATED,official_2026_interim_events.csv
NIFTYMICROCAP250,PFOCUS,2026-03-30,reverse official event chain from official 2026-10-02 anchor,RECONSTRUCTED_OFFICIAL_REVIEW_DELTA_VALIDATED,official_2026_interim_events.csv
NIFTYMICROCAP250,PGIL,2026-03-30,reverse official event chain from official 2026-10-02 anchor,RECONSTRUCTED_OFFICIAL_REVIEW_DELTA_VALIDATED,official_2026_interim_events.csv
NIFTYMICROCAP250,PICCADIL,2026-03-30,reverse official event chain from official 2026-10-02 anchor,RECONSTRUCTED_OFFICIAL_REVIEW_DELTA_VALIDATED,official_2026_interim_events.csv
NIFTYMICROCAP250,PNCINFRA,2026-03-30,reverse official event chain from official 2026-10-02 anchor,RECONSTRUCTED_OFFICIAL_REVIEW_DELTA_VALIDATED,official_2026_interim_events.csv
NIFTYMICROCAP250,PNGJL,2026-03-30,reverse official event chain from official 2026-10-02 anchor,RECONSTRUCTED_OFFICIAL_REVIEW_DELTA_VALIDATED,official_2026_interim_events.csv
NIFTYMICROCAP250,POWERMECH,2026-03-30,reverse official event chain from official 2026-10-02 anchor,RECONSTRUCTED_OFFICIAL_REVIEW_DELTA_VALIDATED,official_2026_interim_events.csv
NIFTYMICROCAP250,PRAJIND,2026-03-30,reverse official event chain from official 2026-10-02 anchor,RECONSTRUCTED_OFFICIAL_REVIEW_DELTA_VALIDATED,official_2026_interim_events.csv
NIFTYMICROCAP250,PRICOLLTD,2026-03-30,reverse official event chain from official 2026-10-02 anchor,RECONSTRUCTED_OFFICIAL_REVIEW_DELTA_VALIDATED,official_2026_interim_events.csv
NIFTYMICROCAP250,PRIVISCL,2026-03-30,reverse official event chain from official 2026-10-02 anchor,RECONSTRUCTED_OFFICIAL_REVIEW_DELTA_VALIDATED,official_2026_interim_events.csv
NIFTYMICROCAP250,PRSMJOHNSN,2026-03-30,reverse official event chain from official 2026-10-02 anchor,RECONSTRUCTED_OFFICIAL_REVIEW_DELTA_VALIDATED,official_2026_interim_events.csv
NIFTYMICROCAP250,PRUDENT,2026-03-30,reverse official event chain from official 2026-10-02 anchor,RECONSTRUCTED_OFFICIAL_REVIEW_DELTA_VALIDATED,official_2026_interim_events.csv
NIFTYMICROCAP250,PTC,2026-03-30,reverse official event chain from official 2026-10-02 anchor,RECONSTRUCTED_OFFICIAL_REVIEW_DELTA_VALIDATED,official_2026_interim_events.csv
NIFTYMICROCAP250,PURVA,2026-03-30,reverse official event chain from official 2026-10-02 anchor,RECONSTRUCTED_OFFICIAL_REVIEW_DELTA_VALIDATED,official_2026_interim_events.csv
NIFTYMICROCAP250,QPOWER,2026-03-30,reverse official event chain from official 2026-10-02 anchor,RECONSTRUCTED_OFFICIAL_REVIEW_DELTA_VALIDATED,official_2026_interim_events.csv
NIFTYMICROCAP250,QUESS,2026-03-30,reverse official event chain from official 2026-10-02 anchor,RECONSTRUCTED_OFFICIAL_REVIEW_DELTA_VALIDATED,official_2026_interim_events.csv
NIFTYMICROCAP250,RAIN,2026-03-30,reverse official event chain from official 2026-10-02 anchor,RECONSTRUCTED_OFFICIAL_REVIEW_DELTA_VALIDATED,official_2026_interim_events.csv
NIFTYMICROCAP250,RALLIS,2026-03-30,reverse official event chain from official 2026-10-02 anchor,RECONSTRUCTED_OFFICIAL_REVIEW_DELTA_VALIDATED,official_2026_interim_events.csv
NIFTYMICROCAP250,RATEGAIN,2026-03-30,reverse official event chain from official 2026-10-02 anchor,RECONSTRUCTED_OFFICIAL_REVIEW_DELTA_VALIDATED,official_2026_interim_events.csv
NIFTYMICROCAP250,RAYMONDLSL,2026-03-30,reverse official event chain from official 2026-10-02 anchor,RECONSTRUCTED_OFFICIAL_REVIEW_DELTA_VALIDATED,official_2026_interim_events.csv
NIFTYMICROCAP250,RBA,2026-03-30,reverse official event chain from official 2026-10-02 anchor,RECONSTRUCTED_OFFICIAL_REVIEW_DELTA_VALIDATED,official_2026_interim_events.csv
NIFTYMICROCAP250,RCF,2026-03-30,reverse official event chain from official 2026-10-02 anchor,RECONSTRUCTED_OFFICIAL_REVIEW_DELTA_VALIDATED,official_2026_interim_events.csv
NIFTYMICROCAP250,REDTAPE,2026-03-30,reverse official event chain from official 2026-10-02 anchor,RECONSTRUCTED_OFFICIAL_REVIEW_DELTA_VALIDATED,official_2026_interim_events.csv
NIFTYMICROCAP250,REFEX,2026-03-30,reverse official event chain from official 2026-10-02 anchor,RECONSTRUCTED_OFFICIAL_REVIEW_DELTA_VALIDATED,official_2026_interim_events.csv
NIFTYMICROCAP250,RELAXO,2026-03-30,reverse official event chain from official 2026-10-02 anchor,RECONSTRUCTED_OFFICIAL_REVIEW_DELTA_VALIDATED,official_2026_interim_events.csv
NIFTYMICROCAP250,RELIGARE,2026-03-30,reverse official event chain from official 2026-10-02 anchor,RECONSTRUCTED_OFFICIAL_REVIEW_DELTA_VALIDATED,official_2026_interim_events.csv
NIFTYMICROCAP250,RENUKA,2026-03-30,reverse official event chain from official 2026-10-02 anchor,RECONSTRUCTED_OFFICIAL_REVIEW_DELTA_VALIDATED,official_2026_interim_events.csv
NIFTYMICROCAP250,ROUTE,2026-03-30,reverse official event chain from official 2026-10-02 anchor,RECONSTRUCTED_OFFICIAL_REVIEW_DELTA_VALIDATED,official_2026_interim_events.csv
NIFTYMICROCAP250,RTNINDIA,2026-03-30,reverse official event chain from official 2026-10-02 anchor,RECONSTRUCTED_OFFICIAL_REVIEW_DELTA_VALIDATED,official_2026_interim_events.csv
NIFTYMICROCAP250,RTNPOWER,2026-03-30,reverse official event chain from official 2026-10-02 anchor,RECONSTRUCTED_OFFICIAL_REVIEW_DELTA_VALIDATED,official_2026_interim_events.csv
NIFTYMICROCAP250,RUBICON,2026-03-30,reverse official event chain from official 2026-10-02 anchor,RECONSTRUCTED_OFFICIAL_REVIEW_DELTA_VALIDATED,official_2026_interim_events.csv
NIFTYMICROCAP250,SAATVIKGL,2026-03-30,reverse official event chain from official 2026-10-02 anchor,RECONSTRUCTED_OFFICIAL_REVIEW_DELTA_VALIDATED,official_2026_interim_events.csv
NIFTYMICROCAP250,SAFARI,2026-03-30,reverse official event chain from official 2026-10-02 anchor,RECONSTRUCTED_OFFICIAL_REVIEW_DELTA_VALIDATED,official_2026_interim_events.csv
NIFTYMICROCAP250,SAMHI,2026-03-30,reverse official event chain from official 2026-10-02 anchor,RECONSTRUCTED_OFFICIAL_REVIEW_DELTA_VALIDATED,official_2026_interim_events.csv
NIFTYMICROCAP250,SANDUMA,2026-03-30,reverse official event chain from official 2026-10-02 anchor,RECONSTRUCTED_OFFICIAL_REVIEW_DELTA_VALIDATED,official_2026_interim_events.csv
NIFTYMICROCAP250,SANSERA,2026-03-30,reverse official event chain from official 2026-10-02 anchor,RECONSTRUCTED_OFFICIAL_REVIEW_DELTA_VALIDATED,official_2026_interim_events.csv
NIFTYMICROCAP250,SENCO,2026-03-30,reverse official event chain from official 2026-10-02 anchor,RECONSTRUCTED_OFFICIAL_REVIEW_DELTA_VALIDATED,official_2026_interim_events.csv
NIFTYMICROCAP250,SFL,2026-03-30,reverse official event chain from official 2026-10-02 anchor,RECONSTRUCTED_OFFICIAL_REVIEW_DELTA_VALIDATED,official_2026_interim_events.csv
NIFTYMICROCAP250,SHAILY,2026-03-30,reverse official event chain from official 2026-10-02 anchor,RECONSTRUCTED_OFFICIAL_REVIEW_DELTA_VALIDATED,official_2026_interim_events.csv
NIFTYMICROCAP250,SHAKTIPUMP,2026-03-30,reverse official event chain from official 2026-10-02 anchor,RECONSTRUCTED_OFFICIAL_REVIEW_DELTA_VALIDATED,official_2026_interim_events.csv
NIFTYMICROCAP250,SHARDACROP,2026-03-30,reverse official event chain from official 2026-10-02 anchor,RECONSTRUCTED_OFFICIAL_REVIEW_DELTA_VALIDATED,official_2026_interim_events.csv
NIFTYMICROCAP250,SHAREINDIA,2026-03-30,reverse official event chain from official 2026-10-02 anchor,RECONSTRUCTED_OFFICIAL_REVIEW_DELTA_VALIDATED,official_2026_interim_events.csv
NIFTYMICROCAP250,SHILPAMED,2026-03-30,reverse official event chain from official 2026-10-02 anchor,RECONSTRUCTED_OFFICIAL_REVIEW_DELTA_VALIDATED,official_2026_interim_events.csv
NIFTYMICROCAP250,SHRIPISTON,2026-03-30,reverse official event chain from official 2026-10-02 anchor,RECONSTRUCTED_OFFICIAL_REVIEW_DELTA_VALIDATED,official_2026_interim_events.csv
NIFTYMICROCAP250,SKFINDIA,2026-03-30,reverse official event chain from official 2026-10-02 anchor,RECONSTRUCTED_OFFICIAL_REVIEW_DELTA_VALIDATED,official_2026_interim_events.csv
NIFTYMICROCAP250,SKFINDUS,2026-03-30,reverse official event chain from official 2026-10-02 anchor,RECONSTRUCTED_OFFICIAL_REVIEW_DELTA_VALIDATED,official_2026_interim_events.csv
NIFTYMICROCAP250,SKIPPER,2026-03-30,reverse official event chain from official 2026-10-02 anchor,RECONSTRUCTED_OFFICIAL_REVIEW_DELTA_VALIDATED,official_2026_interim_events.csv
NIFTYMICROCAP250,SKYGOLD,2026-03-30,reverse official event chain from official 2026-10-02 anchor,RECONSTRUCTED_OFFICIAL_REVIEW_DELTA_VALIDATED,official_2026_interim_events.csv
NIFTYMICROCAP250,SMARTWORKS,2026-03-30,reverse official event chain from official 2026-10-02 anchor,RECONSTRUCTED_OFFICIAL_REVIEW_DELTA_VALIDATED,official_2026_interim_events.csv
NIFTYMICROCAP250,SMLMAH,2026-03-30,reverse official event chain from official 2026-10-02 anchor,RECONSTRUCTED_OFFICIAL_REVIEW_DELTA_VALIDATED,official_2026_interim_events.csv
NIFTYMICROCAP250,SOUTHBANK,2026-03-30,reverse official event chain from official 2026-10-02 anchor,RECONSTRUCTED_OFFICIAL_REVIEW_DELTA_VALIDATED,official_2026_interim_events.csv
NIFTYMICROCAP250,SPARC,2026-03-30,reverse official event chain from official 2026-10-02 anchor,RECONSTRUCTED_OFFICIAL_REVIEW_DELTA_VALIDATED,official_2026_interim_events.csv
NIFTYMICROCAP250,STAR,2026-03-30,reverse official event chain from official 2026-10-02 anchor,RECONSTRUCTED_OFFICIAL_REVIEW_DELTA_VALIDATED,official_2026_interim_events.csv
NIFTYMICROCAP250,STARCEMENT,2026-03-30,reverse official event chain from official 2026-10-02 anchor,RECONSTRUCTED_OFFICIAL_REVIEW_DELTA_VALIDATED,official_2026_interim_events.csv
NIFTYMICROCAP250,STLTECH,2026-03-30,reverse official event chain from official 2026-10-02 anchor,RECONSTRUCTED_OFFICIAL_REVIEW_DELTA_VALIDATED,official_2026_interim_events.csv
NIFTYMICROCAP250,STYL,2026-03-30,reverse official event chain from official 2026-10-02 anchor,RECONSTRUCTED_OFFICIAL_REVIEW_DELTA_VALIDATED,official_2026_interim_events.csv
NIFTYMICROCAP250,STYRENIX,2026-03-30,reverse official event chain from official 2026-10-02 anchor,RECONSTRUCTED_OFFICIAL_REVIEW_DELTA_VALIDATED,official_2026_interim_events.csv
NIFTYMICROCAP250,SUBROS,2026-03-30,reverse official event chain from official 2026-10-02 anchor,RECONSTRUCTED_OFFICIAL_REVIEW_DELTA_VALIDATED,official_2026_interim_events.csv
NIFTYMICROCAP250,SUDARSCHEM,2026-03-30,reverse official event chain from official 2026-10-02 anchor,RECONSTRUCTED_OFFICIAL_REVIEW_DELTA_VALIDATED,official_2026_interim_events.csv
NIFTYMICROCAP250,SUDEEPPHRM,2026-03-30,reverse official event chain from official 2026-10-02 anchor,RECONSTRUCTED_OFFICIAL_REVIEW_DELTA_VALIDATED,official_2026_interim_events.csv
NIFTYMICROCAP250,SUNTECK,2026-03-30,reverse official event chain from official 2026-10-02 anchor,RECONSTRUCTED_OFFICIAL_REVIEW_DELTA_VALIDATED,official_2026_interim_events.csv
NIFTYMICROCAP250,SUPRIYA,2026-03-30,reverse official event chain from official 2026-10-02 anchor,RECONSTRUCTED_OFFICIAL_REVIEW_DELTA_VALIDATED,official_2026_interim_events.csv
NIFTYMICROCAP250,SURYAROSNI,2026-03-30,reverse official event chain from official 2026-10-02 anchor,RECONSTRUCTED_OFFICIAL_REVIEW_DELTA_VALIDATED,official_2026_interim_events.csv
NIFTYMICROCAP250,SWSOLAR,2026-03-30,reverse official event chain from official 2026-10-02 anchor,RECONSTRUCTED_OFFICIAL_REVIEW_DELTA_VALIDATED,official_2026_interim_events.csv
NIFTYMICROCAP250,TANLA,2026-03-30,reverse official event chain from official 2026-10-02 anchor,RECONSTRUCTED_OFFICIAL_REVIEW_DELTA_VALIDATED,official_2026_interim_events.csv
NIFTYMICROCAP250,TARC,2026-03-30,reverse official event chain from official 2026-10-02 anchor,RECONSTRUCTED_OFFICIAL_REVIEW_DELTA_VALIDATED,official_2026_interim_events.csv
NIFTYMICROCAP250,TDPOWERSYS,2026-03-30,reverse official event chain from official 2026-10-02 anchor,RECONSTRUCTED_OFFICIAL_REVIEW_DELTA_VALIDATED,official_2026_interim_events.csv
NIFTYMICROCAP250,TEXRAIL,2026-03-30,reverse official event chain from official 2026-10-02 anchor,RECONSTRUCTED_OFFICIAL_REVIEW_DELTA_VALIDATED,official_2026_interim_events.csv
NIFTYMICROCAP250,THANGAMAYL,2026-03-30,reverse official event chain from official 2026-10-02 anchor,RECONSTRUCTED_OFFICIAL_REVIEW_DELTA_VALIDATED,official_2026_interim_events.csv
NIFTYMICROCAP250,THOMASCOOK,2026-03-30,reverse official event chain from official 2026-10-02 anchor,RECONSTRUCTED_OFFICIAL_REVIEW_DELTA_VALIDATED,official_2026_interim_events.csv
NIFTYMICROCAP250,THYROCARE,2026-03-30,reverse official event chain from official 2026-10-02 anchor,RECONSTRUCTED_OFFICIAL_REVIEW_DELTA_VALIDATED,official_2026_interim_events.csv
NIFTYMICROCAP250,TI,2026-03-30,reverse official event chain from official 2026-10-02 anchor,RECONSTRUCTED_OFFICIAL_REVIEW_DELTA_VALIDATED,official_2026_interim_events.csv
NIFTYMICROCAP250,TIMETECHNO,2026-03-30,reverse official event chain from official 2026-10-02 anchor,RECONSTRUCTED_OFFICIAL_REVIEW_DELTA_VALIDATED,official_2026_interim_events.csv
NIFTYMICROCAP250,TIPSMUSIC,2026-03-30,reverse official event chain from official 2026-10-02 anchor,RECONSTRUCTED_OFFICIAL_REVIEW_DELTA_VALIDATED,official_2026_interim_events.csv
NIFTYMICROCAP250,TMB,2026-03-30,reverse official event chain from official 2026-10-02 anchor,RECONSTRUCTED_OFFICIAL_REVIEW_DELTA_VALIDATED,official_2026_interim_events.csv
NIFTYMICROCAP250,TRANSRAILL,2026-03-30,reverse official event chain from official 2026-10-02 anchor,RECONSTRUCTED_OFFICIAL_REVIEW_DELTA_VALIDATED,official_2026_interim_events.csv
NIFTYMICROCAP250,TRIVENI,2026-03-30,reverse official event chain from official 2026-10-02 anchor,RECONSTRUCTED_OFFICIAL_REVIEW_DELTA_VALIDATED,official_2026_interim_events.csv
NIFTYMICROCAP250,TSFINV,2026-03-30,reverse official event chain from official 2026-10-02 anchor,RECONSTRUCTED_OFFICIAL_REVIEW_DELTA_VALIDATED,official_2026_interim_events.csv
NIFTYMICROCAP250,TVSSCS,2026-03-30,reverse official event chain from official 2026-10-02 anchor,RECONSTRUCTED_OFFICIAL_REVIEW_DELTA_VALIDATED,official_2026_interim_events.csv
NIFTYMICROCAP250,UJJIVANSFB,2026-03-30,reverse official event chain from official 2026-10-02 anchor,RECONSTRUCTED_OFFICIAL_REVIEW_DELTA_VALIDATED,official_2026_interim_events.csv
NIFTYMICROCAP250,UTLSOLAR,2026-03-30,reverse official event chain from official 2026-10-02 anchor,RECONSTRUCTED_OFFICIAL_REVIEW_DELTA_VALIDATED,official_2026_interim_events.csv
NIFTYMICROCAP250,V2RETAIL,2026-03-30,reverse official event chain from official 2026-10-02 anchor,RECONSTRUCTED_OFFICIAL_REVIEW_DELTA_VALIDATED,official_2026_interim_events.csv
NIFTYMICROCAP250,VAIBHAVGBL,2026-03-30,reverse official event chain from official 2026-10-02 anchor,RECONSTRUCTED_OFFICIAL_REVIEW_DELTA_VALIDATED,official_2026_interim_events.csv
NIFTYMICROCAP250,VARROC,2026-03-30,reverse official event chain from official 2026-10-02 anchor,RECONSTRUCTED_OFFICIAL_REVIEW_DELTA_VALIDATED,official_2026_interim_events.csv
NIFTYMICROCAP250,VGUARD,2026-03-30,reverse official event chain from official 2026-10-02 anchor,RECONSTRUCTED_OFFICIAL_REVIEW_DELTA_VALIDATED,official_2026_interim_events.csv
NIFTYMICROCAP250,VIKRAMSOLR,2026-03-30,reverse official event chain from official 2026-10-02 anchor,RECONSTRUCTED_OFFICIAL_REVIEW_DELTA_VALIDATED,official_2026_interim_events.csv
NIFTYMICROCAP250,VIPIND,2026-03-30,reverse official event chain from official 2026-10-02 anchor,RECONSTRUCTED_OFFICIAL_REVIEW_DELTA_VALIDATED,official_2026_interim_events.csv
NIFTYMICROCAP250,VIYASH,2026-03-30,reverse official event chain from official 2026-10-02 anchor,RECONSTRUCTED_OFFICIAL_REVIEW_DELTA_VALIDATED,official_2026_interim_events.csv
NIFTYMICROCAP250,VMART,2026-03-30,reverse official event chain from official 2026-10-02 anchor,RECONSTRUCTED_OFFICIAL_REVIEW_DELTA_VALIDATED,official_2026_interim_events.csv
NIFTYMICROCAP250,VOLTAMP,2026-03-30,reverse official event chain from official 2026-10-02 anchor,RECONSTRUCTED_OFFICIAL_REVIEW_DELTA_VALIDATED,official_2026_interim_events.csv
NIFTYMICROCAP250,WAAREERTL,2026-03-30,reverse official event chain from official 2026-10-02 anchor,RECONSTRUCTED_OFFICIAL_REVIEW_DELTA_VALIDATED,official_2026_interim_events.csv
NIFTYMICROCAP250,WABAG,2026-03-30,reverse official event chain from official 2026-10-02 anchor,RECONSTRUCTED_OFFICIAL_REVIEW_DELTA_VALIDATED,official_2026_interim_events.csv
NIFTYMICROCAP250,WAKEFIT,2026-03-30,reverse official event chain from official 2026-10-02 anchor,RECONSTRUCTED_OFFICIAL_REVIEW_DELTA_VALIDATED,official_2026_interim_events.csv
NIFTYMICROCAP250,WEBELSOLAR,2026-03-30,reverse official event chain from official 2026-10-02 anchor,RECONSTRUCTED_OFFICIAL_REVIEW_DELTA_VALIDATED,official_2026_interim_events.csv
NIFTYMICROCAP250,WELENT,2026-03-30,reverse official event chain from official 2026-10-02 anchor,RECONSTRUCTED_OFFICIAL_REVIEW_DELTA_VALIDATED,official_2026_interim_events.csv
NIFTYMICROCAP250,WESTLIFE,2026-03-30,reverse official event chain from official 2026-10-02 anchor,RECONSTRUCTED_OFFICIAL_REVIEW_DELTA_VALIDATED,official_2026_interim_events.csv
NIFTYMICROCAP250,WEWORK,2026-03-30,reverse official event chain from official 2026-10-02 anchor,RECONSTRUCTED_OFFICIAL_REVIEW_DELTA_VALIDATED,official_2026_interim_events.csv
NIFTYMICROCAP250,YATHARTH,2026-03-30,reverse official event chain from official 2026-10-02 anchor,RECONSTRUCTED_OFFICIAL_REVIEW_DELTA_VALIDATED,official_2026_interim_events.csv
NIFTYMICROCAP250,ZAGGLE,2026-03-30,reverse official event chain from official 2026-10-02 anchor,RECONSTRUCTED_OFFICIAL_REVIEW_DELTA_VALIDATED,official_2026_interim_events.csv
NIFTYMIDCAP150,360ONE,2026-03-30,reverse official event chain from official 2026-10-02 anchor,RECONSTRUCTED_OFFICIAL_REVIEW_DELTA_VALIDATED,official_2026_interim_events.csv
NIFTYMIDCAP150,3MINDIA,2026-03-30,reverse official event chain from official 2026-10-02 anchor,RECONSTRUCTED_OFFICIAL_REVIEW_DELTA_VALIDATED,official_2026_interim_events.csv
NIFTYMIDCAP150,ABBOTINDIA,2026-03-30,reverse official event chain from official 2026-10-02 anchor,RECONSTRUCTED_OFFICIAL_REVIEW_DELTA_VALIDATED,official_2026_interim_events.csv
NIFTYMIDCAP150,ABCAPITAL,2026-03-30,reverse official event chain from official 2026-10-02 anchor,RECONSTRUCTED_OFFICIAL_REVIEW_DELTA_VALIDATED,official_2026_interim_events.csv
NIFTYMIDCAP150,ACC,2026-03-30,reverse official event chain from official 2026-10-02 anchor,RECONSTRUCTED_OFFICIAL_REVIEW_DELTA_VALIDATED,official_2026_interim_events.csv
NIFTYMIDCAP150,AIAENG,2026-03-30,reverse official event chain from official 2026-10-02 anchor,RECONSTRUCTED_OFFICIAL_REVIEW_DELTA_VALIDATED,official_2026_interim_events.csv
NIFTYMIDCAP150,AIIL,2026-03-30,reverse official event chain from official 2026-10-02 anchor,RECONSTRUCTED_OFFICIAL_REVIEW_DELTA_VALIDATED,official_2026_interim_events.csv
NIFTYMIDCAP150,AJANTPHARM,2026-03-30,reverse official event chain from official 2026-10-02 anchor,RECONSTRUCTED_OFFICIAL_REVIEW_DELTA_VALIDATED,official_2026_interim_events.csv
NIFTYMIDCAP150,ALKEM,2026-03-30,reverse official event chain from official 2026-10-02 anchor,RECONSTRUCTED_OFFICIAL_REVIEW_DELTA_VALIDATED,official_2026_interim_events.csv
NIFTYMIDCAP150,ANTHEM,2026-03-30,reverse official event chain from official 2026-10-02 anchor,RECONSTRUCTED_OFFICIAL_REVIEW_DELTA_VALIDATED,official_2026_interim_events.csv
NIFTYMIDCAP150,APARINDS,2026-03-30,reverse official event chain from official 2026-10-02 anchor,RECONSTRUCTED_OFFICIAL_REVIEW_DELTA_VALIDATED,official_2026_interim_events.csv
NIFTYMIDCAP150,APLAPOLLO,2026-03-30,reverse official event chain from official 2026-10-02 anchor,RECONSTRUCTED_OFFICIAL_REVIEW_DELTA_VALIDATED,official_2026_interim_events.csv
NIFTYMIDCAP150,APOLLOTYRE,2026-03-30,reverse official event chain from official 2026-10-02 anchor,RECONSTRUCTED_OFFICIAL_REVIEW_DELTA_VALIDATED,official_2026_interim_events.csv
NIFTYMIDCAP150,ASHOKLEY,2026-03-30,reverse official event chain from official 2026-10-02 anchor,RECONSTRUCTED_OFFICIAL_REVIEW_DELTA_VALIDATED,official_2026_interim_events.csv
NIFTYMIDCAP150,ASTRAL,2026-03-30,reverse official event chain from official 2026-10-02 anchor,RECONSTRUCTED_OFFICIAL_REVIEW_DELTA_VALIDATED,official_2026_interim_events.csv
NIFTYMIDCAP150,ATGL,2026-03-30,reverse official event chain from official 2026-10-02 anchor,RECONSTRUCTED_OFFICIAL_REVIEW_DELTA_VALIDATED,official_2026_interim_events.csv
NIFTYMIDCAP150,AUBANK,2026-03-30,reverse official event chain from official 2026-10-02 anchor,RECONSTRUCTED_OFFICIAL_REVIEW_DELTA_VALIDATED,official_2026_interim_events.csv
NIFTYMIDCAP150,AUROPHARMA,2026-03-30,reverse official event chain from official 2026-10-02 anchor,RECONSTRUCTED_OFFICIAL_REVIEW_DELTA_VALIDATED,official_2026_interim_events.csv
NIFTYMIDCAP150,AWL,2026-03-30,reverse official event chain from official 2026-10-02 anchor,RECONSTRUCTED_OFFICIAL_REVIEW_DELTA_VALIDATED,official_2026_interim_events.csv
NIFTYMIDCAP150,BAJAJHFL,2026-03-30,reverse official event chain from official 2026-10-02 anchor,RECONSTRUCTED_OFFICIAL_REVIEW_DELTA_VALIDATED,official_2026_interim_events.csv
NIFTYMIDCAP150,BALKRISIND,2026-03-30,reverse official event chain from official 2026-10-02 anchor,RECONSTRUCTED_OFFICIAL_REVIEW_DELTA_VALIDATED,official_2026_interim_events.csv
NIFTYMIDCAP150,BANKINDIA,2026-03-30,reverse official event chain from official 2026-10-02 anchor,RECONSTRUCTED_OFFICIAL_REVIEW_DELTA_VALIDATED,official_2026_interim_events.csv
NIFTYMIDCAP150,BDL,2026-03-30,reverse official event chain from official 2026-10-02 anchor,RECONSTRUCTED_OFFICIAL_REVIEW_DELTA_VALIDATED,official_2026_interim_events.csv
NIFTYMIDCAP150,BERGEPAINT,2026-03-30,reverse official event chain from official 2026-10-02 anchor,RECONSTRUCTED_OFFICIAL_REVIEW_DELTA_VALIDATED,official_2026_interim_events.csv
NIFTYMIDCAP150,BHARATFORG,2026-03-30,reverse official event chain from official 2026-10-02 anchor,RECONSTRUCTED_OFFICIAL_REVIEW_DELTA_VALIDATED,official_2026_interim_events.csv
NIFTYMIDCAP150,BHARTIHEXA,2026-03-30,reverse official event chain from official 2026-10-02 anchor,RECONSTRUCTED_OFFICIAL_REVIEW_DELTA_VALIDATED,official_2026_interim_events.csv
NIFTYMIDCAP150,BHEL,2026-03-30,reverse official event chain from official 2026-10-02 anchor,RECONSTRUCTED_OFFICIAL_REVIEW_DELTA_VALIDATED,official_2026_interim_events.csv
NIFTYMIDCAP150,BIOCON,2026-03-30,reverse official event chain from official 2026-10-02 anchor,RECONSTRUCTED_OFFICIAL_REVIEW_DELTA_VALIDATED,official_2026_interim_events.csv
NIFTYMIDCAP150,BLUESTARCO,2026-03-30,reverse official event chain from official 2026-10-02 anchor,RECONSTRUCTED_OFFICIAL_REVIEW_DELTA_VALIDATED,official_2026_interim_events.csv
NIFTYMIDCAP150,BSE,2026-03-30,reverse official event chain from official 2026-10-02 anchor,RECONSTRUCTED_OFFICIAL_REVIEW_DELTA_VALIDATED,official_2026_interim_events.csv
NIFTYMIDCAP150,COCHINSHIP,2026-03-30,reverse official event chain from official 2026-10-02 anchor,RECONSTRUCTED_OFFICIAL_REVIEW_DELTA_VALIDATED,official_2026_interim_events.csv
NIFTYMIDCAP150,COFORGE,2026-03-30,reverse official event chain from official 2026-10-02 anchor,RECONSTRUCTED_OFFICIAL_REVIEW_DELTA_VALIDATED,official_2026_interim_events.csv
NIFTYMIDCAP150,COLPAL,2026-03-30,reverse official event chain from official 2026-10-02 anchor,RECONSTRUCTED_OFFICIAL_REVIEW_DELTA_VALIDATED,official_2026_interim_events.csv
NIFTYMIDCAP150,CONCOR,2026-03-30,reverse official event chain from official 2026-10-02 anchor,RECONSTRUCTED_OFFICIAL_REVIEW_DELTA_VALIDATED,official_2026_interim_events.csv
NIFTYMIDCAP150,COROMANDEL,2026-03-30,reverse official event chain from official 2026-10-02 anchor,RECONSTRUCTED_OFFICIAL_REVIEW_DELTA_VALIDATED,official_2026_interim_events.csv
NIFTYMIDCAP150,CRISIL,2026-03-30,reverse official event chain from official 2026-10-02 anchor,RECONSTRUCTED_OFFICIAL_REVIEW_DELTA_VALIDATED,official_2026_interim_events.csv
NIFTYMIDCAP150,DABUR,2026-03-30,reverse official event chain from official 2026-10-02 anchor,RECONSTRUCTED_OFFICIAL_REVIEW_DELTA_VALIDATED,official_2026_interim_events.csv
NIFTYMIDCAP150,DALBHARAT,2026-03-30,reverse official event chain from official 2026-10-02 anchor,RECONSTRUCTED_OFFICIAL_REVIEW_DELTA_VALIDATED,official_2026_interim_events.csv
NIFTYMIDCAP150,DIXON,2026-03-30,reverse official event chain from official 2026-10-02 anchor,RECONSTRUCTED_OFFICIAL_REVIEW_DELTA_VALIDATED,official_2026_interim_events.csv
NIFTYMIDCAP150,ENDURANCE,2026-03-30,reverse official event chain from official 2026-10-02 anchor,RECONSTRUCTED_OFFICIAL_REVIEW_DELTA_VALIDATED,official_2026_interim_events.csv
NIFTYMIDCAP150,ESCORTS,2026-03-30,reverse official event chain from official 2026-10-02 anchor,RECONSTRUCTED_OFFICIAL_REVIEW_DELTA_VALIDATED,official_2026_interim_events.csv
NIFTYMIDCAP150,EXIDEIND,2026-03-30,reverse official event chain from official 2026-10-02 anchor,RECONSTRUCTED_OFFICIAL_REVIEW_DELTA_VALIDATED,official_2026_interim_events.csv
NIFTYMIDCAP150,FEDERALBNK,2026-03-30,reverse official event chain from official 2026-10-02 anchor,RECONSTRUCTED_OFFICIAL_REVIEW_DELTA_VALIDATED,official_2026_interim_events.csv
NIFTYMIDCAP150,FLUOROCHEM,2026-03-30,reverse official event chain from official 2026-10-02 anchor,RECONSTRUCTED_OFFICIAL_REVIEW_DELTA_VALIDATED,official_2026_interim_events.csv
NIFTYMIDCAP150,FORTIS,2026-03-30,reverse official event chain from official 2026-10-02 anchor,RECONSTRUCTED_OFFICIAL_REVIEW_DELTA_VALIDATED,official_2026_interim_events.csv
NIFTYMIDCAP150,GICRE,2026-03-30,reverse official event chain from official 2026-10-02 anchor,RECONSTRUCTED_OFFICIAL_REVIEW_DELTA_VALIDATED,official_2026_interim_events.csv
NIFTYMIDCAP150,GLAXO,2026-03-30,reverse official event chain from official 2026-10-02 anchor,RECONSTRUCTED_OFFICIAL_REVIEW_DELTA_VALIDATED,official_2026_interim_events.csv
NIFTYMIDCAP150,GLENMARK,2026-03-30,reverse official event chain from official 2026-10-02 anchor,RECONSTRUCTED_OFFICIAL_REVIEW_DELTA_VALIDATED,official_2026_interim_events.csv
NIFTYMIDCAP150,GMRAIRPORT,2026-03-30,reverse official event chain from official 2026-10-02 anchor,RECONSTRUCTED_OFFICIAL_REVIEW_DELTA_VALIDATED,official_2026_interim_events.csv
NIFTYMIDCAP150,GODFRYPHLP,2026-03-30,reverse official event chain from official 2026-10-02 anchor,RECONSTRUCTED_OFFICIAL_REVIEW_DELTA_VALIDATED,official_2026_interim_events.csv
NIFTYMIDCAP150,GODREJIND,2026-03-30,reverse official event chain from official 2026-10-02 anchor,RECONSTRUCTED_OFFICIAL_REVIEW_DELTA_VALIDATED,official_2026_interim_events.csv
NIFTYMIDCAP150,GODREJPROP,2026-03-30,reverse official event chain from official 2026-10-02 anchor,RECONSTRUCTED_OFFICIAL_REVIEW_DELTA_VALIDATED,official_2026_interim_events.csv
NIFTYMIDCAP150,GROWW,2026-03-30,reverse official event chain from official 2026-10-02 anchor,RECONSTRUCTED_OFFICIAL_REVIEW_DELTA_VALIDATED,official_2026_interim_events.csv
NIFTYMIDCAP150,GVT&D,2026-03-30,reverse official event chain from official 2026-10-02 anchor,RECONSTRUCTED_OFFICIAL_REVIEW_DELTA_VALIDATED,official_2026_interim_events.csv
NIFTYMIDCAP150,HAVELLS,2026-03-30,reverse official event chain from official 2026-10-02 anchor,RECONSTRUCTED_OFFICIAL_REVIEW_DELTA_VALIDATED,official_2026_interim_events.csv
NIFTYMIDCAP150,HDBFS,2026-03-30,reverse official event chain from official 2026-10-02 anchor,RECONSTRUCTED_OFFICIAL_REVIEW_DELTA_VALIDATED,official_2026_interim_events.csv
NIFTYMIDCAP150,HEROMOTOCO,2026-03-30,reverse official event chain from official 2026-10-02 anchor,RECONSTRUCTED_OFFICIAL_REVIEW_DELTA_VALIDATED,official_2026_interim_events.csv
NIFTYMIDCAP150,HEXT,2026-03-30,reverse official event chain from official 2026-10-02 anchor,RECONSTRUCTED_OFFICIAL_REVIEW_DELTA_VALIDATED,official_2026_interim_events.csv
NIFTYMIDCAP150,HINDPETRO,2026-03-30,reverse official event chain from official 2026-10-02 anchor,RECONSTRUCTED_OFFICIAL_REVIEW_DELTA_VALIDATED,official_2026_interim_events.csv
NIFTYMIDCAP150,HONAUT,2026-03-30,reverse official event chain from official 2026-10-02 anchor,RECONSTRUCTED_OFFICIAL_REVIEW_DELTA_VALIDATED,official_2026_interim_events.csv
NIFTYMIDCAP150,HUDCO,2026-03-30,reverse official event chain from official 2026-10-02 anchor,RECONSTRUCTED_OFFICIAL_REVIEW_DELTA_VALIDATED,official_2026_interim_events.csv
NIFTYMIDCAP150,ICICIAMC,2026-03-30,reverse official event chain from official 2026-10-02 anchor,RECONSTRUCTED_OFFICIAL_REVIEW_DELTA_VALIDATED,official_2026_interim_events.csv
NIFTYMIDCAP150,ICICIGI,2026-03-30,reverse official event chain from official 2026-10-02 anchor,RECONSTRUCTED_OFFICIAL_REVIEW_DELTA_VALIDATED,official_2026_interim_events.csv
NIFTYMIDCAP150,ICICIPRULI,2026-03-30,reverse official event chain from official 2026-10-02 anchor,RECONSTRUCTED_OFFICIAL_REVIEW_DELTA_VALIDATED,official_2026_interim_events.csv
NIFTYMIDCAP150,IDEA,2026-03-30,reverse official event chain from official 2026-10-02 anchor,RECONSTRUCTED_OFFICIAL_REVIEW_DELTA_VALIDATED,official_2026_interim_events.csv
NIFTYMIDCAP150,IDFCFIRSTB,2026-03-30,reverse official event chain from official 2026-10-02 anchor,RECONSTRUCTED_OFFICIAL_REVIEW_DELTA_VALIDATED,official_2026_interim_events.csv
NIFTYMIDCAP150,INDIANB,2026-03-30,reverse official event chain from official 2026-10-02 anchor,RECONSTRUCTED_OFFICIAL_REVIEW_DELTA_VALIDATED,official_2026_interim_events.csv
NIFTYMIDCAP150,INDUSINDBK,2026-03-30,reverse official event chain from official 2026-10-02 anchor,RECONSTRUCTED_OFFICIAL_REVIEW_DELTA_VALIDATED,official_2026_interim_events.csv
NIFTYMIDCAP150,INDUSTOWER,2026-03-30,reverse official event chain from official 2026-10-02 anchor,RECONSTRUCTED_OFFICIAL_REVIEW_DELTA_VALIDATED,official_2026_interim_events.csv
NIFTYMIDCAP150,IPCALAB,2026-03-30,reverse official event chain from official 2026-10-02 anchor,RECONSTRUCTED_OFFICIAL_REVIEW_DELTA_VALIDATED,official_2026_interim_events.csv
NIFTYMIDCAP150,IRCTC,2026-03-30,reverse official event chain from official 2026-10-02 anchor,RECONSTRUCTED_OFFICIAL_REVIEW_DELTA_VALIDATED,official_2026_interim_events.csv
NIFTYMIDCAP150,IREDA,2026-03-30,reverse official event chain from official 2026-10-02 anchor,RECONSTRUCTED_OFFICIAL_REVIEW_DELTA_VALIDATED,official_2026_interim_events.csv
NIFTYMIDCAP150,ITCHOTELS,2026-03-30,reverse official event chain from official 2026-10-02 anchor,RECONSTRUCTED_OFFICIAL_REVIEW_DELTA_VALIDATED,official_2026_interim_events.csv
NIFTYMIDCAP150,JKCEMENT,2026-03-30,reverse official event chain from official 2026-10-02 anchor,RECONSTRUCTED_OFFICIAL_REVIEW_DELTA_VALIDATED,official_2026_interim_events.csv
NIFTYMIDCAP150,JSL,2026-03-30,reverse official event chain from official 2026-10-02 anchor,RECONSTRUCTED_OFFICIAL_REVIEW_DELTA_VALIDATED,official_2026_interim_events.csv
NIFTYMIDCAP150,JSWENERGY,2026-03-30,reverse official event chain from official 2026-10-02 anchor,RECONSTRUCTED_OFFICIAL_REVIEW_DELTA_VALIDATED,official_2026_interim_events.csv
NIFTYMIDCAP150,JSWINFRA,2026-03-30,reverse official event chain from official 2026-10-02 anchor,RECONSTRUCTED_OFFICIAL_REVIEW_DELTA_VALIDATED,official_2026_interim_events.csv
NIFTYMIDCAP150,JUBLFOOD,2026-03-30,reverse official event chain from official 2026-10-02 anchor,RECONSTRUCTED_OFFICIAL_REVIEW_DELTA_VALIDATED,official_2026_interim_events.csv
NIFTYMIDCAP150,KALYANKJIL,2026-03-30,reverse official event chain from official 2026-10-02 anchor,RECONSTRUCTED_OFFICIAL_REVIEW_DELTA_VALIDATED,official_2026_interim_events.csv
NIFTYMIDCAP150,KEI,2026-03-30,reverse official event chain from official 2026-10-02 anchor,RECONSTRUCTED_OFFICIAL_REVIEW_DELTA_VALIDATED,official_2026_interim_events.csv
NIFTYMIDCAP150,KPITTECH,2026-03-30,reverse official event chain from official 2026-10-02 anchor,RECONSTRUCTED_OFFICIAL_REVIEW_DELTA_VALIDATED,official_2026_interim_events.csv
NIFTYMIDCAP150,KPRMILL,2026-03-30,reverse official event chain from official 2026-10-02 anchor,RECONSTRUCTED_OFFICIAL_REVIEW_DELTA_VALIDATED,official_2026_interim_events.csv
NIFTYMIDCAP150,LAURUSLABS,2026-03-30,reverse official event chain from official 2026-10-02 anchor,RECONSTRUCTED_OFFICIAL_REVIEW_DELTA_VALIDATED,official_2026_interim_events.csv
NIFTYMIDCAP150,LENSKART,2026-03-30,reverse official event chain from official 2026-10-02 anchor,RECONSTRUCTED_OFFICIAL_REVIEW_DELTA_VALIDATED,official_2026_interim_events.csv
NIFTYMIDCAP150,LGEINDIA,2026-03-30,reverse official event chain from official 2026-10-02 anchor,RECONSTRUCTED_OFFICIAL_REVIEW_DELTA_VALIDATED,official_2026_interim_events.csv
NIFTYMIDCAP150,LICHSGFIN,2026-03-30,reverse official event chain from official 2026-10-02 anchor,RECONSTRUCTED_OFFICIAL_REVIEW_DELTA_VALIDATED,official_2026_interim_events.csv
NIFTYMIDCAP150,LICI,2026-03-30,reverse official event chain from official 2026-10-02 anchor,RECONSTRUCTED_OFFICIAL_REVIEW_DELTA_VALIDATED,official_2026_interim_events.csv
NIFTYMIDCAP150,LINDEINDIA,2026-03-30,reverse official event chain from official 2026-10-02 anchor,RECONSTRUCTED_OFFICIAL_REVIEW_DELTA_VALIDATED,official_2026_interim_events.csv
NIFTYMIDCAP150,LLOYDSME,2026-03-30,reverse official event chain from official 2026-10-02 anchor,RECONSTRUCTED_OFFICIAL_REVIEW_DELTA_VALIDATED,official_2026_interim_events.csv
NIFTYMIDCAP150,LTF,2026-03-30,reverse official event chain from official 2026-10-02 anchor,RECONSTRUCTED_OFFICIAL_REVIEW_DELTA_VALIDATED,official_2026_interim_events.csv
NIFTYMIDCAP150,LTTS,2026-03-30,reverse official event chain from official 2026-10-02 anchor,RECONSTRUCTED_OFFICIAL_REVIEW_DELTA_VALIDATED,official_2026_interim_events.csv
NIFTYMIDCAP150,LUPIN,2026-03-30,reverse official event chain from official 2026-10-02 anchor,RECONSTRUCTED_OFFICIAL_REVIEW_DELTA_VALIDATED,official_2026_interim_events.csv
NIFTYMIDCAP150,M&MFIN,2026-03-30,reverse official event chain from official 2026-10-02 anchor,RECONSTRUCTED_OFFICIAL_REVIEW_DELTA_VALIDATED,official_2026_interim_events.csv
NIFTYMIDCAP150,MAHABANK,2026-03-30,reverse official event chain from official 2026-10-02 anchor,RECONSTRUCTED_OFFICIAL_REVIEW_DELTA_VALIDATED,official_2026_interim_events.csv
NIFTYMIDCAP150,MANKIND,2026-03-30,reverse official event chain from official 2026-10-02 anchor,RECONSTRUCTED_OFFICIAL_REVIEW_DELTA_VALIDATED,official_2026_interim_events.csv
NIFTYMIDCAP150,MARICO,2026-03-30,reverse official event chain from official 2026-10-02 anchor,RECONSTRUCTED_OFFICIAL_REVIEW_DELTA_VALIDATED,official_2026_interim_events.csv
NIFTYMIDCAP150,MCX,2026-03-30,reverse official event chain from official 2026-10-02 anchor,RECONSTRUCTED_OFFICIAL_REVIEW_DELTA_VALIDATED,official_2026_interim_events.csv
NIFTYMIDCAP150,MEDANTA,2026-03-30,reverse official event chain from official 2026-10-02 anchor,RECONSTRUCTED_OFFICIAL_REVIEW_DELTA_VALIDATED,official_2026_interim_events.csv
NIFTYMIDCAP150,MFSL,2026-03-30,reverse official event chain from official 2026-10-02 anchor,RECONSTRUCTED_OFFICIAL_REVIEW_DELTA_VALIDATED,official_2026_interim_events.csv
NIFTYMIDCAP150,MOTILALOFS,2026-03-30,reverse official event chain from official 2026-10-02 anchor,RECONSTRUCTED_OFFICIAL_REVIEW_DELTA_VALIDATED,official_2026_interim_events.csv
NIFTYMIDCAP150,MPHASIS,2026-03-30,reverse official event chain from official 2026-10-02 anchor,RECONSTRUCTED_OFFICIAL_REVIEW_DELTA_VALIDATED,official_2026_interim_events.csv
NIFTYMIDCAP150,MRF,2026-03-30,reverse official event chain from official 2026-10-02 anchor,RECONSTRUCTED_OFFICIAL_REVIEW_DELTA_VALIDATED,official_2026_interim_events.csv
NIFTYMIDCAP150,NAM-INDIA,2026-03-30,reverse official event chain from official 2026-10-02 anchor,RECONSTRUCTED_OFFICIAL_REVIEW_DELTA_VALIDATED,official_2026_interim_events.csv
NIFTYMIDCAP150,NATIONALUM,2026-03-30,reverse official event chain from official 2026-10-02 anchor,RECONSTRUCTED_OFFICIAL_REVIEW_DELTA_VALIDATED,official_2026_interim_events.csv
NIFTYMIDCAP150,NAUKRI,2026-03-30,reverse official event chain from official 2026-10-02 anchor,RECONSTRUCTED_OFFICIAL_REVIEW_DELTA_VALIDATED,official_2026_interim_events.csv
NIFTYMIDCAP150,NHPC,2026-03-30,reverse official event chain from official 2026-10-02 anchor,RECONSTRUCTED_OFFICIAL_REVIEW_DELTA_VALIDATED,official_2026_interim_events.csv
NIFTYMIDCAP150,NIACL,2026-03-30,reverse official event chain from official 2026-10-02 anchor,RECONSTRUCTED_OFFICIAL_REVIEW_DELTA_VALIDATED,official_2026_interim_events.csv
NIFTYMIDCAP150,NLCINDIA,2026-03-30,reverse official event chain from official 2026-10-02 anchor,RECONSTRUCTED_OFFICIAL_REVIEW_DELTA_VALIDATED,official_2026_interim_events.csv
NIFTYMIDCAP150,NMDC,2026-03-30,reverse official event chain from official 2026-10-02 anchor,RECONSTRUCTED_OFFICIAL_REVIEW_DELTA_VALIDATED,official_2026_interim_events.csv
NIFTYMIDCAP150,NTPCGREEN,2026-03-30,reverse official event chain from official 2026-10-02 anchor,RECONSTRUCTED_OFFICIAL_REVIEW_DELTA_VALIDATED,official_2026_interim_events.csv
NIFTYMIDCAP150,NYKAA,2026-03-30,reverse official event chain from official 2026-10-02 anchor,RECONSTRUCTED_OFFICIAL_REVIEW_DELTA_VALIDATED,official_2026_interim_events.csv
NIFTYMIDCAP150,OBEROIRLTY,2026-03-30,reverse official event chain from official 2026-10-02 anchor,RECONSTRUCTED_OFFICIAL_REVIEW_DELTA_VALIDATED,official_2026_interim_events.csv
NIFTYMIDCAP150,OFSS,2026-03-30,reverse official event chain from official 2026-10-02 anchor,RECONSTRUCTED_OFFICIAL_REVIEW_DELTA_VALIDATED,official_2026_interim_events.csv
NIFTYMIDCAP150,OIL,2026-03-30,reverse official event chain from official 2026-10-02 anchor,RECONSTRUCTED_OFFICIAL_REVIEW_DELTA_VALIDATED,official_2026_interim_events.csv
NIFTYMIDCAP150,PAGEIND,2026-03-30,reverse official event chain from official 2026-10-02 anchor,RECONSTRUCTED_OFFICIAL_REVIEW_DELTA_VALIDATED,official_2026_interim_events.csv
NIFTYMIDCAP150,PATANJALI,2026-03-30,reverse official event chain from official 2026-10-02 anchor,RECONSTRUCTED_OFFICIAL_REVIEW_DELTA_VALIDATED,official_2026_interim_events.csv
NIFTYMIDCAP150,PAYTM,2026-03-30,reverse official event chain from official 2026-10-02 anchor,RECONSTRUCTED_OFFICIAL_REVIEW_DELTA_VALIDATED,official_2026_interim_events.csv
NIFTYMIDCAP150,PERSISTENT,2026-03-30,reverse official event chain from official 2026-10-02 anchor,RECONSTRUCTED_OFFICIAL_REVIEW_DELTA_VALIDATED,official_2026_interim_events.csv
NIFTYMIDCAP150,PETRONET,2026-03-30,reverse official event chain from official 2026-10-02 anchor,RECONSTRUCTED_OFFICIAL_REVIEW_DELTA_VALIDATED,official_2026_interim_events.csv
NIFTYMIDCAP150,PHOENIXLTD,2026-03-30,reverse official event chain from official 2026-10-02 anchor,RECONSTRUCTED_OFFICIAL_REVIEW_DELTA_VALIDATED,official_2026_interim_events.csv
NIFTYMIDCAP150,PIIND,2026-03-30,reverse official event chain from official 2026-10-02 anchor,RECONSTRUCTED_OFFICIAL_REVIEW_DELTA_VALIDATED,official_2026_interim_events.csv
NIFTYMIDCAP150,POLICYBZR,2026-03-30,reverse official event chain from official 2026-10-02 anchor,RECONSTRUCTED_OFFICIAL_REVIEW_DELTA_VALIDATED,official_2026_interim_events.csv
NIFTYMIDCAP150,POLYCAB,2026-03-30,reverse official event chain from official 2026-10-02 anchor,RECONSTRUCTED_OFFICIAL_REVIEW_DELTA_VALIDATED,official_2026_interim_events.csv
NIFTYMIDCAP150,POWERINDIA,2026-03-30,reverse official event chain from official 2026-10-02 anchor,RECONSTRUCTED_OFFICIAL_REVIEW_DELTA_VALIDATED,official_2026_interim_events.csv
NIFTYMIDCAP150,PREMIERENE,2026-03-30,reverse official event chain from official 2026-10-02 anchor,RECONSTRUCTED_OFFICIAL_REVIEW_DELTA_VALIDATED,official_2026_interim_events.csv
NIFTYMIDCAP150,PRESTIGE,2026-03-30,reverse official event chain from official 2026-10-02 anchor,RECONSTRUCTED_OFFICIAL_REVIEW_DELTA_VALIDATED,official_2026_interim_events.csv
NIFTYMIDCAP150,RADICO,2026-03-30,reverse official event chain from official 2026-10-02 anchor,RECONSTRUCTED_OFFICIAL_REVIEW_DELTA_VALIDATED,official_2026_interim_events.csv
NIFTYMIDCAP150,RVNL,2026-03-30,reverse official event chain from official 2026-10-02 anchor,RECONSTRUCTED_OFFICIAL_REVIEW_DELTA_VALIDATED,official_2026_interim_events.csv
NIFTYMIDCAP150,SAIL,2026-03-30,reverse official event chain from official 2026-10-02 anchor,RECONSTRUCTED_OFFICIAL_REVIEW_DELTA_VALIDATED,official_2026_interim_events.csv
NIFTYMIDCAP150,SBICARD,2026-03-30,reverse official event chain from official 2026-10-02 anchor,RECONSTRUCTED_OFFICIAL_REVIEW_DELTA_VALIDATED,official_2026_interim_events.csv
NIFTYMIDCAP150,SCHAEFFLER,2026-03-30,reverse official event chain from official 2026-10-02 anchor,RECONSTRUCTED_OFFICIAL_REVIEW_DELTA_VALIDATED,official_2026_interim_events.csv
NIFTYMIDCAP150,SJVN,2026-03-30,reverse official event chain from official 2026-10-02 anchor,RECONSTRUCTED_OFFICIAL_REVIEW_DELTA_VALIDATED,official_2026_interim_events.csv
NIFTYMIDCAP150,SRF,2026-03-30,reverse official event chain from official 2026-10-02 anchor,RECONSTRUCTED_OFFICIAL_REVIEW_DELTA_VALIDATED,official_2026_interim_events.csv
NIFTYMIDCAP150,SUNDARMFIN,2026-03-30,reverse official event chain from official 2026-10-02 anchor,RECONSTRUCTED_OFFICIAL_REVIEW_DELTA_VALIDATED,official_2026_interim_events.csv
NIFTYMIDCAP150,SUPREMEIND,2026-03-30,reverse official event chain from official 2026-10-02 anchor,RECONSTRUCTED_OFFICIAL_REVIEW_DELTA_VALIDATED,official_2026_interim_events.csv
NIFTYMIDCAP150,SUZLON,2026-03-30,reverse official event chain from official 2026-10-02 anchor,RECONSTRUCTED_OFFICIAL_REVIEW_DELTA_VALIDATED,official_2026_interim_events.csv
NIFTYMIDCAP150,SWIGGY,2026-03-30,reverse official event chain from official 2026-10-02 anchor,RECONSTRUCTED_OFFICIAL_REVIEW_DELTA_VALIDATED,official_2026_interim_events.csv
NIFTYMIDCAP150,TATACOMM,2026-03-30,reverse official event chain from official 2026-10-02 anchor,RECONSTRUCTED_OFFICIAL_REVIEW_DELTA_VALIDATED,official_2026_interim_events.csv
NIFTYMIDCAP150,TATAELXSI,2026-03-30,reverse official event chain from official 2026-10-02 anchor,RECONSTRUCTED_OFFICIAL_REVIEW_DELTA_VALIDATED,official_2026_interim_events.csv
NIFTYMIDCAP150,TATAINVEST,2026-03-30,reverse official event chain from official 2026-10-02 anchor,RECONSTRUCTED_OFFICIAL_REVIEW_DELTA_VALIDATED,official_2026_interim_events.csv
NIFTYMIDCAP150,THERMAX,2026-03-30,reverse official event chain from official 2026-10-02 anchor,RECONSTRUCTED_OFFICIAL_REVIEW_DELTA_VALIDATED,official_2026_interim_events.csv
NIFTYMIDCAP150,TIINDIA,2026-03-30,reverse official event chain from official 2026-10-02 anchor,RECONSTRUCTED_OFFICIAL_REVIEW_DELTA_VALIDATED,official_2026_interim_events.csv
NIFTYMIDCAP150,TORNTPOWER,2026-03-30,reverse official event chain from official 2026-10-02 anchor,RECONSTRUCTED_OFFICIAL_REVIEW_DELTA_VALIDATED,official_2026_interim_events.csv
NIFTYMIDCAP150,UBL,2026-03-30,reverse official event chain from official 2026-10-02 anchor,RECONSTRUCTED_OFFICIAL_REVIEW_DELTA_VALIDATED,official_2026_interim_events.csv
NIFTYMIDCAP150,UNOMINDA,2026-03-30,reverse official event chain from official 2026-10-02 anchor,RECONSTRUCTED_OFFICIAL_REVIEW_DELTA_VALIDATED,official_2026_interim_events.csv
NIFTYMIDCAP150,UPL,2026-03-30,reverse official event chain from official 2026-10-02 anchor,RECONSTRUCTED_OFFICIAL_REVIEW_DELTA_VALIDATED,official_2026_interim_events.csv
NIFTYMIDCAP150,VMM,2026-03-30,reverse official event chain from official 2026-10-02 anchor,RECONSTRUCTED_OFFICIAL_REVIEW_DELTA_VALIDATED,official_2026_interim_events.csv
NIFTYMIDCAP150,VOLTAS,2026-03-30,reverse official event chain from official 2026-10-02 anchor,RECONSTRUCTED_OFFICIAL_REVIEW_DELTA_VALIDATED,official_2026_interim_events.csv
NIFTYMIDCAP150,WAAREEENER,2026-03-30,reverse official event chain from official 2026-10-02 anchor,RECONSTRUCTED_OFFICIAL_REVIEW_DELTA_VALIDATED,official_2026_interim_events.csv
NIFTYMIDCAP150,YESBANK,2026-03-30,reverse official event chain from official 2026-10-02 anchor,RECONSTRUCTED_OFFICIAL_REVIEW_DELTA_VALIDATED,official_2026_interim_events.csv
NIFTYNEXT50,ABB,2026-03-30,reverse official event chain from official 2026-10-02 anchor,RECONSTRUCTED_OFFICIAL_REVIEW_DELTA_VALIDATED,official_2026_interim_events.csv
NIFTYNEXT50,ADANIENSOL,2026-03-30,reverse official event chain from official 2026-10-02 anchor,RECONSTRUCTED_OFFICIAL_REVIEW_DELTA_VALIDATED,official_2026_interim_events.csv
NIFTYNEXT50,ADANIGREEN,2026-03-30,reverse official event chain from official 2026-10-02 anchor,RECONSTRUCTED_OFFICIAL_REVIEW_DELTA_VALIDATED,official_2026_interim_events.csv
NIFTYNEXT50,ADANIPOWER,2026-03-30,reverse official event chain from official 2026-10-02 anchor,RECONSTRUCTED_OFFICIAL_REVIEW_DELTA_VALIDATED,official_2026_interim_events.csv
NIFTYNEXT50,AMBUJACEM,2026-03-30,reverse official event chain from official 2026-10-02 anchor,RECONSTRUCTED_OFFICIAL_REVIEW_DELTA_VALIDATED,official_2026_interim_events.csv
NIFTYNEXT50,BAJAJHLDNG,2026-03-30,reverse official event chain from official 2026-10-02 anchor,RECONSTRUCTED_OFFICIAL_REVIEW_DELTA_VALIDATED,official_2026_interim_events.csv
NIFTYNEXT50,BANKBARODA,2026-03-30,reverse official event chain from official 2026-10-02 anchor,RECONSTRUCTED_OFFICIAL_REVIEW_DELTA_VALIDATED,official_2026_interim_events.csv
NIFTYNEXT50,BOSCHLTD,2026-03-30,reverse official event chain from official 2026-10-02 anchor,RECONSTRUCTED_OFFICIAL_REVIEW_DELTA_VALIDATED,official_2026_interim_events.csv
NIFTYNEXT50,BPCL,2026-03-30,reverse official event chain from official 2026-10-02 anchor,RECONSTRUCTED_OFFICIAL_REVIEW_DELTA_VALIDATED,official_2026_interim_events.csv
NIFTYNEXT50,BRITANNIA,2026-03-30,reverse official event chain from official 2026-10-02 anchor,RECONSTRUCTED_OFFICIAL_REVIEW_DELTA_VALIDATED,official_2026_interim_events.csv
NIFTYNEXT50,CANBK,2026-03-30,reverse official event chain from official 2026-10-02 anchor,RECONSTRUCTED_OFFICIAL_REVIEW_DELTA_VALIDATED,official_2026_interim_events.csv
NIFTYNEXT50,CGPOWER,2026-03-30,reverse official event chain from official 2026-10-02 anchor,RECONSTRUCTED_OFFICIAL_REVIEW_DELTA_VALIDATED,official_2026_interim_events.csv
NIFTYNEXT50,CHOLAFIN,2026-03-30,reverse official event chain from official 2026-10-02 anchor,RECONSTRUCTED_OFFICIAL_REVIEW_DELTA_VALIDATED,official_2026_interim_events.csv
NIFTYNEXT50,CUMMINSIND,2026-03-30,reverse official event chain from official 2026-10-02 anchor,RECONSTRUCTED_OFFICIAL_REVIEW_DELTA_VALIDATED,official_2026_interim_events.csv
NIFTYNEXT50,DIVISLAB,2026-03-30,reverse official event chain from official 2026-10-02 anchor,RECONSTRUCTED_OFFICIAL_REVIEW_DELTA_VALIDATED,official_2026_interim_events.csv
NIFTYNEXT50,DLF,2026-03-30,reverse official event chain from official 2026-10-02 anchor,RECONSTRUCTED_OFFICIAL_REVIEW_DELTA_VALIDATED,official_2026_interim_events.csv
NIFTYNEXT50,DMART,2026-03-30,reverse official event chain from official 2026-10-02 anchor,RECONSTRUCTED_OFFICIAL_REVIEW_DELTA_VALIDATED,official_2026_interim_events.csv
NIFTYNEXT50,ENRIN,2026-03-30,reverse official event chain from official 2026-10-02 anchor,RECONSTRUCTED_OFFICIAL_REVIEW_DELTA_VALIDATED,official_2026_interim_events.csv
NIFTYNEXT50,GAIL,2026-03-30,reverse official event chain from official 2026-10-02 anchor,RECONSTRUCTED_OFFICIAL_REVIEW_DELTA_VALIDATED,official_2026_interim_events.csv
NIFTYNEXT50,GODREJCP,2026-03-30,reverse official event chain from official 2026-10-02 anchor,RECONSTRUCTED_OFFICIAL_REVIEW_DELTA_VALIDATED,official_2026_interim_events.csv
NIFTYNEXT50,HAL,2026-03-30,reverse official event chain from official 2026-10-02 anchor,RECONSTRUCTED_OFFICIAL_REVIEW_DELTA_VALIDATED,official_2026_interim_events.csv
NIFTYNEXT50,HDFCAMC,2026-03-30,reverse official event chain from official 2026-10-02 anchor,RECONSTRUCTED_OFFICIAL_REVIEW_DELTA_VALIDATED,official_2026_interim_events.csv
NIFTYNEXT50,HINDZINC,2026-03-30,reverse official event chain from official 2026-10-02 anchor,RECONSTRUCTED_OFFICIAL_REVIEW_DELTA_VALIDATED,official_2026_interim_events.csv
NIFTYNEXT50,HYUNDAI,2026-03-30,reverse official event chain from official 2026-10-02 anchor,RECONSTRUCTED_OFFICIAL_REVIEW_DELTA_VALIDATED,official_2026_interim_events.csv
NIFTYNEXT50,INDHOTEL,2026-03-30,reverse official event chain from official 2026-10-02 anchor,RECONSTRUCTED_OFFICIAL_REVIEW_DELTA_VALIDATED,official_2026_interim_events.csv
NIFTYNEXT50,IOC,2026-03-30,reverse official event chain from official 2026-10-02 anchor,RECONSTRUCTED_OFFICIAL_REVIEW_DELTA_VALIDATED,official_2026_interim_events.csv
NIFTYNEXT50,IRFC,2026-03-30,reverse official event chain from official 2026-10-02 anchor,RECONSTRUCTED_OFFICIAL_REVIEW_DELTA_VALIDATED,official_2026_interim_events.csv
NIFTYNEXT50,JINDALSTEL,2026-03-30,reverse official event chain from official 2026-10-02 anchor,RECONSTRUCTED_OFFICIAL_REVIEW_DELTA_VALIDATED,official_2026_interim_events.csv
NIFTYNEXT50,LODHA,2026-03-30,reverse official event chain from official 2026-10-02 anchor,RECONSTRUCTED_OFFICIAL_REVIEW_DELTA_VALIDATED,official_2026_interim_events.csv
NIFTYNEXT50,LTM,2026-03-30,reverse official event chain from official 2026-10-02 anchor,RECONSTRUCTED_OFFICIAL_REVIEW_DELTA_VALIDATED,official_2026_interim_events.csv
NIFTYNEXT50,MAZDOCK,2026-03-30,reverse official event chain from official 2026-10-02 anchor,RECONSTRUCTED_OFFICIAL_REVIEW_DELTA_VALIDATED,official_2026_interim_events.csv
NIFTYNEXT50,MOTHERSON,2026-03-30,reverse official event chain from official 2026-10-02 anchor,RECONSTRUCTED_OFFICIAL_REVIEW_DELTA_VALIDATED,official_2026_interim_events.csv
NIFTYNEXT50,MUTHOOTFIN,2026-03-30,reverse official event chain from official 2026-10-02 anchor,RECONSTRUCTED_OFFICIAL_REVIEW_DELTA_VALIDATED,official_2026_interim_events.csv
NIFTYNEXT50,PFC,2026-03-30,reverse official event chain from official 2026-10-02 anchor,RECONSTRUCTED_OFFICIAL_REVIEW_DELTA_VALIDATED,official_2026_interim_events.csv
NIFTYNEXT50,PIDILITIND,2026-03-30,reverse official event chain from official 2026-10-02 anchor,RECONSTRUCTED_OFFICIAL_REVIEW_DELTA_VALIDATED,official_2026_interim_events.csv
NIFTYNEXT50,PNB,2026-03-30,reverse official event chain from official 2026-10-02 anchor,RECONSTRUCTED_OFFICIAL_REVIEW_DELTA_VALIDATED,official_2026_interim_events.csv
NIFTYNEXT50,RECLTD,2026-03-30,reverse official event chain from official 2026-10-02 anchor,RECONSTRUCTED_OFFICIAL_REVIEW_DELTA_VALIDATED,official_2026_interim_events.csv
NIFTYNEXT50,SHREECEM,2026-03-30,reverse official event chain from official 2026-10-02 anchor,RECONSTRUCTED_OFFICIAL_REVIEW_DELTA_VALIDATED,official_2026_interim_events.csv
NIFTYNEXT50,SIEMENS,2026-03-30,reverse official event chain from official 2026-10-02 anchor,RECONSTRUCTED_OFFICIAL_REVIEW_DELTA_VALIDATED,official_2026_interim_events.csv
NIFTYNEXT50,SOLARINDS,2026-03-30,reverse official event chain from official 2026-10-02 anchor,RECONSTRUCTED_OFFICIAL_REVIEW_DELTA_VALIDATED,official_2026_interim_events.csv
NIFTYNEXT50,TATACAP,2026-03-30,reverse official event chain from official 2026-10-02 anchor,RECONSTRUCTED_OFFICIAL_REVIEW_DELTA_VALIDATED,official_2026_interim_events.csv
NIFTYNEXT50,TATAPOWER,2026-03-30,reverse official event chain from official 2026-10-02 anchor,RECONSTRUCTED_OFFICIAL_REVIEW_DELTA_VALIDATED,official_2026_interim_events.csv
NIFTYNEXT50,TMCV,2026-03-30,reverse official event chain from official 2026-10-02 anchor,RECONSTRUCTED_OFFICIAL_REVIEW_DELTA_VALIDATED,official_2026_interim_events.csv
NIFTYNEXT50,TORNTPHARM,2026-03-30,reverse official event chain from official 2026-10-02 anchor,RECONSTRUCTED_OFFICIAL_REVIEW_DELTA_VALIDATED,official_2026_interim_events.csv
NIFTYNEXT50,TVSMOTOR,2026-03-30,reverse official event chain from official 2026-10-02 anchor,RECONSTRUCTED_OFFICIAL_REVIEW_DELTA_VALIDATED,official_2026_interim_events.csv
NIFTYNEXT50,UNIONBANK,2026-03-30,reverse official event chain from official 2026-10-02 anchor,RECONSTRUCTED_OFFICIAL_REVIEW_DELTA_VALIDATED,official_2026_interim_events.csv
NIFTYNEXT50,UNITDSPR,2026-03-30,reverse official event chain from official 2026-10-02 anchor,RECONSTRUCTED_OFFICIAL_REVIEW_DELTA_VALIDATED,official_2026_interim_events.csv
NIFTYNEXT50,VBL,2026-03-30,reverse official event chain from official 2026-10-02 anchor,RECONSTRUCTED_OFFICIAL_REVIEW_DELTA_VALIDATED,official_2026_interim_events.csv
NIFTYNEXT50,VEDL,2026-03-30,reverse official event chain from official 2026-10-02 anchor,RECONSTRUCTED_OFFICIAL_REVIEW_DELTA_VALIDATED,official_2026_interim_events.csv
NIFTYNEXT50,ZYDUSLIFE,2026-03-30,reverse official event chain from official 2026-10-02 anchor,RECONSTRUCTED_OFFICIAL_REVIEW_DELTA_VALIDATED,official_2026_interim_events.csv
NIFTYSMALLCAP250,AADHARHFC,2026-03-30,reverse official event chain from official 2026-10-02 anchor,RECONSTRUCTED_OFFICIAL_REVIEW_DELTA_VALIDATED,official_2026_interim_events.csv
NIFTYSMALLCAP250,AARTIIND,2026-03-30,reverse official event chain from official 2026-10-02 anchor,RECONSTRUCTED_OFFICIAL_REVIEW_DELTA_VALIDATED,official_2026_interim_events.csv
NIFTYSMALLCAP250,AAVAS,2026-03-30,reverse official event chain from official 2026-10-02 anchor,RECONSTRUCTED_OFFICIAL_REVIEW_DELTA_VALIDATED,official_2026_interim_events.csv
NIFTYSMALLCAP250,ABDL,2026-03-30,reverse official event chain from official 2026-10-02 anchor,RECONSTRUCTED_OFFICIAL_REVIEW_DELTA_VALIDATED,official_2026_interim_events.csv
NIFTYSMALLCAP250,ABFRL,2026-03-30,reverse official event chain from official 2026-10-02 anchor,RECONSTRUCTED_OFFICIAL_REVIEW_DELTA_VALIDATED,official_2026_interim_events.csv
NIFTYSMALLCAP250,ABLBL,2026-03-30,reverse official event chain from official 2026-10-02 anchor,RECONSTRUCTED_OFFICIAL_REVIEW_DELTA_VALIDATED,official_2026_interim_events.csv
NIFTYSMALLCAP250,ABREL,2026-03-30,reverse official event chain from official 2026-10-02 anchor,RECONSTRUCTED_OFFICIAL_REVIEW_DELTA_VALIDATED,official_2026_interim_events.csv
NIFTYSMALLCAP250,ABSLAMC,2026-03-30,reverse official event chain from official 2026-10-02 anchor,RECONSTRUCTED_OFFICIAL_REVIEW_DELTA_VALIDATED,official_2026_interim_events.csv
NIFTYSMALLCAP250,ACE,2026-03-30,reverse official event chain from official 2026-10-02 anchor,RECONSTRUCTED_OFFICIAL_REVIEW_DELTA_VALIDATED,official_2026_interim_events.csv
NIFTYSMALLCAP250,ACMESOLAR,2026-03-30,reverse official event chain from official 2026-10-02 anchor,RECONSTRUCTED_OFFICIAL_REVIEW_DELTA_VALIDATED,official_2026_interim_events.csv
NIFTYSMALLCAP250,ACUTAAS,2026-03-30,reverse official event chain from official 2026-10-02 anchor,RECONSTRUCTED_OFFICIAL_REVIEW_DELTA_VALIDATED,official_2026_interim_events.csv
NIFTYSMALLCAP250,AEGISLOG,2026-03-30,reverse official event chain from official 2026-10-02 anchor,RECONSTRUCTED_OFFICIAL_REVIEW_DELTA_VALIDATED,official_2026_interim_events.csv
NIFTYSMALLCAP250,AEGISVOPAK,2026-03-30,reverse official event chain from official 2026-10-02 anchor,RECONSTRUCTED_OFFICIAL_REVIEW_DELTA_VALIDATED,official_2026_interim_events.csv
NIFTYSMALLCAP250,AFCONS,2026-03-30,reverse official event chain from official 2026-10-02 anchor,RECONSTRUCTED_OFFICIAL_REVIEW_DELTA_VALIDATED,official_2026_interim_events.csv
NIFTYSMALLCAP250,AFFLE,2026-03-30,reverse official event chain from official 2026-10-02 anchor,RECONSTRUCTED_OFFICIAL_REVIEW_DELTA_VALIDATED,official_2026_interim_events.csv
NIFTYSMALLCAP250,AKZOINDIA,2026-03-30,reverse official event chain from official 2026-10-02 anchor,RECONSTRUCTED_OFFICIAL_REVIEW_DELTA_VALIDATED,official_2026_interim_events.csv
NIFTYSMALLCAP250,AMBER,2026-03-30,reverse official event chain from official 2026-10-02 anchor,RECONSTRUCTED_OFFICIAL_REVIEW_DELTA_VALIDATED,official_2026_interim_events.csv
NIFTYSMALLCAP250,ANANDRATHI,2026-03-30,reverse official event chain from official 2026-10-02 anchor,RECONSTRUCTED_OFFICIAL_REVIEW_DELTA_VALIDATED,official_2026_interim_events.csv
NIFTYSMALLCAP250,ANANTRAJ,2026-03-30,reverse official event chain from official 2026-10-02 anchor,RECONSTRUCTED_OFFICIAL_REVIEW_DELTA_VALIDATED,official_2026_interim_events.csv
NIFTYSMALLCAP250,ANGELONE,2026-03-30,reverse official event chain from official 2026-10-02 anchor,RECONSTRUCTED_OFFICIAL_REVIEW_DELTA_VALIDATED,official_2026_interim_events.csv
NIFTYSMALLCAP250,ANURAS,2026-03-30,reverse official event chain from official 2026-10-02 anchor,RECONSTRUCTED_OFFICIAL_REVIEW_DELTA_VALIDATED,official_2026_interim_events.csv
NIFTYSMALLCAP250,APTUS,2026-03-30,reverse official event chain from official 2026-10-02 anchor,RECONSTRUCTED_OFFICIAL_REVIEW_DELTA_VALIDATED,official_2026_interim_events.csv
NIFTYSMALLCAP250,ARE&M,2026-03-30,reverse official event chain from official 2026-10-02 anchor,RECONSTRUCTED_OFFICIAL_REVIEW_DELTA_VALIDATED,official_2026_interim_events.csv
NIFTYSMALLCAP250,ASAHIINDIA,2026-03-30,reverse official event chain from official 2026-10-02 anchor,RECONSTRUCTED_OFFICIAL_REVIEW_DELTA_VALIDATED,official_2026_interim_events.csv
NIFTYSMALLCAP250,ASTERDM,2026-03-30,reverse official event chain from official 2026-10-02 anchor,RECONSTRUCTED_OFFICIAL_REVIEW_DELTA_VALIDATED,official_2026_interim_events.csv
NIFTYSMALLCAP250,ATHERENERG,2026-03-30,reverse official event chain from official 2026-10-02 anchor,RECONSTRUCTED_OFFICIAL_REVIEW_DELTA_VALIDATED,official_2026_interim_events.csv
NIFTYSMALLCAP250,ATUL,2026-03-30,reverse official event chain from official 2026-10-02 anchor,RECONSTRUCTED_OFFICIAL_REVIEW_DELTA_VALIDATED,official_2026_interim_events.csv
NIFTYSMALLCAP250,BALRAMCHIN,2026-03-30,reverse official event chain from official 2026-10-02 anchor,RECONSTRUCTED_OFFICIAL_REVIEW_DELTA_VALIDATED,official_2026_interim_events.csv
NIFTYSMALLCAP250,BANDHANBNK,2026-03-30,reverse official event chain from official 2026-10-02 anchor,RECONSTRUCTED_OFFICIAL_REVIEW_DELTA_VALIDATED,official_2026_interim_events.csv
NIFTYSMALLCAP250,BATAINDIA,2026-03-30,reverse official event chain from official 2026-10-02 anchor,RECONSTRUCTED_OFFICIAL_REVIEW_DELTA_VALIDATED,official_2026_interim_events.csv
NIFTYSMALLCAP250,BAYERCROP,2026-03-30,reverse official event chain from official 2026-10-02 anchor,RECONSTRUCTED_OFFICIAL_REVIEW_DELTA_VALIDATED,official_2026_interim_events.csv
NIFTYSMALLCAP250,BBTC,2026-03-30,reverse official event chain from official 2026-10-02 anchor,RECONSTRUCTED_OFFICIAL_REVIEW_DELTA_VALIDATED,official_2026_interim_events.csv
NIFTYSMALLCAP250,BELRISE,2026-03-30,reverse official event chain from official 2026-10-02 anchor,RECONSTRUCTED_OFFICIAL_REVIEW_DELTA_VALIDATED,official_2026_interim_events.csv
NIFTYSMALLCAP250,BEML,2026-03-30,reverse official event chain from official 2026-10-02 anchor,RECONSTRUCTED_OFFICIAL_REVIEW_DELTA_VALIDATED,official_2026_interim_events.csv
NIFTYSMALLCAP250,BIKAJI,2026-03-30,reverse official event chain from official 2026-10-02 anchor,RECONSTRUCTED_OFFICIAL_REVIEW_DELTA_VALIDATED,official_2026_interim_events.csv
NIFTYSMALLCAP250,BLS,2026-03-30,reverse official event chain from official 2026-10-02 anchor,RECONSTRUCTED_OFFICIAL_REVIEW_DELTA_VALIDATED,official_2026_interim_events.csv
NIFTYSMALLCAP250,BLUEDART,2026-03-30,reverse official event chain from official 2026-10-02 anchor,RECONSTRUCTED_OFFICIAL_REVIEW_DELTA_VALIDATED,official_2026_interim_events.csv
NIFTYSMALLCAP250,BLUEJET,2026-03-30,reverse official event chain from official 2026-10-02 anchor,RECONSTRUCTED_OFFICIAL_REVIEW_DELTA_VALIDATED,official_2026_interim_events.csv
NIFTYSMALLCAP250,BRIGADE,2026-03-30,reverse official event chain from official 2026-10-02 anchor,RECONSTRUCTED_OFFICIAL_REVIEW_DELTA_VALIDATED,official_2026_interim_events.csv
NIFTYSMALLCAP250,BSOFT,2026-03-30,reverse official event chain from official 2026-10-02 anchor,RECONSTRUCTED_OFFICIAL_REVIEW_DELTA_VALIDATED,official_2026_interim_events.csv
NIFTYSMALLCAP250,CAMS,2026-03-30,reverse official event chain from official 2026-10-02 anchor,RECONSTRUCTED_OFFICIAL_REVIEW_DELTA_VALIDATED,official_2026_interim_events.csv
NIFTYSMALLCAP250,CANFINHOME,2026-03-30,reverse official event chain from official 2026-10-02 anchor,RECONSTRUCTED_OFFICIAL_REVIEW_DELTA_VALIDATED,official_2026_interim_events.csv
NIFTYSMALLCAP250,CANHLIFE,2026-03-30,reverse official event chain from official 2026-10-02 anchor,RECONSTRUCTED_OFFICIAL_REVIEW_DELTA_VALIDATED,official_2026_interim_events.csv
NIFTYSMALLCAP250,CAPLIPOINT,2026-03-30,reverse official event chain from official 2026-10-02 anchor,RECONSTRUCTED_OFFICIAL_REVIEW_DELTA_VALIDATED,official_2026_interim_events.csv
NIFTYSMALLCAP250,CARBORUNIV,2026-03-30,reverse official event chain from official 2026-10-02 anchor,RECONSTRUCTED_OFFICIAL_REVIEW_DELTA_VALIDATED,official_2026_interim_events.csv
NIFTYSMALLCAP250,CARTRADE,2026-03-30,reverse official event chain from official 2026-10-02 anchor,RECONSTRUCTED_OFFICIAL_REVIEW_DELTA_VALIDATED,official_2026_interim_events.csv
NIFTYSMALLCAP250,CASTROLIND,2026-03-30,reverse official event chain from official 2026-10-02 anchor,RECONSTRUCTED_OFFICIAL_REVIEW_DELTA_VALIDATED,official_2026_interim_events.csv
NIFTYSMALLCAP250,CCL,2026-03-30,reverse official event chain from official 2026-10-02 anchor,RECONSTRUCTED_OFFICIAL_REVIEW_DELTA_VALIDATED,official_2026_interim_events.csv
NIFTYSMALLCAP250,CDSL,2026-03-30,reverse official event chain from official 2026-10-02 anchor,RECONSTRUCTED_OFFICIAL_REVIEW_DELTA_VALIDATED,official_2026_interim_events.csv
NIFTYSMALLCAP250,CEATLTD,2026-03-30,reverse official event chain from official 2026-10-02 anchor,RECONSTRUCTED_OFFICIAL_REVIEW_DELTA_VALIDATED,official_2026_interim_events.csv
NIFTYSMALLCAP250,CEMPRO,2026-03-30,reverse official event chain from official 2026-10-02 anchor,RECONSTRUCTED_OFFICIAL_REVIEW_DELTA_VALIDATED,official_2026_interim_events.csv
NIFTYSMALLCAP250,CENTRALBK,2026-03-30,reverse official event chain from official 2026-10-02 anchor,RECONSTRUCTED_OFFICIAL_REVIEW_DELTA_VALIDATED,official_2026_interim_events.csv
NIFTYSMALLCAP250,CESC,2026-03-30,reverse official event chain from official 2026-10-02 anchor,RECONSTRUCTED_OFFICIAL_REVIEW_DELTA_VALIDATED,official_2026_interim_events.csv
NIFTYSMALLCAP250,CGCL,2026-03-30,reverse official event chain from official 2026-10-02 anchor,RECONSTRUCTED_OFFICIAL_REVIEW_DELTA_VALIDATED,official_2026_interim_events.csv
NIFTYSMALLCAP250,CHALET,2026-03-30,reverse official event chain from official 2026-10-02 anchor,RECONSTRUCTED_OFFICIAL_REVIEW_DELTA_VALIDATED,official_2026_interim_events.csv
NIFTYSMALLCAP250,CHAMBLFERT,2026-03-30,reverse official event chain from official 2026-10-02 anchor,RECONSTRUCTED_OFFICIAL_REVIEW_DELTA_VALIDATED,official_2026_interim_events.csv
NIFTYSMALLCAP250,CHENNPETRO,2026-03-30,reverse official event chain from official 2026-10-02 anchor,RECONSTRUCTED_OFFICIAL_REVIEW_DELTA_VALIDATED,official_2026_interim_events.csv
NIFTYSMALLCAP250,CHOICEIN,2026-03-30,reverse official event chain from official 2026-10-02 anchor,RECONSTRUCTED_OFFICIAL_REVIEW_DELTA_VALIDATED,official_2026_interim_events.csv
NIFTYSMALLCAP250,CHOLAHLDNG,2026-03-30,reverse official event chain from official 2026-10-02 anchor,RECONSTRUCTED_OFFICIAL_REVIEW_DELTA_VALIDATED,official_2026_interim_events.csv
NIFTYSMALLCAP250,CLEAN,2026-03-30,reverse official event chain from official 2026-10-02 anchor,RECONSTRUCTED_OFFICIAL_REVIEW_DELTA_VALIDATED,official_2026_interim_events.csv
NIFTYSMALLCAP250,COHANCE,2026-03-30,reverse official event chain from official 2026-10-02 anchor,RECONSTRUCTED_OFFICIAL_REVIEW_DELTA_VALIDATED,official_2026_interim_events.csv
NIFTYSMALLCAP250,CONCORDBIO,2026-03-30,reverse official event chain from official 2026-10-02 anchor,RECONSTRUCTED_OFFICIAL_REVIEW_DELTA_VALIDATED,official_2026_interim_events.csv
NIFTYSMALLCAP250,CPPLUS,2026-03-30,reverse official event chain from official 2026-10-02 anchor,RECONSTRUCTED_OFFICIAL_REVIEW_DELTA_VALIDATED,official_2026_interim_events.csv
NIFTYSMALLCAP250,CRAFTSMAN,2026-03-30,reverse official event chain from official 2026-10-02 anchor,RECONSTRUCTED_OFFICIAL_REVIEW_DELTA_VALIDATED,official_2026_interim_events.csv
NIFTYSMALLCAP250,CREDITACC,2026-03-30,reverse official event chain from official 2026-10-02 anchor,RECONSTRUCTED_OFFICIAL_REVIEW_DELTA_VALIDATED,official_2026_interim_events.csv
NIFTYSMALLCAP250,CROMPTON,2026-03-30,reverse official event chain from official 2026-10-02 anchor,RECONSTRUCTED_OFFICIAL_REVIEW_DELTA_VALIDATED,official_2026_interim_events.csv
NIFTYSMALLCAP250,CUB,2026-03-30,reverse official event chain from official 2026-10-02 anchor,RECONSTRUCTED_OFFICIAL_REVIEW_DELTA_VALIDATED,official_2026_interim_events.csv
NIFTYSMALLCAP250,CYIENT,2026-03-30,reverse official event chain from official 2026-10-02 anchor,RECONSTRUCTED_OFFICIAL_REVIEW_DELTA_VALIDATED,official_2026_interim_events.csv
NIFTYSMALLCAP250,DATAPATTNS,2026-03-30,reverse official event chain from official 2026-10-02 anchor,RECONSTRUCTED_OFFICIAL_REVIEW_DELTA_VALIDATED,official_2026_interim_events.csv
NIFTYSMALLCAP250,DCMSHRIRAM,2026-03-30,reverse official event chain from official 2026-10-02 anchor,RECONSTRUCTED_OFFICIAL_REVIEW_DELTA_VALIDATED,official_2026_interim_events.csv
NIFTYSMALLCAP250,DEEPAKFERT,2026-03-30,reverse official event chain from official 2026-10-02 anchor,RECONSTRUCTED_OFFICIAL_REVIEW_DELTA_VALIDATED,official_2026_interim_events.csv
NIFTYSMALLCAP250,DEEPAKNTR,2026-03-30,reverse official event chain from official 2026-10-02 anchor,RECONSTRUCTED_OFFICIAL_REVIEW_DELTA_VALIDATED,official_2026_interim_events.csv
NIFTYSMALLCAP250,DELHIVERY,2026-03-30,reverse official event chain from official 2026-10-02 anchor,RECONSTRUCTED_OFFICIAL_REVIEW_DELTA_VALIDATED,official_2026_interim_events.csv
NIFTYSMALLCAP250,DEVYANI,2026-03-30,reverse official event chain from official 2026-10-02 anchor,RECONSTRUCTED_OFFICIAL_REVIEW_DELTA_VALIDATED,official_2026_interim_events.csv
NIFTYSMALLCAP250,DOMS,2026-03-30,reverse official event chain from official 2026-10-02 anchor,RECONSTRUCTED_OFFICIAL_REVIEW_DELTA_VALIDATED,official_2026_interim_events.csv
NIFTYSMALLCAP250,ECLERX,2026-03-30,reverse official event chain from official 2026-10-02 anchor,RECONSTRUCTED_OFFICIAL_REVIEW_DELTA_VALIDATED,official_2026_interim_events.csv
NIFTYSMALLCAP250,EIDPARRY,2026-03-30,reverse official event chain from official 2026-10-02 anchor,RECONSTRUCTED_OFFICIAL_REVIEW_DELTA_VALIDATED,official_2026_interim_events.csv
NIFTYSMALLCAP250,EIHOTEL,2026-03-30,reverse official event chain from official 2026-10-02 anchor,RECONSTRUCTED_OFFICIAL_REVIEW_DELTA_VALIDATED,official_2026_interim_events.csv
NIFTYSMALLCAP250,ELECON,2026-03-30,reverse official event chain from official 2026-10-02 anchor,RECONSTRUCTED_OFFICIAL_REVIEW_DELTA_VALIDATED,official_2026_interim_events.csv
NIFTYSMALLCAP250,ELGIEQUIP,2026-03-30,reverse official event chain from official 2026-10-02 anchor,RECONSTRUCTED_OFFICIAL_REVIEW_DELTA_VALIDATED,official_2026_interim_events.csv
NIFTYSMALLCAP250,EMAMILTD,2026-03-30,reverse official event chain from official 2026-10-02 anchor,RECONSTRUCTED_OFFICIAL_REVIEW_DELTA_VALIDATED,official_2026_interim_events.csv
NIFTYSMALLCAP250,EMCURE,2026-03-30,reverse official event chain from official 2026-10-02 anchor,RECONSTRUCTED_OFFICIAL_REVIEW_DELTA_VALIDATED,official_2026_interim_events.csv
NIFTYSMALLCAP250,EMMVEE,2026-03-30,reverse official event chain from official 2026-10-02 anchor,RECONSTRUCTED_OFFICIAL_REVIEW_DELTA_VALIDATED,official_2026_interim_events.csv
NIFTYSMALLCAP250,ENGINERSIN,2026-03-30,reverse official event chain from official 2026-10-02 anchor,RECONSTRUCTED_OFFICIAL_REVIEW_DELTA_VALIDATED,official_2026_interim_events.csv
NIFTYSMALLCAP250,ERIS,2026-03-30,reverse official event chain from official 2026-10-02 anchor,RECONSTRUCTED_OFFICIAL_REVIEW_DELTA_VALIDATED,official_2026_interim_events.csv
NIFTYSMALLCAP250,FACT,2026-03-30,reverse official event chain from official 2026-10-02 anchor,RECONSTRUCTED_OFFICIAL_REVIEW_DELTA_VALIDATED,official_2026_interim_events.csv
NIFTYSMALLCAP250,FINCABLES,2026-03-30,reverse official event chain from official 2026-10-02 anchor,RECONSTRUCTED_OFFICIAL_REVIEW_DELTA_VALIDATED,official_2026_interim_events.csv
NIFTYSMALLCAP250,FIRSTCRY,2026-03-30,reverse official event chain from official 2026-10-02 anchor,RECONSTRUCTED_OFFICIAL_REVIEW_DELTA_VALIDATED,official_2026_interim_events.csv
NIFTYSMALLCAP250,FIVESTAR,2026-03-30,reverse official event chain from official 2026-10-02 anchor,RECONSTRUCTED_OFFICIAL_REVIEW_DELTA_VALIDATED,official_2026_interim_events.csv
NIFTYSMALLCAP250,FORCEMOT,2026-03-30,reverse official event chain from official 2026-10-02 anchor,RECONSTRUCTED_OFFICIAL_REVIEW_DELTA_VALIDATED,official_2026_interim_events.csv
NIFTYSMALLCAP250,FSL,2026-03-30,reverse official event chain from official 2026-10-02 anchor,RECONSTRUCTED_OFFICIAL_REVIEW_DELTA_VALIDATED,official_2026_interim_events.csv
NIFTYSMALLCAP250,GABRIEL,2026-03-30,reverse official event chain from official 2026-10-02 anchor,RECONSTRUCTED_OFFICIAL_REVIEW_DELTA_VALIDATED,official_2026_interim_events.csv
NIFTYSMALLCAP250,GALLANTT,2026-03-30,reverse official event chain from official 2026-10-02 anchor,RECONSTRUCTED_OFFICIAL_REVIEW_DELTA_VALIDATED,official_2026_interim_events.csv
NIFTYSMALLCAP250,GESHIP,2026-03-30,reverse official event chain from official 2026-10-02 anchor,RECONSTRUCTED_OFFICIAL_REVIEW_DELTA_VALIDATED,official_2026_interim_events.csv
NIFTYSMALLCAP250,GILLETTE,2026-03-30,reverse official event chain from official 2026-10-02 anchor,RECONSTRUCTED_OFFICIAL_REVIEW_DELTA_VALIDATED,official_2026_interim_events.csv
NIFTYSMALLCAP250,GLAND,2026-03-30,reverse official event chain from official 2026-10-02 anchor,RECONSTRUCTED_OFFICIAL_REVIEW_DELTA_VALIDATED,official_2026_interim_events.csv
NIFTYSMALLCAP250,GMDCLTD,2026-03-30,reverse official event chain from official 2026-10-02 anchor,RECONSTRUCTED_OFFICIAL_REVIEW_DELTA_VALIDATED,official_2026_interim_events.csv
NIFTYSMALLCAP250,GODIGIT,2026-03-30,reverse official event chain from official 2026-10-02 anchor,RECONSTRUCTED_OFFICIAL_REVIEW_DELTA_VALIDATED,official_2026_interim_events.csv
NIFTYSMALLCAP250,GPIL,2026-03-30,reverse official event chain from official 2026-10-02 anchor,RECONSTRUCTED_OFFICIAL_REVIEW_DELTA_VALIDATED,official_2026_interim_events.csv
NIFTYSMALLCAP250,GRANULES,2026-03-30,reverse official event chain from official 2026-10-02 anchor,RECONSTRUCTED_OFFICIAL_REVIEW_DELTA_VALIDATED,official_2026_interim_events.csv
NIFTYSMALLCAP250,GRAPHITE,2026-03-30,reverse official event chain from official 2026-10-02 anchor,RECONSTRUCTED_OFFICIAL_REVIEW_DELTA_VALIDATED,official_2026_interim_events.csv
NIFTYSMALLCAP250,GRAVITA,2026-03-30,reverse official event chain from official 2026-10-02 anchor,RECONSTRUCTED_OFFICIAL_REVIEW_DELTA_VALIDATED,official_2026_interim_events.csv
NIFTYSMALLCAP250,GRSE,2026-03-30,reverse official event chain from official 2026-10-02 anchor,RECONSTRUCTED_OFFICIAL_REVIEW_DELTA_VALIDATED,official_2026_interim_events.csv
NIFTYSMALLCAP250,GSPL,2026-03-30,reverse official event chain from official 2026-10-02 anchor,RECONSTRUCTED_OFFICIAL_REVIEW_DELTA_VALIDATED,official_2026_interim_events.csv
NIFTYSMALLCAP250,HBLENGINE,2026-03-30,reverse official event chain from official 2026-10-02 anchor,RECONSTRUCTED_OFFICIAL_REVIEW_DELTA_VALIDATED,official_2026_interim_events.csv
NIFTYSMALLCAP250,HEG,2026-03-30,reverse official event chain from official 2026-10-02 anchor,RECONSTRUCTED_OFFICIAL_REVIEW_DELTA_VALIDATED,official_2026_interim_events.csv
NIFTYSMALLCAP250,HFCL,2026-03-30,reverse official event chain from official 2026-10-02 anchor,RECONSTRUCTED_OFFICIAL_REVIEW_DELTA_VALIDATED,official_2026_interim_events.csv
NIFTYSMALLCAP250,HINDCOPPER,2026-03-30,reverse official event chain from official 2026-10-02 anchor,RECONSTRUCTED_OFFICIAL_REVIEW_DELTA_VALIDATED,official_2026_interim_events.csv
NIFTYSMALLCAP250,HOMEFIRST,2026-03-30,reverse official event chain from official 2026-10-02 anchor,RECONSTRUCTED_OFFICIAL_REVIEW_DELTA_VALIDATED,official_2026_interim_events.csv
NIFTYSMALLCAP250,HONASA,2026-03-30,reverse official event chain from official 2026-10-02 anchor,RECONSTRUCTED_OFFICIAL_REVIEW_DELTA_VALIDATED,official_2026_interim_events.csv
NIFTYSMALLCAP250,HSCL,2026-03-30,reverse official event chain from official 2026-10-02 anchor,RECONSTRUCTED_OFFICIAL_REVIEW_DELTA_VALIDATED,official_2026_interim_events.csv
NIFTYSMALLCAP250,IDBI,2026-03-30,reverse official event chain from official 2026-10-02 anchor,RECONSTRUCTED_OFFICIAL_REVIEW_DELTA_VALIDATED,official_2026_interim_events.csv
NIFTYSMALLCAP250,IEX,2026-03-30,reverse official event chain from official 2026-10-02 anchor,RECONSTRUCTED_OFFICIAL_REVIEW_DELTA_VALIDATED,official_2026_interim_events.csv
NIFTYSMALLCAP250,IFCI,2026-03-30,reverse official event chain from official 2026-10-02 anchor,RECONSTRUCTED_OFFICIAL_REVIEW_DELTA_VALIDATED,official_2026_interim_events.csv
NIFTYSMALLCAP250,IGIL,2026-03-30,reverse official event chain from official 2026-10-02 anchor,RECONSTRUCTED_OFFICIAL_REVIEW_DELTA_VALIDATED,official_2026_interim_events.csv
NIFTYSMALLCAP250,IGL,2026-03-30,reverse official event chain from official 2026-10-02 anchor,RECONSTRUCTED_OFFICIAL_REVIEW_DELTA_VALIDATED,official_2026_interim_events.csv
NIFTYSMALLCAP250,IIFL,2026-03-30,reverse official event chain from official 2026-10-02 anchor,RECONSTRUCTED_OFFICIAL_REVIEW_DELTA_VALIDATED,official_2026_interim_events.csv
NIFTYSMALLCAP250,IKS,2026-03-30,reverse official event chain from official 2026-10-02 anchor,RECONSTRUCTED_OFFICIAL_REVIEW_DELTA_VALIDATED,official_2026_interim_events.csv
NIFTYSMALLCAP250,INDGN,2026-03-30,reverse official event chain from official 2026-10-02 anchor,RECONSTRUCTED_OFFICIAL_REVIEW_DELTA_VALIDATED,official_2026_interim_events.csv
NIFTYSMALLCAP250,INDIACEM,2026-03-30,reverse official event chain from official 2026-10-02 anchor,RECONSTRUCTED_OFFICIAL_REVIEW_DELTA_VALIDATED,official_2026_interim_events.csv
NIFTYSMALLCAP250,INDIAMART,2026-03-30,reverse official event chain from official 2026-10-02 anchor,RECONSTRUCTED_OFFICIAL_REVIEW_DELTA_VALIDATED,official_2026_interim_events.csv
NIFTYSMALLCAP250,INOXWIND,2026-03-30,reverse official event chain from official 2026-10-02 anchor,RECONSTRUCTED_OFFICIAL_REVIEW_DELTA_VALIDATED,official_2026_interim_events.csv
NIFTYSMALLCAP250,INTELLECT,2026-03-30,reverse official event chain from official 2026-10-02 anchor,RECONSTRUCTED_OFFICIAL_REVIEW_DELTA_VALIDATED,official_2026_interim_events.csv
NIFTYSMALLCAP250,IOB,2026-03-30,reverse official event chain from official 2026-10-02 anchor,RECONSTRUCTED_OFFICIAL_REVIEW_DELTA_VALIDATED,official_2026_interim_events.csv
NIFTYSMALLCAP250,IRB,2026-03-30,reverse official event chain from official 2026-10-02 anchor,RECONSTRUCTED_OFFICIAL_REVIEW_DELTA_VALIDATED,official_2026_interim_events.csv
NIFTYSMALLCAP250,IRCON,2026-03-30,reverse official event chain from official 2026-10-02 anchor,RECONSTRUCTED_OFFICIAL_REVIEW_DELTA_VALIDATED,official_2026_interim_events.csv
NIFTYSMALLCAP250,ITI,2026-03-30,reverse official event chain from official 2026-10-02 anchor,RECONSTRUCTED_OFFICIAL_REVIEW_DELTA_VALIDATED,official_2026_interim_events.csv
NIFTYSMALLCAP250,J&KBANK,2026-03-30,reverse official event chain from official 2026-10-02 anchor,RECONSTRUCTED_OFFICIAL_REVIEW_DELTA_VALIDATED,official_2026_interim_events.csv
NIFTYSMALLCAP250,JAINREC,2026-03-30,reverse official event chain from official 2026-10-02 anchor,RECONSTRUCTED_OFFICIAL_REVIEW_DELTA_VALIDATED,official_2026_interim_events.csv
NIFTYSMALLCAP250,JBCHEPHARM,2026-03-30,reverse official event chain from official 2026-10-02 anchor,RECONSTRUCTED_OFFICIAL_REVIEW_DELTA_VALIDATED,official_2026_interim_events.csv
NIFTYSMALLCAP250,JBMA,2026-03-30,reverse official event chain from official 2026-10-02 anchor,RECONSTRUCTED_OFFICIAL_REVIEW_DELTA_VALIDATED,official_2026_interim_events.csv
NIFTYSMALLCAP250,JINDALSAW,2026-03-30,reverse official event chain from official 2026-10-02 anchor,RECONSTRUCTED_OFFICIAL_REVIEW_DELTA_VALIDATED,official_2026_interim_events.csv
NIFTYSMALLCAP250,JKTYRE,2026-03-30,reverse official event chain from official 2026-10-02 anchor,RECONSTRUCTED_OFFICIAL_REVIEW_DELTA_VALIDATED,official_2026_interim_events.csv
NIFTYSMALLCAP250,JMFINANCIL,2026-03-30,reverse official event chain from official 2026-10-02 anchor,RECONSTRUCTED_OFFICIAL_REVIEW_DELTA_VALIDATED,official_2026_interim_events.csv
NIFTYSMALLCAP250,JPPOWER,2026-03-30,reverse official event chain from official 2026-10-02 anchor,RECONSTRUCTED_OFFICIAL_REVIEW_DELTA_VALIDATED,official_2026_interim_events.csv
NIFTYSMALLCAP250,JSWCEMENT,2026-03-30,reverse official event chain from official 2026-10-02 anchor,RECONSTRUCTED_OFFICIAL_REVIEW_DELTA_VALIDATED,official_2026_interim_events.csv
NIFTYSMALLCAP250,JUBLINGREA,2026-03-30,reverse official event chain from official 2026-10-02 anchor,RECONSTRUCTED_OFFICIAL_REVIEW_DELTA_VALIDATED,official_2026_interim_events.csv
NIFTYSMALLCAP250,JUBLPHARMA,2026-03-30,reverse official event chain from official 2026-10-02 anchor,RECONSTRUCTED_OFFICIAL_REVIEW_DELTA_VALIDATED,official_2026_interim_events.csv
NIFTYSMALLCAP250,JWL,2026-03-30,reverse official event chain from official 2026-10-02 anchor,RECONSTRUCTED_OFFICIAL_REVIEW_DELTA_VALIDATED,official_2026_interim_events.csv
NIFTYSMALLCAP250,JYOTICNC,2026-03-30,reverse official event chain from official 2026-10-02 anchor,RECONSTRUCTED_OFFICIAL_REVIEW_DELTA_VALIDATED,official_2026_interim_events.csv
NIFTYSMALLCAP250,KAJARIACER,2026-03-30,reverse official event chain from official 2026-10-02 anchor,RECONSTRUCTED_OFFICIAL_REVIEW_DELTA_VALIDATED,official_2026_interim_events.csv
NIFTYSMALLCAP250,KARURVYSYA,2026-03-30,reverse official event chain from official 2026-10-02 anchor,RECONSTRUCTED_OFFICIAL_REVIEW_DELTA_VALIDATED,official_2026_interim_events.csv
NIFTYSMALLCAP250,KAYNES,2026-03-30,reverse official event chain from official 2026-10-02 anchor,RECONSTRUCTED_OFFICIAL_REVIEW_DELTA_VALIDATED,official_2026_interim_events.csv
NIFTYSMALLCAP250,KEC,2026-03-30,reverse official event chain from official 2026-10-02 anchor,RECONSTRUCTED_OFFICIAL_REVIEW_DELTA_VALIDATED,official_2026_interim_events.csv
NIFTYSMALLCAP250,KFINTECH,2026-03-30,reverse official event chain from official 2026-10-02 anchor,RECONSTRUCTED_OFFICIAL_REVIEW_DELTA_VALIDATED,official_2026_interim_events.csv
NIFTYSMALLCAP250,KIMS,2026-03-30,reverse official event chain from official 2026-10-02 anchor,RECONSTRUCTED_OFFICIAL_REVIEW_DELTA_VALIDATED,official_2026_interim_events.csv
NIFTYSMALLCAP250,KIRLOSENG,2026-03-30,reverse official event chain from official 2026-10-02 anchor,RECONSTRUCTED_OFFICIAL_REVIEW_DELTA_VALIDATED,official_2026_interim_events.csv
NIFTYSMALLCAP250,KPIL,2026-03-30,reverse official event chain from official 2026-10-02 anchor,RECONSTRUCTED_OFFICIAL_REVIEW_DELTA_VALIDATED,official_2026_interim_events.csv
NIFTYSMALLCAP250,LALPATHLAB,2026-03-30,reverse official event chain from official 2026-10-02 anchor,RECONSTRUCTED_OFFICIAL_REVIEW_DELTA_VALIDATED,official_2026_interim_events.csv
NIFTYSMALLCAP250,LATENTVIEW,2026-03-30,reverse official event chain from official 2026-10-02 anchor,RECONSTRUCTED_OFFICIAL_REVIEW_DELTA_VALIDATED,official_2026_interim_events.csv
NIFTYSMALLCAP250,LEMONTREE,2026-03-30,reverse official event chain from official 2026-10-02 anchor,RECONSTRUCTED_OFFICIAL_REVIEW_DELTA_VALIDATED,official_2026_interim_events.csv
NIFTYSMALLCAP250,LTFOODS,2026-03-30,reverse official event chain from official 2026-10-02 anchor,RECONSTRUCTED_OFFICIAL_REVIEW_DELTA_VALIDATED,official_2026_interim_events.csv
NIFTYSMALLCAP250,MANAPPURAM,2026-03-30,reverse official event chain from official 2026-10-02 anchor,RECONSTRUCTED_OFFICIAL_REVIEW_DELTA_VALIDATED,official_2026_interim_events.csv
NIFTYSMALLCAP250,MAPMYINDIA,2026-03-30,reverse official event chain from official 2026-10-02 anchor,RECONSTRUCTED_OFFICIAL_REVIEW_DELTA_VALIDATED,official_2026_interim_events.csv
NIFTYSMALLCAP250,MEESHO,2026-03-30,reverse official event chain from official 2026-10-02 anchor,RECONSTRUCTED_OFFICIAL_REVIEW_DELTA_VALIDATED,official_2026_interim_events.csv
NIFTYSMALLCAP250,MGL,2026-03-30,reverse official event chain from official 2026-10-02 anchor,RECONSTRUCTED_OFFICIAL_REVIEW_DELTA_VALIDATED,official_2026_interim_events.csv
NIFTYSMALLCAP250,MINDACORP,2026-03-30,reverse official event chain from official 2026-10-02 anchor,RECONSTRUCTED_OFFICIAL_REVIEW_DELTA_VALIDATED,official_2026_interim_events.csv
NIFTYSMALLCAP250,MMTC,2026-03-30,reverse official event chain from official 2026-10-02 anchor,RECONSTRUCTED_OFFICIAL_REVIEW_DELTA_VALIDATED,official_2026_interim_events.csv
NIFTYSMALLCAP250,MRPL,2026-03-30,reverse official event chain from official 2026-10-02 anchor,RECONSTRUCTED_OFFICIAL_REVIEW_DELTA_VALIDATED,official_2026_interim_events.csv
NIFTYSMALLCAP250,MSUMI,2026-03-30,reverse official event chain from official 2026-10-02 anchor,RECONSTRUCTED_OFFICIAL_REVIEW_DELTA_VALIDATED,official_2026_interim_events.csv
NIFTYSMALLCAP250,NATCOPHARM,2026-03-30,reverse official event chain from official 2026-10-02 anchor,RECONSTRUCTED_OFFICIAL_REVIEW_DELTA_VALIDATED,official_2026_interim_events.csv
NIFTYSMALLCAP250,NAVA,2026-03-30,reverse official event chain from official 2026-10-02 anchor,RECONSTRUCTED_OFFICIAL_REVIEW_DELTA_VALIDATED,official_2026_interim_events.csv
NIFTYSMALLCAP250,NAVINFLUOR,2026-03-30,reverse official event chain from official 2026-10-02 anchor,RECONSTRUCTED_OFFICIAL_REVIEW_DELTA_VALIDATED,official_2026_interim_events.csv
NIFTYSMALLCAP250,NBCC,2026-03-30,reverse official event chain from official 2026-10-02 anchor,RECONSTRUCTED_OFFICIAL_REVIEW_DELTA_VALIDATED,official_2026_interim_events.csv
NIFTYSMALLCAP250,NCC,2026-03-30,reverse official event chain from official 2026-10-02 anchor,RECONSTRUCTED_OFFICIAL_REVIEW_DELTA_VALIDATED,official_2026_interim_events.csv
NIFTYSMALLCAP250,NETWEB,2026-03-30,reverse official event chain from official 2026-10-02 anchor,RECONSTRUCTED_OFFICIAL_REVIEW_DELTA_VALIDATED,official_2026_interim_events.csv
NIFTYSMALLCAP250,NEULANDLAB,2026-03-30,reverse official event chain from official 2026-10-02 anchor,RECONSTRUCTED_OFFICIAL_REVIEW_DELTA_VALIDATED,official_2026_interim_events.csv
NIFTYSMALLCAP250,NEWGEN,2026-03-30,reverse official event chain from official 2026-10-02 anchor,RECONSTRUCTED_OFFICIAL_REVIEW_DELTA_VALIDATED,official_2026_interim_events.csv
NIFTYSMALLCAP250,NH,2026-03-30,reverse official event chain from official 2026-10-02 anchor,RECONSTRUCTED_OFFICIAL_REVIEW_DELTA_VALIDATED,official_2026_interim_events.csv
NIFTYSMALLCAP250,NIVABUPA,2026-03-30,reverse official event chain from official 2026-10-02 anchor,RECONSTRUCTED_OFFICIAL_REVIEW_DELTA_VALIDATED,official_2026_interim_events.csv
NIFTYSMALLCAP250,NSLNISP,2026-03-30,reverse official event chain from official 2026-10-02 anchor,RECONSTRUCTED_OFFICIAL_REVIEW_DELTA_VALIDATED,official_2026_interim_events.csv
NIFTYSMALLCAP250,NUVAMA,2026-03-30,reverse official event chain from official 2026-10-02 anchor,RECONSTRUCTED_OFFICIAL_REVIEW_DELTA_VALIDATED,official_2026_interim_events.csv
NIFTYSMALLCAP250,NUVOCO,2026-03-30,reverse official event chain from official 2026-10-02 anchor,RECONSTRUCTED_OFFICIAL_REVIEW_DELTA_VALIDATED,official_2026_interim_events.csv
NIFTYSMALLCAP250,OLAELEC,2026-03-30,reverse official event chain from official 2026-10-02 anchor,RECONSTRUCTED_OFFICIAL_REVIEW_DELTA_VALIDATED,official_2026_interim_events.csv
NIFTYSMALLCAP250,OLECTRA,2026-03-30,reverse official event chain from official 2026-10-02 anchor,RECONSTRUCTED_OFFICIAL_REVIEW_DELTA_VALIDATED,official_2026_interim_events.csv
NIFTYSMALLCAP250,ONESOURCE,2026-03-30,reverse official event chain from official 2026-10-02 anchor,RECONSTRUCTED_OFFICIAL_REVIEW_DELTA_VALIDATED,official_2026_interim_events.csv
NIFTYSMALLCAP250,PARADEEP,2026-03-30,reverse official event chain from official 2026-10-02 anchor,RECONSTRUCTED_OFFICIAL_REVIEW_DELTA_VALIDATED,official_2026_interim_events.csv
NIFTYSMALLCAP250,PCBL,2026-03-30,reverse official event chain from official 2026-10-02 anchor,RECONSTRUCTED_OFFICIAL_REVIEW_DELTA_VALIDATED,official_2026_interim_events.csv
NIFTYSMALLCAP250,PFIZER,2026-03-30,reverse official event chain from official 2026-10-02 anchor,RECONSTRUCTED_OFFICIAL_REVIEW_DELTA_VALIDATED,official_2026_interim_events.csv
NIFTYSMALLCAP250,PGEL,2026-03-30,reverse official event chain from official 2026-10-02 anchor,RECONSTRUCTED_OFFICIAL_REVIEW_DELTA_VALIDATED,official_2026_interim_events.csv
NIFTYSMALLCAP250,PINELABS,2026-03-30,reverse official event chain from official 2026-10-02 anchor,RECONSTRUCTED_OFFICIAL_REVIEW_DELTA_VALIDATED,official_2026_interim_events.csv
NIFTYSMALLCAP250,PIRAMALFIN,2026-03-30,reverse official event chain from official 2026-10-02 anchor,RECONSTRUCTED_OFFICIAL_REVIEW_DELTA_VALIDATED,official_2026_interim_events.csv
NIFTYSMALLCAP250,PNBHOUSING,2026-03-30,reverse official event chain from official 2026-10-02 anchor,RECONSTRUCTED_OFFICIAL_REVIEW_DELTA_VALIDATED,official_2026_interim_events.csv
NIFTYSMALLCAP250,POLYMED,2026-03-30,reverse official event chain from official 2026-10-02 anchor,RECONSTRUCTED_OFFICIAL_REVIEW_DELTA_VALIDATED,official_2026_interim_events.csv
NIFTYSMALLCAP250,POONAWALLA,2026-03-30,reverse official event chain from official 2026-10-02 anchor,RECONSTRUCTED_OFFICIAL_REVIEW_DELTA_VALIDATED,official_2026_interim_events.csv
NIFTYSMALLCAP250,PPLPHARMA,2026-03-30,reverse official event chain from official 2026-10-02 anchor,RECONSTRUCTED_OFFICIAL_REVIEW_DELTA_VALIDATED,official_2026_interim_events.csv
NIFTYSMALLCAP250,PTCIL,2026-03-30,reverse official event chain from official 2026-10-02 anchor,RECONSTRUCTED_OFFICIAL_REVIEW_DELTA_VALIDATED,official_2026_interim_events.csv
NIFTYSMALLCAP250,PVRINOX,2026-03-30,reverse official event chain from official 2026-10-02 anchor,RECONSTRUCTED_OFFICIAL_REVIEW_DELTA_VALIDATED,official_2026_interim_events.csv
NIFTYSMALLCAP250,PWL,2026-03-30,reverse official event chain from official 2026-10-02 anchor,RECONSTRUCTED_OFFICIAL_REVIEW_DELTA_VALIDATED,official_2026_interim_events.csv
NIFTYSMALLCAP250,RAILTEL,2026-03-30,reverse official event chain from official 2026-10-02 anchor,RECONSTRUCTED_OFFICIAL_REVIEW_DELTA_VALIDATED,official_2026_interim_events.csv
NIFTYSMALLCAP250,RAINBOW,2026-03-30,reverse official event chain from official 2026-10-02 anchor,RECONSTRUCTED_OFFICIAL_REVIEW_DELTA_VALIDATED,official_2026_interim_events.csv
NIFTYSMALLCAP250,RAMCOCEM,2026-03-30,reverse official event chain from official 2026-10-02 anchor,RECONSTRUCTED_OFFICIAL_REVIEW_DELTA_VALIDATED,official_2026_interim_events.csv
NIFTYSMALLCAP250,RBLBANK,2026-03-30,reverse official event chain from official 2026-10-02 anchor,RECONSTRUCTED_OFFICIAL_REVIEW_DELTA_VALIDATED,official_2026_interim_events.csv
NIFTYSMALLCAP250,REDINGTON,2026-03-30,reverse official event chain from official 2026-10-02 anchor,RECONSTRUCTED_OFFICIAL_REVIEW_DELTA_VALIDATED,official_2026_interim_events.csv
NIFTYSMALLCAP250,RHIM,2026-03-30,reverse official event chain from official 2026-10-02 anchor,RECONSTRUCTED_OFFICIAL_REVIEW_DELTA_VALIDATED,official_2026_interim_events.csv
NIFTYSMALLCAP250,RITES,2026-03-30,reverse official event chain from official 2026-10-02 anchor,RECONSTRUCTED_OFFICIAL_REVIEW_DELTA_VALIDATED,official_2026_interim_events.csv
NIFTYSMALLCAP250,RKFORGE,2026-03-30,reverse official event chain from official 2026-10-02 anchor,RECONSTRUCTED_OFFICIAL_REVIEW_DELTA_VALIDATED,official_2026_interim_events.csv
NIFTYSMALLCAP250,RPOWER,2026-03-30,reverse official event chain from official 2026-10-02 anchor,RECONSTRUCTED_OFFICIAL_REVIEW_DELTA_VALIDATED,official_2026_interim_events.csv
NIFTYSMALLCAP250,RRKABEL,2026-03-30,reverse official event chain from official 2026-10-02 anchor,RECONSTRUCTED_OFFICIAL_REVIEW_DELTA_VALIDATED,official_2026_interim_events.csv
NIFTYSMALLCAP250,SAGILITY,2026-03-30,reverse official event chain from official 2026-10-02 anchor,RECONSTRUCTED_OFFICIAL_REVIEW_DELTA_VALIDATED,official_2026_interim_events.csv
NIFTYSMALLCAP250,SAILIFE,2026-03-30,reverse official event chain from official 2026-10-02 anchor,RECONSTRUCTED_OFFICIAL_REVIEW_DELTA_VALIDATED,official_2026_interim_events.csv
NIFTYSMALLCAP250,SAMMAANCAP,2026-03-30,reverse official event chain from official 2026-10-02 anchor,RECONSTRUCTED_OFFICIAL_REVIEW_DELTA_VALIDATED,official_2026_interim_events.csv
NIFTYSMALLCAP250,SAPPHIRE,2026-03-30,reverse official event chain from official 2026-10-02 anchor,RECONSTRUCTED_OFFICIAL_REVIEW_DELTA_VALIDATED,official_2026_interim_events.csv
NIFTYSMALLCAP250,SARDAEN,2026-03-30,reverse official event chain from official 2026-10-02 anchor,RECONSTRUCTED_OFFICIAL_REVIEW_DELTA_VALIDATED,official_2026_interim_events.csv
NIFTYSMALLCAP250,SAREGAMA,2026-03-30,reverse official event chain from official 2026-10-02 anchor,RECONSTRUCTED_OFFICIAL_REVIEW_DELTA_VALIDATED,official_2026_interim_events.csv
NIFTYSMALLCAP250,SBFC,2026-03-30,reverse official event chain from official 2026-10-02 anchor,RECONSTRUCTED_OFFICIAL_REVIEW_DELTA_VALIDATED,official_2026_interim_events.csv
NIFTYSMALLCAP250,SCHNEIDER,2026-03-30,reverse official event chain from official 2026-10-02 anchor,RECONSTRUCTED_OFFICIAL_REVIEW_DELTA_VALIDATED,official_2026_interim_events.csv
NIFTYSMALLCAP250,SCI,2026-03-30,reverse official event chain from official 2026-10-02 anchor,RECONSTRUCTED_OFFICIAL_REVIEW_DELTA_VALIDATED,official_2026_interim_events.csv
NIFTYSMALLCAP250,SHYAMMETL,2026-03-30,reverse official event chain from official 2026-10-02 anchor,RECONSTRUCTED_OFFICIAL_REVIEW_DELTA_VALIDATED,official_2026_interim_events.csv
NIFTYSMALLCAP250,SIGNATURE,2026-03-30,reverse official event chain from official 2026-10-02 anchor,RECONSTRUCTED_OFFICIAL_REVIEW_DELTA_VALIDATED,official_2026_interim_events.csv
NIFTYSMALLCAP250,SOBHA,2026-03-30,reverse official event chain from official 2026-10-02 anchor,RECONSTRUCTED_OFFICIAL_REVIEW_DELTA_VALIDATED,official_2026_interim_events.csv
NIFTYSMALLCAP250,SONACOMS,2026-03-30,reverse official event chain from official 2026-10-02 anchor,RECONSTRUCTED_OFFICIAL_REVIEW_DELTA_VALIDATED,official_2026_interim_events.csv
NIFTYSMALLCAP250,SONATSOFTW,2026-03-30,reverse official event chain from official 2026-10-02 anchor,RECONSTRUCTED_OFFICIAL_REVIEW_DELTA_VALIDATED,official_2026_interim_events.csv
NIFTYSMALLCAP250,SPLPETRO,2026-03-30,reverse official event chain from official 2026-10-02 anchor,RECONSTRUCTED_OFFICIAL_REVIEW_DELTA_VALIDATED,official_2026_interim_events.csv
NIFTYSMALLCAP250,STARHEALTH,2026-03-30,reverse official event chain from official 2026-10-02 anchor,RECONSTRUCTED_OFFICIAL_REVIEW_DELTA_VALIDATED,official_2026_interim_events.csv
NIFTYSMALLCAP250,SUMICHEM,2026-03-30,reverse official event chain from official 2026-10-02 anchor,RECONSTRUCTED_OFFICIAL_REVIEW_DELTA_VALIDATED,official_2026_interim_events.csv
NIFTYSMALLCAP250,SUNTV,2026-03-30,reverse official event chain from official 2026-10-02 anchor,RECONSTRUCTED_OFFICIAL_REVIEW_DELTA_VALIDATED,official_2026_interim_events.csv
NIFTYSMALLCAP250,SWANCORP,2026-03-30,reverse official event chain from official 2026-10-02 anchor,RECONSTRUCTED_OFFICIAL_REVIEW_DELTA_VALIDATED,official_2026_interim_events.csv
NIFTYSMALLCAP250,SYNGENE,2026-03-30,reverse official event chain from official 2026-10-02 anchor,RECONSTRUCTED_OFFICIAL_REVIEW_DELTA_VALIDATED,official_2026_interim_events.csv
NIFTYSMALLCAP250,SYRMA,2026-03-30,reverse official event chain from official 2026-10-02 anchor,RECONSTRUCTED_OFFICIAL_REVIEW_DELTA_VALIDATED,official_2026_interim_events.csv
NIFTYSMALLCAP250,TARIL,2026-03-30,reverse official event chain from official 2026-10-02 anchor,RECONSTRUCTED_OFFICIAL_REVIEW_DELTA_VALIDATED,official_2026_interim_events.csv
NIFTYSMALLCAP250,TATACHEM,2026-03-30,reverse official event chain from official 2026-10-02 anchor,RECONSTRUCTED_OFFICIAL_REVIEW_DELTA_VALIDATED,official_2026_interim_events.csv
NIFTYSMALLCAP250,TATATECH,2026-03-30,reverse official event chain from official 2026-10-02 anchor,RECONSTRUCTED_OFFICIAL_REVIEW_DELTA_VALIDATED,official_2026_interim_events.csv
NIFTYSMALLCAP250,TBOTEK,2026-03-30,reverse official event chain from official 2026-10-02 anchor,RECONSTRUCTED_OFFICIAL_REVIEW_DELTA_VALIDATED,official_2026_interim_events.csv
NIFTYSMALLCAP250,TECHNOE,2026-03-30,reverse official event chain from official 2026-10-02 anchor,RECONSTRUCTED_OFFICIAL_REVIEW_DELTA_VALIDATED,official_2026_interim_events.csv
NIFTYSMALLCAP250,TEGA,2026-03-30,reverse official event chain from official 2026-10-02 anchor,RECONSTRUCTED_OFFICIAL_REVIEW_DELTA_VALIDATED,official_2026_interim_events.csv
NIFTYSMALLCAP250,TEJASNET,2026-03-30,reverse official event chain from official 2026-10-02 anchor,RECONSTRUCTED_OFFICIAL_REVIEW_DELTA_VALIDATED,official_2026_interim_events.csv
NIFTYSMALLCAP250,TENNIND,2026-03-30,reverse official event chain from official 2026-10-02 anchor,RECONSTRUCTED_OFFICIAL_REVIEW_DELTA_VALIDATED,official_2026_interim_events.csv
NIFTYSMALLCAP250,THELEELA,2026-03-30,reverse official event chain from official 2026-10-02 anchor,RECONSTRUCTED_OFFICIAL_REVIEW_DELTA_VALIDATED,official_2026_interim_events.csv
NIFTYSMALLCAP250,TIMKEN,2026-03-30,reverse official event chain from official 2026-10-02 anchor,RECONSTRUCTED_OFFICIAL_REVIEW_DELTA_VALIDATED,official_2026_interim_events.csv
NIFTYSMALLCAP250,TITAGARH,2026-03-30,reverse official event chain from official 2026-10-02 anchor,RECONSTRUCTED_OFFICIAL_REVIEW_DELTA_VALIDATED,official_2026_interim_events.csv
NIFTYSMALLCAP250,TRAVELFOOD,2026-03-30,reverse official event chain from official 2026-10-02 anchor,RECONSTRUCTED_OFFICIAL_REVIEW_DELTA_VALIDATED,official_2026_interim_events.csv
NIFTYSMALLCAP250,TRIDENT,2026-03-30,reverse official event chain from official 2026-10-02 anchor,RECONSTRUCTED_OFFICIAL_REVIEW_DELTA_VALIDATED,official_2026_interim_events.csv
NIFTYSMALLCAP250,TRITURBINE,2026-03-30,reverse official event chain from official 2026-10-02 anchor,RECONSTRUCTED_OFFICIAL_REVIEW_DELTA_VALIDATED,official_2026_interim_events.csv
NIFTYSMALLCAP250,TTML,2026-03-30,reverse official event chain from official 2026-10-02 anchor,RECONSTRUCTED_OFFICIAL_REVIEW_DELTA_VALIDATED,official_2026_interim_events.csv
NIFTYSMALLCAP250,UCOBANK,2026-03-30,reverse official event chain from official 2026-10-02 anchor,RECONSTRUCTED_OFFICIAL_REVIEW_DELTA_VALIDATED,official_2026_interim_events.csv
NIFTYSMALLCAP250,URBANCO,2026-03-30,reverse official event chain from official 2026-10-02 anchor,RECONSTRUCTED_OFFICIAL_REVIEW_DELTA_VALIDATED,official_2026_interim_events.csv
NIFTYSMALLCAP250,USHAMART,2026-03-30,reverse official event chain from official 2026-10-02 anchor,RECONSTRUCTED_OFFICIAL_REVIEW_DELTA_VALIDATED,official_2026_interim_events.csv
NIFTYSMALLCAP250,UTIAMC,2026-03-30,reverse official event chain from official 2026-10-02 anchor,RECONSTRUCTED_OFFICIAL_REVIEW_DELTA_VALIDATED,official_2026_interim_events.csv
NIFTYSMALLCAP250,VIJAYA,2026-03-30,reverse official event chain from official 2026-10-02 anchor,RECONSTRUCTED_OFFICIAL_REVIEW_DELTA_VALIDATED,official_2026_interim_events.csv
NIFTYSMALLCAP250,VTL,2026-03-30,reverse official event chain from official 2026-10-02 anchor,RECONSTRUCTED_OFFICIAL_REVIEW_DELTA_VALIDATED,official_2026_interim_events.csv
NIFTYSMALLCAP250,WELCORP,2026-03-30,reverse official event chain from official 2026-10-02 anchor,RECONSTRUCTED_OFFICIAL_REVIEW_DELTA_VALIDATED,official_2026_interim_events.csv
NIFTYSMALLCAP250,WELSPUNLIV,2026-03-30,reverse official event chain from official 2026-10-02 anchor,RECONSTRUCTED_OFFICIAL_REVIEW_DELTA_VALIDATED,official_2026_interim_events.csv
NIFTYSMALLCAP250,WHIRLPOOL,2026-03-30,reverse official event chain from official 2026-10-02 anchor,RECONSTRUCTED_OFFICIAL_REVIEW_DELTA_VALIDATED,official_2026_interim_events.csv
NIFTYSMALLCAP250,WOCKPHARMA,2026-03-30,reverse official event chain from official 2026-10-02 anchor,RECONSTRUCTED_OFFICIAL_REVIEW_DELTA_VALIDATED,official_2026_interim_events.csv
NIFTYSMALLCAP250,ZEEL,2026-03-30,reverse official event chain from official 2026-10-02 anchor,RECONSTRUCTED_OFFICIAL_REVIEW_DELTA_VALIDATED,official_2026_interim_events.csv
NIFTYSMALLCAP250,ZENSARTECH,2026-03-30,reverse official event chain from official 2026-10-02 anchor,RECONSTRUCTED_OFFICIAL_REVIEW_DELTA_VALIDATED,official_2026_interim_events.csv
NIFTYSMALLCAP250,ZENTEC,2026-03-30,reverse official event chain from official 2026-10-02 anchor,RECONSTRUCTED_OFFICIAL_REVIEW_DELTA_VALIDATED,official_2026_interim_events.csv
NIFTYSMALLCAP250,ZFCVINDIA,2026-03-30,reverse official event chain from official 2026-10-02 anchor,RECONSTRUCTED_OFFICIAL_REVIEW_DELTA_VALIDATED,official_2026_interim_events.csv
NIFTYSMALLCAP250,ZYDUSWELL,2026-03-30,reverse official event chain from official 2026-10-02 anchor,RECONSTRUCTED_OFFICIAL_REVIEW_DELTA_VALIDATED,official_2026_interim_events.csv
