index,index_name,symbol,valid_from,valid_to,weightage,source,source_url,notes,upstream_repo,upstream_file,upstream_commit,record_class
NIFTY50,Nifty 50,ACC,2014-01-01,2017-09-29,,snapshot_floor,,closed by ind_prs28082017.pdf,yurukatsu/nse-historical-membership,index_history/data/index_membership_history.csv,850da8ca193b289fc7471eee28362a7a058f8c2e,inferred_or_snapshot
NIFTY50,Nifty 50,ADANIENT,2022-09-30,,,press_release,https://niftyindices.com/Press_Release/ind_prs01092022.pdf,,yurukatsu/nse-historical-membership,index_history/data/index_membership_history.csv,850da8ca193b289fc7471eee28362a7a058f8c2e,explicit_source
NIFTY50,Nifty 50,ADANIPORTS,2015-09-28,,,press_release,https://niftyindices.com/Press_Release/ind_prs12082015.pdf,,yurukatsu/nse-historical-membership,index_history/data/index_membership_history.csv,850da8ca193b289fc7471eee28362a7a058f8c2e,explicit_source
NIFTY50,Nifty 50,AMBUJACEM,2014-01-01,2018-04-02,,snapshot_floor,,closed by ind_prs21022018.pdf,yurukatsu/nse-historical-membership,index_history/data/index_membership_history.csv,850da8ca193b289fc7471eee28362a7a058f8c2e,inferred_or_snapshot
NIFTY50,Nifty 50,APOLLOHOSP,2022-03-31,,,press_release,https://niftyindices.com/Press_Release/ind_prs24022022_1.pdf,,yurukatsu/nse-historical-membership,index_history/data/index_membership_history.csv,850da8ca193b289fc7471eee28362a7a058f8c2e,explicit_source
NIFTY50,Nifty 50,ASIANPAINT,2014-01-01,,,snapshot_floor,,,yurukatsu/nse-historical-membership,index_history/data/index_membership_history.csv,850da8ca193b289fc7471eee28362a7a058f8c2e,inferred_or_snapshot
NIFTY50,Nifty 50,AUROPHARMA,2014-01-01,2018-04-02,,snapshot_floor,,closed by ind_prs21022018.pdf,yurukatsu/nse-historical-membership,index_history/data/index_membership_history.csv,850da8ca193b289fc7471eee28362a7a058f8c2e,inferred_or_snapshot
NIFTY50,Nifty 50,AXISBANK,2014-01-01,,,snapshot_floor,,,yurukatsu/nse-historical-membership,index_history/data/index_membership_history.csv,850da8ca193b289fc7471eee28362a7a058f8c2e,inferred_or_snapshot
NIFTY50,Nifty 50,BAJAJ-AUTO,2014-01-01,,,snapshot_floor,,,yurukatsu/nse-historical-membership,index_history/data/index_membership_history.csv,850da8ca193b289fc7471eee28362a7a058f8c2e,inferred_or_snapshot
NIFTY50,Nifty 50,BAJAJFINSV,2018-04-02,,,press_release,https://niftyindices.com/Press_Release/ind_prs21022018.pdf,,yurukatsu/nse-historical-membership,index_history/data/index_membership_history.csv,850da8ca193b289fc7471eee28362a7a058f8c2e,explicit_source
NIFTY50,Nifty 50,BAJFINANCE,2017-09-29,,,press_release,https://niftyindices.com/Press_Release/ind_prs28082017.pdf,,yurukatsu/nse-historical-membership,index_history/data/index_membership_history.csv,850da8ca193b289fc7471eee28362a7a058f8c2e,explicit_source
NIFTY50,Nifty 50,BANKBARODA,2014-01-01,2017-09-29,,snapshot_floor,,closed by ind_prs28082017.pdf,yurukatsu/nse-historical-membership,index_history/data/index_membership_history.csv,850da8ca193b289fc7471eee28362a7a058f8c2e,inferred_or_snapshot
NIFTY50,Nifty 50,BEL,2024-09-30,,,press_release,https://niftyindices.com/Press_Release/ind_prs23082024.pdf,,yurukatsu/nse-historical-membership,index_history/data/index_membership_history.csv,850da8ca193b289fc7471eee28362a7a058f8c2e,explicit_source
NIFTY50,Nifty 50,BHARTIARTL,2014-01-01,,,snapshot_floor,,,yurukatsu/nse-historical-membership,index_history/data/index_membership_history.csv,850da8ca193b289fc7471eee28362a7a058f8c2e,inferred_or_snapshot
NIFTY50,Nifty 50,BHEL,2014-01-01,2017-03-31,,snapshot_floor,,closed by ind_prs16022017.pdf,yurukatsu/nse-historical-membership,index_history/data/index_membership_history.csv,850da8ca193b289fc7471eee28362a7a058f8c2e,inferred_or_snapshot
NIFTY50,Nifty 50,BOSCHLTD,2014-01-01,2018-04-02,,snapshot_floor,,closed by ind_prs21022018.pdf,yurukatsu/nse-historical-membership,index_history/data/index_membership_history.csv,850da8ca193b289fc7471eee28362a7a058f8c2e,inferred_or_snapshot
NIFTY50,Nifty 50,BPCL,2014-01-01,2025-03-28,,snapshot_floor,,closed by ind_prs21022025.pdf,yurukatsu/nse-historical-membership,index_history/data/index_membership_history.csv,850da8ca193b289fc7471eee28362a7a058f8c2e,inferred_or_snapshot
NIFTY50,Nifty 50,BRITANNIA,2019-03-29,2025-03-28,,press_release,https://niftyindices.com/Press_Release/ind_prs25022019.pdf,closed by ind_prs21022025.pdf,yurukatsu/nse-historical-membership,index_history/data/index_membership_history.csv,850da8ca193b289fc7471eee28362a7a058f8c2e,explicit_source
NIFTY50,Nifty 50,BSE,2026-09-30,,,NSE/Nifty press release,https://www.niftyindices.com/Press_Release/ind_prs10082026.pdf,Official event overlay: Semi-annual broad-market review,,,,official_event_overlay
NIFTY50,Nifty 50,CIPLA,2014-01-01,,,snapshot_floor,,,yurukatsu/nse-historical-membership,index_history/data/index_membership_history.csv,850da8ca193b289fc7471eee28362a7a058f8c2e,inferred_or_snapshot
NIFTY50,Nifty 50,COALINDIA,2014-01-01,,,snapshot_floor,,,yurukatsu/nse-historical-membership,index_history/data/index_membership_history.csv,850da8ca193b289fc7471eee28362a7a058f8c2e,inferred_or_snapshot
NIFTY50,Nifty 50,DIVISLAB,2020-09-25,2024-09-30,,press_release,https://niftyindices.com/Press_Release/ind_prs20082020.pdf,closed by ind_prs23082024.pdf,yurukatsu/nse-historical-membership,index_history/data/index_membership_history.csv,850da8ca193b289fc7471eee28362a7a058f8c2e,explicit_source
NIFTY50,Nifty 50,DLF,2014-01-01,2015-03-27,,snapshot_floor,,closed by ind_prs20022015.pdf,yurukatsu/nse-historical-membership,index_history/data/index_membership_history.csv,850da8ca193b289fc7471eee28362a7a058f8c2e,inferred_or_snapshot
NIFTY50,Nifty 50,DRREDDY,2014-01-01,,,snapshot_floor,,,yurukatsu/nse-historical-membership,index_history/data/index_membership_history.csv,850da8ca193b289fc7471eee28362a7a058f8c2e,inferred_or_snapshot
NIFTY50,Nifty 50,EICHERMOT,2014-01-01,,,snapshot_floor,,,yurukatsu/nse-historical-membership,index_history/data/index_membership_history.csv,850da8ca193b289fc7471eee28362a7a058f8c2e,inferred_or_snapshot
NIFTY50,Nifty 50,ETERNAL,2025-03-28,,,press_release,https://niftyindices.com/Press_Release/ind_prs21022025.pdf,,yurukatsu/nse-historical-membership,index_history/data/index_membership_history.csv,850da8ca193b289fc7471eee28362a7a058f8c2e,explicit_source
NIFTY50,Nifty 50,GAIL,2014-01-01,2021-03-31,,snapshot_floor,,closed by ind_prs23022021.pdf,yurukatsu/nse-historical-membership,index_history/data/index_membership_history.csv,850da8ca193b289fc7471eee28362a7a058f8c2e,inferred_or_snapshot
NIFTY50,Nifty 50,GRASIM,2014-01-01,2017-05-26,,snapshot_floor,,closed by ind_prs27042017.pdf,yurukatsu/nse-historical-membership,index_history/data/index_membership_history.csv,850da8ca193b289fc7471eee28362a7a058f8c2e,inferred_or_snapshot
NIFTY50,Nifty 50,GRASIM,2018-04-02,,,press_release,https://niftyindices.com/Press_Release/ind_prs21022018.pdf,,yurukatsu/nse-historical-membership,index_history/data/index_membership_history.csv,850da8ca193b289fc7471eee28362a7a058f8c2e,explicit_source
NIFTY50,Nifty 50,HCLTECH,2014-01-01,,,snapshot_floor,,,yurukatsu/nse-historical-membership,index_history/data/index_membership_history.csv,850da8ca193b289fc7471eee28362a7a058f8c2e,inferred_or_snapshot
NIFTY50,Nifty 50,HDFC,2014-01-01,2023-07-13,,snapshot_floor,,closed by ind_prs04072023.pdf,yurukatsu/nse-historical-membership,index_history/data/index_membership_history.csv,850da8ca193b289fc7471eee28362a7a058f8c2e,inferred_or_snapshot
NIFTY50,Nifty 50,HDFCBANK,2014-01-01,,,snapshot_floor,,,yurukatsu/nse-historical-membership,index_history/data/index_membership_history.csv,850da8ca193b289fc7471eee28362a7a058f8c2e,inferred_or_snapshot
NIFTY50,Nifty 50,HDFCLIFE,2020-07-31,,,press_release,https://niftyindices.com/Press_Release/ind_prs02072020_1.pdf,,yurukatsu/nse-historical-membership,index_history/data/index_membership_history.csv,850da8ca193b289fc7471eee28362a7a058f8c2e,explicit_source
NIFTY50,Nifty 50,HEROMOTOCO,2014-01-01,2025-09-30,,snapshot_floor,,closed by ind_prs22082025.pdf,yurukatsu/nse-historical-membership,index_history/data/index_membership_history.csv,850da8ca193b289fc7471eee28362a7a058f8c2e,inferred_or_snapshot
NIFTY50,Nifty 50,HINDALCO,2014-01-01,,,snapshot_floor,,,yurukatsu/nse-historical-membership,index_history/data/index_membership_history.csv,850da8ca193b289fc7471eee28362a7a058f8c2e,inferred_or_snapshot
NIFTY50,Nifty 50,HINDPETRO,2017-09-29,2019-03-29,,press_release,https://niftyindices.com/Press_Release/ind_prs28082017.pdf,closed by ind_prs25022019.pdf,yurukatsu/nse-historical-membership,index_history/data/index_membership_history.csv,850da8ca193b289fc7471eee28362a7a058f8c2e,explicit_source
NIFTY50,Nifty 50,HINDUNILVR,2014-01-01,,,snapshot_floor,,,yurukatsu/nse-historical-membership,index_history/data/index_membership_history.csv,850da8ca193b289fc7471eee28362a7a058f8c2e,inferred_or_snapshot
NIFTY50,Nifty 50,ICICIBANK,2014-01-01,,,snapshot_floor,,,yurukatsu/nse-historical-membership,index_history/data/index_membership_history.csv,850da8ca193b289fc7471eee28362a7a058f8c2e,inferred_or_snapshot
NIFTY50,Nifty 50,IDEA,2015-03-27,2017-03-31,,press_release,https://niftyindices.com/Press_Release/ind_prs20022015.pdf,closed by ind_prs16022017.pdf,yurukatsu/nse-historical-membership,index_history/data/index_membership_history.csv,850da8ca193b289fc7471eee28362a7a058f8c2e,explicit_source
NIFTY50,Nifty 50,INDIGO,2025-09-30,,,press_release,https://niftyindices.com/Press_Release/ind_prs22082025.pdf,,yurukatsu/nse-historical-membership,index_history/data/index_membership_history.csv,850da8ca193b289fc7471eee28362a7a058f8c2e,explicit_source
NIFTY50,Nifty 50,INDUSINDBK,2014-01-01,2025-09-30,,snapshot_floor,,closed by ind_prs22082025.pdf,yurukatsu/nse-historical-membership,index_history/data/index_membership_history.csv,850da8ca193b289fc7471eee28362a7a058f8c2e,inferred_or_snapshot
NIFTY50,Nifty 50,INDUSTOWER,2014-01-01,2020-09-25,,snapshot_floor,,closed by ind_prs20082020.pdf,yurukatsu/nse-historical-membership,index_history/data/index_membership_history.csv,850da8ca193b289fc7471eee28362a7a058f8c2e,inferred_or_snapshot
NIFTY50,Nifty 50,INFY,2014-01-01,,,snapshot_floor,,,yurukatsu/nse-historical-membership,index_history/data/index_membership_history.csv,850da8ca193b289fc7471eee28362a7a058f8c2e,inferred_or_snapshot
NIFTY50,Nifty 50,IOC,2017-03-31,2022-03-31,,press_release,https://niftyindices.com/Press_Release/ind_prs16022017.pdf,closed by ind_prs24022022_1.pdf,yurukatsu/nse-historical-membership,index_history/data/index_membership_history.csv,850da8ca193b289fc7471eee28362a7a058f8c2e,explicit_source
NIFTY50,Nifty 50,ITC,2014-01-01,,,snapshot_floor,,,yurukatsu/nse-historical-membership,index_history/data/index_membership_history.csv,850da8ca193b289fc7471eee28362a7a058f8c2e,inferred_or_snapshot
NIFTY50,Nifty 50,JINDALSTEL,2014-01-01,2015-03-27,,snapshot_floor,,closed by ind_prs20022015.pdf,yurukatsu/nse-historical-membership,index_history/data/index_membership_history.csv,850da8ca193b289fc7471eee28362a7a058f8c2e,inferred_or_snapshot
NIFTY50,Nifty 50,JIOFIN,2025-03-28,,,press_release,https://niftyindices.com/Press_Release/ind_prs21022025.pdf,,yurukatsu/nse-historical-membership,index_history/data/index_membership_history.csv,850da8ca193b289fc7471eee28362a7a058f8c2e,explicit_source
NIFTY50,Nifty 50,JPASSOCIAT,2014-01-01,2014-03-28,,snapshot_floor,,closed by ind_prs27022014.pdf,yurukatsu/nse-historical-membership,index_history/data/index_membership_history.csv,850da8ca193b289fc7471eee28362a7a058f8c2e,inferred_or_snapshot
NIFTY50,Nifty 50,JSWSTEEL,2018-09-28,,,press_release,https://niftyindices.com/Press_Release/ind_prs28082018.pdf,,yurukatsu/nse-historical-membership,index_history/data/index_membership_history.csv,850da8ca193b289fc7471eee28362a7a058f8c2e,explicit_source
NIFTY50,Nifty 50,KOTAKBANK,2014-01-01,,,snapshot_floor,,,yurukatsu/nse-historical-membership,index_history/data/index_membership_history.csv,850da8ca193b289fc7471eee28362a7a058f8c2e,inferred_or_snapshot
NIFTY50,Nifty 50,LT,2014-01-01,,,snapshot_floor,,,yurukatsu/nse-historical-membership,index_history/data/index_membership_history.csv,850da8ca193b289fc7471eee28362a7a058f8c2e,inferred_or_snapshot
NIFTY50,Nifty 50,LTM,2023-07-13,2024-09-30,,press_release,https://niftyindices.com/Press_Release/ind_prs04072023.pdf,closed by ind_prs23082024.pdf,yurukatsu/nse-historical-membership,index_history/data/index_membership_history.csv,850da8ca193b289fc7471eee28362a7a058f8c2e,explicit_source
NIFTY50,Nifty 50,LUPIN,2014-01-01,2018-09-28,,snapshot_floor,,closed by ind_prs28082018.pdf,yurukatsu/nse-historical-membership,index_history/data/index_membership_history.csv,850da8ca193b289fc7471eee28362a7a058f8c2e,inferred_or_snapshot
NIFTY50,Nifty 50,M&M,2014-01-01,,,snapshot_floor,,,yurukatsu/nse-historical-membership,index_history/data/index_membership_history.csv,850da8ca193b289fc7471eee28362a7a058f8c2e,inferred_or_snapshot
NIFTY50,Nifty 50,MARUTI,2014-01-01,,,snapshot_floor,,,yurukatsu/nse-historical-membership,index_history/data/index_membership_history.csv,850da8ca193b289fc7471eee28362a7a058f8c2e,inferred_or_snapshot
NIFTY50,Nifty 50,MAXHEALTH,2025-09-30,,,press_release,https://niftyindices.com/Press_Release/ind_prs22082025.pdf,,yurukatsu/nse-historical-membership,index_history/data/index_membership_history.csv,850da8ca193b289fc7471eee28362a7a058f8c2e,explicit_source
NIFTY50,Nifty 50,MCDOWELL-N,2014-03-28,2014-09-19,,press_release,https://niftyindices.com/Press_Release/ind_prs27022014.pdf,closed by ind_prs20082014.pdf,yurukatsu/nse-historical-membership,index_history/data/index_membership_history.csv,850da8ca193b289fc7471eee28362a7a058f8c2e,explicit_source
NIFTY50,Nifty 50,NESTLEIND,2019-09-27,,,press_release,https://niftyindices.com/Press_Release/ind_prs28082019.pdf,,yurukatsu/nse-historical-membership,index_history/data/index_membership_history.csv,850da8ca193b289fc7471eee28362a7a058f8c2e,explicit_source
NIFTY50,Nifty 50,NMDC,2014-01-01,2015-09-28,,snapshot_floor,,closed by ind_prs12082015.pdf,yurukatsu/nse-historical-membership,index_history/data/index_membership_history.csv,850da8ca193b289fc7471eee28362a7a058f8c2e,inferred_or_snapshot
NIFTY50,Nifty 50,NTPC,2014-01-01,,,snapshot_floor,,,yurukatsu/nse-historical-membership,index_history/data/index_membership_history.csv,850da8ca193b289fc7471eee28362a7a058f8c2e,inferred_or_snapshot
NIFTY50,Nifty 50,ONGC,2014-01-01,,,snapshot_floor,,,yurukatsu/nse-historical-membership,index_history/data/index_membership_history.csv,850da8ca193b289fc7471eee28362a7a058f8c2e,inferred_or_snapshot
NIFTY50,Nifty 50,POWERGRID,2014-01-01,,,snapshot_floor,,,yurukatsu/nse-historical-membership,index_history/data/index_membership_history.csv,850da8ca193b289fc7471eee28362a7a058f8c2e,inferred_or_snapshot
NIFTY50,Nifty 50,RANBAXY,2014-01-01,2014-03-28,,snapshot_floor,,closed by ind_prs27022014.pdf,yurukatsu/nse-historical-membership,index_history/data/index_membership_history.csv,850da8ca193b289fc7471eee28362a7a058f8c2e,inferred_or_snapshot
NIFTY50,Nifty 50,RELIANCE,2014-01-01,,,snapshot_floor,,,yurukatsu/nse-historical-membership,index_history/data/index_membership_history.csv,850da8ca193b289fc7471eee28362a7a058f8c2e,inferred_or_snapshot
NIFTY50,Nifty 50,SAMMAANCAP,2017-03-31,2019-09-27,,press_release,https://niftyindices.com/Press_Release/ind_prs16022017.pdf,closed by ind_prs28082019.pdf,yurukatsu/nse-historical-membership,index_history/data/index_membership_history.csv,850da8ca193b289fc7471eee28362a7a058f8c2e,explicit_source
NIFTY50,Nifty 50,SBILIFE,2020-09-25,,,press_release,https://niftyindices.com/Press_Release/ind_prs20082020.pdf,,yurukatsu/nse-historical-membership,index_history/data/index_membership_history.csv,850da8ca193b289fc7471eee28362a7a058f8c2e,explicit_source
NIFTY50,Nifty 50,SBIN,2014-01-01,,,snapshot_floor,,,yurukatsu/nse-historical-membership,index_history/data/index_membership_history.csv,850da8ca193b289fc7471eee28362a7a058f8c2e,inferred_or_snapshot
NIFTY50,Nifty 50,SHREECEM,2020-03-27,2022-09-30,,press_release,https://niftyindices.com/Press_Release/ind_prs18022020.pdf,closed by ind_prs01092022.pdf,yurukatsu/nse-historical-membership,index_history/data/index_membership_history.csv,850da8ca193b289fc7471eee28362a7a058f8c2e,explicit_source
NIFTY50,Nifty 50,SHRIRAMFIN,2024-03-28,,,press_release,https://niftyindices.com/Press_Release/ind_prs28022024.pdf,,yurukatsu/nse-historical-membership,index_history/data/index_membership_history.csv,850da8ca193b289fc7471eee28362a7a058f8c2e,explicit_source
NIFTY50,Nifty 50,SUNPHARMA,2014-01-01,,,snapshot_floor,,,yurukatsu/nse-historical-membership,index_history/data/index_membership_history.csv,850da8ca193b289fc7471eee28362a7a058f8c2e,inferred_or_snapshot
NIFTY50,Nifty 50,TATACONSUM,2021-03-31,,,press_release,https://niftyindices.com/Press_Release/ind_prs23022021.pdf,,yurukatsu/nse-historical-membership,index_history/data/index_membership_history.csv,850da8ca193b289fc7471eee28362a7a058f8c2e,explicit_source
NIFTY50,Nifty 50,TATAPOWER,2014-01-01,2017-09-29,,snapshot_floor,,closed by ind_prs28082017.pdf,yurukatsu/nse-historical-membership,index_history/data/index_membership_history.csv,850da8ca193b289fc7471eee28362a7a058f8c2e,inferred_or_snapshot
NIFTY50,Nifty 50,TATASTEEL,2014-01-01,,,snapshot_floor,,,yurukatsu/nse-historical-membership,index_history/data/index_membership_history.csv,850da8ca193b289fc7471eee28362a7a058f8c2e,inferred_or_snapshot
NIFTY50,Nifty 50,TCS,2014-01-01,,,snapshot_floor,,,yurukatsu/nse-historical-membership,index_history/data/index_membership_history.csv,850da8ca193b289fc7471eee28362a7a058f8c2e,inferred_or_snapshot
NIFTY50,Nifty 50,TECHM,2014-03-28,,,press_release,https://niftyindices.com/Press_Release/ind_prs27022014.pdf,,yurukatsu/nse-historical-membership,index_history/data/index_membership_history.csv,850da8ca193b289fc7471eee28362a7a058f8c2e,explicit_source
NIFTY50,Nifty 50,TITAN,2018-04-02,,,press_release,https://niftyindices.com/Press_Release/ind_prs21022018.pdf,,yurukatsu/nse-historical-membership,index_history/data/index_membership_history.csv,850da8ca193b289fc7471eee28362a7a058f8c2e,explicit_source
NIFTY50,Nifty 50,TMPV,2014-01-01,,,snapshot_floor,,,yurukatsu/nse-historical-membership,index_history/data/index_membership_history.csv,850da8ca193b289fc7471eee28362a7a058f8c2e,inferred_or_snapshot
NIFTY50,Nifty 50,TRENT,2024-09-30,,,press_release,https://niftyindices.com/Press_Release/ind_prs23082024.pdf,,yurukatsu/nse-historical-membership,index_history/data/index_membership_history.csv,850da8ca193b289fc7471eee28362a7a058f8c2e,explicit_source
NIFTY50,Nifty 50,ULTRACEMCO,2014-01-01,,,snapshot_floor,,,yurukatsu/nse-historical-membership,index_history/data/index_membership_history.csv,850da8ca193b289fc7471eee28362a7a058f8c2e,inferred_or_snapshot
NIFTY50,Nifty 50,UPL,2017-09-29,2024-03-28,,press_release,https://niftyindices.com/Press_Release/ind_prs28082017.pdf,closed by ind_prs28022024.pdf,yurukatsu/nse-historical-membership,index_history/data/index_membership_history.csv,850da8ca193b289fc7471eee28362a7a058f8c2e,explicit_source
NIFTY50,Nifty 50,VEDL,2017-05-26,2020-07-31,,press_release,https://niftyindices.com/Press_Release/ind_prs27042017.pdf,closed by ind_prs02072020_1.pdf,yurukatsu/nse-historical-membership,index_history/data/index_membership_history.csv,850da8ca193b289fc7471eee28362a7a058f8c2e,explicit_source
NIFTY50,Nifty 50,WIPRO,2014-01-01,2026-09-30,,snapshot_floor,,,yurukatsu/nse-historical-membership,index_history/data/index_membership_history.csv,850da8ca193b289fc7471eee28362a7a058f8c2e,inferred_or_snapshot
NIFTY50,Nifty 50,YESBANK,2015-03-27,2020-03-27,,press_release,https://niftyindices.com/Press_Release/ind_prs20022015.pdf,closed by ind_prs18022020.pdf,yurukatsu/nse-historical-membership,index_history/data/index_membership_history.csv,850da8ca193b289fc7471eee28362a7a058f8c2e,explicit_source
NIFTY50,Nifty 50,ZEEL,2014-09-19,2020-09-25,,press_release,https://niftyindices.com/Press_Release/ind_prs20082014.pdf,closed by ind_prs20082020.pdf,yurukatsu/nse-historical-membership,index_history/data/index_membership_history.csv,850da8ca193b289fc7471eee28362a7a058f8c2e,explicit_source
NIFTYMICROCAP250,Nifty Microcap 250,AARTIDRUGS,2024-03-28,2026-09-30,,press_release,https://niftyindices.com/Press_Release/ind_prs28022024.pdf,,yurukatsu/nse-historical-membership,index_history/data/index_membership_history.csv,850da8ca193b289fc7471eee28362a7a058f8c2e,explicit_source
NIFTYMICROCAP250,Nifty Microcap 250,AARTIPHARM,2023-04-28,,,press_release,https://niftyindices.com/Press_Release/ind_prs19042023_1.pdf,,yurukatsu/nse-historical-membership,index_history/data/index_membership_history.csv,850da8ca193b289fc7471eee28362a7a058f8c2e,explicit_source
NIFTYMICROCAP250,Nifty Microcap 250,ABDL,2025-03-28,2026-03-30,,press_release,https://niftyindices.com/Press_Release/ind_prs21022025.pdf,closed by ind_prs23022026.pdf,yurukatsu/nse-historical-membership,index_history/data/index_membership_history.csv,850da8ca193b289fc7471eee28362a7a058f8c2e,explicit_source
NIFTYMICROCAP250,Nifty Microcap 250,ABFRL,2026-09-30,,,NSE/Nifty press release,https://www.niftyindices.com/Press_Release/ind_prs10082026.pdf,Official event overlay: Semi-annual broad-market review,,,,official_event_overlay
NIFTYMICROCAP250,Nifty Microcap 250,ABLBL,2026-09-30,,,NSE/Nifty press release,https://www.niftyindices.com/Press_Release/ind_prs10082026.pdf,Official event overlay: Semi-annual broad-market review,,,,official_event_overlay
NIFTYMICROCAP250,Nifty Microcap 250,ACCELYA,2019-04-01,2024-09-30,,snapshot_floor,,closed by ind_prs23082024.pdf,yurukatsu/nse-historical-membership,index_history/data/index_membership_history.csv,850da8ca193b289fc7471eee28362a7a058f8c2e,inferred_or_snapshot
NIFTYMICROCAP250,Nifty Microcap 250,ACE,2019-04-01,2024-03-28,,snapshot_floor,,closed by ind_prs28022024.pdf,yurukatsu/nse-historical-membership,index_history/data/index_membership_history.csv,850da8ca193b289fc7471eee28362a7a058f8c2e,inferred_or_snapshot
NIFTYMICROCAP250,Nifty Microcap 250,ACI,2025-03-28,,,press_release,https://niftyindices.com/Press_Release/ind_prs21022025.pdf,,yurukatsu/nse-historical-membership,index_history/data/index_membership_history.csv,850da8ca193b289fc7471eee28362a7a058f8c2e,explicit_source
NIFTYMICROCAP250,Nifty Microcap 250,ACLGATI,2019-04-01,2024-03-28,,snapshot_floor,,closed by ind_prs28022024.pdf,yurukatsu/nse-historical-membership,index_history/data/index_membership_history.csv,850da8ca193b289fc7471eee28362a7a058f8c2e,inferred_or_snapshot
NIFTYMICROCAP250,Nifty Microcap 250,ACRYSIL,2022-09-30,2023-03-31,,press_release,https://niftyindices.com/Press_Release/ind_prs01092022.pdf,"inferred-exclude: not in NSE current snapshot, no PR found (closed at next semi-annual review)",yurukatsu/nse-historical-membership,index_history/data/index_membership_history.csv,850da8ca193b289fc7471eee28362a7a058f8c2e,explicit_source
NIFTYMICROCAP250,Nifty Microcap 250,ACUTAAS,2019-04-01,2026-03-30,,snapshot_floor,,closed by ind_prs23022026.pdf,yurukatsu/nse-historical-membership,index_history/data/index_membership_history.csv,850da8ca193b289fc7471eee28362a7a058f8c2e,inferred_or_snapshot
NIFTYMICROCAP250,Nifty Microcap 250,ADFFOODS,2019-04-01,2022-09-30,,snapshot_floor,,closed by ind_prs01092022.pdf,yurukatsu/nse-historical-membership,index_history/data/index_membership_history.csv,850da8ca193b289fc7471eee28362a7a058f8c2e,inferred_or_snapshot
NIFTYMICROCAP250,Nifty Microcap 250,ADVENZYMES,2022-09-30,,,press_release,https://niftyindices.com/Press_Release/ind_prs01092022.pdf,,yurukatsu/nse-historical-membership,index_history/data/index_membership_history.csv,850da8ca193b289fc7471eee28362a7a058f8c2e,explicit_source
NIFTYMICROCAP250,Nifty Microcap 250,AEQUS,2026-03-30,,,press_release,https://niftyindices.com/Press_Release/ind_prs23022026.pdf,,yurukatsu/nse-historical-membership,index_history/data/index_membership_history.csv,850da8ca193b289fc7471eee28362a7a058f8c2e,explicit_source
NIFTYMICROCAP250,Nifty Microcap 250,AEROFLEX,2026-09-30,,,NSE/Nifty press release,https://www.niftyindices.com/Press_Release/ind_prs10082026.pdf,Official event overlay: Semi-annual broad-market review,,,,official_event_overlay
NIFTYMICROCAP250,Nifty Microcap 250,AETHER,2024-09-30,2026-09-30,,press_release,https://niftyindices.com/Press_Release/ind_prs23082024.pdf,,yurukatsu/nse-historical-membership,index_history/data/index_membership_history.csv,850da8ca193b289fc7471eee28362a7a058f8c2e,explicit_source
NIFTYMICROCAP250,Nifty Microcap 250,AGARWALEYE,2026-03-30,2026-09-30,,press_release,https://niftyindices.com/Press_Release/ind_prs23022026.pdf,,yurukatsu/nse-historical-membership,index_history/data/index_membership_history.csv,850da8ca193b289fc7471eee28362a7a058f8c2e,explicit_source
NIFTYMICROCAP250,Nifty Microcap 250,AGCNET,2019-04-01,2021-09-30,,snapshot_floor,,closed by ind_prs15092021.pdf,yurukatsu/nse-historical-membership,index_history/data/index_membership_history.csv,850da8ca193b289fc7471eee28362a7a058f8c2e,inferred_or_snapshot
NIFTYMICROCAP250,Nifty Microcap 250,AGI,2019-04-01,2026-03-30,,snapshot_floor,,closed by ind_prs23022026.pdf,yurukatsu/nse-historical-membership,index_history/data/index_membership_history.csv,850da8ca193b289fc7471eee28362a7a058f8c2e,inferred_or_snapshot
NIFTYMICROCAP250,Nifty Microcap 250,AHLUCONT,2019-04-01,2021-09-30,,snapshot_floor,,closed by ind_prs15092021.pdf,yurukatsu/nse-historical-membership,index_history/data/index_membership_history.csv,850da8ca193b289fc7471eee28362a7a058f8c2e,inferred_or_snapshot
NIFTYMICROCAP250,Nifty Microcap 250,AHLUCONT,2022-03-31,2023-03-31,,press_release,https://niftyindices.com/Press_Release/ind_prs24022022_1.pdf,closed by ind_prs17022023_1.pdf,yurukatsu/nse-historical-membership,index_history/data/index_membership_history.csv,850da8ca193b289fc7471eee28362a7a058f8c2e,explicit_source
NIFTYMICROCAP250,Nifty Microcap 250,AHLUCONT,2023-04-28,2026-09-30,,press_release,https://niftyindices.com/Press_Release/ind_prs19042023_1.pdf,,yurukatsu/nse-historical-membership,index_history/data/index_membership_history.csv,850da8ca193b289fc7471eee28362a7a058f8c2e,explicit_source
NIFTYMICROCAP250,Nifty Microcap 250,AJAXENGG,2025-09-30,2026-03-30,,press_release,https://niftyindices.com/Press_Release/ind_prs22082025.pdf,closed by ind_prs23022026.pdf,yurukatsu/nse-historical-membership,index_history/data/index_membership_history.csv,850da8ca193b289fc7471eee28362a7a058f8c2e,explicit_source
NIFTYMICROCAP250,Nifty Microcap 250,AKUMS,2026-03-30,,,press_release,https://niftyindices.com/Press_Release/ind_prs23022026.pdf,,yurukatsu/nse-historical-membership,index_history/data/index_membership_history.csv,850da8ca193b289fc7471eee28362a7a058f8c2e,explicit_source
NIFTYMICROCAP250,Nifty Microcap 250,AKZOINDIA,2022-04-12,2023-09-29,,press_release,https://niftyindices.com/Press_Release/ind_prs05042022_1.pdf,closed by ind_prs17082023.pdf,yurukatsu/nse-historical-membership,index_history/data/index_membership_history.csv,850da8ca193b289fc7471eee28362a7a058f8c2e,explicit_source
NIFTYMICROCAP250,Nifty Microcap 250,AKZOINDIA,2025-03-28,2025-09-30,,press_release,https://niftyindices.com/Press_Release/ind_prs21022025.pdf,closed by ind_prs22082025.pdf,yurukatsu/nse-historical-membership,index_history/data/index_membership_history.csv,850da8ca193b289fc7471eee28362a7a058f8c2e,explicit_source
NIFTYMICROCAP250,Nifty Microcap 250,ALEMBICLTD,2022-03-31,2023-03-31,,press_release,https://niftyindices.com/Press_Release/ind_prs24022022_1.pdf,closed by ind_prs17022023_1.pdf,yurukatsu/nse-historical-membership,index_history/data/index_membership_history.csv,850da8ca193b289fc7471eee28362a7a058f8c2e,explicit_source
NIFTYMICROCAP250,Nifty Microcap 250,ALIVUS,2019-04-01,2025-03-28,,snapshot_floor,,closed by ind_prs21022025.pdf,yurukatsu/nse-historical-membership,index_history/data/index_membership_history.csv,850da8ca193b289fc7471eee28362a7a058f8c2e,inferred_or_snapshot
NIFTYMICROCAP250,Nifty Microcap 250,ALIVUS,2025-09-30,2026-09-30,,press_release,https://niftyindices.com/Press_Release/ind_prs22082025.pdf,,yurukatsu/nse-historical-membership,index_history/data/index_membership_history.csv,850da8ca193b289fc7471eee28362a7a058f8c2e,explicit_source
NIFTYMICROCAP250,Nifty Microcap 250,ALKYLAMINE,2026-03-30,,,press_release,https://niftyindices.com/Press_Release/ind_prs23022026.pdf,,yurukatsu/nse-historical-membership,index_history/data/index_membership_history.csv,850da8ca193b289fc7471eee28362a7a058f8c2e,explicit_source
NIFTYMICROCAP250,Nifty Microcap 250,ALLCARGO,2021-09-30,2022-03-31,,press_release,https://niftyindices.com/Press_Release/ind_prs15092021.pdf,closed by ind_prs24022022_1.pdf,yurukatsu/nse-historical-membership,index_history/data/index_membership_history.csv,850da8ca193b289fc7471eee28362a7a058f8c2e,explicit_source
NIFTYMICROCAP250,Nifty Microcap 250,ALLCARGO,2024-09-30,2025-03-31,,press_release,https://niftyindices.com/Press_Release/ind_prs23082024.pdf,"inferred-exclude: not in NSE current snapshot, no PR found (closed at next semi-annual review)",yurukatsu/nse-historical-membership,index_history/data/index_membership_history.csv,850da8ca193b289fc7471eee28362a7a058f8c2e,explicit_source
NIFTYMICROCAP250,Nifty Microcap 250,ALOKINDS,2023-03-31,2023-09-29,,press_release,https://niftyindices.com/Press_Release/ind_prs17022023_1.pdf,closed by ind_prs17082023.pdf,yurukatsu/nse-historical-membership,index_history/data/index_membership_history.csv,850da8ca193b289fc7471eee28362a7a058f8c2e,explicit_source
NIFTYMICROCAP250,Nifty Microcap 250,ALOKINDS,2026-03-30,2026-09-30,,press_release,https://niftyindices.com/Press_Release/ind_prs23022026.pdf,,yurukatsu/nse-historical-membership,index_history/data/index_membership_history.csv,850da8ca193b289fc7471eee28362a7a058f8c2e,explicit_source
NIFTYMICROCAP250,Nifty Microcap 250,AMAGI,2026-09-30,,,NSE/Nifty press release,https://www.niftyindices.com/Press_Release/ind_prs10082026.pdf,Official event overlay: Semi-annual broad-market review,,,,official_event_overlay
NIFTYMICROCAP250,Nifty Microcap 250,AMIORG,2022-03-31,2022-09-30,,press_release,https://niftyindices.com/Press_Release/ind_prs24022022_1.pdf,"inferred-exclude: not in NSE current snapshot, no PR found (closed at next semi-annual review)",yurukatsu/nse-historical-membership,index_history/data/index_membership_history.csv,850da8ca193b289fc7471eee28362a7a058f8c2e,explicit_source
NIFTYMICROCAP250,Nifty Microcap 250,AMRUTANJAN,2019-04-01,2023-03-31,,snapshot_floor,,closed by ind_prs17022023_1.pdf,yurukatsu/nse-historical-membership,index_history/data/index_membership_history.csv,850da8ca193b289fc7471eee28362a7a058f8c2e,inferred_or_snapshot
NIFTYMICROCAP250,Nifty Microcap 250,ANANDRATHI,2022-03-31,2024-03-28,,press_release,https://niftyindices.com/Press_Release/ind_prs24022022_1.pdf,closed by ind_prs28022024.pdf,yurukatsu/nse-historical-membership,index_history/data/index_membership_history.csv,850da8ca193b289fc7471eee28362a7a058f8c2e,explicit_source
NIFTYMICROCAP250,Nifty Microcap 250,ANANTRAJ,2021-09-30,2024-09-30,,press_release,https://niftyindices.com/Press_Release/ind_prs15092021.pdf,closed by ind_prs23082024.pdf,yurukatsu/nse-historical-membership,index_history/data/index_membership_history.csv,850da8ca193b289fc7471eee28362a7a058f8c2e,explicit_source
NIFTYMICROCAP250,Nifty Microcap 250,ANDHRAPAP,2019-04-01,2021-09-30,,snapshot_floor,,closed by ind_prs15092021.pdf,yurukatsu/nse-historical-membership,index_history/data/index_membership_history.csv,850da8ca193b289fc7471eee28362a7a058f8c2e,inferred_or_snapshot
NIFTYMICROCAP250,Nifty Microcap 250,ANDHRSUGAR,2019-04-01,2023-09-29,,snapshot_floor,,closed by ind_prs17082023.pdf,yurukatsu/nse-historical-membership,index_history/data/index_membership_history.csv,850da8ca193b289fc7471eee28362a7a058f8c2e,inferred_or_snapshot
NIFTYMICROCAP250,Nifty Microcap 250,ANUP,2025-03-28,2026-09-30,,press_release,https://niftyindices.com/Press_Release/ind_prs21022025.pdf,,yurukatsu/nse-historical-membership,index_history/data/index_membership_history.csv,850da8ca193b289fc7471eee28362a7a058f8c2e,explicit_source
NIFTYMICROCAP250,Nifty Microcap 250,ANURAS,2024-09-30,2025-03-28,,press_release,https://niftyindices.com/Press_Release/ind_prs23082024.pdf,closed by ind_prs21022025.pdf,yurukatsu/nse-historical-membership,index_history/data/index_membership_history.csv,850da8ca193b289fc7471eee28362a7a058f8c2e,explicit_source
NIFTYMICROCAP250,Nifty Microcap 250,ANURAS,2025-09-30,2026-03-30,,press_release,https://niftyindices.com/Press_Release/ind_prs22082025.pdf,closed by ind_prs23022026.pdf,yurukatsu/nse-historical-membership,index_history/data/index_membership_history.csv,850da8ca193b289fc7471eee28362a7a058f8c2e,explicit_source
NIFTYMICROCAP250,Nifty Microcap 250,APARINDS,2019-04-01,2023-03-31,,snapshot_floor,,closed by ind_prs17022023_1.pdf,yurukatsu/nse-historical-membership,index_history/data/index_membership_history.csv,850da8ca193b289fc7471eee28362a7a058f8c2e,inferred_or_snapshot
NIFTYMICROCAP250,Nifty Microcap 250,APCOTEXIND,2019-04-01,2024-03-28,,snapshot_floor,,closed by ind_prs28022024.pdf,yurukatsu/nse-historical-membership,index_history/data/index_membership_history.csv,850da8ca193b289fc7471eee28362a7a058f8c2e,inferred_or_snapshot
NIFTYMICROCAP250,Nifty Microcap 250,APEX,2019-04-01,2021-09-30,,snapshot_floor,,closed by ind_prs15092021.pdf,yurukatsu/nse-historical-membership,index_history/data/index_membership_history.csv,850da8ca193b289fc7471eee28362a7a058f8c2e,inferred_or_snapshot
NIFTYMICROCAP250,Nifty Microcap 250,APLLTD,2026-03-30,2026-09-30,,press_release,https://niftyindices.com/Press_Release/ind_prs23022026.pdf,,yurukatsu/nse-historical-membership,index_history/data/index_membership_history.csv,850da8ca193b289fc7471eee28362a7a058f8c2e,explicit_source
NIFTYMICROCAP250,Nifty Microcap 250,APOLLO,2026-03-30,,,press_release,https://niftyindices.com/Press_Release/ind_prs23022026.pdf,,yurukatsu/nse-historical-membership,index_history/data/index_membership_history.csv,850da8ca193b289fc7471eee28362a7a058f8c2e,explicit_source
NIFTYMICROCAP250,Nifty Microcap 250,APOLLOPIPE,2022-03-31,2024-03-28,,press_release,https://niftyindices.com/Press_Release/ind_prs24022022_1.pdf,closed by ind_prs28022024.pdf,yurukatsu/nse-historical-membership,index_history/data/index_membership_history.csv,850da8ca193b289fc7471eee28362a7a058f8c2e,explicit_source
NIFTYMICROCAP250,Nifty Microcap 250,ARVIND,2019-04-01,,,snapshot_floor,,,yurukatsu/nse-historical-membership,index_history/data/index_membership_history.csv,850da8ca193b289fc7471eee28362a7a058f8c2e,inferred_or_snapshot
NIFTYMICROCAP250,Nifty Microcap 250,ARVINDFASN,2019-04-01,,,snapshot_floor,,,yurukatsu/nse-historical-membership,index_history/data/index_membership_history.csv,850da8ca193b289fc7471eee28362a7a058f8c2e,inferred_or_snapshot
NIFTYMICROCAP250,Nifty Microcap 250,ASHAPURMIN,2026-03-30,,,press_release,https://niftyindices.com/Press_Release/ind_prs23022026.pdf,,yurukatsu/nse-historical-membership,index_history/data/index_membership_history.csv,850da8ca193b289fc7471eee28362a7a058f8c2e,explicit_source
NIFTYMICROCAP250,Nifty Microcap 250,ASHIANA,2019-04-01,2022-09-30,,snapshot_floor,,closed by ind_prs01092022.pdf,yurukatsu/nse-historical-membership,index_history/data/index_membership_history.csv,850da8ca193b289fc7471eee28362a7a058f8c2e,inferred_or_snapshot
NIFTYMICROCAP250,Nifty Microcap 250,ASHOKA,2022-03-31,,,press_release,https://niftyindices.com/Press_Release/ind_prs24022022_1.pdf,,yurukatsu/nse-historical-membership,index_history/data/index_membership_history.csv,850da8ca193b289fc7471eee28362a7a058f8c2e,explicit_source
NIFTYMICROCAP250,Nifty Microcap 250,ASIANTILES,2019-04-01,2021-09-30,,snapshot_floor,,closed by ind_prs15092021.pdf,yurukatsu/nse-historical-membership,index_history/data/index_membership_history.csv,850da8ca193b289fc7471eee28362a7a058f8c2e,inferred_or_snapshot
NIFTYMICROCAP250,Nifty Microcap 250,ASKAUTOLTD,2024-03-28,2026-09-30,,press_release,https://niftyindices.com/Press_Release/ind_prs28022024.pdf,,yurukatsu/nse-historical-membership,index_history/data/index_membership_history.csv,850da8ca193b289fc7471eee28362a7a058f8c2e,explicit_source
NIFTYMICROCAP250,Nifty Microcap 250,ASTEC,2019-04-01,2024-03-28,,snapshot_floor,,closed by ind_prs28022024.pdf,yurukatsu/nse-historical-membership,index_history/data/index_membership_history.csv,850da8ca193b289fc7471eee28362a7a058f8c2e,inferred_or_snapshot
NIFTYMICROCAP250,Nifty Microcap 250,ASTRAMICRO,2019-04-01,,,snapshot_floor,,,yurukatsu/nse-historical-membership,index_history/data/index_membership_history.csv,850da8ca193b289fc7471eee28362a7a058f8c2e,inferred_or_snapshot
NIFTYMICROCAP250,Nifty Microcap 250,ASTRAZEN,2023-03-31,2024-03-28,,press_release,https://niftyindices.com/Press_Release/ind_prs17022023_1.pdf,closed by ind_prs28022024.pdf,yurukatsu/nse-historical-membership,index_history/data/index_membership_history.csv,850da8ca193b289fc7471eee28362a7a058f8c2e,explicit_source
NIFTYMICROCAP250,Nifty Microcap 250,ATFL,2019-04-01,2022-03-31,,snapshot_floor,,closed by ind_prs24022022_1.pdf,yurukatsu/nse-historical-membership,index_history/data/index_membership_history.csv,850da8ca193b289fc7471eee28362a7a058f8c2e,inferred_or_snapshot
NIFTYMICROCAP250,Nifty Microcap 250,ATLANTAELE,2026-03-30,,,press_release,https://niftyindices.com/Press_Release/ind_prs23022026.pdf,,yurukatsu/nse-historical-membership,index_history/data/index_membership_history.csv,850da8ca193b289fc7471eee28362a7a058f8c2e,explicit_source
NIFTYMICROCAP250,Nifty Microcap 250,AURIONPRO,2025-03-28,,,press_release,https://niftyindices.com/Press_Release/ind_prs21022025.pdf,,yurukatsu/nse-historical-membership,index_history/data/index_membership_history.csv,850da8ca193b289fc7471eee28362a7a058f8c2e,explicit_source
NIFTYMICROCAP250,Nifty Microcap 250,AUTOAXLES,2019-04-01,2024-03-28,,snapshot_floor,,closed by ind_prs28022024.pdf,yurukatsu/nse-historical-membership,index_history/data/index_membership_history.csv,850da8ca193b289fc7471eee28362a7a058f8c2e,inferred_or_snapshot
NIFTYMICROCAP250,Nifty Microcap 250,AVALON,2023-09-29,,,press_release,https://niftyindices.com/Press_Release/ind_prs17082023.pdf,,yurukatsu/nse-historical-membership,index_history/data/index_membership_history.csv,850da8ca193b289fc7471eee28362a7a058f8c2e,explicit_source
NIFTYMICROCAP250,Nifty Microcap 250,AVANTIFEED,2025-03-28,2026-09-30,,press_release,https://niftyindices.com/Press_Release/ind_prs21022025.pdf,,yurukatsu/nse-historical-membership,index_history/data/index_membership_history.csv,850da8ca193b289fc7471eee28362a7a058f8c2e,explicit_source
NIFTYMICROCAP250,Nifty Microcap 250,AVL,2025-03-28,2025-09-30,,press_release,https://niftyindices.com/Press_Release/ind_prs21022025.pdf,closed by ind_prs22082025.pdf,yurukatsu/nse-historical-membership,index_history/data/index_membership_history.csv,850da8ca193b289fc7471eee28362a7a058f8c2e,explicit_source
NIFTYMICROCAP250,Nifty Microcap 250,AVL,2026-03-30,,,press_release,https://niftyindices.com/Press_Release/ind_prs23022026.pdf,,yurukatsu/nse-historical-membership,index_history/data/index_membership_history.csv,850da8ca193b289fc7471eee28362a7a058f8c2e,explicit_source
NIFTYMICROCAP250,Nifty Microcap 250,AWFIS,2025-03-28,2026-09-30,,press_release,https://niftyindices.com/Press_Release/ind_prs21022025.pdf,,yurukatsu/nse-historical-membership,index_history/data/index_membership_history.csv,850da8ca193b289fc7471eee28362a7a058f8c2e,explicit_source
NIFTYMICROCAP250,Nifty Microcap 250,AXISCADES,2026-03-30,,,press_release,https://niftyindices.com/Press_Release/ind_prs23022026.pdf,,yurukatsu/nse-historical-membership,index_history/data/index_membership_history.csv,850da8ca193b289fc7471eee28362a7a058f8c2e,explicit_source
NIFTYMICROCAP250,Nifty Microcap 250,AZAD,2024-03-28,2026-09-30,,press_release,https://niftyindices.com/Press_Release/ind_prs28022024.pdf,,yurukatsu/nse-historical-membership,index_history/data/index_membership_history.csv,850da8ca193b289fc7471eee28362a7a058f8c2e,explicit_source
NIFTYMICROCAP250,Nifty Microcap 250,BAJAJCON,2022-03-31,2025-03-28,,press_release,https://niftyindices.com/Press_Release/ind_prs24022022_1.pdf,closed by ind_prs21022025.pdf,yurukatsu/nse-historical-membership,index_history/data/index_membership_history.csv,850da8ca193b289fc7471eee28362a7a058f8c2e,explicit_source
NIFTYMICROCAP250,Nifty Microcap 250,BAJAJCON,2026-09-30,,,NSE/Nifty press release,https://www.niftyindices.com/Press_Release/ind_prs10082026.pdf,Official event overlay: Semi-annual broad-market review,,,,official_event_overlay
NIFTYMICROCAP250,Nifty Microcap 250,BAJAJELEC,2024-09-30,2025-03-28,,press_release,https://niftyindices.com/Press_Release/ind_prs23082024.pdf,closed by ind_prs21022025.pdf,yurukatsu/nse-historical-membership,index_history/data/index_membership_history.csv,850da8ca193b289fc7471eee28362a7a058f8c2e,explicit_source
NIFTYMICROCAP250,Nifty Microcap 250,BAJAJELEC,2025-09-30,2026-09-30,,press_release,https://niftyindices.com/Press_Release/ind_prs22082025.pdf,,yurukatsu/nse-historical-membership,index_history/data/index_membership_history.csv,850da8ca193b289fc7471eee28362a7a058f8c2e,explicit_source
NIFTYMICROCAP250,Nifty Microcap 250,BAJAJHIND,2019-04-01,2025-09-30,,snapshot_floor,,closed by ind_prs22082025.pdf,yurukatsu/nse-historical-membership,index_history/data/index_membership_history.csv,850da8ca193b289fc7471eee28362a7a058f8c2e,inferred_or_snapshot
NIFTYMICROCAP250,Nifty Microcap 250,BALAMINES,2025-03-28,,,press_release,https://niftyindices.com/Press_Release/ind_prs21022025.pdf,,yurukatsu/nse-historical-membership,index_history/data/index_membership_history.csv,850da8ca193b289fc7471eee28362a7a058f8c2e,explicit_source
NIFTYMICROCAP250,Nifty Microcap 250,BALMLAWRIE,2021-09-30,2025-03-28,,press_release,https://niftyindices.com/Press_Release/ind_prs15092021.pdf,closed by ind_prs21022025.pdf,yurukatsu/nse-historical-membership,index_history/data/index_membership_history.csv,850da8ca193b289fc7471eee28362a7a058f8c2e,explicit_source
NIFTYMICROCAP250,Nifty Microcap 250,BALUFORGE,2025-03-28,,,press_release,https://niftyindices.com/Press_Release/ind_prs21022025.pdf,,yurukatsu/nse-historical-membership,index_history/data/index_membership_history.csv,850da8ca193b289fc7471eee28362a7a058f8c2e,explicit_source
NIFTYMICROCAP250,Nifty Microcap 250,BANCOINDIA,2019-04-01,2022-03-31,,snapshot_floor,,closed by ind_prs24022022_1.pdf,yurukatsu/nse-historical-membership,index_history/data/index_membership_history.csv,850da8ca193b289fc7471eee28362a7a058f8c2e,inferred_or_snapshot
NIFTYMICROCAP250,Nifty Microcap 250,BANCOINDIA,2024-03-28,,,press_release,https://niftyindices.com/Press_Release/ind_prs28022024.pdf,,yurukatsu/nse-historical-membership,index_history/data/index_membership_history.csv,850da8ca193b289fc7471eee28362a7a058f8c2e,explicit_source
NIFTYMICROCAP250,Nifty Microcap 250,BANSALWIRE,2025-03-28,2025-09-30,,press_release,https://niftyindices.com/Press_Release/ind_prs21022025.pdf,closed by ind_prs22082025.pdf,yurukatsu/nse-historical-membership,index_history/data/index_membership_history.csv,850da8ca193b289fc7471eee28362a7a058f8c2e,explicit_source
NIFTYMICROCAP250,Nifty Microcap 250,BARBEQUE,2021-09-30,2024-09-30,,press_release,https://niftyindices.com/Press_Release/ind_prs15092021.pdf,closed by ind_prs23082024.pdf,yurukatsu/nse-historical-membership,index_history/data/index_membership_history.csv,850da8ca193b289fc7471eee28362a7a058f8c2e,explicit_source
NIFTYMICROCAP250,Nifty Microcap 250,BASF,2024-02-06,2024-09-30,,press_release,https://niftyindices.com/Press_Release/ind_prs30012024.pdf,closed by ind_prs23082024.pdf,yurukatsu/nse-historical-membership,index_history/data/index_membership_history.csv,850da8ca193b289fc7471eee28362a7a058f8c2e,explicit_source
NIFTYMICROCAP250,Nifty Microcap 250,BBL,2024-09-30,2026-03-30,,press_release,https://niftyindices.com/Press_Release/ind_prs23082024.pdf,closed by ind_prs23022026.pdf,yurukatsu/nse-historical-membership,index_history/data/index_membership_history.csv,850da8ca193b289fc7471eee28362a7a058f8c2e,explicit_source
NIFTYMICROCAP250,Nifty Microcap 250,BBOX,2026-03-30,2026-09-30,,press_release,https://niftyindices.com/Press_Release/ind_prs23022026.pdf,,yurukatsu/nse-historical-membership,index_history/data/index_membership_history.csv,850da8ca193b289fc7471eee28362a7a058f8c2e,explicit_source
NIFTYMICROCAP250,Nifty Microcap 250,BCG,2024-03-28,2024-04-26,,press_release,https://niftyindices.com/Press_Release/ind_prs28022024.pdf,closed by ind_prs24042024.pdf,yurukatsu/nse-historical-membership,index_history/data/index_membership_history.csv,850da8ca193b289fc7471eee28362a7a058f8c2e,explicit_source
NIFTYMICROCAP250,Nifty Microcap 250,BECTORFOOD,2021-09-30,,,press_release,https://niftyindices.com/Press_Release/ind_prs15092021.pdf,,yurukatsu/nse-historical-membership,index_history/data/index_membership_history.csv,850da8ca193b289fc7471eee28362a7a058f8c2e,explicit_source
NIFTYMICROCAP250,Nifty Microcap 250,BELRISE,2025-09-30,2026-03-30,,press_release,https://niftyindices.com/Press_Release/ind_prs22082025.pdf,closed by ind_prs23022026.pdf,yurukatsu/nse-historical-membership,index_history/data/index_membership_history.csv,850da8ca193b289fc7471eee28362a7a058f8c2e,explicit_source
NIFTYMICROCAP250,Nifty Microcap 250,BEPL,2019-04-01,2025-09-30,,snapshot_floor,,closed by ind_prs22082025.pdf,yurukatsu/nse-historical-membership,index_history/data/index_membership_history.csv,850da8ca193b289fc7471eee28362a7a058f8c2e,inferred_or_snapshot
NIFTYMICROCAP250,Nifty Microcap 250,BESTAGRO,2022-03-31,2023-04-28,,press_release,https://niftyindices.com/Press_Release/ind_prs24022022_1.pdf,closed by ind_prs19042023_1.pdf,yurukatsu/nse-historical-membership,index_history/data/index_membership_history.csv,850da8ca193b289fc7471eee28362a7a058f8c2e,explicit_source
NIFTYMICROCAP250,Nifty Microcap 250,BFINVEST,2019-04-01,2022-03-31,,snapshot_floor,,closed by ind_prs24022022_1.pdf,yurukatsu/nse-historical-membership,index_history/data/index_membership_history.csv,850da8ca193b289fc7471eee28362a7a058f8c2e,inferred_or_snapshot
NIFTYMICROCAP250,Nifty Microcap 250,BFUTILITIE,2019-04-01,2023-09-29,,snapshot_floor,,closed by ind_prs17082023.pdf,yurukatsu/nse-historical-membership,index_history/data/index_membership_history.csv,850da8ca193b289fc7471eee28362a7a058f8c2e,inferred_or_snapshot
NIFTYMICROCAP250,Nifty Microcap 250,BHARATRAS,2022-03-31,2022-09-30,,press_release,https://niftyindices.com/Press_Release/ind_prs24022022_1.pdf,closed by ind_prs01092022.pdf,yurukatsu/nse-historical-membership,index_history/data/index_membership_history.csv,850da8ca193b289fc7471eee28362a7a058f8c2e,explicit_source
NIFTYMICROCAP250,Nifty Microcap 250,BIRLACORPN,2025-03-28,,,press_release,https://niftyindices.com/Press_Release/ind_prs21022025.pdf,,yurukatsu/nse-historical-membership,index_history/data/index_membership_history.csv,850da8ca193b289fc7471eee28362a7a058f8c2e,explicit_source
NIFTYMICROCAP250,Nifty Microcap 250,BLACKBUCK,2025-03-28,,,press_release,https://niftyindices.com/Press_Release/ind_prs21022025.pdf,,yurukatsu/nse-historical-membership,index_history/data/index_membership_history.csv,850da8ca193b289fc7471eee28362a7a058f8c2e,explicit_source
NIFTYMICROCAP250,Nifty Microcap 250,BLISSGVS,2021-09-30,2022-03-31,,press_release,https://niftyindices.com/Press_Release/ind_prs15092021.pdf,closed by ind_prs24022022_1.pdf,yurukatsu/nse-historical-membership,index_history/data/index_membership_history.csv,850da8ca193b289fc7471eee28362a7a058f8c2e,explicit_source
NIFTYMICROCAP250,Nifty Microcap 250,BLS,2019-04-01,2023-03-31,,snapshot_floor,,closed by ind_prs17022023_1.pdf,yurukatsu/nse-historical-membership,index_history/data/index_membership_history.csv,850da8ca193b289fc7471eee28362a7a058f8c2e,inferred_or_snapshot
NIFTYMICROCAP250,Nifty Microcap 250,BLUEJET,2024-03-28,2025-09-30,,press_release,https://niftyindices.com/Press_Release/ind_prs28022024.pdf,closed by ind_prs22082025.pdf,yurukatsu/nse-historical-membership,index_history/data/index_membership_history.csv,850da8ca193b289fc7471eee28362a7a058f8c2e,explicit_source
NIFTYMICROCAP250,Nifty Microcap 250,BLUEJET,2026-09-30,,,NSE/Nifty press release,https://www.niftyindices.com/Press_Release/ind_prs10082026.pdf,Official event overlay: Semi-annual broad-market review,,,,official_event_overlay
NIFTYMICROCAP250,Nifty Microcap 250,BLUESTONE,2026-03-30,,,press_release,https://niftyindices.com/Press_Release/ind_prs23022026.pdf,,yurukatsu/nse-historical-membership,index_history/data/index_membership_history.csv,850da8ca193b289fc7471eee28362a7a058f8c2e,explicit_source
NIFTYMICROCAP250,Nifty Microcap 250,BODALCHEM,2019-04-01,2022-03-31,,snapshot_floor,,closed by ind_prs24022022_1.pdf,yurukatsu/nse-historical-membership,index_history/data/index_membership_history.csv,850da8ca193b289fc7471eee28362a7a058f8c2e,inferred_or_snapshot
NIFTYMICROCAP250,Nifty Microcap 250,BOMDYEING,2019-04-01,2025-09-30,,snapshot_floor,,closed by ind_prs22082025.pdf,yurukatsu/nse-historical-membership,index_history/data/index_membership_history.csv,850da8ca193b289fc7471eee28362a7a058f8c2e,inferred_or_snapshot
NIFTYMICROCAP250,Nifty Microcap 250,BOROLTD,2024-09-30,2025-09-30,,press_release,https://niftyindices.com/Press_Release/ind_prs23082024.pdf,closed by ind_prs22082025.pdf,yurukatsu/nse-historical-membership,index_history/data/index_membership_history.csv,850da8ca193b289fc7471eee28362a7a058f8c2e,explicit_source
NIFTYMICROCAP250,Nifty Microcap 250,BORORENEW,2019-04-01,2022-03-31,,snapshot_floor,,closed by ind_prs24022022_1.pdf,yurukatsu/nse-historical-membership,index_history/data/index_membership_history.csv,850da8ca193b289fc7471eee28362a7a058f8c2e,inferred_or_snapshot
NIFTYMICROCAP250,Nifty Microcap 250,BORORENEW,2024-09-30,,,press_release,https://niftyindices.com/Press_Release/ind_prs23082024.pdf,,yurukatsu/nse-historical-membership,index_history/data/index_membership_history.csv,850da8ca193b289fc7471eee28362a7a058f8c2e,explicit_source
NIFTYMICROCAP250,Nifty Microcap 250,BOSCH-HCIL,2019-04-01,2026-03-30,,snapshot_floor,,closed by ind_prs23022026.pdf,yurukatsu/nse-historical-membership,index_history/data/index_membership_history.csv,850da8ca193b289fc7471eee28362a7a058f8c2e,inferred_or_snapshot
NIFTYMICROCAP250,Nifty Microcap 250,BUTTERFLY,2022-09-30,2023-09-29,,press_release,https://niftyindices.com/Press_Release/ind_prs01092022.pdf,closed by ind_prs17082023.pdf,yurukatsu/nse-historical-membership,index_history/data/index_membership_history.csv,850da8ca193b289fc7471eee28362a7a058f8c2e,explicit_source
NIFTYMICROCAP250,Nifty Microcap 250,CAMLINFINE,2019-04-01,2024-09-30,,snapshot_floor,,closed by ind_prs23082024.pdf,yurukatsu/nse-historical-membership,index_history/data/index_membership_history.csv,850da8ca193b289fc7471eee28362a7a058f8c2e,inferred_or_snapshot
NIFTYMICROCAP250,Nifty Microcap 250,CAMPUS,2026-03-30,,,press_release,https://niftyindices.com/Press_Release/ind_prs23022026.pdf,,yurukatsu/nse-historical-membership,index_history/data/index_membership_history.csv,850da8ca193b289fc7471eee28362a7a058f8c2e,explicit_source
NIFTYMICROCAP250,Nifty Microcap 250,CAPACITE,2019-04-01,2022-03-31,,snapshot_floor,,closed by ind_prs24022022_1.pdf,yurukatsu/nse-historical-membership,index_history/data/index_membership_history.csv,850da8ca193b289fc7471eee28362a7a058f8c2e,inferred_or_snapshot
NIFTYMICROCAP250,Nifty Microcap 250,CAPILLARY,2026-03-30,,,press_release,https://niftyindices.com/Press_Release/ind_prs23022026.pdf,,yurukatsu/nse-historical-membership,index_history/data/index_membership_history.csv,850da8ca193b289fc7471eee28362a7a058f8c2e,explicit_source
NIFTYMICROCAP250,Nifty Microcap 250,CAPLIPOINT,2023-03-31,2024-03-28,,press_release,https://niftyindices.com/Press_Release/ind_prs17022023_1.pdf,closed by ind_prs28022024.pdf,yurukatsu/nse-historical-membership,index_history/data/index_membership_history.csv,850da8ca193b289fc7471eee28362a7a058f8c2e,explicit_source
NIFTYMICROCAP250,Nifty Microcap 250,CARERATING,2019-04-01,2024-09-30,,snapshot_floor,,closed by ind_prs23082024.pdf,yurukatsu/nse-historical-membership,index_history/data/index_membership_history.csv,850da8ca193b289fc7471eee28362a7a058f8c2e,inferred_or_snapshot
NIFTYMICROCAP250,Nifty Microcap 250,CARTRADE,2022-03-31,2026-03-30,,press_release,https://niftyindices.com/Press_Release/ind_prs24022022_1.pdf,closed by ind_prs23022026.pdf,yurukatsu/nse-historical-membership,index_history/data/index_membership_history.csv,850da8ca193b289fc7471eee28362a7a058f8c2e,explicit_source
NIFTYMICROCAP250,Nifty Microcap 250,CARYSIL,2019-04-01,2024-03-28,,snapshot_floor,,closed by ind_prs28022024.pdf,yurukatsu/nse-historical-membership,index_history/data/index_membership_history.csv,850da8ca193b289fc7471eee28362a7a058f8c2e,inferred_or_snapshot
NIFTYMICROCAP250,Nifty Microcap 250,CCAVENUE,2019-04-01,,,snapshot_floor,,,yurukatsu/nse-historical-membership,index_history/data/index_membership_history.csv,850da8ca193b289fc7471eee28362a7a058f8c2e,inferred_or_snapshot
NIFTYMICROCAP250,Nifty Microcap 250,CEIGALL,2025-03-28,2026-03-30,,press_release,https://niftyindices.com/Press_Release/ind_prs21022025.pdf,closed by ind_prs23022026.pdf,yurukatsu/nse-historical-membership,index_history/data/index_membership_history.csv,850da8ca193b289fc7471eee28362a7a058f8c2e,explicit_source
NIFTYMICROCAP250,Nifty Microcap 250,CEIGALL,2026-09-30,,,NSE/Nifty press release,https://www.niftyindices.com/Press_Release/ind_prs10082026.pdf,Official event overlay: Semi-annual broad-market review,,,,official_event_overlay
NIFTYMICROCAP250,Nifty Microcap 250,CELLO,2025-03-28,,,press_release,https://niftyindices.com/Press_Release/ind_prs21022025.pdf,,yurukatsu/nse-historical-membership,index_history/data/index_membership_history.csv,850da8ca193b289fc7471eee28362a7a058f8c2e,explicit_source
NIFTYMICROCAP250,Nifty Microcap 250,CEMPRO,2019-04-01,2026-03-30,,snapshot_floor,,closed by ind_prs23022026.pdf,yurukatsu/nse-historical-membership,index_history/data/index_membership_history.csv,850da8ca193b289fc7471eee28362a7a058f8c2e,inferred_or_snapshot
NIFTYMICROCAP250,Nifty Microcap 250,CENTRUM,2019-04-01,2022-09-30,,snapshot_floor,,closed by ind_prs01092022.pdf,yurukatsu/nse-historical-membership,index_history/data/index_membership_history.csv,850da8ca193b289fc7471eee28362a7a058f8c2e,inferred_or_snapshot
NIFTYMICROCAP250,Nifty Microcap 250,CENTUM,2026-09-30,,,NSE/Nifty press release,https://www.niftyindices.com/Press_Release/ind_prs10082026.pdf,Official event overlay: Semi-annual broad-market review,,,,official_event_overlay
NIFTYMICROCAP250,Nifty Microcap 250,CENTURYPLY,2026-03-30,2026-09-30,,press_release,https://niftyindices.com/Press_Release/ind_prs23022026.pdf,,yurukatsu/nse-historical-membership,index_history/data/index_membership_history.csv,850da8ca193b289fc7471eee28362a7a058f8c2e,explicit_source
NIFTYMICROCAP250,Nifty Microcap 250,CERA,2026-03-30,,,press_release,https://niftyindices.com/Press_Release/ind_prs23022026.pdf,,yurukatsu/nse-historical-membership,index_history/data/index_membership_history.csv,850da8ca193b289fc7471eee28362a7a058f8c2e,explicit_source
NIFTYMICROCAP250,Nifty Microcap 250,CGCL,2022-03-31,2022-09-30,,press_release,https://niftyindices.com/Press_Release/ind_prs24022022_1.pdf,"inferred-exclude: not in NSE current snapshot, no PR found (closed at next semi-annual review)",yurukatsu/nse-historical-membership,index_history/data/index_membership_history.csv,850da8ca193b289fc7471eee28362a7a058f8c2e,explicit_source
NIFTYMICROCAP250,Nifty Microcap 250,CGPOWER,2019-04-01,2021-09-30,,snapshot_floor,,closed by ind_prs15092021.pdf,yurukatsu/nse-historical-membership,index_history/data/index_membership_history.csv,850da8ca193b289fc7471eee28362a7a058f8c2e,inferred_or_snapshot
NIFTYMICROCAP250,Nifty Microcap 250,CHALET,2026-09-30,,,NSE/Nifty press release,https://www.niftyindices.com/Press_Release/ind_prs10082026.pdf,Official event overlay: Semi-annual broad-market review,,,,official_event_overlay
NIFTYMICROCAP250,Nifty Microcap 250,CHEMCON,2019-04-01,2022-09-30,,snapshot_floor,,closed by ind_prs01092022.pdf,yurukatsu/nse-historical-membership,index_history/data/index_membership_history.csv,850da8ca193b289fc7471eee28362a7a058f8c2e,inferred_or_snapshot
NIFTYMICROCAP250,Nifty Microcap 250,CHEMPLASTS,2025-03-28,2025-09-30,,press_release,https://niftyindices.com/Press_Release/ind_prs21022025.pdf,closed by ind_prs22082025.pdf,yurukatsu/nse-historical-membership,index_history/data/index_membership_history.csv,850da8ca193b289fc7471eee28362a7a058f8c2e,explicit_source
NIFTYMICROCAP250,Nifty Microcap 250,CHENNPETRO,2019-04-01,2024-03-28,,snapshot_floor,,closed by ind_prs28022024.pdf,yurukatsu/nse-historical-membership,index_history/data/index_membership_history.csv,850da8ca193b289fc7471eee28362a7a058f8c2e,inferred_or_snapshot
NIFTYMICROCAP250,Nifty Microcap 250,CHOICEIN,2022-09-30,2023-03-31,,press_release,https://niftyindices.com/Press_Release/ind_prs01092022.pdf,closed by ind_prs17022023_1.pdf,yurukatsu/nse-historical-membership,index_history/data/index_membership_history.csv,850da8ca193b289fc7471eee28362a7a058f8c2e,explicit_source
NIFTYMICROCAP250,Nifty Microcap 250,CHOICEIN,2023-04-28,2025-09-30,,press_release,https://niftyindices.com/Press_Release/ind_prs19042023_1.pdf,closed by ind_prs22082025.pdf,yurukatsu/nse-historical-membership,index_history/data/index_membership_history.csv,850da8ca193b289fc7471eee28362a7a058f8c2e,explicit_source
NIFTYMICROCAP250,Nifty Microcap 250,CIEINDIA,2025-03-28,2026-05-12,,press_release,https://niftyindices.com/Press_Release/ind_prs21022025.pdf,closed by ind_prs04052026.pdf,yurukatsu/nse-historical-membership,index_history/data/index_membership_history.csv,850da8ca193b289fc7471eee28362a7a058f8c2e,explicit_source
NIFTYMICROCAP250,Nifty Microcap 250,CIGNITITEC,2019-04-01,2026-05-15,,snapshot_floor,,closed by ind_prs08052026.pdf,yurukatsu/nse-historical-membership,index_history/data/index_membership_history.csv,850da8ca193b289fc7471eee28362a7a058f8c2e,inferred_or_snapshot
NIFTYMICROCAP250,Nifty Microcap 250,CLNINDIA,2019-04-01,2022-03-31,,snapshot_floor,,closed by ind_prs24022022_1.pdf,yurukatsu/nse-historical-membership,index_history/data/index_membership_history.csv,850da8ca193b289fc7471eee28362a7a058f8c2e,inferred_or_snapshot
NIFTYMICROCAP250,Nifty Microcap 250,CMRGREEN,2026-09-30,,,NSE/Nifty press release,https://www.niftyindices.com/Press_Release/ind_prs10082026.pdf,Official event overlay: Semi-annual broad-market review,,,,official_event_overlay
NIFTYMICROCAP250,Nifty Microcap 250,CMSINFO,2022-03-31,,,press_release,https://niftyindices.com/Press_Release/ind_prs24022022_1.pdf,,yurukatsu/nse-historical-membership,index_history/data/index_membership_history.csv,850da8ca193b289fc7471eee28362a7a058f8c2e,explicit_source
NIFTYMICROCAP250,Nifty Microcap 250,CONFIPET,2019-04-01,2025-03-28,,snapshot_floor,,closed by ind_prs21022025.pdf,yurukatsu/nse-historical-membership,index_history/data/index_membership_history.csv,850da8ca193b289fc7471eee28362a7a058f8c2e,inferred_or_snapshot
NIFTYMICROCAP250,Nifty Microcap 250,CORONA,2026-03-30,2026-09-30,,press_release,https://niftyindices.com/Press_Release/ind_prs23022026.pdf,,yurukatsu/nse-historical-membership,index_history/data/index_membership_history.csv,850da8ca193b289fc7471eee28362a7a058f8c2e,explicit_source
NIFTYMICROCAP250,Nifty Microcap 250,COSMOFIRST,2019-04-01,2024-03-28,,snapshot_floor,,closed by ind_prs28022024.pdf,yurukatsu/nse-historical-membership,index_history/data/index_membership_history.csv,850da8ca193b289fc7471eee28362a7a058f8c2e,inferred_or_snapshot
NIFTYMICROCAP250,Nifty Microcap 250,CRAFTSMAN,2021-09-30,2023-03-31,,press_release,https://niftyindices.com/Press_Release/ind_prs15092021.pdf,closed by ind_prs17022023_1.pdf,yurukatsu/nse-historical-membership,index_history/data/index_membership_history.csv,850da8ca193b289fc7471eee28362a7a058f8c2e,explicit_source
NIFTYMICROCAP250,Nifty Microcap 250,CRAMC,2026-03-30,,,press_release,https://niftyindices.com/Press_Release/ind_prs23022026.pdf,,yurukatsu/nse-historical-membership,index_history/data/index_membership_history.csv,850da8ca193b289fc7471eee28362a7a058f8c2e,explicit_source
NIFTYMICROCAP250,Nifty Microcap 250,CRIZAC,2026-03-30,2026-09-30,,press_release,https://niftyindices.com/Press_Release/ind_prs23022026.pdf,,yurukatsu/nse-historical-membership,index_history/data/index_membership_history.csv,850da8ca193b289fc7471eee28362a7a058f8c2e,explicit_source
NIFTYMICROCAP250,Nifty Microcap 250,CSBBANK,2024-09-30,,,press_release,https://niftyindices.com/Press_Release/ind_prs23082024.pdf,,yurukatsu/nse-historical-membership,index_history/data/index_membership_history.csv,850da8ca193b289fc7471eee28362a7a058f8c2e,explicit_source
NIFTYMICROCAP250,Nifty Microcap 250,CUPID,2026-03-30,2026-09-30,,press_release,https://niftyindices.com/Press_Release/ind_prs23022026.pdf,,yurukatsu/nse-historical-membership,index_history/data/index_membership_history.csv,850da8ca193b289fc7471eee28362a7a058f8c2e,explicit_source
NIFTYMICROCAP250,Nifty Microcap 250,CYIENTDLM,2024-03-28,2026-03-30,,press_release,https://niftyindices.com/Press_Release/ind_prs28022024.pdf,closed by ind_prs23022026.pdf,yurukatsu/nse-historical-membership,index_history/data/index_membership_history.csv,850da8ca193b289fc7471eee28362a7a058f8c2e,explicit_source
NIFTYMICROCAP250,Nifty Microcap 250,DALMIASUG,2019-04-01,2024-09-30,,snapshot_floor,,closed by ind_prs23082024.pdf,yurukatsu/nse-historical-membership,index_history/data/index_membership_history.csv,850da8ca193b289fc7471eee28362a7a058f8c2e,inferred_or_snapshot
NIFTYMICROCAP250,Nifty Microcap 250,DATAMATICS,2022-09-30,,,press_release,https://niftyindices.com/Press_Release/ind_prs01092022.pdf,,yurukatsu/nse-historical-membership,index_history/data/index_membership_history.csv,850da8ca193b289fc7471eee28362a7a058f8c2e,explicit_source
NIFTYMICROCAP250,Nifty Microcap 250,DATAPATTNS,2022-03-31,2023-03-31,,press_release,https://niftyindices.com/Press_Release/ind_prs24022022_1.pdf,closed by ind_prs17022023_1.pdf,yurukatsu/nse-historical-membership,index_history/data/index_membership_history.csv,850da8ca193b289fc7471eee28362a7a058f8c2e,explicit_source
NIFTYMICROCAP250,Nifty Microcap 250,DBCORP,2019-04-01,2022-09-30,,snapshot_floor,,closed by ind_prs01092022.pdf,yurukatsu/nse-historical-membership,index_history/data/index_membership_history.csv,850da8ca193b289fc7471eee28362a7a058f8c2e,inferred_or_snapshot
NIFTYMICROCAP250,Nifty Microcap 250,DBCORP,2023-09-29,2024-09-30,,press_release,https://niftyindices.com/Press_Release/ind_prs17082023.pdf,closed by ind_prs23082024.pdf,yurukatsu/nse-historical-membership,index_history/data/index_membership_history.csv,850da8ca193b289fc7471eee28362a7a058f8c2e,explicit_source
NIFTYMICROCAP250,Nifty Microcap 250,DBL,2023-03-31,,,press_release,https://niftyindices.com/Press_Release/ind_prs17022023_1.pdf,,yurukatsu/nse-historical-membership,index_history/data/index_membership_history.csv,850da8ca193b289fc7471eee28362a7a058f8c2e,explicit_source
NIFTYMICROCAP250,Nifty Microcap 250,DBREALTY,2022-09-30,2024-09-30,,press_release,https://niftyindices.com/Press_Release/ind_prs01092022.pdf,closed by ind_prs23082024.pdf,yurukatsu/nse-historical-membership,index_history/data/index_membership_history.csv,850da8ca193b289fc7471eee28362a7a058f8c2e,explicit_source
NIFTYMICROCAP250,Nifty Microcap 250,DBREALTY,2026-03-30,,,press_release,https://niftyindices.com/Press_Release/ind_prs23022026.pdf,,yurukatsu/nse-historical-membership,index_history/data/index_membership_history.csv,850da8ca193b289fc7471eee28362a7a058f8c2e,explicit_source
NIFTYMICROCAP250,Nifty Microcap 250,DCAL,2021-09-30,2026-03-30,,press_release,https://niftyindices.com/Press_Release/ind_prs15092021.pdf,closed by ind_prs23022026.pdf,yurukatsu/nse-historical-membership,index_history/data/index_membership_history.csv,850da8ca193b289fc7471eee28362a7a058f8c2e,explicit_source
NIFTYMICROCAP250,Nifty Microcap 250,DCBBANK,2022-03-31,,,press_release,https://niftyindices.com/Press_Release/ind_prs24022022_1.pdf,,yurukatsu/nse-historical-membership,index_history/data/index_membership_history.csv,850da8ca193b289fc7471eee28362a7a058f8c2e,explicit_source
NIFTYMICROCAP250,Nifty Microcap 250,DCMSHRIRAM,2019-04-01,2025-03-28,,snapshot_floor,,closed by ind_prs21022025.pdf,yurukatsu/nse-historical-membership,index_history/data/index_membership_history.csv,850da8ca193b289fc7471eee28362a7a058f8c2e,inferred_or_snapshot
NIFTYMICROCAP250,Nifty Microcap 250,DCXINDIA,2023-03-31,2025-09-30,,press_release,https://niftyindices.com/Press_Release/ind_prs17022023_1.pdf,closed by ind_prs22082025.pdf,yurukatsu/nse-historical-membership,index_history/data/index_membership_history.csv,850da8ca193b289fc7471eee28362a7a058f8c2e,explicit_source
NIFTYMICROCAP250,Nifty Microcap 250,DEEPAKFERT,2019-04-01,2022-09-30,,snapshot_floor,,closed by ind_prs01092022.pdf,yurukatsu/nse-historical-membership,index_history/data/index_membership_history.csv,850da8ca193b289fc7471eee28362a7a058f8c2e,inferred_or_snapshot
NIFTYMICROCAP250,Nifty Microcap 250,DELTACORP,2024-03-28,2025-03-28,,press_release,https://niftyindices.com/Press_Release/ind_prs28022024.pdf,closed by ind_prs21022025.pdf,yurukatsu/nse-historical-membership,index_history/data/index_membership_history.csv,850da8ca193b289fc7471eee28362a7a058f8c2e,explicit_source
NIFTYMICROCAP250,Nifty Microcap 250,DEN,2021-09-30,2025-03-28,,press_release,https://niftyindices.com/Press_Release/ind_prs15092021.pdf,closed by ind_prs21022025.pdf,yurukatsu/nse-historical-membership,index_history/data/index_membership_history.csv,850da8ca193b289fc7471eee28362a7a058f8c2e,explicit_source
NIFTYMICROCAP250,Nifty Microcap 250,DFMFOODS,2019-04-01,2023-02-17,,snapshot_floor,,closed by ind_prs09022023_1.pdf,yurukatsu/nse-historical-membership,index_history/data/index_membership_history.csv,850da8ca193b289fc7471eee28362a7a058f8c2e,inferred_or_snapshot
NIFTYMICROCAP250,Nifty Microcap 250,DHANI,2023-03-31,2025-10-28,,press_release,https://niftyindices.com/Press_Release/ind_prs17022023_1.pdf,closed by ind_prs20102025.pdf,yurukatsu/nse-historical-membership,index_history/data/index_membership_history.csv,850da8ca193b289fc7471eee28362a7a058f8c2e,explicit_source
NIFTYMICROCAP250,Nifty Microcap 250,DHANUKA,2022-03-31,2023-03-31,,press_release,https://niftyindices.com/Press_Release/ind_prs24022022_1.pdf,closed by ind_prs17022023_1.pdf,yurukatsu/nse-historical-membership,index_history/data/index_membership_history.csv,850da8ca193b289fc7471eee28362a7a058f8c2e,explicit_source
NIFTYMICROCAP250,Nifty Microcap 250,DHANUKA,2024-03-28,2025-03-28,,press_release,https://niftyindices.com/Press_Release/ind_prs28022024.pdf,closed by ind_prs21022025.pdf,yurukatsu/nse-historical-membership,index_history/data/index_membership_history.csv,850da8ca193b289fc7471eee28362a7a058f8c2e,explicit_source
NIFTYMICROCAP250,Nifty Microcap 250,DHANUKA,2025-09-30,2026-03-30,,press_release,https://niftyindices.com/Press_Release/ind_prs22082025.pdf,closed by ind_prs23022026.pdf,yurukatsu/nse-historical-membership,index_history/data/index_membership_history.csv,850da8ca193b289fc7471eee28362a7a058f8c2e,explicit_source
NIFTYMICROCAP250,Nifty Microcap 250,DIACABS,2025-09-30,,,press_release,https://niftyindices.com/Press_Release/ind_prs22082025.pdf,,yurukatsu/nse-historical-membership,index_history/data/index_membership_history.csv,850da8ca193b289fc7471eee28362a7a058f8c2e,explicit_source
NIFTYMICROCAP250,Nifty Microcap 250,DIAMONDYD,2019-04-01,2022-09-30,,snapshot_floor,,closed by ind_prs01092022.pdf,yurukatsu/nse-historical-membership,index_history/data/index_membership_history.csv,850da8ca193b289fc7471eee28362a7a058f8c2e,inferred_or_snapshot
NIFTYMICROCAP250,Nifty Microcap 250,DISHTV,2021-09-30,2025-03-28,,press_release,https://niftyindices.com/Press_Release/ind_prs15092021.pdf,closed by ind_prs21022025.pdf,yurukatsu/nse-historical-membership,index_history/data/index_membership_history.csv,850da8ca193b289fc7471eee28362a7a058f8c2e,explicit_source
NIFTYMICROCAP250,Nifty Microcap 250,DIVGIITTS,2023-09-29,2024-03-28,,press_release,https://niftyindices.com/Press_Release/ind_prs17082023.pdf,closed by ind_prs28022024.pdf,yurukatsu/nse-historical-membership,index_history/data/index_membership_history.csv,850da8ca193b289fc7471eee28362a7a058f8c2e,explicit_source
NIFTYMICROCAP250,Nifty Microcap 250,DODLA,2022-03-31,2022-09-30,,press_release,https://niftyindices.com/Press_Release/ind_prs24022022_1.pdf,closed by ind_prs01092022.pdf,yurukatsu/nse-historical-membership,index_history/data/index_membership_history.csv,850da8ca193b289fc7471eee28362a7a058f8c2e,explicit_source
NIFTYMICROCAP250,Nifty Microcap 250,DODLA,2023-09-29,2026-03-30,,press_release,https://niftyindices.com/Press_Release/ind_prs17082023.pdf,closed by ind_prs23022026.pdf,yurukatsu/nse-historical-membership,index_history/data/index_membership_history.csv,850da8ca193b289fc7471eee28362a7a058f8c2e,explicit_source
NIFTYMICROCAP250,Nifty Microcap 250,DOLATALGO,2019-04-01,2023-03-31,,snapshot_floor,,closed by ind_prs17022023_1.pdf,yurukatsu/nse-historical-membership,index_history/data/index_membership_history.csv,850da8ca193b289fc7471eee28362a7a058f8c2e,inferred_or_snapshot
NIFTYMICROCAP250,Nifty Microcap 250,DOLLAR,2019-04-01,2024-03-28,,snapshot_floor,,closed by ind_prs28022024.pdf,yurukatsu/nse-historical-membership,index_history/data/index_membership_history.csv,850da8ca193b289fc7471eee28362a7a058f8c2e,inferred_or_snapshot
NIFTYMICROCAP250,Nifty Microcap 250,DREAMFOLKS,2023-09-29,2025-03-28,,press_release,https://niftyindices.com/Press_Release/ind_prs17082023.pdf,closed by ind_prs21022025.pdf,yurukatsu/nse-historical-membership,index_history/data/index_membership_history.csv,850da8ca193b289fc7471eee28362a7a058f8c2e,explicit_source
NIFTYMICROCAP250,Nifty Microcap 250,DREDGECORP,2019-04-01,2022-03-31,,snapshot_floor,,closed by ind_prs24022022_1.pdf,yurukatsu/nse-historical-membership,index_history/data/index_membership_history.csv,850da8ca193b289fc7471eee28362a7a058f8c2e,inferred_or_snapshot
NIFTYMICROCAP250,Nifty Microcap 250,DWARKESH,2022-09-30,2024-03-28,,press_release,https://niftyindices.com/Press_Release/ind_prs01092022.pdf,closed by ind_prs28022024.pdf,yurukatsu/nse-historical-membership,index_history/data/index_membership_history.csv,850da8ca193b289fc7471eee28362a7a058f8c2e,explicit_source
NIFTYMICROCAP250,Nifty Microcap 250,DYNAMATECH,2024-09-30,,,press_release,https://niftyindices.com/Press_Release/ind_prs23082024.pdf,,yurukatsu/nse-historical-membership,index_history/data/index_membership_history.csv,850da8ca193b289fc7471eee28362a7a058f8c2e,explicit_source
NIFTYMICROCAP250,Nifty Microcap 250,E2E,2026-09-30,,,NSE/Nifty press release,https://www.niftyindices.com/Press_Release/ind_prs10082026.pdf,Official event overlay: Semi-annual broad-market review,,,,official_event_overlay
NIFTYMICROCAP250,Nifty Microcap 250,EASEMYTRIP,2021-09-30,2022-03-31,,press_release,https://niftyindices.com/Press_Release/ind_prs15092021.pdf,closed by ind_prs24022022_1.pdf,yurukatsu/nse-historical-membership,index_history/data/index_membership_history.csv,850da8ca193b289fc7471eee28362a7a058f8c2e,explicit_source
NIFTYMICROCAP250,Nifty Microcap 250,EASEMYTRIP,2025-03-28,2026-03-30,,press_release,https://niftyindices.com/Press_Release/ind_prs21022025.pdf,closed by ind_prs23022026.pdf,yurukatsu/nse-historical-membership,index_history/data/index_membership_history.csv,850da8ca193b289fc7471eee28362a7a058f8c2e,explicit_source
NIFTYMICROCAP250,Nifty Microcap 250,EBGNG,2026-09-30,,,NSE/Nifty press release,https://www.niftyindices.com/Press_Release/ind_prs10082026.pdf,Official event overlay: Semi-annual broad-market review,,,,official_event_overlay
NIFTYMICROCAP250,Nifty Microcap 250,EDELWEISS,2023-09-29,,,press_release,https://niftyindices.com/Press_Release/ind_prs17082023.pdf,,yurukatsu/nse-historical-membership,index_history/data/index_membership_history.csv,850da8ca193b289fc7471eee28362a7a058f8c2e,explicit_source
NIFTYMICROCAP250,Nifty Microcap 250,EIEL,2025-03-28,,,press_release,https://niftyindices.com/Press_Release/ind_prs21022025.pdf,,yurukatsu/nse-historical-membership,index_history/data/index_membership_history.csv,850da8ca193b289fc7471eee28362a7a058f8c2e,explicit_source
NIFTYMICROCAP250,Nifty Microcap 250,EKC,2022-09-30,2023-03-31,,press_release,https://niftyindices.com/Press_Release/ind_prs01092022.pdf,closed by ind_prs17022023_1.pdf,yurukatsu/nse-historical-membership,index_history/data/index_membership_history.csv,850da8ca193b289fc7471eee28362a7a058f8c2e,explicit_source
NIFTYMICROCAP250,Nifty Microcap 250,ELECON,2022-09-30,2024-03-28,,press_release,https://niftyindices.com/Press_Release/ind_prs01092022.pdf,closed by ind_prs28022024.pdf,yurukatsu/nse-historical-membership,index_history/data/index_membership_history.csv,850da8ca193b289fc7471eee28362a7a058f8c2e,explicit_source
NIFTYMICROCAP250,Nifty Microcap 250,ELECTCAST,2019-04-01,,,snapshot_floor,,,yurukatsu/nse-historical-membership,index_history/data/index_membership_history.csv,850da8ca193b289fc7471eee28362a7a058f8c2e,inferred_or_snapshot
NIFTYMICROCAP250,Nifty Microcap 250,ELLEN,2026-03-30,,,press_release,https://niftyindices.com/Press_Release/ind_prs23022026.pdf,,yurukatsu/nse-historical-membership,index_history/data/index_membership_history.csv,850da8ca193b289fc7471eee28362a7a058f8c2e,explicit_source
NIFTYMICROCAP250,Nifty Microcap 250,EMBDL,2019-04-01,,,snapshot_floor,,,yurukatsu/nse-historical-membership,index_history/data/index_membership_history.csv,850da8ca193b289fc7471eee28362a7a058f8c2e,inferred_or_snapshot
NIFTYMICROCAP250,Nifty Microcap 250,EMIL,2023-03-31,,,press_release,https://niftyindices.com/Press_Release/ind_prs17022023_1.pdf,,yurukatsu/nse-historical-membership,index_history/data/index_membership_history.csv,850da8ca193b289fc7471eee28362a7a058f8c2e,explicit_source
NIFTYMICROCAP250,Nifty Microcap 250,EMUDHRA,2022-09-30,2026-03-30,,press_release,https://niftyindices.com/Press_Release/ind_prs01092022.pdf,closed by ind_prs23022026.pdf,yurukatsu/nse-historical-membership,index_history/data/index_membership_history.csv,850da8ca193b289fc7471eee28362a7a058f8c2e,explicit_source
NIFTYMICROCAP250,Nifty Microcap 250,ENTERO,2024-09-30,,,press_release,https://niftyindices.com/Press_Release/ind_prs23082024.pdf,,yurukatsu/nse-historical-membership,index_history/data/index_membership_history.csv,850da8ca193b289fc7471eee28362a7a058f8c2e,explicit_source
NIFTYMICROCAP250,Nifty Microcap 250,EPIGRAL,2024-03-28,2026-03-30,,press_release,https://niftyindices.com/Press_Release/ind_prs28022024.pdf,closed by ind_prs23022026.pdf,yurukatsu/nse-historical-membership,index_history/data/index_membership_history.csv,850da8ca193b289fc7471eee28362a7a058f8c2e,explicit_source
NIFTYMICROCAP250,Nifty Microcap 250,EPL,2024-09-30,,,press_release,https://niftyindices.com/Press_Release/ind_prs23082024.pdf,,yurukatsu/nse-historical-membership,index_history/data/index_membership_history.csv,850da8ca193b289fc7471eee28362a7a058f8c2e,explicit_source
NIFTYMICROCAP250,Nifty Microcap 250,EQUITASBNK,2019-04-01,2021-09-30,,snapshot_floor,,closed by ind_prs15092021.pdf,yurukatsu/nse-historical-membership,index_history/data/index_membership_history.csv,850da8ca193b289fc7471eee28362a7a058f8c2e,inferred_or_snapshot
NIFTYMICROCAP250,Nifty Microcap 250,EQUITASBNK,2025-03-28,,,press_release,https://niftyindices.com/Press_Release/ind_prs21022025.pdf,,yurukatsu/nse-historical-membership,index_history/data/index_membership_history.csv,850da8ca193b289fc7471eee28362a7a058f8c2e,explicit_source
NIFTYMICROCAP250,Nifty Microcap 250,ERIS,2023-02-17,2023-03-31,,press_release,https://niftyindices.com/Press_Release/ind_prs09022023_1.pdf,"inferred-exclude: not in NSE current snapshot, no PR found (closed at next semi-annual review)",yurukatsu/nse-historical-membership,index_history/data/index_membership_history.csv,850da8ca193b289fc7471eee28362a7a058f8c2e,explicit_source
NIFTYMICROCAP250,Nifty Microcap 250,ERIS,2026-09-30,,,NSE/Nifty press release,https://www.niftyindices.com/Press_Release/ind_prs10082026.pdf,Official event overlay: Semi-annual broad-market review,,,,official_event_overlay
NIFTYMICROCAP250,Nifty Microcap 250,ESABINDIA,2019-04-01,2024-03-28,,snapshot_floor,,closed by ind_prs28022024.pdf,yurukatsu/nse-historical-membership,index_history/data/index_membership_history.csv,850da8ca193b289fc7471eee28362a7a058f8c2e,inferred_or_snapshot
NIFTYMICROCAP250,Nifty Microcap 250,ESAFSFB,2024-03-28,2025-03-28,,press_release,https://niftyindices.com/Press_Release/ind_prs28022024.pdf,closed by ind_prs21022025.pdf,yurukatsu/nse-historical-membership,index_history/data/index_membership_history.csv,850da8ca193b289fc7471eee28362a7a058f8c2e,explicit_source
NIFTYMICROCAP250,Nifty Microcap 250,ETHOSLTD,2022-09-30,2026-09-30,,press_release,https://niftyindices.com/Press_Release/ind_prs01092022.pdf,,yurukatsu/nse-historical-membership,index_history/data/index_membership_history.csv,850da8ca193b289fc7471eee28362a7a058f8c2e,explicit_source
NIFTYMICROCAP250,Nifty Microcap 250,EUREKAFORB,2025-03-28,2026-09-30,,press_release,https://niftyindices.com/Press_Release/ind_prs21022025.pdf,,yurukatsu/nse-historical-membership,index_history/data/index_membership_history.csv,850da8ca193b289fc7471eee28362a7a058f8c2e,explicit_source
NIFTYMICROCAP250,Nifty Microcap 250,EVEREADY,2019-04-01,2025-03-28,,snapshot_floor,,closed by ind_prs21022025.pdf,yurukatsu/nse-historical-membership,index_history/data/index_membership_history.csv,850da8ca193b289fc7471eee28362a7a058f8c2e,inferred_or_snapshot
NIFTYMICROCAP250,Nifty Microcap 250,EXCELINDUS,2019-04-01,2022-03-31,,snapshot_floor,,closed by ind_prs24022022_1.pdf,yurukatsu/nse-historical-membership,index_history/data/index_membership_history.csv,850da8ca193b289fc7471eee28362a7a058f8c2e,inferred_or_snapshot
NIFTYMICROCAP250,Nifty Microcap 250,EXICOM,2024-09-30,2025-03-31,,press_release,https://niftyindices.com/Press_Release/ind_prs23082024.pdf,"inferred-exclude: not in NSE current snapshot, no PR found (closed at next semi-annual review)",yurukatsu/nse-historical-membership,index_history/data/index_membership_history.csv,850da8ca193b289fc7471eee28362a7a058f8c2e,explicit_source
NIFTYMICROCAP250,Nifty Microcap 250,FACT,2019-04-01,2021-09-30,,snapshot_floor,,closed by ind_prs15092021.pdf,yurukatsu/nse-historical-membership,index_history/data/index_membership_history.csv,850da8ca193b289fc7471eee28362a7a058f8c2e,inferred_or_snapshot
NIFTYMICROCAP250,Nifty Microcap 250,FAIRCHEMOR,2022-03-31,2023-09-29,,press_release,https://niftyindices.com/Press_Release/ind_prs24022022_1.pdf,closed by ind_prs17082023.pdf,yurukatsu/nse-historical-membership,index_history/data/index_membership_history.csv,850da8ca193b289fc7471eee28362a7a058f8c2e,explicit_source
NIFTYMICROCAP250,Nifty Microcap 250,FCL,2022-09-30,2025-09-30,,press_release,https://niftyindices.com/Press_Release/ind_prs01092022.pdf,closed by ind_prs22082025.pdf,yurukatsu/nse-historical-membership,index_history/data/index_membership_history.csv,850da8ca193b289fc7471eee28362a7a058f8c2e,explicit_source
NIFTYMICROCAP250,Nifty Microcap 250,FCONSUMER,2021-09-30,2022-09-30,,press_release,https://niftyindices.com/Press_Release/ind_prs15092021.pdf,closed by ind_prs01092022.pdf,yurukatsu/nse-historical-membership,index_history/data/index_membership_history.csv,850da8ca193b289fc7471eee28362a7a058f8c2e,explicit_source
NIFTYMICROCAP250,Nifty Microcap 250,FDC,2024-09-30,2026-03-30,,press_release,https://niftyindices.com/Press_Release/ind_prs23082024.pdf,closed by ind_prs23022026.pdf,yurukatsu/nse-historical-membership,index_history/data/index_membership_history.csv,850da8ca193b289fc7471eee28362a7a058f8c2e,explicit_source
NIFTYMICROCAP250,Nifty Microcap 250,FEDFINA,2024-03-28,2024-09-30,,press_release,https://niftyindices.com/Press_Release/ind_prs28022024.pdf,closed by ind_prs23082024.pdf,yurukatsu/nse-historical-membership,index_history/data/index_membership_history.csv,850da8ca193b289fc7471eee28362a7a058f8c2e,explicit_source
NIFTYMICROCAP250,Nifty Microcap 250,FEDFINA,2026-03-30,,,press_release,https://niftyindices.com/Press_Release/ind_prs23022026.pdf,,yurukatsu/nse-historical-membership,index_history/data/index_membership_history.csv,850da8ca193b289fc7471eee28362a7a058f8c2e,explicit_source
NIFTYMICROCAP250,Nifty Microcap 250,FEL,2019-04-01,2021-09-30,,snapshot_floor,,closed by ind_prs15092021.pdf,yurukatsu/nse-historical-membership,index_history/data/index_membership_history.csv,850da8ca193b289fc7471eee28362a7a058f8c2e,inferred_or_snapshot
NIFTYMICROCAP250,Nifty Microcap 250,FIEMIND,2019-04-01,2021-09-30,,snapshot_floor,,closed by ind_prs15092021.pdf,yurukatsu/nse-historical-membership,index_history/data/index_membership_history.csv,850da8ca193b289fc7471eee28362a7a058f8c2e,inferred_or_snapshot
NIFTYMICROCAP250,Nifty Microcap 250,FIEMIND,2023-03-31,,,press_release,https://niftyindices.com/Press_Release/ind_prs17022023_1.pdf,,yurukatsu/nse-historical-membership,index_history/data/index_membership_history.csv,850da8ca193b289fc7471eee28362a7a058f8c2e,explicit_source
NIFTYMICROCAP250,Nifty Microcap 250,FILATEX,2019-04-01,2023-09-29,,snapshot_floor,,closed by ind_prs17082023.pdf,yurukatsu/nse-historical-membership,index_history/data/index_membership_history.csv,850da8ca193b289fc7471eee28362a7a058f8c2e,inferred_or_snapshot
NIFTYMICROCAP250,Nifty Microcap 250,FINEORG,2025-03-28,2026-03-30,,press_release,https://niftyindices.com/Press_Release/ind_prs21022025.pdf,closed by ind_prs23022026.pdf,yurukatsu/nse-historical-membership,index_history/data/index_membership_history.csv,850da8ca193b289fc7471eee28362a7a058f8c2e,explicit_source
NIFTYMICROCAP250,Nifty Microcap 250,FINOPB,2022-03-31,2024-03-28,,press_release,https://niftyindices.com/Press_Release/ind_prs24022022_1.pdf,closed by ind_prs28022024.pdf,yurukatsu/nse-historical-membership,index_history/data/index_membership_history.csv,850da8ca193b289fc7471eee28362a7a058f8c2e,explicit_source
NIFTYMICROCAP250,Nifty Microcap 250,FINPIPE,2026-03-30,,,press_release,https://niftyindices.com/Press_Release/ind_prs23022026.pdf,,yurukatsu/nse-historical-membership,index_history/data/index_membership_history.csv,850da8ca193b289fc7471eee28362a7a058f8c2e,explicit_source
NIFTYMICROCAP250,Nifty Microcap 250,FLAIR,2024-03-28,2024-09-30,,press_release,https://niftyindices.com/Press_Release/ind_prs28022024.pdf,closed by ind_prs23082024.pdf,yurukatsu/nse-historical-membership,index_history/data/index_membership_history.csv,850da8ca193b289fc7471eee28362a7a058f8c2e,explicit_source
NIFTYMICROCAP250,Nifty Microcap 250,FLFL,2019-04-01,2021-09-30,,snapshot_floor,,closed by ind_prs15092021.pdf,yurukatsu/nse-historical-membership,index_history/data/index_membership_history.csv,850da8ca193b289fc7471eee28362a7a058f8c2e,inferred_or_snapshot
NIFTYMICROCAP250,Nifty Microcap 250,FMGOETZE,2021-09-30,2022-03-31,,press_release,https://niftyindices.com/Press_Release/ind_prs15092021.pdf,closed by ind_prs24022022_1.pdf,yurukatsu/nse-historical-membership,index_history/data/index_membership_history.csv,850da8ca193b289fc7471eee28362a7a058f8c2e,explicit_source
NIFTYMICROCAP250,Nifty Microcap 250,FORCEMOT,2019-04-01,2023-10-26,,snapshot_floor,,closed by ind_prs17102023.pdf,yurukatsu/nse-historical-membership,index_history/data/index_membership_history.csv,850da8ca193b289fc7471eee28362a7a058f8c2e,inferred_or_snapshot
NIFTYMICROCAP250,Nifty Microcap 250,FORCEMOT,2024-09-30,2025-09-30,,press_release,https://niftyindices.com/Press_Release/ind_prs23082024.pdf,closed by ind_prs22082025.pdf,yurukatsu/nse-historical-membership,index_history/data/index_membership_history.csv,850da8ca193b289fc7471eee28362a7a058f8c2e,explicit_source
NIFTYMICROCAP250,Nifty Microcap 250,FRETAIL,2022-03-31,2022-10-25,,press_release,https://niftyindices.com/Press_Release/ind_prs24022022_1.pdf,closed by ind_prs20102022.pdf,yurukatsu/nse-historical-membership,index_history/data/index_membership_history.csv,850da8ca193b289fc7471eee28362a7a058f8c2e,explicit_source
NIFTYMICROCAP250,Nifty Microcap 250,FUSION,2023-03-31,2025-03-28,,press_release,https://niftyindices.com/Press_Release/ind_prs17022023_1.pdf,closed by ind_prs21022025.pdf,yurukatsu/nse-historical-membership,index_history/data/index_membership_history.csv,850da8ca193b289fc7471eee28362a7a058f8c2e,explicit_source
NIFTYMICROCAP250,Nifty Microcap 250,GABRIEL,2019-04-01,2026-03-30,,snapshot_floor,,closed by ind_prs23022026.pdf,yurukatsu/nse-historical-membership,index_history/data/index_membership_history.csv,850da8ca193b289fc7471eee28362a7a058f8c2e,inferred_or_snapshot
NIFTYMICROCAP250,Nifty Microcap 250,GAEL,2025-03-28,,,press_release,https://niftyindices.com/Press_Release/ind_prs21022025.pdf,,yurukatsu/nse-historical-membership,index_history/data/index_membership_history.csv,850da8ca193b289fc7471eee28362a7a058f8c2e,explicit_source
NIFTYMICROCAP250,Nifty Microcap 250,GALAXYSURF,2024-03-28,2024-09-30,,press_release,https://niftyindices.com/Press_Release/ind_prs28022024.pdf,closed by ind_prs23082024.pdf,yurukatsu/nse-historical-membership,index_history/data/index_membership_history.csv,850da8ca193b289fc7471eee28362a7a058f8c2e,explicit_source
NIFTYMICROCAP250,Nifty Microcap 250,GALLANTT,2025-09-30,2026-03-30,,press_release,https://niftyindices.com/Press_Release/ind_prs22082025.pdf,closed by ind_prs23022026.pdf,yurukatsu/nse-historical-membership,index_history/data/index_membership_history.csv,850da8ca193b289fc7471eee28362a7a058f8c2e,explicit_source
NIFTYMICROCAP250,Nifty Microcap 250,GANECOS,2025-03-28,2026-03-30,,press_release,https://niftyindices.com/Press_Release/ind_prs21022025.pdf,closed by ind_prs23022026.pdf,yurukatsu/nse-historical-membership,index_history/data/index_membership_history.csv,850da8ca193b289fc7471eee28362a7a058f8c2e,explicit_source
NIFTYMICROCAP250,Nifty Microcap 250,GANESHHOU,2019-04-01,2026-03-30,,snapshot_floor,,closed by ind_prs23022026.pdf,yurukatsu/nse-historical-membership,index_history/data/index_membership_history.csv,850da8ca193b289fc7471eee28362a7a058f8c2e,inferred_or_snapshot
NIFTYMICROCAP250,Nifty Microcap 250,GANESHHOUC,2022-09-30,2023-03-31,,press_release,https://niftyindices.com/Press_Release/ind_prs01092022.pdf,closed by ind_prs17022023_1.pdf,yurukatsu/nse-historical-membership,index_history/data/index_membership_history.csv,850da8ca193b289fc7471eee28362a7a058f8c2e,explicit_source
NIFTYMICROCAP250,Nifty Microcap 250,GANESHHOUC,2023-09-29,2023-09-30,,press_release,https://niftyindices.com/Press_Release/ind_prs17082023.pdf,"inferred-exclude: not in NSE current snapshot, no PR found (closed at next semi-annual review)",yurukatsu/nse-historical-membership,index_history/data/index_membership_history.csv,850da8ca193b289fc7471eee28362a7a058f8c2e,explicit_source
NIFTYMICROCAP250,Nifty Microcap 250,GARFIBRES,2023-09-29,2024-03-28,,press_release,https://niftyindices.com/Press_Release/ind_prs17082023.pdf,closed by ind_prs28022024.pdf,yurukatsu/nse-historical-membership,index_history/data/index_membership_history.csv,850da8ca193b289fc7471eee28362a7a058f8c2e,explicit_source
NIFTYMICROCAP250,Nifty Microcap 250,GARFIBRES,2025-03-28,2026-03-30,,press_release,https://niftyindices.com/Press_Release/ind_prs21022025.pdf,closed by ind_prs23022026.pdf,yurukatsu/nse-historical-membership,index_history/data/index_membership_history.csv,850da8ca193b289fc7471eee28362a7a058f8c2e,explicit_source
NIFTYMICROCAP250,Nifty Microcap 250,GATEWAY,2022-05-31,2026-03-30,,press_release,https://niftyindices.com/Press_Release/ind_prs24052022.pdf,closed by ind_prs23022026.pdf,yurukatsu/nse-historical-membership,index_history/data/index_membership_history.csv,850da8ca193b289fc7471eee28362a7a058f8c2e,explicit_source
NIFTYMICROCAP250,Nifty Microcap 250,GDL,2019-04-01,2021-10-29,,snapshot_floor,,closed by ind_prs22102021.pdf,yurukatsu/nse-historical-membership,index_history/data/index_membership_history.csv,850da8ca193b289fc7471eee28362a7a058f8c2e,inferred_or_snapshot
NIFTYMICROCAP250,Nifty Microcap 250,GENUSPOWER,2019-04-01,2022-04-12,,snapshot_floor,,closed by ind_prs05042022_1.pdf,yurukatsu/nse-historical-membership,index_history/data/index_membership_history.csv,850da8ca193b289fc7471eee28362a7a058f8c2e,inferred_or_snapshot
NIFTYMICROCAP250,Nifty Microcap 250,GENUSPOWER,2026-09-30,,,NSE/Nifty press release,https://www.niftyindices.com/Press_Release/ind_prs10082026.pdf,Official event overlay: Semi-annual broad-market review,,,,official_event_overlay
NIFTYMICROCAP250,Nifty Microcap 250,GEOJITFSL,2019-04-01,2023-03-31,,snapshot_floor,,closed by ind_prs17022023_1.pdf,yurukatsu/nse-historical-membership,index_history/data/index_membership_history.csv,850da8ca193b289fc7471eee28362a7a058f8c2e,inferred_or_snapshot
NIFTYMICROCAP250,Nifty Microcap 250,GEPIL,2021-09-30,2022-09-30,,press_release,https://niftyindices.com/Press_Release/ind_prs15092021.pdf,closed by ind_prs01092022.pdf,yurukatsu/nse-historical-membership,index_history/data/index_membership_history.csv,850da8ca193b289fc7471eee28362a7a058f8c2e,explicit_source
NIFTYMICROCAP250,Nifty Microcap 250,GET&D,2019-04-01,2022-09-30,,snapshot_floor,,closed by ind_prs01092022.pdf,yurukatsu/nse-historical-membership,index_history/data/index_membership_history.csv,850da8ca193b289fc7471eee28362a7a058f8c2e,inferred_or_snapshot
NIFTYMICROCAP250,Nifty Microcap 250,GET&D,2023-09-29,2024-03-28,,press_release,https://niftyindices.com/Press_Release/ind_prs17082023.pdf,closed by ind_prs28022024.pdf,yurukatsu/nse-historical-membership,index_history/data/index_membership_history.csv,850da8ca193b289fc7471eee28362a7a058f8c2e,explicit_source
NIFTYMICROCAP250,Nifty Microcap 250,GHCL,2023-09-29,2026-09-30,,press_release,https://niftyindices.com/Press_Release/ind_prs17082023.pdf,,yurukatsu/nse-historical-membership,index_history/data/index_membership_history.csv,850da8ca193b289fc7471eee28362a7a058f8c2e,explicit_source
NIFTYMICROCAP250,Nifty Microcap 250,GIPCL,2019-04-01,2022-03-31,,snapshot_floor,,closed by ind_prs24022022_1.pdf,yurukatsu/nse-historical-membership,index_history/data/index_membership_history.csv,850da8ca193b289fc7471eee28362a7a058f8c2e,inferred_or_snapshot
NIFTYMICROCAP250,Nifty Microcap 250,GLOBUSSPR,2022-03-31,2024-09-30,,press_release,https://niftyindices.com/Press_Release/ind_prs24022022_1.pdf,closed by ind_prs23082024.pdf,yurukatsu/nse-historical-membership,index_history/data/index_membership_history.csv,850da8ca193b289fc7471eee28362a7a058f8c2e,explicit_source
NIFTYMICROCAP250,Nifty Microcap 250,GLS,2022-09-30,2023-09-29,,press_release,https://niftyindices.com/Press_Release/ind_prs01092022.pdf,closed by ind_prs17082023.pdf,yurukatsu/nse-historical-membership,index_history/data/index_membership_history.csv,850da8ca193b289fc7471eee28362a7a058f8c2e,explicit_source
NIFTYMICROCAP250,Nifty Microcap 250,GLS,2024-09-30,2025-03-31,,press_release,https://niftyindices.com/Press_Release/ind_prs23082024.pdf,"inferred-exclude: not in NSE current snapshot, no PR found (closed at next semi-annual review)",yurukatsu/nse-historical-membership,index_history/data/index_membership_history.csv,850da8ca193b289fc7471eee28362a7a058f8c2e,explicit_source
NIFTYMICROCAP250,Nifty Microcap 250,GMBREW,2019-04-01,2022-03-31,,snapshot_floor,,closed by ind_prs24022022_1.pdf,yurukatsu/nse-historical-membership,index_history/data/index_membership_history.csv,850da8ca193b289fc7471eee28362a7a058f8c2e,inferred_or_snapshot
NIFTYMICROCAP250,Nifty Microcap 250,GMDCLTD,2019-04-01,2024-03-28,,snapshot_floor,,closed by ind_prs28022024.pdf,yurukatsu/nse-historical-membership,index_history/data/index_membership_history.csv,850da8ca193b289fc7471eee28362a7a058f8c2e,inferred_or_snapshot
NIFTYMICROCAP250,Nifty Microcap 250,GMMPFAUDLR,2024-09-30,2026-09-30,,press_release,https://niftyindices.com/Press_Release/ind_prs23082024.pdf,,yurukatsu/nse-historical-membership,index_history/data/index_membership_history.csv,850da8ca193b289fc7471eee28362a7a058f8c2e,explicit_source
NIFTYMICROCAP250,Nifty Microcap 250,GMRP&UI,2025-03-28,,,press_release,https://niftyindices.com/Press_Release/ind_prs21022025.pdf,,yurukatsu/nse-historical-membership,index_history/data/index_membership_history.csv,850da8ca193b289fc7471eee28362a7a058f8c2e,explicit_source
NIFTYMICROCAP250,Nifty Microcap 250,GNFC,2025-09-30,,,press_release,https://niftyindices.com/Press_Release/ind_prs22082025.pdf,,yurukatsu/nse-historical-membership,index_history/data/index_membership_history.csv,850da8ca193b289fc7471eee28362a7a058f8c2e,explicit_source
NIFTYMICROCAP250,Nifty Microcap 250,GOCLCORP,2019-04-01,2021-09-30,,snapshot_floor,,closed by ind_prs15092021.pdf,yurukatsu/nse-historical-membership,index_history/data/index_membership_history.csv,850da8ca193b289fc7471eee28362a7a058f8c2e,inferred_or_snapshot
NIFTYMICROCAP250,Nifty Microcap 250,GOCOLORS,2024-03-28,2025-03-28,,press_release,https://niftyindices.com/Press_Release/ind_prs28022024.pdf,closed by ind_prs21022025.pdf,yurukatsu/nse-historical-membership,index_history/data/index_membership_history.csv,850da8ca193b289fc7471eee28362a7a058f8c2e,explicit_source
NIFTYMICROCAP250,Nifty Microcap 250,GODREJAGRO,2023-09-29,2024-09-30,,press_release,https://niftyindices.com/Press_Release/ind_prs17082023.pdf,closed by ind_prs23082024.pdf,yurukatsu/nse-historical-membership,index_history/data/index_membership_history.csv,850da8ca193b289fc7471eee28362a7a058f8c2e,explicit_source
NIFTYMICROCAP250,Nifty Microcap 250,GODREJAGRO,2026-03-30,,,press_release,https://niftyindices.com/Press_Release/ind_prs23022026.pdf,,yurukatsu/nse-historical-membership,index_history/data/index_membership_history.csv,850da8ca193b289fc7471eee28362a7a058f8c2e,explicit_source
NIFTYMICROCAP250,Nifty Microcap 250,GOKEX,2022-09-30,,,press_release,https://niftyindices.com/Press_Release/ind_prs01092022.pdf,,yurukatsu/nse-historical-membership,index_history/data/index_membership_history.csv,850da8ca193b289fc7471eee28362a7a058f8c2e,explicit_source
NIFTYMICROCAP250,Nifty Microcap 250,GOKULAGRO,2026-03-30,,,press_release,https://niftyindices.com/Press_Release/ind_prs23022026.pdf,,yurukatsu/nse-historical-membership,index_history/data/index_membership_history.csv,850da8ca193b289fc7471eee28362a7a058f8c2e,explicit_source
NIFTYMICROCAP250,Nifty Microcap 250,GOLDIAM,2026-09-30,,,NSE/Nifty press release,https://www.niftyindices.com/Press_Release/ind_prs10082026.pdf,Official event overlay: Semi-annual broad-market review,,,,official_event_overlay
NIFTYMICROCAP250,Nifty Microcap 250,GOODYEAR,2019-04-01,2023-10-26,,snapshot_floor,,closed by ind_prs17102023.pdf,yurukatsu/nse-historical-membership,index_history/data/index_membership_history.csv,850da8ca193b289fc7471eee28362a7a058f8c2e,inferred_or_snapshot
NIFTYMICROCAP250,Nifty Microcap 250,GOPAL,2024-09-30,2025-09-30,,press_release,https://niftyindices.com/Press_Release/ind_prs23082024.pdf,closed by ind_prs22082025.pdf,yurukatsu/nse-historical-membership,index_history/data/index_membership_history.csv,850da8ca193b289fc7471eee28362a7a058f8c2e,explicit_source
NIFTYMICROCAP250,Nifty Microcap 250,GPIL,2019-04-01,2023-09-29,,snapshot_floor,,closed by ind_prs17082023.pdf,yurukatsu/nse-historical-membership,index_history/data/index_membership_history.csv,850da8ca193b289fc7471eee28362a7a058f8c2e,inferred_or_snapshot
NIFTYMICROCAP250,Nifty Microcap 250,GPPL,2025-09-30,,,press_release,https://niftyindices.com/Press_Release/ind_prs22082025.pdf,,yurukatsu/nse-historical-membership,index_history/data/index_membership_history.csv,850da8ca193b289fc7471eee28362a7a058f8c2e,explicit_source
NIFTYMICROCAP250,Nifty Microcap 250,GRAUWEIL,2023-09-29,2023-10-26,,press_release,https://niftyindices.com/Press_Release/ind_prs17082023.pdf,closed by ind_prs17102023.pdf,yurukatsu/nse-historical-membership,index_history/data/index_membership_history.csv,850da8ca193b289fc7471eee28362a7a058f8c2e,explicit_source
NIFTYMICROCAP250,Nifty Microcap 250,GRAVITA,2022-09-30,2025-03-28,,press_release,https://niftyindices.com/Press_Release/ind_prs01092022.pdf,closed by ind_prs21022025.pdf,yurukatsu/nse-historical-membership,index_history/data/index_membership_history.csv,850da8ca193b289fc7471eee28362a7a058f8c2e,explicit_source
NIFTYMICROCAP250,Nifty Microcap 250,GREAVESCOT,2022-03-31,,,press_release,https://niftyindices.com/Press_Release/ind_prs24022022_1.pdf,,yurukatsu/nse-historical-membership,index_history/data/index_membership_history.csv,850da8ca193b289fc7471eee28362a7a058f8c2e,explicit_source
NIFTYMICROCAP250,Nifty Microcap 250,GREENLAM,2019-04-01,2021-09-30,,snapshot_floor,,closed by ind_prs15092021.pdf,yurukatsu/nse-historical-membership,index_history/data/index_membership_history.csv,850da8ca193b289fc7471eee28362a7a058f8c2e,inferred_or_snapshot
NIFTYMICROCAP250,Nifty Microcap 250,GREENLAM,2022-03-31,2022-09-30,,press_release,https://niftyindices.com/Press_Release/ind_prs24022022_1.pdf,closed by ind_prs01092022.pdf,yurukatsu/nse-historical-membership,index_history/data/index_membership_history.csv,850da8ca193b289fc7471eee28362a7a058f8c2e,explicit_source
NIFTYMICROCAP250,Nifty Microcap 250,GREENLAM,2023-09-29,2024-03-28,,press_release,https://niftyindices.com/Press_Release/ind_prs17082023.pdf,closed by ind_prs28022024.pdf,yurukatsu/nse-historical-membership,index_history/data/index_membership_history.csv,850da8ca193b289fc7471eee28362a7a058f8c2e,explicit_source
NIFTYMICROCAP250,Nifty Microcap 250,GREENPANEL,2019-04-01,2022-09-30,,snapshot_floor,,closed by ind_prs01092022.pdf,yurukatsu/nse-historical-membership,index_history/data/index_membership_history.csv,850da8ca193b289fc7471eee28362a7a058f8c2e,inferred_or_snapshot
NIFTYMICROCAP250,Nifty Microcap 250,GREENPANEL,2023-09-29,2026-03-30,,press_release,https://niftyindices.com/Press_Release/ind_prs17082023.pdf,closed by ind_prs23022026.pdf,yurukatsu/nse-historical-membership,index_history/data/index_membership_history.csv,850da8ca193b289fc7471eee28362a7a058f8c2e,explicit_source
NIFTYMICROCAP250,Nifty Microcap 250,GREENPLY,2019-04-01,2025-09-30,,snapshot_floor,,closed by ind_prs22082025.pdf,yurukatsu/nse-historical-membership,index_history/data/index_membership_history.csv,850da8ca193b289fc7471eee28362a7a058f8c2e,inferred_or_snapshot
NIFTYMICROCAP250,Nifty Microcap 250,GRINDWELL,2026-07-17,,,NSE/Nifty press release,https://www.niftyindices.com/Press_Release/ind_prs13072026_1.pdf,Official event overlay: Replacement following amalgamation into Torrent,,,,official_event_overlay
NIFTYMICROCAP250,Nifty Microcap 250,GRINFRA,2024-03-28,2024-09-30,,press_release,https://niftyindices.com/Press_Release/ind_prs28022024.pdf,closed by ind_prs23082024.pdf,yurukatsu/nse-historical-membership,index_history/data/index_membership_history.csv,850da8ca193b289fc7471eee28362a7a058f8c2e,explicit_source
NIFTYMICROCAP250,Nifty Microcap 250,GRINFRA,2025-03-28,2026-03-30,,press_release,https://niftyindices.com/Press_Release/ind_prs21022025.pdf,closed by ind_prs23022026.pdf,yurukatsu/nse-historical-membership,index_history/data/index_membership_history.csv,850da8ca193b289fc7471eee28362a7a058f8c2e,explicit_source
NIFTYMICROCAP250,Nifty Microcap 250,GRMOVER,2023-03-31,2023-09-29,,press_release,https://niftyindices.com/Press_Release/ind_prs17022023_1.pdf,closed by ind_prs17082023.pdf,yurukatsu/nse-historical-membership,index_history/data/index_membership_history.csv,850da8ca193b289fc7471eee28362a7a058f8c2e,explicit_source
NIFTYMICROCAP250,Nifty Microcap 250,GRSE,2021-09-30,2024-03-28,,press_release,https://niftyindices.com/Press_Release/ind_prs15092021.pdf,closed by ind_prs28022024.pdf,yurukatsu/nse-historical-membership,index_history/data/index_membership_history.csv,850da8ca193b289fc7471eee28362a7a058f8c2e,explicit_source
NIFTYMICROCAP250,Nifty Microcap 250,GRWRHITECH,2022-09-30,2023-03-31,,press_release,https://niftyindices.com/Press_Release/ind_prs01092022.pdf,closed by ind_prs17022023_1.pdf,yurukatsu/nse-historical-membership,index_history/data/index_membership_history.csv,850da8ca193b289fc7471eee28362a7a058f8c2e,explicit_source
NIFTYMICROCAP250,Nifty Microcap 250,GRWRHITECH,2024-03-28,,,press_release,https://niftyindices.com/Press_Release/ind_prs28022024.pdf,,yurukatsu/nse-historical-membership,index_history/data/index_membership_history.csv,850da8ca193b289fc7471eee28362a7a058f8c2e,explicit_source
NIFTYMICROCAP250,Nifty Microcap 250,GSFC,2025-03-28,,,press_release,https://niftyindices.com/Press_Release/ind_prs21022025.pdf,,yurukatsu/nse-historical-membership,index_history/data/index_membership_history.csv,850da8ca193b289fc7471eee28362a7a058f8c2e,explicit_source
NIFTYMICROCAP250,Nifty Microcap 250,GTLINFRA,2019-04-01,2021-09-30,,snapshot_floor,,closed by ind_prs15092021.pdf,yurukatsu/nse-historical-membership,index_history/data/index_membership_history.csv,850da8ca193b289fc7471eee28362a7a058f8c2e,inferred_or_snapshot
NIFTYMICROCAP250,Nifty Microcap 250,GTLINFRA,2022-03-31,2023-09-29,,press_release,https://niftyindices.com/Press_Release/ind_prs24022022_1.pdf,closed by ind_prs17082023.pdf,yurukatsu/nse-historical-membership,index_history/data/index_membership_history.csv,850da8ca193b289fc7471eee28362a7a058f8c2e,explicit_source
NIFTYMICROCAP250,Nifty Microcap 250,GTPL,2021-09-30,2022-09-30,,press_release,https://niftyindices.com/Press_Release/ind_prs15092021.pdf,closed by ind_prs01092022.pdf,yurukatsu/nse-historical-membership,index_history/data/index_membership_history.csv,850da8ca193b289fc7471eee28362a7a058f8c2e,explicit_source
NIFTYMICROCAP250,Nifty Microcap 250,GUFICBIO,2022-09-30,2024-09-30,,press_release,https://niftyindices.com/Press_Release/ind_prs01092022.pdf,closed by ind_prs23082024.pdf,yurukatsu/nse-historical-membership,index_history/data/index_membership_history.csv,850da8ca193b289fc7471eee28362a7a058f8c2e,explicit_source
NIFTYMICROCAP250,Nifty Microcap 250,GUJALKALI,2024-03-28,2025-03-28,,press_release,https://niftyindices.com/Press_Release/ind_prs28022024.pdf,closed by ind_prs21022025.pdf,yurukatsu/nse-historical-membership,index_history/data/index_membership_history.csv,850da8ca193b289fc7471eee28362a7a058f8c2e,explicit_source
NIFTYMICROCAP250,Nifty Microcap 250,GUJALKALI,2026-09-30,,,NSE/Nifty press release,https://www.niftyindices.com/Press_Release/ind_prs10082026.pdf,Official event overlay: Semi-annual broad-market review,,,,official_event_overlay
NIFTYMICROCAP250,Nifty Microcap 250,GULFOILLUB,2021-09-30,2023-03-31,,press_release,https://niftyindices.com/Press_Release/ind_prs15092021.pdf,closed by ind_prs17022023_1.pdf,yurukatsu/nse-historical-membership,index_history/data/index_membership_history.csv,850da8ca193b289fc7471eee28362a7a058f8c2e,explicit_source
NIFTYMICROCAP250,Nifty Microcap 250,GULFOILLUB,2024-03-28,2026-03-30,,press_release,https://niftyindices.com/Press_Release/ind_prs28022024.pdf,closed by ind_prs23022026.pdf,yurukatsu/nse-historical-membership,index_history/data/index_membership_history.csv,850da8ca193b289fc7471eee28362a7a058f8c2e,explicit_source
NIFTYMICROCAP250,Nifty Microcap 250,HAPPSTMNDS,2026-03-30,,,press_release,https://niftyindices.com/Press_Release/ind_prs23022026.pdf,,yurukatsu/nse-historical-membership,index_history/data/index_membership_history.csv,850da8ca193b289fc7471eee28362a7a058f8c2e,explicit_source
NIFTYMICROCAP250,Nifty Microcap 250,HAPPYFORGE,2024-09-30,2025-03-28,,press_release,https://niftyindices.com/Press_Release/ind_prs23082024.pdf,closed by ind_prs21022025.pdf,yurukatsu/nse-historical-membership,index_history/data/index_membership_history.csv,850da8ca193b289fc7471eee28362a7a058f8c2e,explicit_source
NIFTYMICROCAP250,Nifty Microcap 250,HAPPYFORGE,2026-09-30,,,NSE/Nifty press release,https://www.niftyindices.com/Press_Release/ind_prs10082026.pdf,Official event overlay: Semi-annual broad-market review,,,,official_event_overlay
NIFTYMICROCAP250,Nifty Microcap 250,HARSHA,2023-03-31,2024-03-28,,press_release,https://niftyindices.com/Press_Release/ind_prs17022023_1.pdf,closed by ind_prs28022024.pdf,yurukatsu/nse-historical-membership,index_history/data/index_membership_history.csv,850da8ca193b289fc7471eee28362a7a058f8c2e,explicit_source
NIFTYMICROCAP250,Nifty Microcap 250,HARSHA,2024-09-30,2025-03-28,,press_release,https://niftyindices.com/Press_Release/ind_prs23082024.pdf,closed by ind_prs21022025.pdf,yurukatsu/nse-historical-membership,index_history/data/index_membership_history.csv,850da8ca193b289fc7471eee28362a7a058f8c2e,explicit_source
NIFTYMICROCAP250,Nifty Microcap 250,HATHWAY,2022-09-30,2025-09-30,,press_release,https://niftyindices.com/Press_Release/ind_prs01092022.pdf,closed by ind_prs22082025.pdf,yurukatsu/nse-historical-membership,index_history/data/index_membership_history.csv,850da8ca193b289fc7471eee28362a7a058f8c2e,explicit_source
NIFTYMICROCAP250,Nifty Microcap 250,HBLPOWER,2019-04-01,2024-03-28,,snapshot_floor,,closed by ind_prs28022024.pdf,yurukatsu/nse-historical-membership,index_history/data/index_membership_history.csv,850da8ca193b289fc7471eee28362a7a058f8c2e,inferred_or_snapshot
NIFTYMICROCAP250,Nifty Microcap 250,HCC,2019-04-01,,,snapshot_floor,,,yurukatsu/nse-historical-membership,index_history/data/index_membership_history.csv,850da8ca193b289fc7471eee28362a7a058f8c2e,inferred_or_snapshot
NIFTYMICROCAP250,Nifty Microcap 250,HCG,2019-04-01,2024-03-28,,snapshot_floor,,closed by ind_prs28022024.pdf,yurukatsu/nse-historical-membership,index_history/data/index_membership_history.csv,850da8ca193b289fc7471eee28362a7a058f8c2e,inferred_or_snapshot
NIFTYMICROCAP250,Nifty Microcap 250,HCG,2024-09-30,,,press_release,https://niftyindices.com/Press_Release/ind_prs23082024.pdf,,yurukatsu/nse-historical-membership,index_history/data/index_membership_history.csv,850da8ca193b289fc7471eee28362a7a058f8c2e,explicit_source
NIFTYMICROCAP250,Nifty Microcap 250,HEIDELBERG,2022-03-31,2025-09-30,,press_release,https://niftyindices.com/Press_Release/ind_prs24022022_1.pdf,closed by ind_prs22082025.pdf,yurukatsu/nse-historical-membership,index_history/data/index_membership_history.csv,850da8ca193b289fc7471eee28362a7a058f8c2e,explicit_source
NIFTYMICROCAP250,Nifty Microcap 250,HEMIPROP,2022-09-30,2026-09-30,,press_release,https://niftyindices.com/Press_Release/ind_prs01092022.pdf,,yurukatsu/nse-historical-membership,index_history/data/index_membership_history.csv,850da8ca193b289fc7471eee28362a7a058f8c2e,explicit_source
NIFTYMICROCAP250,Nifty Microcap 250,HERANBA,2021-09-30,2023-09-29,,press_release,https://niftyindices.com/Press_Release/ind_prs15092021.pdf,closed by ind_prs17082023.pdf,yurukatsu/nse-historical-membership,index_history/data/index_membership_history.csv,850da8ca193b289fc7471eee28362a7a058f8c2e,explicit_source
NIFTYMICROCAP250,Nifty Microcap 250,HERITGFOOD,2019-04-01,,,snapshot_floor,,,yurukatsu/nse-historical-membership,index_history/data/index_membership_history.csv,850da8ca193b289fc7471eee28362a7a058f8c2e,inferred_or_snapshot
NIFTYMICROCAP250,Nifty Microcap 250,HESTERBIO,2019-04-01,2022-09-30,,snapshot_floor,,closed by ind_prs01092022.pdf,yurukatsu/nse-historical-membership,index_history/data/index_membership_history.csv,850da8ca193b289fc7471eee28362a7a058f8c2e,inferred_or_snapshot
NIFTYMICROCAP250,Nifty Microcap 250,HGINFRA,2019-04-01,,,snapshot_floor,,,yurukatsu/nse-historical-membership,index_history/data/index_membership_history.csv,850da8ca193b289fc7471eee28362a7a058f8c2e,inferred_or_snapshot
NIFTYMICROCAP250,Nifty Microcap 250,HGS,2019-04-01,2021-09-30,,snapshot_floor,,closed by ind_prs15092021.pdf,yurukatsu/nse-historical-membership,index_history/data/index_membership_history.csv,850da8ca193b289fc7471eee28362a7a058f8c2e,inferred_or_snapshot
NIFTYMICROCAP250,Nifty Microcap 250,HGS,2023-09-29,2024-03-28,,press_release,https://niftyindices.com/Press_Release/ind_prs17082023.pdf,closed by ind_prs28022024.pdf,yurukatsu/nse-historical-membership,index_history/data/index_membership_history.csv,850da8ca193b289fc7471eee28362a7a058f8c2e,explicit_source
NIFTYMICROCAP250,Nifty Microcap 250,HIKAL,2019-04-01,2021-09-30,,snapshot_floor,,closed by ind_prs15092021.pdf,yurukatsu/nse-historical-membership,index_history/data/index_membership_history.csv,850da8ca193b289fc7471eee28362a7a058f8c2e,inferred_or_snapshot
NIFTYMICROCAP250,Nifty Microcap 250,HIKAL,2023-09-29,2026-03-30,,press_release,https://niftyindices.com/Press_Release/ind_prs17082023.pdf,closed by ind_prs23022026.pdf,yurukatsu/nse-historical-membership,index_history/data/index_membership_history.csv,850da8ca193b289fc7471eee28362a7a058f8c2e,explicit_source
NIFTYMICROCAP250,Nifty Microcap 250,HIL,2019-04-01,2024-03-28,,snapshot_floor,,closed by ind_prs28022024.pdf,yurukatsu/nse-historical-membership,index_history/data/index_membership_history.csv,850da8ca193b289fc7471eee28362a7a058f8c2e,inferred_or_snapshot
NIFTYMICROCAP250,Nifty Microcap 250,HIMATSEIDE,2019-04-01,2023-03-31,,snapshot_floor,,closed by ind_prs17022023_1.pdf,yurukatsu/nse-historical-membership,index_history/data/index_membership_history.csv,850da8ca193b289fc7471eee28362a7a058f8c2e,inferred_or_snapshot
NIFTYMICROCAP250,Nifty Microcap 250,HINDOILEXP,2019-04-01,2025-03-28,,snapshot_floor,,closed by ind_prs21022025.pdf,yurukatsu/nse-historical-membership,index_history/data/index_membership_history.csv,850da8ca193b289fc7471eee28362a7a058f8c2e,inferred_or_snapshot
NIFTYMICROCAP250,Nifty Microcap 250,HINDWAREAP,2019-04-01,2025-03-28,,snapshot_floor,,closed by ind_prs21022025.pdf,yurukatsu/nse-historical-membership,index_history/data/index_membership_history.csv,850da8ca193b289fc7471eee28362a7a058f8c2e,inferred_or_snapshot
NIFTYMICROCAP250,Nifty Microcap 250,HLEGLAS,2021-09-30,2022-03-31,,press_release,https://niftyindices.com/Press_Release/ind_prs15092021.pdf,closed by ind_prs24022022_1.pdf,yurukatsu/nse-historical-membership,index_history/data/index_membership_history.csv,850da8ca193b289fc7471eee28362a7a058f8c2e,explicit_source
NIFTYMICROCAP250,Nifty Microcap 250,HLEGLAS,2024-03-28,2024-09-30,,press_release,https://niftyindices.com/Press_Release/ind_prs28022024.pdf,closed by ind_prs23082024.pdf,yurukatsu/nse-historical-membership,index_history/data/index_membership_history.csv,850da8ca193b289fc7471eee28362a7a058f8c2e,explicit_source
NIFTYMICROCAP250,Nifty Microcap 250,HMAAGRO,2024-03-28,2024-09-30,,press_release,https://niftyindices.com/Press_Release/ind_prs28022024.pdf,closed by ind_prs23082024.pdf,yurukatsu/nse-historical-membership,index_history/data/index_membership_history.csv,850da8ca193b289fc7471eee28362a7a058f8c2e,explicit_source
NIFTYMICROCAP250,Nifty Microcap 250,HNDFDS,2019-04-01,2022-03-31,,snapshot_floor,,closed by ind_prs24022022_1.pdf,yurukatsu/nse-historical-membership,index_history/data/index_membership_history.csv,850da8ca193b289fc7471eee28362a7a058f8c2e,inferred_or_snapshot
NIFTYMICROCAP250,Nifty Microcap 250,HNDFDS,2022-09-30,2023-04-28,,press_release,https://niftyindices.com/Press_Release/ind_prs01092022.pdf,closed by ind_prs19042023_1.pdf,yurukatsu/nse-historical-membership,index_history/data/index_membership_history.csv,850da8ca193b289fc7471eee28362a7a058f8c2e,explicit_source
NIFTYMICROCAP250,Nifty Microcap 250,HNDFDS,2023-09-29,2024-03-28,,press_release,https://niftyindices.com/Press_Release/ind_prs17082023.pdf,closed by ind_prs28022024.pdf,yurukatsu/nse-historical-membership,index_history/data/index_membership_history.csv,850da8ca193b289fc7471eee28362a7a058f8c2e,explicit_source
NIFTYMICROCAP250,Nifty Microcap 250,HNDFDS,2024-09-30,2025-03-28,,press_release,https://niftyindices.com/Press_Release/ind_prs23082024.pdf,closed by ind_prs21022025.pdf,yurukatsu/nse-historical-membership,index_history/data/index_membership_history.csv,850da8ca193b289fc7471eee28362a7a058f8c2e,explicit_source
NIFTYMICROCAP250,Nifty Microcap 250,HONDAPOWER,2019-04-01,2021-09-30,,snapshot_floor,,closed by ind_prs15092021.pdf,yurukatsu/nse-historical-membership,index_history/data/index_membership_history.csv,850da8ca193b289fc7471eee28362a7a058f8c2e,inferred_or_snapshot
NIFTYMICROCAP250,Nifty Microcap 250,HSCL,2021-09-30,2024-03-28,,press_release,https://niftyindices.com/Press_Release/ind_prs15092021.pdf,closed by ind_prs28022024.pdf,yurukatsu/nse-historical-membership,index_history/data/index_membership_history.csv,850da8ca193b289fc7471eee28362a7a058f8c2e,explicit_source
NIFTYMICROCAP250,Nifty Microcap 250,HSIL,2021-09-30,2022-03-31,,press_release,https://niftyindices.com/Press_Release/ind_prs15092021.pdf,"inferred-exclude: not in NSE current snapshot, no PR found (closed at next semi-annual review)",yurukatsu/nse-historical-membership,index_history/data/index_membership_history.csv,850da8ca193b289fc7471eee28362a7a058f8c2e,explicit_source
NIFTYMICROCAP250,Nifty Microcap 250,HUHTAMAKI,2021-09-30,2022-03-31,,press_release,https://niftyindices.com/Press_Release/ind_prs15092021.pdf,closed by ind_prs24022022_1.pdf,yurukatsu/nse-historical-membership,index_history/data/index_membership_history.csv,850da8ca193b289fc7471eee28362a7a058f8c2e,explicit_source
NIFTYMICROCAP250,Nifty Microcap 250,IBREALEST,2023-09-29,2023-09-30,,press_release,https://niftyindices.com/Press_Release/ind_prs17082023.pdf,"inferred-exclude: not in NSE current snapshot, no PR found (closed at next semi-annual review)",yurukatsu/nse-historical-membership,index_history/data/index_membership_history.csv,850da8ca193b289fc7471eee28362a7a058f8c2e,explicit_source
NIFTYMICROCAP250,Nifty Microcap 250,ICIL,2022-09-30,,,press_release,https://niftyindices.com/Press_Release/ind_prs01092022.pdf,,yurukatsu/nse-historical-membership,index_history/data/index_membership_history.csv,850da8ca193b289fc7471eee28362a7a058f8c2e,explicit_source
NIFTYMICROCAP250,Nifty Microcap 250,ICRA,2019-04-01,2022-03-31,,snapshot_floor,,closed by ind_prs24022022_1.pdf,yurukatsu/nse-historical-membership,index_history/data/index_membership_history.csv,850da8ca193b289fc7471eee28362a7a058f8c2e,inferred_or_snapshot
NIFTYMICROCAP250,Nifty Microcap 250,ICRA,2022-09-30,2023-09-29,,press_release,https://niftyindices.com/Press_Release/ind_prs01092022.pdf,closed by ind_prs17082023.pdf,yurukatsu/nse-historical-membership,index_history/data/index_membership_history.csv,850da8ca193b289fc7471eee28362a7a058f8c2e,explicit_source
NIFTYMICROCAP250,Nifty Microcap 250,IDEAFORGE,2024-03-28,2025-03-28,,press_release,https://niftyindices.com/Press_Release/ind_prs28022024.pdf,closed by ind_prs21022025.pdf,yurukatsu/nse-historical-membership,index_history/data/index_membership_history.csv,850da8ca193b289fc7471eee28362a7a058f8c2e,explicit_source
NIFTYMICROCAP250,Nifty Microcap 250,IFBIND,2023-09-29,,,press_release,https://niftyindices.com/Press_Release/ind_prs17082023.pdf,,yurukatsu/nse-historical-membership,index_history/data/index_membership_history.csv,850da8ca193b289fc7471eee28362a7a058f8c2e,explicit_source
NIFTYMICROCAP250,Nifty Microcap 250,IFCI,2019-04-01,2024-09-30,,snapshot_floor,,closed by ind_prs23082024.pdf,yurukatsu/nse-historical-membership,index_history/data/index_membership_history.csv,850da8ca193b289fc7471eee28362a7a058f8c2e,inferred_or_snapshot
NIFTYMICROCAP250,Nifty Microcap 250,IGARASHI,2019-04-01,2022-09-30,,snapshot_floor,,closed by ind_prs01092022.pdf,yurukatsu/nse-historical-membership,index_history/data/index_membership_history.csv,850da8ca193b289fc7471eee28362a7a058f8c2e,inferred_or_snapshot
NIFTYMICROCAP250,Nifty Microcap 250,IGPL,2019-04-01,2023-03-31,,snapshot_floor,,closed by ind_prs17022023_1.pdf,yurukatsu/nse-historical-membership,index_history/data/index_membership_history.csv,850da8ca193b289fc7471eee28362a7a058f8c2e,inferred_or_snapshot
NIFTYMICROCAP250,Nifty Microcap 250,IIFLCAPS,2019-04-01,,,snapshot_floor,,,yurukatsu/nse-historical-membership,index_history/data/index_membership_history.csv,850da8ca193b289fc7471eee28362a7a058f8c2e,inferred_or_snapshot
NIFTYMICROCAP250,Nifty Microcap 250,IIFLSEC,2019-04-01,2023-03-31,,snapshot_floor,,closed by ind_prs17022023_1.pdf,yurukatsu/nse-historical-membership,index_history/data/index_membership_history.csv,850da8ca193b289fc7471eee28362a7a058f8c2e,inferred_or_snapshot
NIFTYMICROCAP250,Nifty Microcap 250,IIFLSEC,2024-03-28,2024-03-31,,press_release,https://niftyindices.com/Press_Release/ind_prs28022024.pdf,"inferred-exclude: not in NSE current snapshot, no PR found (closed at next semi-annual review)",yurukatsu/nse-historical-membership,index_history/data/index_membership_history.csv,850da8ca193b289fc7471eee28362a7a058f8c2e,explicit_source
NIFTYMICROCAP250,Nifty Microcap 250,IKIO,2023-09-29,2024-09-30,,press_release,https://niftyindices.com/Press_Release/ind_prs17082023.pdf,closed by ind_prs23082024.pdf,yurukatsu/nse-historical-membership,index_history/data/index_membership_history.csv,850da8ca193b289fc7471eee28362a7a058f8c2e,explicit_source
NIFTYMICROCAP250,Nifty Microcap 250,IMAGICAA,2024-09-30,2026-03-30,,press_release,https://niftyindices.com/Press_Release/ind_prs23082024.pdf,closed by ind_prs23022026.pdf,yurukatsu/nse-historical-membership,index_history/data/index_membership_history.csv,850da8ca193b289fc7471eee28362a7a058f8c2e,explicit_source
NIFTYMICROCAP250,Nifty Microcap 250,IMFA,2019-04-01,,,snapshot_floor,,,yurukatsu/nse-historical-membership,index_history/data/index_membership_history.csv,850da8ca193b289fc7471eee28362a7a058f8c2e,inferred_or_snapshot
NIFTYMICROCAP250,Nifty Microcap 250,INDGN,2026-09-30,,,NSE/Nifty press release,https://www.niftyindices.com/Press_Release/ind_prs10082026.pdf,Official event overlay: Semi-annual broad-market review,,,,official_event_overlay
NIFTYMICROCAP250,Nifty Microcap 250,INDIAGLYCO,2019-04-01,,,snapshot_floor,,,yurukatsu/nse-historical-membership,index_history/data/index_membership_history.csv,850da8ca193b289fc7471eee28362a7a058f8c2e,inferred_or_snapshot
NIFTYMICROCAP250,Nifty Microcap 250,INDIANHUME,2019-04-01,2022-03-31,,snapshot_floor,,closed by ind_prs24022022_1.pdf,yurukatsu/nse-historical-membership,index_history/data/index_membership_history.csv,850da8ca193b289fc7471eee28362a7a058f8c2e,inferred_or_snapshot
NIFTYMICROCAP250,Nifty Microcap 250,INDIASHLTR,2024-03-28,2026-09-30,,press_release,https://niftyindices.com/Press_Release/ind_prs28022024.pdf,,yurukatsu/nse-historical-membership,index_history/data/index_membership_history.csv,850da8ca193b289fc7471eee28362a7a058f8c2e,explicit_source
NIFTYMICROCAP250,Nifty Microcap 250,INDIGOPNTS,2024-09-30,,,press_release,https://niftyindices.com/Press_Release/ind_prs23082024.pdf,,yurukatsu/nse-historical-membership,index_history/data/index_membership_history.csv,850da8ca193b289fc7471eee28362a7a058f8c2e,explicit_source
NIFTYMICROCAP250,Nifty Microcap 250,INDNIPPON,2019-04-01,2021-09-30,,snapshot_floor,,closed by ind_prs15092021.pdf,yurukatsu/nse-historical-membership,index_history/data/index_membership_history.csv,850da8ca193b289fc7471eee28362a7a058f8c2e,inferred_or_snapshot
NIFTYMICROCAP250,Nifty Microcap 250,INDOCO,2023-03-31,2024-09-30,,press_release,https://niftyindices.com/Press_Release/ind_prs17022023_1.pdf,closed by ind_prs23082024.pdf,yurukatsu/nse-historical-membership,index_history/data/index_membership_history.csv,850da8ca193b289fc7471eee28362a7a058f8c2e,explicit_source
NIFTYMICROCAP250,Nifty Microcap 250,INDORAMA,2022-09-30,2023-03-31,,press_release,https://niftyindices.com/Press_Release/ind_prs01092022.pdf,closed by ind_prs17022023_1.pdf,yurukatsu/nse-historical-membership,index_history/data/index_membership_history.csv,850da8ca193b289fc7471eee28362a7a058f8c2e,explicit_source
NIFTYMICROCAP250,Nifty Microcap 250,INDOSTAR,2019-04-01,2023-03-31,,snapshot_floor,,closed by ind_prs17022023_1.pdf,yurukatsu/nse-historical-membership,index_history/data/index_membership_history.csv,850da8ca193b289fc7471eee28362a7a058f8c2e,inferred_or_snapshot
NIFTYMICROCAP250,Nifty Microcap 250,INFIBEAM,2024-03-28,2024-03-31,,press_release,https://niftyindices.com/Press_Release/ind_prs28022024.pdf,"inferred-exclude: not in NSE current snapshot, no PR found (closed at next semi-annual review)",yurukatsu/nse-historical-membership,index_history/data/index_membership_history.csv,850da8ca193b289fc7471eee28362a7a058f8c2e,explicit_source
NIFTYMICROCAP250,Nifty Microcap 250,INGERRAND,2022-03-31,2023-03-31,,press_release,https://niftyindices.com/Press_Release/ind_prs24022022_1.pdf,closed by ind_prs17022023_1.pdf,yurukatsu/nse-historical-membership,index_history/data/index_membership_history.csv,850da8ca193b289fc7471eee28362a7a058f8c2e,explicit_source
NIFTYMICROCAP250,Nifty Microcap 250,INGERRAND,2024-03-28,2026-03-30,,press_release,https://niftyindices.com/Press_Release/ind_prs28022024.pdf,closed by ind_prs23022026.pdf,yurukatsu/nse-historical-membership,index_history/data/index_membership_history.csv,850da8ca193b289fc7471eee28362a7a058f8c2e,explicit_source
NIFTYMICROCAP250,Nifty Microcap 250,INNOVACAP,2025-03-10,2026-03-30,,press_release,https://niftyindices.com/Press_Release/ind_prs06032025.pdf,closed by ind_prs23022026.pdf,yurukatsu/nse-historical-membership,index_history/data/index_membership_history.csv,850da8ca193b289fc7471eee28362a7a058f8c2e,explicit_source
NIFTYMICROCAP250,Nifty Microcap 250,INOXGREEN,2024-09-30,2026-09-30,,press_release,https://niftyindices.com/Press_Release/ind_prs23082024.pdf,,yurukatsu/nse-historical-membership,index_history/data/index_membership_history.csv,850da8ca193b289fc7471eee28362a7a058f8c2e,explicit_source
NIFTYMICROCAP250,Nifty Microcap 250,INOXINDIA,2024-03-28,2024-09-30,,press_release,https://niftyindices.com/Press_Release/ind_prs28022024.pdf,closed by ind_prs23082024.pdf,yurukatsu/nse-historical-membership,index_history/data/index_membership_history.csv,850da8ca193b289fc7471eee28362a7a058f8c2e,explicit_source
NIFTYMICROCAP250,Nifty Microcap 250,INOXINDIA,2026-03-30,2026-09-30,,press_release,https://niftyindices.com/Press_Release/ind_prs23022026.pdf,,yurukatsu/nse-historical-membership,index_history/data/index_membership_history.csv,850da8ca193b289fc7471eee28362a7a058f8c2e,explicit_source
NIFTYMICROCAP250,Nifty Microcap 250,INOXWIND,2019-04-01,2024-03-28,,snapshot_floor,,closed by ind_prs28022024.pdf,yurukatsu/nse-historical-membership,index_history/data/index_membership_history.csv,850da8ca193b289fc7471eee28362a7a058f8c2e,inferred_or_snapshot
NIFTYMICROCAP250,Nifty Microcap 250,INSECTICID,2019-04-01,2022-03-31,,snapshot_floor,,closed by ind_prs24022022_1.pdf,yurukatsu/nse-historical-membership,index_history/data/index_membership_history.csv,850da8ca193b289fc7471eee28362a7a058f8c2e,inferred_or_snapshot
NIFTYMICROCAP250,Nifty Microcap 250,IOLCP,2022-03-31,2024-09-30,,press_release,https://niftyindices.com/Press_Release/ind_prs24022022_1.pdf,closed by ind_prs23082024.pdf,yurukatsu/nse-historical-membership,index_history/data/index_membership_history.csv,850da8ca193b289fc7471eee28362a7a058f8c2e,explicit_source
NIFTYMICROCAP250,Nifty Microcap 250,IONEXCHANG,2022-04-12,,,press_release,https://niftyindices.com/Press_Release/ind_prs05042022_1.pdf,,yurukatsu/nse-historical-membership,index_history/data/index_membership_history.csv,850da8ca193b289fc7471eee28362a7a058f8c2e,explicit_source
NIFTYMICROCAP250,Nifty Microcap 250,IPL,2022-03-31,2023-09-29,,press_release,https://niftyindices.com/Press_Release/ind_prs24022022_1.pdf,closed by ind_prs17082023.pdf,yurukatsu/nse-historical-membership,index_history/data/index_membership_history.csv,850da8ca193b289fc7471eee28362a7a058f8c2e,explicit_source
NIFTYMICROCAP250,Nifty Microcap 250,IPL,2024-03-28,2025-03-28,,press_release,https://niftyindices.com/Press_Release/ind_prs28022024.pdf,closed by ind_prs21022025.pdf,yurukatsu/nse-historical-membership,index_history/data/index_membership_history.csv,850da8ca193b289fc7471eee28362a7a058f8c2e,explicit_source
NIFTYMICROCAP250,Nifty Microcap 250,IRCON,2022-09-30,2023-09-29,,press_release,https://niftyindices.com/Press_Release/ind_prs01092022.pdf,closed by ind_prs17082023.pdf,yurukatsu/nse-historical-membership,index_history/data/index_membership_history.csv,850da8ca193b289fc7471eee28362a7a058f8c2e,explicit_source
NIFTYMICROCAP250,Nifty Microcap 250,ISGEC,2021-10-29,2026-03-30,,press_release,https://niftyindices.com/Press_Release/ind_prs22102021.pdf,closed by ind_prs23022026.pdf,yurukatsu/nse-historical-membership,index_history/data/index_membership_history.csv,850da8ca193b289fc7471eee28362a7a058f8c2e,explicit_source
NIFTYMICROCAP250,Nifty Microcap 250,ITDC,2019-04-01,2022-03-31,,snapshot_floor,,closed by ind_prs24022022_1.pdf,yurukatsu/nse-historical-membership,index_history/data/index_membership_history.csv,850da8ca193b289fc7471eee28362a7a058f8c2e,inferred_or_snapshot
NIFTYMICROCAP250,Nifty Microcap 250,ITDCEM,2019-04-01,2022-03-31,,snapshot_floor,,closed by ind_prs24022022_1.pdf,yurukatsu/nse-historical-membership,index_history/data/index_membership_history.csv,850da8ca193b289fc7471eee28362a7a058f8c2e,inferred_or_snapshot
NIFTYMICROCAP250,Nifty Microcap 250,ITDCEM,2023-09-29,2023-09-30,,press_release,https://niftyindices.com/Press_Release/ind_prs17082023.pdf,"inferred-exclude: not in NSE current snapshot, no PR found (closed at next semi-annual review)",yurukatsu/nse-historical-membership,index_history/data/index_membership_history.csv,850da8ca193b289fc7471eee28362a7a058f8c2e,explicit_source
NIFTYMICROCAP250,Nifty Microcap 250,IXIGO,2024-09-30,,,press_release,https://niftyindices.com/Press_Release/ind_prs23082024.pdf,,yurukatsu/nse-historical-membership,index_history/data/index_membership_history.csv,850da8ca193b289fc7471eee28362a7a058f8c2e,explicit_source
NIFTYMICROCAP250,Nifty Microcap 250,J&KBANK,2019-04-01,2024-03-28,,snapshot_floor,,closed by ind_prs28022024.pdf,yurukatsu/nse-historical-membership,index_history/data/index_membership_history.csv,850da8ca193b289fc7471eee28362a7a058f8c2e,inferred_or_snapshot
NIFTYMICROCAP250,Nifty Microcap 250,JAGRAN,2019-04-01,2022-03-31,,snapshot_floor,,closed by ind_prs24022022_1.pdf,yurukatsu/nse-historical-membership,index_history/data/index_membership_history.csv,850da8ca193b289fc7471eee28362a7a058f8c2e,inferred_or_snapshot
NIFTYMICROCAP250,Nifty Microcap 250,JAIBALAJI,2024-09-30,,,press_release,https://niftyindices.com/Press_Release/ind_prs23082024.pdf,,yurukatsu/nse-historical-membership,index_history/data/index_membership_history.csv,850da8ca193b289fc7471eee28362a7a058f8c2e,explicit_source
NIFTYMICROCAP250,Nifty Microcap 250,JAICORPLTD,2019-04-01,2025-09-30,,snapshot_floor,,closed by ind_prs22082025.pdf,yurukatsu/nse-historical-membership,index_history/data/index_membership_history.csv,850da8ca193b289fc7471eee28362a7a058f8c2e,inferred_or_snapshot
NIFTYMICROCAP250,Nifty Microcap 250,JAMNAAUTO,2024-03-28,,,press_release,https://niftyindices.com/Press_Release/ind_prs28022024.pdf,,yurukatsu/nse-historical-membership,index_history/data/index_membership_history.csv,850da8ca193b289fc7471eee28362a7a058f8c2e,explicit_source
NIFTYMICROCAP250,Nifty Microcap 250,JAYNECOIND,2026-03-30,,,press_release,https://niftyindices.com/Press_Release/ind_prs23022026.pdf,,yurukatsu/nse-historical-membership,index_history/data/index_membership_history.csv,850da8ca193b289fc7471eee28362a7a058f8c2e,explicit_source
NIFTYMICROCAP250,Nifty Microcap 250,JBMA,2019-04-01,2022-09-30,,snapshot_floor,,closed by ind_prs01092022.pdf,yurukatsu/nse-historical-membership,index_history/data/index_membership_history.csv,850da8ca193b289fc7471eee28362a7a058f8c2e,inferred_or_snapshot
NIFTYMICROCAP250,Nifty Microcap 250,JCHAC,2019-04-01,2023-03-31,,snapshot_floor,,closed by ind_prs17022023_1.pdf,yurukatsu/nse-historical-membership,index_history/data/index_membership_history.csv,850da8ca193b289fc7471eee28362a7a058f8c2e,inferred_or_snapshot
NIFTYMICROCAP250,Nifty Microcap 250,JCHAC,2023-04-28,2023-09-30,,press_release,https://niftyindices.com/Press_Release/ind_prs19042023_1.pdf,"inferred-exclude: not in NSE current snapshot, no PR found (closed at next semi-annual review)",yurukatsu/nse-historical-membership,index_history/data/index_membership_history.csv,850da8ca193b289fc7471eee28362a7a058f8c2e,explicit_source
NIFTYMICROCAP250,Nifty Microcap 250,JINDALPOLY,2019-04-01,2024-03-28,,snapshot_floor,,closed by ind_prs28022024.pdf,yurukatsu/nse-historical-membership,index_history/data/index_membership_history.csv,850da8ca193b289fc7471eee28362a7a058f8c2e,inferred_or_snapshot
NIFTYMICROCAP250,Nifty Microcap 250,JINDALSAW,2022-03-31,2023-09-29,,press_release,https://niftyindices.com/Press_Release/ind_prs24022022_1.pdf,closed by ind_prs17082023.pdf,yurukatsu/nse-historical-membership,index_history/data/index_membership_history.csv,850da8ca193b289fc7471eee28362a7a058f8c2e,explicit_source
NIFTYMICROCAP250,Nifty Microcap 250,JINDWORLD,2019-04-01,2023-03-31,,snapshot_floor,,closed by ind_prs17022023_1.pdf,yurukatsu/nse-historical-membership,index_history/data/index_membership_history.csv,850da8ca193b289fc7471eee28362a7a058f8c2e,inferred_or_snapshot
NIFTYMICROCAP250,Nifty Microcap 250,JINDWORLD,2023-10-26,2026-03-30,,press_release,https://niftyindices.com/Press_Release/ind_prs17102023.pdf,closed by ind_prs23022026.pdf,yurukatsu/nse-historical-membership,index_history/data/index_membership_history.csv,850da8ca193b289fc7471eee28362a7a058f8c2e,explicit_source
NIFTYMICROCAP250,Nifty Microcap 250,JISLJALEQS,2022-04-07,2026-03-30,,press_release,https://niftyindices.com/Press_Release/ind_prs06042022.pdf,closed by ind_prs23022026.pdf,yurukatsu/nse-historical-membership,index_history/data/index_membership_history.csv,850da8ca193b289fc7471eee28362a7a058f8c2e,explicit_source
NIFTYMICROCAP250,Nifty Microcap 250,JKIL,2019-04-01,2022-03-31,,snapshot_floor,,closed by ind_prs24022022_1.pdf,yurukatsu/nse-historical-membership,index_history/data/index_membership_history.csv,850da8ca193b289fc7471eee28362a7a058f8c2e,inferred_or_snapshot
NIFTYMICROCAP250,Nifty Microcap 250,JKIL,2022-09-30,2026-03-30,,press_release,https://niftyindices.com/Press_Release/ind_prs01092022.pdf,closed by ind_prs23022026.pdf,yurukatsu/nse-historical-membership,index_history/data/index_membership_history.csv,850da8ca193b289fc7471eee28362a7a058f8c2e,explicit_source
NIFTYMICROCAP250,Nifty Microcap 250,JKLAKSHMI,2025-03-28,2026-09-30,,press_release,https://niftyindices.com/Press_Release/ind_prs21022025.pdf,,yurukatsu/nse-historical-membership,index_history/data/index_membership_history.csv,850da8ca193b289fc7471eee28362a7a058f8c2e,explicit_source
NIFTYMICROCAP250,Nifty Microcap 250,JKPAPER,2024-09-30,,,press_release,https://niftyindices.com/Press_Release/ind_prs23082024.pdf,,yurukatsu/nse-historical-membership,index_history/data/index_membership_history.csv,850da8ca193b289fc7471eee28362a7a058f8c2e,explicit_source
NIFTYMICROCAP250,Nifty Microcap 250,JKTYRE,2022-03-31,2024-09-30,,press_release,https://niftyindices.com/Press_Release/ind_prs24022022_1.pdf,closed by ind_prs23082024.pdf,yurukatsu/nse-historical-membership,index_history/data/index_membership_history.csv,850da8ca193b289fc7471eee28362a7a058f8c2e,explicit_source
NIFTYMICROCAP250,Nifty Microcap 250,JLHL,2024-03-28,2025-03-28,,press_release,https://niftyindices.com/Press_Release/ind_prs28022024.pdf,closed by ind_prs21022025.pdf,yurukatsu/nse-historical-membership,index_history/data/index_membership_history.csv,850da8ca193b289fc7471eee28362a7a058f8c2e,explicit_source
NIFTYMICROCAP250,Nifty Microcap 250,JLHL,2026-03-30,2026-09-30,,press_release,https://niftyindices.com/Press_Release/ind_prs23022026.pdf,,yurukatsu/nse-historical-membership,index_history/data/index_membership_history.csv,850da8ca193b289fc7471eee28362a7a058f8c2e,explicit_source
NIFTYMICROCAP250,Nifty Microcap 250,JMCPROJECT,2019-04-01,2022-09-30,,snapshot_floor,,closed by ind_prs01092022.pdf,yurukatsu/nse-historical-membership,index_history/data/index_membership_history.csv,850da8ca193b289fc7471eee28362a7a058f8c2e,inferred_or_snapshot
NIFTYMICROCAP250,Nifty Microcap 250,JNKINDIA,2024-09-30,2025-03-31,,press_release,https://niftyindices.com/Press_Release/ind_prs23082024.pdf,"inferred-exclude: not in NSE current snapshot, no PR found (closed at next semi-annual review)",yurukatsu/nse-historical-membership,index_history/data/index_membership_history.csv,850da8ca193b289fc7471eee28362a7a058f8c2e,explicit_source
NIFTYMICROCAP250,Nifty Microcap 250,JPASSOCIAT,2019-04-01,2024-09-30,,snapshot_floor,,closed by ind_prs23082024.pdf,yurukatsu/nse-historical-membership,index_history/data/index_membership_history.csv,850da8ca193b289fc7471eee28362a7a058f8c2e,inferred_or_snapshot
NIFTYMICROCAP250,Nifty Microcap 250,JPPOWER,2019-04-01,2024-09-30,,snapshot_floor,,closed by ind_prs23082024.pdf,yurukatsu/nse-historical-membership,index_history/data/index_membership_history.csv,850da8ca193b289fc7471eee28362a7a058f8c2e,inferred_or_snapshot
NIFTYMICROCAP250,Nifty Microcap 250,JSFB,2024-09-30,,,press_release,https://niftyindices.com/Press_Release/ind_prs23082024.pdf,,yurukatsu/nse-historical-membership,index_history/data/index_membership_history.csv,850da8ca193b289fc7471eee28362a7a058f8c2e,explicit_source
NIFTYMICROCAP250,Nifty Microcap 250,JSLL,2026-03-30,,,press_release,https://niftyindices.com/Press_Release/ind_prs23022026.pdf,,yurukatsu/nse-historical-membership,index_history/data/index_membership_history.csv,850da8ca193b289fc7471eee28362a7a058f8c2e,explicit_source
NIFTYMICROCAP250,Nifty Microcap 250,JSWHL,2019-04-01,2021-09-30,,snapshot_floor,,closed by ind_prs15092021.pdf,yurukatsu/nse-historical-membership,index_history/data/index_membership_history.csv,850da8ca193b289fc7471eee28362a7a058f8c2e,inferred_or_snapshot
NIFTYMICROCAP250,Nifty Microcap 250,JSWHL,2024-03-28,2024-09-30,,press_release,https://niftyindices.com/Press_Release/ind_prs28022024.pdf,closed by ind_prs23082024.pdf,yurukatsu/nse-historical-membership,index_history/data/index_membership_history.csv,850da8ca193b289fc7471eee28362a7a058f8c2e,explicit_source
NIFTYMICROCAP250,Nifty Microcap 250,JSWISPL,2019-04-01,2023-03-31,,snapshot_floor,,closed by ind_prs17022023_1.pdf,yurukatsu/nse-historical-membership,index_history/data/index_membership_history.csv,850da8ca193b289fc7471eee28362a7a058f8c2e,inferred_or_snapshot
NIFTYMICROCAP250,Nifty Microcap 250,JTEKTINDIA,2021-09-30,2022-09-30,,press_release,https://niftyindices.com/Press_Release/ind_prs15092021.pdf,closed by ind_prs01092022.pdf,yurukatsu/nse-historical-membership,index_history/data/index_membership_history.csv,850da8ca193b289fc7471eee28362a7a058f8c2e,explicit_source
NIFTYMICROCAP250,Nifty Microcap 250,JTEKTINDIA,2023-03-31,2025-03-28,,press_release,https://niftyindices.com/Press_Release/ind_prs17022023_1.pdf,closed by ind_prs21022025.pdf,yurukatsu/nse-historical-membership,index_history/data/index_membership_history.csv,850da8ca193b289fc7471eee28362a7a058f8c2e,explicit_source
NIFTYMICROCAP250,Nifty Microcap 250,JTLIND,2023-09-29,2025-09-30,,press_release,https://niftyindices.com/Press_Release/ind_prs17082023.pdf,closed by ind_prs22082025.pdf,yurukatsu/nse-historical-membership,index_history/data/index_membership_history.csv,850da8ca193b289fc7471eee28362a7a058f8c2e,explicit_source
NIFTYMICROCAP250,Nifty Microcap 250,JUBLPHARMA,2026-09-30,,,NSE/Nifty press release,https://www.niftyindices.com/Press_Release/ind_prs10082026.pdf,Official event overlay: Semi-annual broad-market review,,,,official_event_overlay
NIFTYMICROCAP250,Nifty Microcap 250,JUNIPER,2024-05-03,2025-03-28,,press_release,https://niftyindices.com/Press_Release/ind_prs24042024_1.pdf,closed by ind_prs21022025.pdf,yurukatsu/nse-historical-membership,index_history/data/index_membership_history.csv,850da8ca193b289fc7471eee28362a7a058f8c2e,explicit_source
NIFTYMICROCAP250,Nifty Microcap 250,JUSTDIAL,2025-09-30,,,press_release,https://niftyindices.com/Press_Release/ind_prs22082025.pdf,,yurukatsu/nse-historical-membership,index_history/data/index_membership_history.csv,850da8ca193b289fc7471eee28362a7a058f8c2e,explicit_source
NIFTYMICROCAP250,Nifty Microcap 250,JWL,2023-03-31,2024-03-28,,press_release,https://niftyindices.com/Press_Release/ind_prs17022023_1.pdf,closed by ind_prs28022024.pdf,yurukatsu/nse-historical-membership,index_history/data/index_membership_history.csv,850da8ca193b289fc7471eee28362a7a058f8c2e,explicit_source
NIFTYMICROCAP250,Nifty Microcap 250,JYOTHYLAB,2026-03-30,,,press_release,https://niftyindices.com/Press_Release/ind_prs23022026.pdf,,yurukatsu/nse-historical-membership,index_history/data/index_membership_history.csv,850da8ca193b289fc7471eee28362a7a058f8c2e,explicit_source
NIFTYMICROCAP250,Nifty Microcap 250,JYOTICNC,2019-04-01,2024-09-30,,snapshot_floor,,closed by ind_prs23082024.pdf,yurukatsu/nse-historical-membership,index_history/data/index_membership_history.csv,850da8ca193b289fc7471eee28362a7a058f8c2e,inferred_or_snapshot
NIFTYMICROCAP250,Nifty Microcap 250,KALAMANDIR,2024-03-28,2025-03-28,,press_release,https://niftyindices.com/Press_Release/ind_prs28022024.pdf,closed by ind_prs21022025.pdf,yurukatsu/nse-historical-membership,index_history/data/index_membership_history.csv,850da8ca193b289fc7471eee28362a7a058f8c2e,explicit_source
NIFTYMICROCAP250,Nifty Microcap 250,KANSAINER,2025-12-26,,,press_release,https://niftyindices.com/Press_Release/ind_prs23122025.pdf,,yurukatsu/nse-historical-membership,index_history/data/index_membership_history.csv,850da8ca193b289fc7471eee28362a7a058f8c2e,explicit_source
NIFTYMICROCAP250,Nifty Microcap 250,KAYNES,2023-03-31,2023-09-29,,press_release,https://niftyindices.com/Press_Release/ind_prs17022023_1.pdf,closed by ind_prs17082023.pdf,yurukatsu/nse-historical-membership,index_history/data/index_membership_history.csv,850da8ca193b289fc7471eee28362a7a058f8c2e,explicit_source
NIFTYMICROCAP250,Nifty Microcap 250,KCP,2019-04-01,2023-09-29,,snapshot_floor,,closed by ind_prs17082023.pdf,yurukatsu/nse-historical-membership,index_history/data/index_membership_history.csv,850da8ca193b289fc7471eee28362a7a058f8c2e,inferred_or_snapshot
NIFTYMICROCAP250,Nifty Microcap 250,KENNAMET,2019-04-01,2021-09-30,,snapshot_floor,,closed by ind_prs15092021.pdf,yurukatsu/nse-historical-membership,index_history/data/index_membership_history.csv,850da8ca193b289fc7471eee28362a7a058f8c2e,inferred_or_snapshot
NIFTYMICROCAP250,Nifty Microcap 250,KENNAMET,2022-03-31,2023-03-31,,press_release,https://niftyindices.com/Press_Release/ind_prs24022022_1.pdf,closed by ind_prs17022023_1.pdf,yurukatsu/nse-historical-membership,index_history/data/index_membership_history.csv,850da8ca193b289fc7471eee28362a7a058f8c2e,explicit_source
NIFTYMICROCAP250,Nifty Microcap 250,KESORAMIND,2024-03-28,2025-03-10,,press_release,https://niftyindices.com/Press_Release/ind_prs28022024.pdf,closed by ind_prs06032025.pdf,yurukatsu/nse-historical-membership,index_history/data/index_membership_history.csv,850da8ca193b289fc7471eee28362a7a058f8c2e,explicit_source
NIFTYMICROCAP250,Nifty Microcap 250,KINGFA,2019-04-01,2021-09-30,,snapshot_floor,,closed by ind_prs15092021.pdf,yurukatsu/nse-historical-membership,index_history/data/index_membership_history.csv,850da8ca193b289fc7471eee28362a7a058f8c2e,inferred_or_snapshot
NIFTYMICROCAP250,Nifty Microcap 250,KIRIINDUS,2019-04-01,2024-03-28,,snapshot_floor,,closed by ind_prs28022024.pdf,yurukatsu/nse-historical-membership,index_history/data/index_membership_history.csv,850da8ca193b289fc7471eee28362a7a058f8c2e,inferred_or_snapshot
NIFTYMICROCAP250,Nifty Microcap 250,KIRLFER,2019-04-01,2023-09-29,,snapshot_floor,,closed by ind_prs17082023.pdf,yurukatsu/nse-historical-membership,index_history/data/index_membership_history.csv,850da8ca193b289fc7471eee28362a7a058f8c2e,inferred_or_snapshot
NIFTYMICROCAP250,Nifty Microcap 250,KIRLOSBROS,2019-04-01,2022-03-31,,snapshot_floor,,closed by ind_prs24022022_1.pdf,yurukatsu/nse-historical-membership,index_history/data/index_membership_history.csv,850da8ca193b289fc7471eee28362a7a058f8c2e,inferred_or_snapshot
NIFTYMICROCAP250,Nifty Microcap 250,KIRLOSBROS,2023-03-31,2024-09-30,,press_release,https://niftyindices.com/Press_Release/ind_prs17022023_1.pdf,closed by ind_prs23082024.pdf,yurukatsu/nse-historical-membership,index_history/data/index_membership_history.csv,850da8ca193b289fc7471eee28362a7a058f8c2e,explicit_source
NIFTYMICROCAP250,Nifty Microcap 250,KIRLOSBROS,2026-03-30,2026-09-30,,press_release,https://niftyindices.com/Press_Release/ind_prs23022026.pdf,,yurukatsu/nse-historical-membership,index_history/data/index_membership_history.csv,850da8ca193b289fc7471eee28362a7a058f8c2e,explicit_source
NIFTYMICROCAP250,Nifty Microcap 250,KIRLOSENG,2019-04-01,2024-09-30,,snapshot_floor,,closed by ind_prs23082024.pdf,yurukatsu/nse-historical-membership,index_history/data/index_membership_history.csv,850da8ca193b289fc7471eee28362a7a058f8c2e,inferred_or_snapshot
NIFTYMICROCAP250,Nifty Microcap 250,KIRLPNU,2023-09-29,2024-03-28,,press_release,https://niftyindices.com/Press_Release/ind_prs17082023.pdf,closed by ind_prs28022024.pdf,yurukatsu/nse-historical-membership,index_history/data/index_membership_history.csv,850da8ca193b289fc7471eee28362a7a058f8c2e,explicit_source
NIFTYMICROCAP250,Nifty Microcap 250,KIRLPNU,2024-09-30,,,press_release,https://niftyindices.com/Press_Release/ind_prs23082024.pdf,,yurukatsu/nse-historical-membership,index_history/data/index_membership_history.csv,850da8ca193b289fc7471eee28362a7a058f8c2e,explicit_source
NIFTYMICROCAP250,Nifty Microcap 250,KISSHT,2026-09-30,,,NSE/Nifty press release,https://www.niftyindices.com/Press_Release/ind_prs10082026.pdf,Official event overlay: Semi-annual broad-market review,,,,official_event_overlay
NIFTYMICROCAP250,Nifty Microcap 250,KITEX,2019-04-01,2021-09-30,,snapshot_floor,,closed by ind_prs15092021.pdf,yurukatsu/nse-historical-membership,index_history/data/index_membership_history.csv,850da8ca193b289fc7471eee28362a7a058f8c2e,inferred_or_snapshot
NIFTYMICROCAP250,Nifty Microcap 250,KITEX,2025-09-23,,,press_release,https://niftyindices.com/Press_Release/ind_prs15092025_1.pdf,,yurukatsu/nse-historical-membership,index_history/data/index_membership_history.csv,850da8ca193b289fc7471eee28362a7a058f8c2e,explicit_source
NIFTYMICROCAP250,Nifty Microcap 250,KKCL,2023-03-31,2024-03-28,,press_release,https://niftyindices.com/Press_Release/ind_prs17022023_1.pdf,closed by ind_prs28022024.pdf,yurukatsu/nse-historical-membership,index_history/data/index_membership_history.csv,850da8ca193b289fc7471eee28362a7a058f8c2e,explicit_source
NIFTYMICROCAP250,Nifty Microcap 250,KMEW,2026-09-30,,,NSE/Nifty press release,https://www.niftyindices.com/Press_Release/ind_prs10082026.pdf,Official event overlay: Semi-annual broad-market review,,,,official_event_overlay
NIFTYMICROCAP250,Nifty Microcap 250,KNRCON,2025-09-30,,,press_release,https://niftyindices.com/Press_Release/ind_prs22082025.pdf,,yurukatsu/nse-historical-membership,index_history/data/index_membership_history.csv,850da8ca193b289fc7471eee28362a7a058f8c2e,explicit_source
NIFTYMICROCAP250,Nifty Microcap 250,KOLTEPATIL,2019-04-01,2025-03-28,,snapshot_floor,,closed by ind_prs21022025.pdf,yurukatsu/nse-historical-membership,index_history/data/index_membership_history.csv,850da8ca193b289fc7471eee28362a7a058f8c2e,inferred_or_snapshot
NIFTYMICROCAP250,Nifty Microcap 250,KPIGREEN,2024-03-28,2024-09-30,,press_release,https://niftyindices.com/Press_Release/ind_prs28022024.pdf,closed by ind_prs23082024.pdf,yurukatsu/nse-historical-membership,index_history/data/index_membership_history.csv,850da8ca193b289fc7471eee28362a7a058f8c2e,explicit_source
NIFTYMICROCAP250,Nifty Microcap 250,KPIGREEN,2025-03-28,,,press_release,https://niftyindices.com/Press_Release/ind_prs21022025.pdf,,yurukatsu/nse-historical-membership,index_history/data/index_membership_history.csv,850da8ca193b289fc7471eee28362a7a058f8c2e,explicit_source
NIFTYMICROCAP250,Nifty Microcap 250,KRBL,2024-09-30,,,press_release,https://niftyindices.com/Press_Release/ind_prs23082024.pdf,,yurukatsu/nse-historical-membership,index_history/data/index_membership_history.csv,850da8ca193b289fc7471eee28362a7a058f8c2e,explicit_source
NIFTYMICROCAP250,Nifty Microcap 250,KRN,2025-09-30,,,press_release,https://niftyindices.com/Press_Release/ind_prs22082025.pdf,,yurukatsu/nse-historical-membership,index_history/data/index_membership_history.csv,850da8ca193b289fc7471eee28362a7a058f8c2e,explicit_source
NIFTYMICROCAP250,Nifty Microcap 250,KRSNAA,2022-03-31,2024-09-30,,press_release,https://niftyindices.com/Press_Release/ind_prs24022022_1.pdf,closed by ind_prs23082024.pdf,yurukatsu/nse-historical-membership,index_history/data/index_membership_history.csv,850da8ca193b289fc7471eee28362a7a058f8c2e,explicit_source
NIFTYMICROCAP250,Nifty Microcap 250,KSB,2022-03-31,2023-03-31,,press_release,https://niftyindices.com/Press_Release/ind_prs24022022_1.pdf,closed by ind_prs17022023_1.pdf,yurukatsu/nse-historical-membership,index_history/data/index_membership_history.csv,850da8ca193b289fc7471eee28362a7a058f8c2e,explicit_source
NIFTYMICROCAP250,Nifty Microcap 250,KSB,2025-03-28,2025-09-30,,press_release,https://niftyindices.com/Press_Release/ind_prs21022025.pdf,closed by ind_prs22082025.pdf,yurukatsu/nse-historical-membership,index_history/data/index_membership_history.csv,850da8ca193b289fc7471eee28362a7a058f8c2e,explicit_source
NIFTYMICROCAP250,Nifty Microcap 250,KSB,2026-03-30,2026-09-30,,press_release,https://niftyindices.com/Press_Release/ind_prs23022026.pdf,,yurukatsu/nse-historical-membership,index_history/data/index_membership_history.csv,850da8ca193b289fc7471eee28362a7a058f8c2e,explicit_source
NIFTYMICROCAP250,Nifty Microcap 250,KSCL,2022-03-31,,,press_release,https://niftyindices.com/Press_Release/ind_prs24022022_1.pdf,,yurukatsu/nse-historical-membership,index_history/data/index_membership_history.csv,850da8ca193b289fc7471eee28362a7a058f8c2e,explicit_source
NIFTYMICROCAP250,Nifty Microcap 250,KSL,2019-04-01,2022-09-30,,snapshot_floor,,closed by ind_prs01092022.pdf,yurukatsu/nse-historical-membership,index_history/data/index_membership_history.csv,850da8ca193b289fc7471eee28362a7a058f8c2e,inferred_or_snapshot
NIFTYMICROCAP250,Nifty Microcap 250,KSL,2024-09-03,2026-03-30,,press_release,https://niftyindices.com/Press_Release/ind_prs27082024.pdf,closed by ind_prs23022026.pdf,yurukatsu/nse-historical-membership,index_history/data/index_membership_history.csv,850da8ca193b289fc7471eee28362a7a058f8c2e,explicit_source
NIFTYMICROCAP250,Nifty Microcap 250,KTKBANK,2019-04-01,,,snapshot_floor,,,yurukatsu/nse-historical-membership,index_history/data/index_membership_history.csv,850da8ca193b289fc7471eee28362a7a058f8c2e,inferred_or_snapshot
NIFTYMICROCAP250,Nifty Microcap 250,KWIL,2026-09-30,,,NSE/Nifty press release,https://www.niftyindices.com/Press_Release/ind_prs10082026.pdf,Official event overlay: Semi-annual broad-market review,,,,official_event_overlay
NIFTYMICROCAP250,Nifty Microcap 250,LANDMARK,2023-03-31,2025-03-28,,press_release,https://niftyindices.com/Press_Release/ind_prs17022023_1.pdf,closed by ind_prs21022025.pdf,yurukatsu/nse-historical-membership,index_history/data/index_membership_history.csv,850da8ca193b289fc7471eee28362a7a058f8c2e,explicit_source
NIFTYMICROCAP250,Nifty Microcap 250,LAOPALA,2022-03-31,2024-09-30,,press_release,https://niftyindices.com/Press_Release/ind_prs24022022_1.pdf,closed by ind_prs23082024.pdf,yurukatsu/nse-historical-membership,index_history/data/index_membership_history.csv,850da8ca193b289fc7471eee28362a7a058f8c2e,explicit_source
NIFTYMICROCAP250,Nifty Microcap 250,LATENTVIEW,2026-09-30,,,NSE/Nifty press release,https://www.niftyindices.com/Press_Release/ind_prs10082026.pdf,Official event overlay: Semi-annual broad-market review,,,,official_event_overlay
NIFTYMICROCAP250,Nifty Microcap 250,LEMONTREE,2022-03-31,2022-12-30,,press_release,https://niftyindices.com/Press_Release/ind_prs24022022_1.pdf,closed by ind_prs06122022.pdf,yurukatsu/nse-historical-membership,index_history/data/index_membership_history.csv,850da8ca193b289fc7471eee28362a7a058f8c2e,explicit_source
NIFTYMICROCAP250,Nifty Microcap 250,LGBBROSLTD,2019-04-01,2024-09-30,,snapshot_floor,,closed by ind_prs23082024.pdf,yurukatsu/nse-historical-membership,index_history/data/index_membership_history.csv,850da8ca193b289fc7471eee28362a7a058f8c2e,inferred_or_snapshot
NIFTYMICROCAP250,Nifty Microcap 250,LLOYDSENGG,2019-04-01,,,snapshot_floor,,,yurukatsu/nse-historical-membership,index_history/data/index_membership_history.csv,850da8ca193b289fc7471eee28362a7a058f8c2e,inferred_or_snapshot
NIFTYMICROCAP250,Nifty Microcap 250,LLOYDSENT,2025-03-28,,,press_release,https://niftyindices.com/Press_Release/ind_prs21022025.pdf,,yurukatsu/nse-historical-membership,index_history/data/index_membership_history.csv,850da8ca193b289fc7471eee28362a7a058f8c2e,explicit_source
NIFTYMICROCAP250,Nifty Microcap 250,LMW,2019-04-01,2026-03-30,,snapshot_floor,,closed by ind_prs23022026.pdf,yurukatsu/nse-historical-membership,index_history/data/index_membership_history.csv,850da8ca193b289fc7471eee28362a7a058f8c2e,inferred_or_snapshot
NIFTYMICROCAP250,Nifty Microcap 250,LOTUSDEV,2026-03-30,,,press_release,https://niftyindices.com/Press_Release/ind_prs23022026.pdf,,yurukatsu/nse-historical-membership,index_history/data/index_membership_history.csv,850da8ca193b289fc7471eee28362a7a058f8c2e,explicit_source
NIFTYMICROCAP250,Nifty Microcap 250,LSIL,2023-09-29,2023-09-30,,press_release,https://niftyindices.com/Press_Release/ind_prs17082023.pdf,"inferred-exclude: not in NSE current snapshot, no PR found (closed at next semi-annual review)",yurukatsu/nse-historical-membership,index_history/data/index_membership_history.csv,850da8ca193b289fc7471eee28362a7a058f8c2e,explicit_source
NIFTYMICROCAP250,Nifty Microcap 250,LTFOODS,2019-04-01,2025-03-28,,snapshot_floor,,closed by ind_prs21022025.pdf,yurukatsu/nse-historical-membership,index_history/data/index_membership_history.csv,850da8ca193b289fc7471eee28362a7a058f8c2e,inferred_or_snapshot
NIFTYMICROCAP250,Nifty Microcap 250,LUMAXIND,2019-04-01,2021-09-30,,snapshot_floor,,closed by ind_prs15092021.pdf,yurukatsu/nse-historical-membership,index_history/data/index_membership_history.csv,850da8ca193b289fc7471eee28362a7a058f8c2e,inferred_or_snapshot
NIFTYMICROCAP250,Nifty Microcap 250,LUMAXIND,2026-09-30,,,NSE/Nifty press release,https://www.niftyindices.com/Press_Release/ind_prs10082026.pdf,Official event overlay: Semi-annual broad-market review,,,,official_event_overlay
NIFTYMICROCAP250,Nifty Microcap 250,LUMAXTECH,2019-04-01,2022-03-31,,snapshot_floor,,closed by ind_prs24022022_1.pdf,yurukatsu/nse-historical-membership,index_history/data/index_membership_history.csv,850da8ca193b289fc7471eee28362a7a058f8c2e,inferred_or_snapshot
NIFTYMICROCAP250,Nifty Microcap 250,LUMAXTECH,2025-09-30,,,press_release,https://niftyindices.com/Press_Release/ind_prs22082025.pdf,,yurukatsu/nse-historical-membership,index_history/data/index_membership_history.csv,850da8ca193b289fc7471eee28362a7a058f8c2e,explicit_source
NIFTYMICROCAP250,Nifty Microcap 250,LUXIND,2024-03-28,2026-03-30,,press_release,https://niftyindices.com/Press_Release/ind_prs28022024.pdf,closed by ind_prs23022026.pdf,yurukatsu/nse-historical-membership,index_history/data/index_membership_history.csv,850da8ca193b289fc7471eee28362a7a058f8c2e,explicit_source
NIFTYMICROCAP250,Nifty Microcap 250,LXCHEM,2024-09-30,,,press_release,https://niftyindices.com/Press_Release/ind_prs23082024.pdf,,yurukatsu/nse-historical-membership,index_history/data/index_membership_history.csv,850da8ca193b289fc7471eee28362a7a058f8c2e,explicit_source
NIFTYMICROCAP250,Nifty Microcap 250,MAHLIFE,2019-04-01,2022-09-30,,snapshot_floor,,closed by ind_prs01092022.pdf,yurukatsu/nse-historical-membership,index_history/data/index_membership_history.csv,850da8ca193b289fc7471eee28362a7a058f8c2e,inferred_or_snapshot
NIFTYMICROCAP250,Nifty Microcap 250,MAHLIFE,2025-03-28,2026-03-30,,press_release,https://niftyindices.com/Press_Release/ind_prs21022025.pdf,closed by ind_prs23022026.pdf,yurukatsu/nse-historical-membership,index_history/data/index_membership_history.csv,850da8ca193b289fc7471eee28362a7a058f8c2e,explicit_source
NIFTYMICROCAP250,Nifty Microcap 250,MAHLOG,2023-09-29,2025-03-28,,press_release,https://niftyindices.com/Press_Release/ind_prs17082023.pdf,closed by ind_prs21022025.pdf,yurukatsu/nse-historical-membership,index_history/data/index_membership_history.csv,850da8ca193b289fc7471eee28362a7a058f8c2e,explicit_source
NIFTYMICROCAP250,Nifty Microcap 250,MAHSCOOTER,2021-09-30,2023-09-29,,press_release,https://niftyindices.com/Press_Release/ind_prs15092021.pdf,closed by ind_prs17082023.pdf,yurukatsu/nse-historical-membership,index_history/data/index_membership_history.csv,850da8ca193b289fc7471eee28362a7a058f8c2e,explicit_source
NIFTYMICROCAP250,Nifty Microcap 250,MAHSCOOTER,2025-03-28,2025-09-30,,press_release,https://niftyindices.com/Press_Release/ind_prs21022025.pdf,closed by ind_prs22082025.pdf,yurukatsu/nse-historical-membership,index_history/data/index_membership_history.csv,850da8ca193b289fc7471eee28362a7a058f8c2e,explicit_source
NIFTYMICROCAP250,Nifty Microcap 250,MAHSCOOTER,2026-03-30,2026-09-30,,press_release,https://niftyindices.com/Press_Release/ind_prs23022026.pdf,,yurukatsu/nse-historical-membership,index_history/data/index_membership_history.csv,850da8ca193b289fc7471eee28362a7a058f8c2e,explicit_source
NIFTYMICROCAP250,Nifty Microcap 250,MAHSEAMLES,2021-09-30,2024-03-28,,press_release,https://niftyindices.com/Press_Release/ind_prs15092021.pdf,closed by ind_prs28022024.pdf,yurukatsu/nse-historical-membership,index_history/data/index_membership_history.csv,850da8ca193b289fc7471eee28362a7a058f8c2e,explicit_source
NIFTYMICROCAP250,Nifty Microcap 250,MAHSEAMLES,2026-03-30,2026-09-30,,press_release,https://niftyindices.com/Press_Release/ind_prs23022026.pdf,,yurukatsu/nse-historical-membership,index_history/data/index_membership_history.csv,850da8ca193b289fc7471eee28362a7a058f8c2e,explicit_source
NIFTYMICROCAP250,Nifty Microcap 250,MAITHANALL,2019-04-01,2025-03-28,,snapshot_floor,,closed by ind_prs21022025.pdf,yurukatsu/nse-historical-membership,index_history/data/index_membership_history.csv,850da8ca193b289fc7471eee28362a7a058f8c2e,inferred_or_snapshot
NIFTYMICROCAP250,Nifty Microcap 250,MAJESCO,2019-04-01,2021-09-30,,snapshot_floor,,closed by ind_prs15092021.pdf,yurukatsu/nse-historical-membership,index_history/data/index_membership_history.csv,850da8ca193b289fc7471eee28362a7a058f8c2e,inferred_or_snapshot
NIFTYMICROCAP250,Nifty Microcap 250,MANALIPETC,2022-09-30,2023-09-29,,press_release,https://niftyindices.com/Press_Release/ind_prs01092022.pdf,closed by ind_prs17082023.pdf,yurukatsu/nse-historical-membership,index_history/data/index_membership_history.csv,850da8ca193b289fc7471eee28362a7a058f8c2e,explicit_source
NIFTYMICROCAP250,Nifty Microcap 250,MANINFRA,2019-04-01,2026-03-30,,snapshot_floor,,closed by ind_prs23022026.pdf,yurukatsu/nse-historical-membership,index_history/data/index_membership_history.csv,850da8ca193b289fc7471eee28362a7a058f8c2e,inferred_or_snapshot
NIFTYMICROCAP250,Nifty Microcap 250,MANORAMA,2025-09-30,,,press_release,https://niftyindices.com/Press_Release/ind_prs22082025.pdf,,yurukatsu/nse-historical-membership,index_history/data/index_membership_history.csv,850da8ca193b289fc7471eee28362a7a058f8c2e,explicit_source
NIFTYMICROCAP250,Nifty Microcap 250,MANYAVAR,2026-03-30,,,press_release,https://niftyindices.com/Press_Release/ind_prs23022026.pdf,,yurukatsu/nse-historical-membership,index_history/data/index_membership_history.csv,850da8ca193b289fc7471eee28362a7a058f8c2e,explicit_source
NIFTYMICROCAP250,Nifty Microcap 250,MAPMYINDIA,2026-09-30,,,NSE/Nifty press release,https://www.niftyindices.com/Press_Release/ind_prs10082026.pdf,Official event overlay: Semi-annual broad-market review,,,,official_event_overlay
NIFTYMICROCAP250,Nifty Microcap 250,MARKSANS,2019-04-01,,,snapshot_floor,,,yurukatsu/nse-historical-membership,index_history/data/index_membership_history.csv,850da8ca193b289fc7471eee28362a7a058f8c2e,inferred_or_snapshot
NIFTYMICROCAP250,Nifty Microcap 250,MASFIN,2021-09-30,2024-09-30,,press_release,https://niftyindices.com/Press_Release/ind_prs15092021.pdf,closed by ind_prs23082024.pdf,yurukatsu/nse-historical-membership,index_history/data/index_membership_history.csv,850da8ca193b289fc7471eee28362a7a058f8c2e,explicit_source
NIFTYMICROCAP250,Nifty Microcap 250,MASTEK,2019-04-01,2021-09-30,,snapshot_floor,,closed by ind_prs15092021.pdf,yurukatsu/nse-historical-membership,index_history/data/index_membership_history.csv,850da8ca193b289fc7471eee28362a7a058f8c2e,inferred_or_snapshot
NIFTYMICROCAP250,Nifty Microcap 250,MASTEK,2025-09-30,,,press_release,https://niftyindices.com/Press_Release/ind_prs22082025.pdf,,yurukatsu/nse-historical-membership,index_history/data/index_membership_history.csv,850da8ca193b289fc7471eee28362a7a058f8c2e,explicit_source
NIFTYMICROCAP250,Nifty Microcap 250,MATRIMONY,2019-04-01,2023-03-31,,snapshot_floor,,closed by ind_prs17022023_1.pdf,yurukatsu/nse-historical-membership,index_history/data/index_membership_history.csv,850da8ca193b289fc7471eee28362a7a058f8c2e,inferred_or_snapshot
NIFTYMICROCAP250,Nifty Microcap 250,MAXESTATES,2025-03-28,2026-03-30,,press_release,https://niftyindices.com/Press_Release/ind_prs21022025.pdf,closed by ind_prs23022026.pdf,yurukatsu/nse-historical-membership,index_history/data/index_membership_history.csv,850da8ca193b289fc7471eee28362a7a058f8c2e,explicit_source
NIFTYMICROCAP250,Nifty Microcap 250,MAYURUNIQ,2019-04-01,2024-03-28,,snapshot_floor,,closed by ind_prs28022024.pdf,yurukatsu/nse-historical-membership,index_history/data/index_membership_history.csv,850da8ca193b289fc7471eee28362a7a058f8c2e,inferred_or_snapshot
NIFTYMICROCAP250,Nifty Microcap 250,MBAPL,2026-09-30,,,NSE/Nifty press release,https://www.niftyindices.com/Press_Release/ind_prs10082026.pdf,Official event overlay: Semi-annual broad-market review,,,,official_event_overlay
NIFTYMICROCAP250,Nifty Microcap 250,MEDPLUS,2024-09-30,,,press_release,https://niftyindices.com/Press_Release/ind_prs23082024.pdf,,yurukatsu/nse-historical-membership,index_history/data/index_membership_history.csv,850da8ca193b289fc7471eee28362a7a058f8c2e,explicit_source
NIFTYMICROCAP250,Nifty Microcap 250,METROPOLIS,2026-03-30,,,press_release,https://niftyindices.com/Press_Release/ind_prs23022026.pdf,,yurukatsu/nse-historical-membership,index_history/data/index_membership_history.csv,850da8ca193b289fc7471eee28362a7a058f8c2e,explicit_source
NIFTYMICROCAP250,Nifty Microcap 250,MFL,2022-03-31,2023-03-31,,press_release,https://niftyindices.com/Press_Release/ind_prs24022022_1.pdf,closed by ind_prs17022023_1.pdf,yurukatsu/nse-historical-membership,index_history/data/index_membership_history.csv,850da8ca193b289fc7471eee28362a7a058f8c2e,explicit_source
NIFTYMICROCAP250,Nifty Microcap 250,MHRIL,2024-09-30,2025-03-28,,press_release,https://niftyindices.com/Press_Release/ind_prs23082024.pdf,closed by ind_prs21022025.pdf,yurukatsu/nse-historical-membership,index_history/data/index_membership_history.csv,850da8ca193b289fc7471eee28362a7a058f8c2e,explicit_source
NIFTYMICROCAP250,Nifty Microcap 250,MIDHANI,2022-03-31,,,press_release,https://niftyindices.com/Press_Release/ind_prs24022022_1.pdf,,yurukatsu/nse-historical-membership,index_history/data/index_membership_history.csv,850da8ca193b289fc7471eee28362a7a058f8c2e,explicit_source
NIFTYMICROCAP250,Nifty Microcap 250,MINDACORP,2022-03-31,2023-09-29,,press_release,https://niftyindices.com/Press_Release/ind_prs24022022_1.pdf,closed by ind_prs17082023.pdf,yurukatsu/nse-historical-membership,index_history/data/index_membership_history.csv,850da8ca193b289fc7471eee28362a7a058f8c2e,explicit_source
NIFTYMICROCAP250,Nifty Microcap 250,MIRZAINT,2019-04-01,2021-09-30,,snapshot_floor,,closed by ind_prs15092021.pdf,yurukatsu/nse-historical-membership,index_history/data/index_membership_history.csv,850da8ca193b289fc7471eee28362a7a058f8c2e,inferred_or_snapshot
NIFTYMICROCAP250,Nifty Microcap 250,MMFL,2019-04-01,2021-09-30,,snapshot_floor,,closed by ind_prs15092021.pdf,yurukatsu/nse-historical-membership,index_history/data/index_membership_history.csv,850da8ca193b289fc7471eee28362a7a058f8c2e,inferred_or_snapshot
NIFTYMICROCAP250,Nifty Microcap 250,MMFL,2022-09-30,2023-09-29,,press_release,https://niftyindices.com/Press_Release/ind_prs01092022.pdf,closed by ind_prs17082023.pdf,yurukatsu/nse-historical-membership,index_history/data/index_membership_history.csv,850da8ca193b289fc7471eee28362a7a058f8c2e,explicit_source
NIFTYMICROCAP250,Nifty Microcap 250,MOIL,2023-03-31,,,press_release,https://niftyindices.com/Press_Release/ind_prs17022023_1.pdf,,yurukatsu/nse-historical-membership,index_history/data/index_membership_history.csv,850da8ca193b289fc7471eee28362a7a058f8c2e,explicit_source
NIFTYMICROCAP250,Nifty Microcap 250,MOL,2022-03-31,2024-03-28,,press_release,https://niftyindices.com/Press_Release/ind_prs24022022_1.pdf,closed by ind_prs28022024.pdf,yurukatsu/nse-historical-membership,index_history/data/index_membership_history.csv,850da8ca193b289fc7471eee28362a7a058f8c2e,explicit_source
NIFTYMICROCAP250,Nifty Microcap 250,MOLDTKPAC,2019-04-01,2024-03-28,,snapshot_floor,,closed by ind_prs28022024.pdf,yurukatsu/nse-historical-membership,index_history/data/index_membership_history.csv,850da8ca193b289fc7471eee28362a7a058f8c2e,inferred_or_snapshot
NIFTYMICROCAP250,Nifty Microcap 250,MOREPENLAB,2019-04-01,2023-09-29,,snapshot_floor,,closed by ind_prs17082023.pdf,yurukatsu/nse-historical-membership,index_history/data/index_membership_history.csv,850da8ca193b289fc7471eee28362a7a058f8c2e,inferred_or_snapshot
NIFTYMICROCAP250,Nifty Microcap 250,MSTCLTD,2019-04-01,,,snapshot_floor,,,yurukatsu/nse-historical-membership,index_history/data/index_membership_history.csv,850da8ca193b289fc7471eee28362a7a058f8c2e,inferred_or_snapshot
NIFTYMICROCAP250,Nifty Microcap 250,MTARTECH,2024-09-30,2026-09-30,,press_release,https://niftyindices.com/Press_Release/ind_prs23082024.pdf,,yurukatsu/nse-historical-membership,index_history/data/index_membership_history.csv,850da8ca193b289fc7471eee28362a7a058f8c2e,explicit_source
NIFTYMICROCAP250,Nifty Microcap 250,MTNL,2019-04-01,2022-03-31,,snapshot_floor,,closed by ind_prs24022022_1.pdf,yurukatsu/nse-historical-membership,index_history/data/index_membership_history.csv,850da8ca193b289fc7471eee28362a7a058f8c2e,inferred_or_snapshot
NIFTYMICROCAP250,Nifty Microcap 250,MUTHOOTCAP,2019-04-01,2021-09-30,,snapshot_floor,,closed by ind_prs15092021.pdf,yurukatsu/nse-historical-membership,index_history/data/index_membership_history.csv,850da8ca193b289fc7471eee28362a7a058f8c2e,inferred_or_snapshot
NIFTYMICROCAP250,Nifty Microcap 250,MUTHOOTMF,2024-03-28,2025-03-28,,press_release,https://niftyindices.com/Press_Release/ind_prs28022024.pdf,closed by ind_prs21022025.pdf,yurukatsu/nse-historical-membership,index_history/data/index_membership_history.csv,850da8ca193b289fc7471eee28362a7a058f8c2e,explicit_source
NIFTYMICROCAP250,Nifty Microcap 250,NAVA,2019-04-01,2025-03-28,,snapshot_floor,,closed by ind_prs21022025.pdf,yurukatsu/nse-historical-membership,index_history/data/index_membership_history.csv,850da8ca193b289fc7471eee28362a7a058f8c2e,inferred_or_snapshot
NIFTYMICROCAP250,Nifty Microcap 250,NAVNETEDUL,2019-04-01,2024-09-30,,snapshot_floor,,closed by ind_prs23082024.pdf,yurukatsu/nse-historical-membership,index_history/data/index_membership_history.csv,850da8ca193b289fc7471eee28362a7a058f8c2e,inferred_or_snapshot
NIFTYMICROCAP250,Nifty Microcap 250,NAZARA,2024-03-28,,,press_release,https://niftyindices.com/Press_Release/ind_prs28022024.pdf,,yurukatsu/nse-historical-membership,index_history/data/index_membership_history.csv,850da8ca193b289fc7471eee28362a7a058f8c2e,explicit_source
NIFTYMICROCAP250,Nifty Microcap 250,NDTV,2023-03-31,2023-09-29,,press_release,https://niftyindices.com/Press_Release/ind_prs17022023_1.pdf,closed by ind_prs17082023.pdf,yurukatsu/nse-historical-membership,index_history/data/index_membership_history.csv,850da8ca193b289fc7471eee28362a7a058f8c2e,explicit_source
NIFTYMICROCAP250,Nifty Microcap 250,NEOGEN,2019-04-01,2024-03-28,,snapshot_floor,,closed by ind_prs28022024.pdf,yurukatsu/nse-historical-membership,index_history/data/index_membership_history.csv,850da8ca193b289fc7471eee28362a7a058f8c2e,inferred_or_snapshot
NIFTYMICROCAP250,Nifty Microcap 250,NEOGEN,2026-03-31,,,snapshot,,"inferred-include: in NSE current snapshot, no PR found (opened at most-recent semi-annual review)",yurukatsu/nse-historical-membership,index_history/data/index_membership_history.csv,850da8ca193b289fc7471eee28362a7a058f8c2e,inferred_or_snapshot
NIFTYMICROCAP250,Nifty Microcap 250,NEPHROPLUS,2026-09-30,,,NSE/Nifty press release,https://www.niftyindices.com/Press_Release/ind_prs10082026.pdf,Official event overlay: Semi-annual broad-market review,,,,official_event_overlay
NIFTYMICROCAP250,Nifty Microcap 250,NESCO,2022-09-30,2026-09-30,,press_release,https://niftyindices.com/Press_Release/ind_prs01092022.pdf,,yurukatsu/nse-historical-membership,index_history/data/index_membership_history.csv,850da8ca193b289fc7471eee28362a7a058f8c2e,explicit_source
NIFTYMICROCAP250,Nifty Microcap 250,NETWEB,2024-03-28,2024-09-30,,press_release,https://niftyindices.com/Press_Release/ind_prs28022024.pdf,closed by ind_prs23082024.pdf,yurukatsu/nse-historical-membership,index_history/data/index_membership_history.csv,850da8ca193b289fc7471eee28362a7a058f8c2e,explicit_source
NIFTYMICROCAP250,Nifty Microcap 250,NETWORK18,2025-09-30,,,press_release,https://niftyindices.com/Press_Release/ind_prs22082025.pdf,,yurukatsu/nse-historical-membership,index_history/data/index_membership_history.csv,850da8ca193b289fc7471eee28362a7a058f8c2e,explicit_source
NIFTYMICROCAP250,Nifty Microcap 250,NEULANDLAB,2019-04-01,2025-03-28,,snapshot_floor,,closed by ind_prs21022025.pdf,yurukatsu/nse-historical-membership,index_history/data/index_membership_history.csv,850da8ca193b289fc7471eee28362a7a058f8c2e,inferred_or_snapshot
NIFTYMICROCAP250,Nifty Microcap 250,NEWGEN,2019-04-01,2024-09-30,,snapshot_floor,,closed by ind_prs23082024.pdf,yurukatsu/nse-historical-membership,index_history/data/index_membership_history.csv,850da8ca193b289fc7471eee28362a7a058f8c2e,inferred_or_snapshot
NIFTYMICROCAP250,Nifty Microcap 250,NEWGEN,2026-09-30,,,NSE/Nifty press release,https://www.niftyindices.com/Press_Release/ind_prs10082026.pdf,Official event overlay: Semi-annual broad-market review,,,,official_event_overlay
NIFTYMICROCAP250,Nifty Microcap 250,NFL,2022-03-31,,,press_release,https://niftyindices.com/Press_Release/ind_prs24022022_1.pdf,,yurukatsu/nse-historical-membership,index_history/data/index_membership_history.csv,850da8ca193b289fc7471eee28362a7a058f8c2e,explicit_source
NIFTYMICROCAP250,Nifty Microcap 250,NIITLTD,2019-04-01,2022-09-30,,snapshot_floor,,closed by ind_prs01092022.pdf,yurukatsu/nse-historical-membership,index_history/data/index_membership_history.csv,850da8ca193b289fc7471eee28362a7a058f8c2e,inferred_or_snapshot
NIFTYMICROCAP250,Nifty Microcap 250,NIITMTS,2024-03-28,2025-03-28,,press_release,https://niftyindices.com/Press_Release/ind_prs28022024.pdf,closed by ind_prs21022025.pdf,yurukatsu/nse-historical-membership,index_history/data/index_membership_history.csv,850da8ca193b289fc7471eee28362a7a058f8c2e,explicit_source
NIFTYMICROCAP250,Nifty Microcap 250,NILKAMAL,2022-03-31,2022-09-30,,press_release,https://niftyindices.com/Press_Release/ind_prs24022022_1.pdf,closed by ind_prs01092022.pdf,yurukatsu/nse-historical-membership,index_history/data/index_membership_history.csv,850da8ca193b289fc7471eee28362a7a058f8c2e,explicit_source
NIFTYMICROCAP250,Nifty Microcap 250,NIVABUPA,2026-09-30,,,NSE/Nifty press release,https://www.niftyindices.com/Press_Release/ind_prs10082026.pdf,Official event overlay: Semi-annual broad-market review,,,,official_event_overlay
NIFTYMICROCAP250,Nifty Microcap 250,NOCIL,2023-09-29,2025-09-30,,press_release,https://niftyindices.com/Press_Release/ind_prs17082023.pdf,closed by ind_prs22082025.pdf,yurukatsu/nse-historical-membership,index_history/data/index_membership_history.csv,850da8ca193b289fc7471eee28362a7a058f8c2e,explicit_source
NIFTYMICROCAP250,Nifty Microcap 250,NORTHARC,2026-09-30,,,NSE/Nifty press release,https://www.niftyindices.com/Press_Release/ind_prs10082026.pdf,Official event overlay: Semi-annual broad-market review,,,,official_event_overlay
NIFTYMICROCAP250,Nifty Microcap 250,NOVARTIND,2019-04-01,2022-03-31,,snapshot_floor,,closed by ind_prs24022022_1.pdf,yurukatsu/nse-historical-membership,index_history/data/index_membership_history.csv,850da8ca193b289fc7471eee28362a7a058f8c2e,inferred_or_snapshot
NIFTYMICROCAP250,Nifty Microcap 250,NRBBEARING,2019-04-01,2025-03-28,,snapshot_floor,,closed by ind_prs21022025.pdf,yurukatsu/nse-historical-membership,index_history/data/index_membership_history.csv,850da8ca193b289fc7471eee28362a7a058f8c2e,inferred_or_snapshot
NIFTYMICROCAP250,Nifty Microcap 250,NUCLEUS,2019-04-01,2022-09-30,,snapshot_floor,,closed by ind_prs01092022.pdf,yurukatsu/nse-historical-membership,index_history/data/index_membership_history.csv,850da8ca193b289fc7471eee28362a7a058f8c2e,inferred_or_snapshot
NIFTYMICROCAP250,Nifty Microcap 250,NUCLEUS,2024-03-28,2024-09-30,,press_release,https://niftyindices.com/Press_Release/ind_prs28022024.pdf,closed by ind_prs23082024.pdf,yurukatsu/nse-historical-membership,index_history/data/index_membership_history.csv,850da8ca193b289fc7471eee28362a7a058f8c2e,explicit_source
NIFTYMICROCAP250,Nifty Microcap 250,NUVOCO,2025-03-28,2025-09-30,,press_release,https://niftyindices.com/Press_Release/ind_prs21022025.pdf,closed by ind_prs22082025.pdf,yurukatsu/nse-historical-membership,index_history/data/index_membership_history.csv,850da8ca193b289fc7471eee28362a7a058f8c2e,explicit_source
NIFTYMICROCAP250,Nifty Microcap 250,OAL,2019-04-01,2022-03-31,,snapshot_floor,,closed by ind_prs24022022_1.pdf,yurukatsu/nse-historical-membership,index_history/data/index_membership_history.csv,850da8ca193b289fc7471eee28362a7a058f8c2e,inferred_or_snapshot
NIFTYMICROCAP250,Nifty Microcap 250,OCCL,2019-04-01,2022-03-31,,snapshot_floor,,closed by ind_prs24022022_1.pdf,yurukatsu/nse-historical-membership,index_history/data/index_membership_history.csv,850da8ca193b289fc7471eee28362a7a058f8c2e,inferred_or_snapshot
NIFTYMICROCAP250,Nifty Microcap 250,OLECTRA,2019-04-01,2022-09-30,,snapshot_floor,,closed by ind_prs01092022.pdf,yurukatsu/nse-historical-membership,index_history/data/index_membership_history.csv,850da8ca193b289fc7471eee28362a7a058f8c2e,inferred_or_snapshot
NIFTYMICROCAP250,Nifty Microcap 250,OMAXE,2019-04-01,2021-09-30,,snapshot_floor,,closed by ind_prs15092021.pdf,yurukatsu/nse-historical-membership,index_history/data/index_membership_history.csv,850da8ca193b289fc7471eee28362a7a058f8c2e,inferred_or_snapshot
NIFTYMICROCAP250,Nifty Microcap 250,OMAXE,2022-09-30,2023-03-31,,press_release,https://niftyindices.com/Press_Release/ind_prs01092022.pdf,closed by ind_prs17022023_1.pdf,yurukatsu/nse-historical-membership,index_history/data/index_membership_history.csv,850da8ca193b289fc7471eee28362a7a058f8c2e,explicit_source
NIFTYMICROCAP250,Nifty Microcap 250,OMNI,2026-09-30,,,NSE/Nifty press release,https://www.niftyindices.com/Press_Release/ind_prs10082026.pdf,Official event overlay: Semi-annual broad-market review,,,,official_event_overlay
NIFTYMICROCAP250,Nifty Microcap 250,OPTIEMUS,2022-03-31,2026-09-30,,press_release,https://niftyindices.com/Press_Release/ind_prs24022022_1.pdf,,yurukatsu/nse-historical-membership,index_history/data/index_membership_history.csv,850da8ca193b289fc7471eee28362a7a058f8c2e,explicit_source
NIFTYMICROCAP250,Nifty Microcap 250,ORCHPHARMA,2024-09-30,2026-03-30,,press_release,https://niftyindices.com/Press_Release/ind_prs23082024.pdf,closed by ind_prs23022026.pdf,yurukatsu/nse-historical-membership,index_history/data/index_membership_history.csv,850da8ca193b289fc7471eee28362a7a058f8c2e,explicit_source
NIFTYMICROCAP250,Nifty Microcap 250,ORIENTCEM,2019-04-01,2026-09-30,,snapshot_floor,,,yurukatsu/nse-historical-membership,index_history/data/index_membership_history.csv,850da8ca193b289fc7471eee28362a7a058f8c2e,inferred_or_snapshot
NIFTYMICROCAP250,Nifty Microcap 250,ORIENTELEC,2024-03-28,2025-03-28,,press_release,https://niftyindices.com/Press_Release/ind_prs28022024.pdf,closed by ind_prs21022025.pdf,yurukatsu/nse-historical-membership,index_history/data/index_membership_history.csv,850da8ca193b289fc7471eee28362a7a058f8c2e,explicit_source
NIFTYMICROCAP250,Nifty Microcap 250,ORISSAMINE,2019-04-01,2023-03-31,,snapshot_floor,,closed by ind_prs17022023_1.pdf,yurukatsu/nse-historical-membership,index_history/data/index_membership_history.csv,850da8ca193b289fc7471eee28362a7a058f8c2e,inferred_or_snapshot
NIFTYMICROCAP250,Nifty Microcap 250,ORISSAMINE,2024-03-28,2025-09-30,,press_release,https://niftyindices.com/Press_Release/ind_prs28022024.pdf,closed by ind_prs22082025.pdf,yurukatsu/nse-historical-membership,index_history/data/index_membership_history.csv,850da8ca193b289fc7471eee28362a7a058f8c2e,explicit_source
NIFTYMICROCAP250,Nifty Microcap 250,ORKLAINDIA,2026-03-30,2026-09-30,,press_release,https://niftyindices.com/Press_Release/ind_prs23022026.pdf,,yurukatsu/nse-historical-membership,index_history/data/index_membership_history.csv,850da8ca193b289fc7471eee28362a7a058f8c2e,explicit_source
NIFTYMICROCAP250,Nifty Microcap 250,OSWALPUMPS,2025-09-30,,,press_release,https://niftyindices.com/Press_Release/ind_prs22082025.pdf,,yurukatsu/nse-historical-membership,index_history/data/index_membership_history.csv,850da8ca193b289fc7471eee28362a7a058f8c2e,explicit_source
NIFTYMICROCAP250,Nifty Microcap 250,PAISALO,2019-04-01,2025-09-30,,snapshot_floor,,closed by ind_prs22082025.pdf,yurukatsu/nse-historical-membership,index_history/data/index_membership_history.csv,850da8ca193b289fc7471eee28362a7a058f8c2e,inferred_or_snapshot
NIFTYMICROCAP250,Nifty Microcap 250,PAISALO,2026-09-30,,,NSE/Nifty press release,https://www.niftyindices.com/Press_Release/ind_prs10082026.pdf,Official event overlay: Semi-annual broad-market review,,,,official_event_overlay
NIFTYMICROCAP250,Nifty Microcap 250,PANACEABIO,2019-04-01,2022-09-30,,snapshot_floor,,closed by ind_prs01092022.pdf,yurukatsu/nse-historical-membership,index_history/data/index_membership_history.csv,850da8ca193b289fc7471eee28362a7a058f8c2e,inferred_or_snapshot
NIFTYMICROCAP250,Nifty Microcap 250,PANAMAPET,2022-09-30,2023-09-29,,press_release,https://niftyindices.com/Press_Release/ind_prs01092022.pdf,closed by ind_prs17082023.pdf,yurukatsu/nse-historical-membership,index_history/data/index_membership_history.csv,850da8ca193b289fc7471eee28362a7a058f8c2e,explicit_source
NIFTYMICROCAP250,Nifty Microcap 250,PARADEEP,2022-09-30,2026-03-30,,press_release,https://niftyindices.com/Press_Release/ind_prs01092022.pdf,closed by ind_prs23022026.pdf,yurukatsu/nse-historical-membership,index_history/data/index_membership_history.csv,850da8ca193b289fc7471eee28362a7a058f8c2e,explicit_source
NIFTYMICROCAP250,Nifty Microcap 250,PARAGMILK,2019-04-01,2022-03-31,,snapshot_floor,,closed by ind_prs24022022_1.pdf,yurukatsu/nse-historical-membership,index_history/data/index_membership_history.csv,850da8ca193b289fc7471eee28362a7a058f8c2e,inferred_or_snapshot
NIFTYMICROCAP250,Nifty Microcap 250,PARAS,2022-03-31,,,press_release,https://niftyindices.com/Press_Release/ind_prs24022022_1.pdf,,yurukatsu/nse-historical-membership,index_history/data/index_membership_history.csv,850da8ca193b289fc7471eee28362a7a058f8c2e,explicit_source
NIFTYMICROCAP250,Nifty Microcap 250,PARKHOSPS,2026-03-30,,,press_release,https://niftyindices.com/Press_Release/ind_prs23022026.pdf,,yurukatsu/nse-historical-membership,index_history/data/index_membership_history.csv,850da8ca193b289fc7471eee28362a7a058f8c2e,explicit_source
NIFTYMICROCAP250,Nifty Microcap 250,PARKHOTELS,2024-09-30,2026-03-30,,press_release,https://niftyindices.com/Press_Release/ind_prs23082024.pdf,closed by ind_prs23022026.pdf,yurukatsu/nse-historical-membership,index_history/data/index_membership_history.csv,850da8ca193b289fc7471eee28362a7a058f8c2e,explicit_source
NIFTYMICROCAP250,Nifty Microcap 250,PATELENG,2024-03-28,2026-03-30,,press_release,https://niftyindices.com/Press_Release/ind_prs28022024.pdf,closed by ind_prs23022026.pdf,yurukatsu/nse-historical-membership,index_history/data/index_membership_history.csv,850da8ca193b289fc7471eee28362a7a058f8c2e,explicit_source
NIFTYMICROCAP250,Nifty Microcap 250,PCJEWELLER,2019-04-01,2022-03-31,,snapshot_floor,,closed by ind_prs24022022_1.pdf,yurukatsu/nse-historical-membership,index_history/data/index_membership_history.csv,850da8ca193b289fc7471eee28362a7a058f8c2e,inferred_or_snapshot
NIFTYMICROCAP250,Nifty Microcap 250,PCJEWELLER,2023-03-31,2023-09-29,,press_release,https://niftyindices.com/Press_Release/ind_prs17022023_1.pdf,closed by ind_prs17082023.pdf,yurukatsu/nse-historical-membership,index_history/data/index_membership_history.csv,850da8ca193b289fc7471eee28362a7a058f8c2e,explicit_source
NIFTYMICROCAP250,Nifty Microcap 250,PCJEWELLER,2025-03-28,,,press_release,https://niftyindices.com/Press_Release/ind_prs21022025.pdf,,yurukatsu/nse-historical-membership,index_history/data/index_membership_history.csv,850da8ca193b289fc7471eee28362a7a058f8c2e,explicit_source
NIFTYMICROCAP250,Nifty Microcap 250,PDSL,2022-12-30,2024-09-30,,press_release,https://niftyindices.com/Press_Release/ind_prs22122022.pdf,closed by ind_prs23082024.pdf,yurukatsu/nse-historical-membership,index_history/data/index_membership_history.csv,850da8ca193b289fc7471eee28362a7a058f8c2e,explicit_source
NIFTYMICROCAP250,Nifty Microcap 250,PDSL,2026-09-30,,,NSE/Nifty press release,https://www.niftyindices.com/Press_Release/ind_prs10082026.pdf,Official event overlay: Semi-annual broad-market review,,,,official_event_overlay
NIFTYMICROCAP250,Nifty Microcap 250,PFOCUS,2026-03-30,2026-07-17,,press_release,https://niftyindices.com/Press_Release/ind_prs23022026.pdf,,yurukatsu/nse-historical-membership,index_history/data/index_membership_history.csv,850da8ca193b289fc7471eee28362a7a058f8c2e,explicit_source
NIFTYMICROCAP250,Nifty Microcap 250,PFS,2019-04-01,2022-03-31,,snapshot_floor,,closed by ind_prs24022022_1.pdf,yurukatsu/nse-historical-membership,index_history/data/index_membership_history.csv,850da8ca193b289fc7471eee28362a7a058f8c2e,inferred_or_snapshot
NIFTYMICROCAP250,Nifty Microcap 250,PGEL,2023-03-31,2025-03-28,,press_release,https://niftyindices.com/Press_Release/ind_prs17022023_1.pdf,closed by ind_prs21022025.pdf,yurukatsu/nse-historical-membership,index_history/data/index_membership_history.csv,850da8ca193b289fc7471eee28362a7a058f8c2e,explicit_source
NIFTYMICROCAP250,Nifty Microcap 250,PGHL,2023-03-31,2023-09-29,,press_release,https://niftyindices.com/Press_Release/ind_prs17022023_1.pdf,closed by ind_prs17082023.pdf,yurukatsu/nse-historical-membership,index_history/data/index_membership_history.csv,850da8ca193b289fc7471eee28362a7a058f8c2e,explicit_source
NIFTYMICROCAP250,Nifty Microcap 250,PGHL,2024-09-30,2025-03-28,,press_release,https://niftyindices.com/Press_Release/ind_prs23082024.pdf,closed by ind_prs21022025.pdf,yurukatsu/nse-historical-membership,index_history/data/index_membership_history.csv,850da8ca193b289fc7471eee28362a7a058f8c2e,explicit_source
NIFTYMICROCAP250,Nifty Microcap 250,PGHL,2026-09-30,,,NSE/Nifty press release,https://www.niftyindices.com/Press_Release/ind_prs10082026.pdf,Official event overlay: Semi-annual broad-market review,,,,official_event_overlay
NIFTYMICROCAP250,Nifty Microcap 250,PGIL,2025-03-28,,,press_release,https://niftyindices.com/Press_Release/ind_prs21022025.pdf,,yurukatsu/nse-historical-membership,index_history/data/index_membership_history.csv,850da8ca193b289fc7471eee28362a7a058f8c2e,explicit_source
NIFTYMICROCAP250,Nifty Microcap 250,PICCADIL,2026-03-30,,,press_release,https://niftyindices.com/Press_Release/ind_prs23022026.pdf,,yurukatsu/nse-historical-membership,index_history/data/index_membership_history.csv,850da8ca193b289fc7471eee28362a7a058f8c2e,explicit_source
NIFTYMICROCAP250,Nifty Microcap 250,PILANIINVS,2019-04-01,2022-09-30,,snapshot_floor,,closed by ind_prs01092022.pdf,yurukatsu/nse-historical-membership,index_history/data/index_membership_history.csv,850da8ca193b289fc7471eee28362a7a058f8c2e,inferred_or_snapshot
NIFTYMICROCAP250,Nifty Microcap 250,PNBGILTS,2019-04-01,2022-03-31,,snapshot_floor,,closed by ind_prs24022022_1.pdf,yurukatsu/nse-historical-membership,index_history/data/index_membership_history.csv,850da8ca193b289fc7471eee28362a7a058f8c2e,inferred_or_snapshot
NIFTYMICROCAP250,Nifty Microcap 250,PNCINFRA,2025-09-30,,,press_release,https://niftyindices.com/Press_Release/ind_prs22082025.pdf,,yurukatsu/nse-historical-membership,index_history/data/index_membership_history.csv,850da8ca193b289fc7471eee28362a7a058f8c2e,explicit_source
NIFTYMICROCAP250,Nifty Microcap 250,PNGJL,2025-03-28,,,press_release,https://niftyindices.com/Press_Release/ind_prs21022025.pdf,,yurukatsu/nse-historical-membership,index_history/data/index_membership_history.csv,850da8ca193b289fc7471eee28362a7a058f8c2e,explicit_source
NIFTYMICROCAP250,Nifty Microcap 250,POKARNA,2022-09-30,2023-09-29,,press_release,https://niftyindices.com/Press_Release/ind_prs01092022.pdf,closed by ind_prs17082023.pdf,yurukatsu/nse-historical-membership,index_history/data/index_membership_history.csv,850da8ca193b289fc7471eee28362a7a058f8c2e,explicit_source
NIFTYMICROCAP250,Nifty Microcap 250,POLYPLEX,2024-03-28,2026-03-30,,press_release,https://niftyindices.com/Press_Release/ind_prs28022024.pdf,closed by ind_prs23022026.pdf,yurukatsu/nse-historical-membership,index_history/data/index_membership_history.csv,850da8ca193b289fc7471eee28362a7a058f8c2e,explicit_source
NIFTYMICROCAP250,Nifty Microcap 250,POONAWALLA,2019-04-01,2021-09-30,,snapshot_floor,,closed by ind_prs15092021.pdf,yurukatsu/nse-historical-membership,index_history/data/index_membership_history.csv,850da8ca193b289fc7471eee28362a7a058f8c2e,inferred_or_snapshot
NIFTYMICROCAP250,Nifty Microcap 250,POWERICA,2026-09-30,,,NSE/Nifty press release,https://www.niftyindices.com/Press_Release/ind_prs10082026.pdf,Official event overlay: Semi-annual broad-market review,,,,official_event_overlay
NIFTYMICROCAP250,Nifty Microcap 250,POWERMECH,2023-03-31,,,press_release,https://niftyindices.com/Press_Release/ind_prs17022023_1.pdf,,yurukatsu/nse-historical-membership,index_history/data/index_membership_history.csv,850da8ca193b289fc7471eee28362a7a058f8c2e,explicit_source
NIFTYMICROCAP250,Nifty Microcap 250,PRAJIND,2019-04-01,2021-09-30,,snapshot_floor,,closed by ind_prs15092021.pdf,yurukatsu/nse-historical-membership,index_history/data/index_membership_history.csv,850da8ca193b289fc7471eee28362a7a058f8c2e,inferred_or_snapshot
NIFTYMICROCAP250,Nifty Microcap 250,PRAJIND,2026-03-30,,,press_release,https://niftyindices.com/Press_Release/ind_prs23022026.pdf,,yurukatsu/nse-historical-membership,index_history/data/index_membership_history.csv,850da8ca193b289fc7471eee28362a7a058f8c2e,explicit_source
NIFTYMICROCAP250,Nifty Microcap 250,PRAKASH,2019-04-01,2022-03-31,,snapshot_floor,,closed by ind_prs24022022_1.pdf,yurukatsu/nse-historical-membership,index_history/data/index_membership_history.csv,850da8ca193b289fc7471eee28362a7a058f8c2e,inferred_or_snapshot
NIFTYMICROCAP250,Nifty Microcap 250,PRECWIRE,2026-09-30,,,NSE/Nifty press release,https://www.niftyindices.com/Press_Release/ind_prs10082026.pdf,Official event overlay: Semi-annual broad-market review,,,,official_event_overlay
NIFTYMICROCAP250,Nifty Microcap 250,PRICOLLTD,2023-03-31,,,press_release,https://niftyindices.com/Press_Release/ind_prs17022023_1.pdf,,yurukatsu/nse-historical-membership,index_history/data/index_membership_history.csv,850da8ca193b289fc7471eee28362a7a058f8c2e,explicit_source
NIFTYMICROCAP250,Nifty Microcap 250,PRINCEPIPE,2024-09-30,2026-03-30,,press_release,https://niftyindices.com/Press_Release/ind_prs23082024.pdf,closed by ind_prs23022026.pdf,yurukatsu/nse-historical-membership,index_history/data/index_membership_history.csv,850da8ca193b289fc7471eee28362a7a058f8c2e,explicit_source
NIFTYMICROCAP250,Nifty Microcap 250,PRIVISCL,2019-04-01,2022-03-31,,snapshot_floor,,closed by ind_prs24022022_1.pdf,yurukatsu/nse-historical-membership,index_history/data/index_membership_history.csv,850da8ca193b289fc7471eee28362a7a058f8c2e,inferred_or_snapshot
NIFTYMICROCAP250,Nifty Microcap 250,PRIVISCL,2023-03-31,2024-03-28,,press_release,https://niftyindices.com/Press_Release/ind_prs17022023_1.pdf,closed by ind_prs28022024.pdf,yurukatsu/nse-historical-membership,index_history/data/index_membership_history.csv,850da8ca193b289fc7471eee28362a7a058f8c2e,explicit_source
NIFTYMICROCAP250,Nifty Microcap 250,PRIVISCL,2025-09-30,2026-09-30,,press_release,https://niftyindices.com/Press_Release/ind_prs22082025.pdf,,yurukatsu/nse-historical-membership,index_history/data/index_membership_history.csv,850da8ca193b289fc7471eee28362a7a058f8c2e,explicit_source
NIFTYMICROCAP250,Nifty Microcap 250,PRSMJOHNSN,2025-03-28,2026-09-30,,press_release,https://niftyindices.com/Press_Release/ind_prs21022025.pdf,,yurukatsu/nse-historical-membership,index_history/data/index_membership_history.csv,850da8ca193b289fc7471eee28362a7a058f8c2e,explicit_source
NIFTYMICROCAP250,Nifty Microcap 250,PRUDENT,2022-09-30,2024-03-28,,press_release,https://niftyindices.com/Press_Release/ind_prs01092022.pdf,closed by ind_prs28022024.pdf,yurukatsu/nse-historical-membership,index_history/data/index_membership_history.csv,850da8ca193b289fc7471eee28362a7a058f8c2e,explicit_source
NIFTYMICROCAP250,Nifty Microcap 250,PRUDENT,2024-09-30,2026-09-30,,press_release,https://niftyindices.com/Press_Release/ind_prs23082024.pdf,,yurukatsu/nse-historical-membership,index_history/data/index_membership_history.csv,850da8ca193b289fc7471eee28362a7a058f8c2e,explicit_source
NIFTYMICROCAP250,Nifty Microcap 250,PSB,2019-04-01,2022-03-31,,snapshot_floor,,closed by ind_prs24022022_1.pdf,yurukatsu/nse-historical-membership,index_history/data/index_membership_history.csv,850da8ca193b289fc7471eee28362a7a058f8c2e,inferred_or_snapshot
NIFTYMICROCAP250,Nifty Microcap 250,PSPPROJECT,2019-04-01,2024-09-30,,snapshot_floor,,closed by ind_prs23082024.pdf,yurukatsu/nse-historical-membership,index_history/data/index_membership_history.csv,850da8ca193b289fc7471eee28362a7a058f8c2e,inferred_or_snapshot
NIFTYMICROCAP250,Nifty Microcap 250,PTC,2019-04-01,2022-10-25,,snapshot_floor,,closed by ind_prs20102022.pdf,yurukatsu/nse-historical-membership,index_history/data/index_membership_history.csv,850da8ca193b289fc7471eee28362a7a058f8c2e,inferred_or_snapshot
NIFTYMICROCAP250,Nifty Microcap 250,PTC,2023-03-31,,,press_release,https://niftyindices.com/Press_Release/ind_prs17022023_1.pdf,,yurukatsu/nse-historical-membership,index_history/data/index_membership_history.csv,850da8ca193b289fc7471eee28362a7a058f8c2e,explicit_source
NIFTYMICROCAP250,Nifty Microcap 250,PTCIL,2023-09-29,2024-03-28,,press_release,https://niftyindices.com/Press_Release/ind_prs17082023.pdf,closed by ind_prs28022024.pdf,yurukatsu/nse-historical-membership,index_history/data/index_membership_history.csv,850da8ca193b289fc7471eee28362a7a058f8c2e,explicit_source
NIFTYMICROCAP250,Nifty Microcap 250,PUNJABCHEM,2021-09-30,2022-09-30,,press_release,https://niftyindices.com/Press_Release/ind_prs15092021.pdf,closed by ind_prs01092022.pdf,yurukatsu/nse-historical-membership,index_history/data/index_membership_history.csv,850da8ca193b289fc7471eee28362a7a058f8c2e,explicit_source
NIFTYMICROCAP250,Nifty Microcap 250,PURVA,2019-04-01,2022-09-30,,snapshot_floor,,closed by ind_prs01092022.pdf,yurukatsu/nse-historical-membership,index_history/data/index_membership_history.csv,850da8ca193b289fc7471eee28362a7a058f8c2e,inferred_or_snapshot
NIFTYMICROCAP250,Nifty Microcap 250,PURVA,2023-03-31,2023-09-29,,press_release,https://niftyindices.com/Press_Release/ind_prs17022023_1.pdf,closed by ind_prs17082023.pdf,yurukatsu/nse-historical-membership,index_history/data/index_membership_history.csv,850da8ca193b289fc7471eee28362a7a058f8c2e,explicit_source
NIFTYMICROCAP250,Nifty Microcap 250,PURVA,2024-03-28,2025-03-28,,press_release,https://niftyindices.com/Press_Release/ind_prs28022024.pdf,closed by ind_prs21022025.pdf,yurukatsu/nse-historical-membership,index_history/data/index_membership_history.csv,850da8ca193b289fc7471eee28362a7a058f8c2e,explicit_source
NIFTYMICROCAP250,Nifty Microcap 250,PURVA,2025-09-30,,,press_release,https://niftyindices.com/Press_Release/ind_prs22082025.pdf,,yurukatsu/nse-historical-membership,index_history/data/index_membership_history.csv,850da8ca193b289fc7471eee28362a7a058f8c2e,explicit_source
NIFTYMICROCAP250,Nifty Microcap 250,QPOWER,2026-03-30,,,press_release,https://niftyindices.com/Press_Release/ind_prs23022026.pdf,,yurukatsu/nse-historical-membership,index_history/data/index_membership_history.csv,850da8ca193b289fc7471eee28362a7a058f8c2e,explicit_source
NIFTYMICROCAP250,Nifty Microcap 250,QUESS,2025-09-30,,,press_release,https://niftyindices.com/Press_Release/ind_prs22082025.pdf,,yurukatsu/nse-historical-membership,index_history/data/index_membership_history.csv,850da8ca193b289fc7471eee28362a7a058f8c2e,explicit_source
NIFTYMICROCAP250,Nifty Microcap 250,QUICKHEAL,2019-04-01,2022-03-31,,snapshot_floor,,closed by ind_prs24022022_1.pdf,yurukatsu/nse-historical-membership,index_history/data/index_membership_history.csv,850da8ca193b289fc7471eee28362a7a058f8c2e,inferred_or_snapshot
NIFTYMICROCAP250,Nifty Microcap 250,RAILTEL,2022-09-30,2024-03-28,,press_release,https://niftyindices.com/Press_Release/ind_prs01092022.pdf,closed by ind_prs28022024.pdf,yurukatsu/nse-historical-membership,index_history/data/index_membership_history.csv,850da8ca193b289fc7471eee28362a7a058f8c2e,explicit_source
NIFTYMICROCAP250,Nifty Microcap 250,RAIN,2024-03-28,,,press_release,https://niftyindices.com/Press_Release/ind_prs28022024.pdf,,yurukatsu/nse-historical-membership,index_history/data/index_membership_history.csv,850da8ca193b289fc7471eee28362a7a058f8c2e,explicit_source
NIFTYMICROCAP250,Nifty Microcap 250,RAINBOW,2022-09-30,2023-03-31,,press_release,https://niftyindices.com/Press_Release/ind_prs01092022.pdf,"inferred-exclude: not in NSE current snapshot, no PR found (closed at next semi-annual review)",yurukatsu/nse-historical-membership,index_history/data/index_membership_history.csv,850da8ca193b289fc7471eee28362a7a058f8c2e,explicit_source
NIFTYMICROCAP250,Nifty Microcap 250,RAJESHEXPO,2025-03-28,2025-12-26,,press_release,https://niftyindices.com/Press_Release/ind_prs21022025.pdf,closed by ind_prs23122025.pdf,yurukatsu/nse-historical-membership,index_history/data/index_membership_history.csv,850da8ca193b289fc7471eee28362a7a058f8c2e,explicit_source
NIFTYMICROCAP250,Nifty Microcap 250,RAJRATAN,2022-09-30,2024-03-28,,press_release,https://niftyindices.com/Press_Release/ind_prs01092022.pdf,closed by ind_prs28022024.pdf,yurukatsu/nse-historical-membership,index_history/data/index_membership_history.csv,850da8ca193b289fc7471eee28362a7a058f8c2e,explicit_source
NIFTYMICROCAP250,Nifty Microcap 250,RALLIS,2024-03-28,,,press_release,https://niftyindices.com/Press_Release/ind_prs28022024.pdf,,yurukatsu/nse-historical-membership,index_history/data/index_membership_history.csv,850da8ca193b289fc7471eee28362a7a058f8c2e,explicit_source
NIFTYMICROCAP250,Nifty Microcap 250,RAMCOIND,2019-04-01,2022-09-30,,snapshot_floor,,closed by ind_prs01092022.pdf,yurukatsu/nse-historical-membership,index_history/data/index_membership_history.csv,850da8ca193b289fc7471eee28362a7a058f8c2e,inferred_or_snapshot
NIFTYMICROCAP250,Nifty Microcap 250,RAMCOSYS,2019-04-01,2022-03-31,,snapshot_floor,,closed by ind_prs24022022_1.pdf,yurukatsu/nse-historical-membership,index_history/data/index_membership_history.csv,850da8ca193b289fc7471eee28362a7a058f8c2e,inferred_or_snapshot
NIFTYMICROCAP250,Nifty Microcap 250,RAMKY,2023-09-29,2025-03-28,,press_release,https://niftyindices.com/Press_Release/ind_prs17082023.pdf,closed by ind_prs21022025.pdf,yurukatsu/nse-historical-membership,index_history/data/index_membership_history.csv,850da8ca193b289fc7471eee28362a7a058f8c2e,explicit_source
NIFTYMICROCAP250,Nifty Microcap 250,RANEHOLDIN,2019-04-01,2022-03-31,,snapshot_floor,,closed by ind_prs24022022_1.pdf,yurukatsu/nse-historical-membership,index_history/data/index_membership_history.csv,850da8ca193b289fc7471eee28362a7a058f8c2e,inferred_or_snapshot
NIFTYMICROCAP250,Nifty Microcap 250,RATEGAIN,2022-03-31,,,press_release,https://niftyindices.com/Press_Release/ind_prs24022022_1.pdf,,yurukatsu/nse-historical-membership,index_history/data/index_membership_history.csv,850da8ca193b289fc7471eee28362a7a058f8c2e,explicit_source
NIFTYMICROCAP250,Nifty Microcap 250,RATNAMANI,2025-10-28,2026-03-30,,press_release,https://niftyindices.com/Press_Release/ind_prs20102025.pdf,closed by ind_prs23022026.pdf,yurukatsu/nse-historical-membership,index_history/data/index_membership_history.csv,850da8ca193b289fc7471eee28362a7a058f8c2e,explicit_source
NIFTYMICROCAP250,Nifty Microcap 250,RATNAMANI,2026-05-12,,,press_release,https://niftyindices.com/Press_Release/ind_prs04052026.pdf,,yurukatsu/nse-historical-membership,index_history/data/index_membership_history.csv,850da8ca193b289fc7471eee28362a7a058f8c2e,explicit_source
NIFTYMICROCAP250,Nifty Microcap 250,RAYMOND,2021-09-30,2022-09-30,,press_release,https://niftyindices.com/Press_Release/ind_prs15092021.pdf,closed by ind_prs01092022.pdf,yurukatsu/nse-historical-membership,index_history/data/index_membership_history.csv,850da8ca193b289fc7471eee28362a7a058f8c2e,explicit_source
NIFTYMICROCAP250,Nifty Microcap 250,RAYMONDLSL,2025-09-30,,,press_release,https://niftyindices.com/Press_Release/ind_prs22082025.pdf,,yurukatsu/nse-historical-membership,index_history/data/index_membership_history.csv,850da8ca193b289fc7471eee28362a7a058f8c2e,explicit_source
NIFTYMICROCAP250,Nifty Microcap 250,RBA,2024-09-30,,,press_release,https://niftyindices.com/Press_Release/ind_prs23082024.pdf,,yurukatsu/nse-historical-membership,index_history/data/index_membership_history.csv,850da8ca193b289fc7471eee28362a7a058f8c2e,explicit_source
NIFTYMICROCAP250,Nifty Microcap 250,RCF,2026-03-30,,,press_release,https://niftyindices.com/Press_Release/ind_prs23022026.pdf,,yurukatsu/nse-historical-membership,index_history/data/index_membership_history.csv,850da8ca193b289fc7471eee28362a7a058f8c2e,explicit_source
NIFTYMICROCAP250,Nifty Microcap 250,REDTAPE,2024-03-28,2025-09-30,,press_release,https://niftyindices.com/Press_Release/ind_prs28022024.pdf,closed by ind_prs22082025.pdf,yurukatsu/nse-historical-membership,index_history/data/index_membership_history.csv,850da8ca193b289fc7471eee28362a7a058f8c2e,explicit_source
NIFTYMICROCAP250,Nifty Microcap 250,REDTAPE,2026-03-30,2026-09-30,,press_release,https://niftyindices.com/Press_Release/ind_prs23022026.pdf,,yurukatsu/nse-historical-membership,index_history/data/index_membership_history.csv,850da8ca193b289fc7471eee28362a7a058f8c2e,explicit_source
NIFTYMICROCAP250,Nifty Microcap 250,REFEX,2025-03-28,,,press_release,https://niftyindices.com/Press_Release/ind_prs21022025.pdf,,yurukatsu/nse-historical-membership,index_history/data/index_membership_history.csv,850da8ca193b289fc7471eee28362a7a058f8c2e,explicit_source
NIFTYMICROCAP250,Nifty Microcap 250,RELAXO,2025-09-30,,,press_release,https://niftyindices.com/Press_Release/ind_prs22082025.pdf,,yurukatsu/nse-historical-membership,index_history/data/index_membership_history.csv,850da8ca193b289fc7471eee28362a7a058f8c2e,explicit_source
NIFTYMICROCAP250,Nifty Microcap 250,RELIGARE,2019-04-01,,,snapshot_floor,,,yurukatsu/nse-historical-membership,index_history/data/index_membership_history.csv,850da8ca193b289fc7471eee28362a7a058f8c2e,inferred_or_snapshot
NIFTYMICROCAP250,Nifty Microcap 250,RENUKA,2019-04-01,2022-03-31,,snapshot_floor,,closed by ind_prs24022022_1.pdf,yurukatsu/nse-historical-membership,index_history/data/index_membership_history.csv,850da8ca193b289fc7471eee28362a7a058f8c2e,inferred_or_snapshot
NIFTYMICROCAP250,Nifty Microcap 250,RENUKA,2025-09-30,,,press_release,https://niftyindices.com/Press_Release/ind_prs22082025.pdf,,yurukatsu/nse-historical-membership,index_history/data/index_membership_history.csv,850da8ca193b289fc7471eee28362a7a058f8c2e,explicit_source
NIFTYMICROCAP250,Nifty Microcap 250,REPCOHOME,2019-04-01,2022-09-30,,snapshot_floor,,closed by ind_prs01092022.pdf,yurukatsu/nse-historical-membership,index_history/data/index_membership_history.csv,850da8ca193b289fc7471eee28362a7a058f8c2e,inferred_or_snapshot
NIFTYMICROCAP250,Nifty Microcap 250,RESPONIND,2022-03-31,2023-03-31,,press_release,https://niftyindices.com/Press_Release/ind_prs24022022_1.pdf,closed by ind_prs17022023_1.pdf,yurukatsu/nse-historical-membership,index_history/data/index_membership_history.csv,850da8ca193b289fc7471eee28362a7a058f8c2e,explicit_source
NIFTYMICROCAP250,Nifty Microcap 250,RESPONIND,2023-09-29,2025-09-30,,press_release,https://niftyindices.com/Press_Release/ind_prs17082023.pdf,closed by ind_prs22082025.pdf,yurukatsu/nse-historical-membership,index_history/data/index_membership_history.csv,850da8ca193b289fc7471eee28362a7a058f8c2e,explicit_source
NIFTYMICROCAP250,Nifty Microcap 250,RESPONIND,2026-09-30,,,NSE/Nifty press release,https://www.niftyindices.com/Press_Release/ind_prs10082026.pdf,Official event overlay: Semi-annual broad-market review,,,,official_event_overlay
NIFTYMICROCAP250,Nifty Microcap 250,RKFORGE,2019-04-01,2024-03-28,,snapshot_floor,,closed by ind_prs28022024.pdf,yurukatsu/nse-historical-membership,index_history/data/index_membership_history.csv,850da8ca193b289fc7471eee28362a7a058f8c2e,inferred_or_snapshot
NIFTYMICROCAP250,Nifty Microcap 250,ROLEXRINGS,2022-03-31,2024-03-28,,press_release,https://niftyindices.com/Press_Release/ind_prs24022022_1.pdf,closed by ind_prs28022024.pdf,yurukatsu/nse-historical-membership,index_history/data/index_membership_history.csv,850da8ca193b289fc7471eee28362a7a058f8c2e,explicit_source
NIFTYMICROCAP250,Nifty Microcap 250,ROLEXRINGS,2024-09-30,2025-03-28,,press_release,https://niftyindices.com/Press_Release/ind_prs23082024.pdf,closed by ind_prs21022025.pdf,yurukatsu/nse-historical-membership,index_history/data/index_membership_history.csv,850da8ca193b289fc7471eee28362a7a058f8c2e,explicit_source
NIFTYMICROCAP250,Nifty Microcap 250,ROSSARI,2024-03-28,2025-09-30,,press_release,https://niftyindices.com/Press_Release/ind_prs28022024.pdf,closed by ind_prs22082025.pdf,yurukatsu/nse-historical-membership,index_history/data/index_membership_history.csv,850da8ca193b289fc7471eee28362a7a058f8c2e,explicit_source
NIFTYMICROCAP250,Nifty Microcap 250,ROUTE,2025-09-30,,,press_release,https://niftyindices.com/Press_Release/ind_prs22082025.pdf,,yurukatsu/nse-historical-membership,index_history/data/index_membership_history.csv,850da8ca193b289fc7471eee28362a7a058f8c2e,explicit_source
NIFTYMICROCAP250,Nifty Microcap 250,RPOWER,2019-04-01,2024-09-30,,snapshot_floor,,closed by ind_prs23082024.pdf,yurukatsu/nse-historical-membership,index_history/data/index_membership_history.csv,850da8ca193b289fc7471eee28362a7a058f8c2e,inferred_or_snapshot
NIFTYMICROCAP250,Nifty Microcap 250,RPSGVENT,2019-04-01,2023-03-31,,snapshot_floor,,closed by ind_prs17022023_1.pdf,yurukatsu/nse-historical-membership,index_history/data/index_membership_history.csv,850da8ca193b289fc7471eee28362a7a058f8c2e,inferred_or_snapshot
NIFTYMICROCAP250,Nifty Microcap 250,RSYSTEMS,2019-04-01,2022-09-30,,snapshot_floor,,closed by ind_prs01092022.pdf,yurukatsu/nse-historical-membership,index_history/data/index_membership_history.csv,850da8ca193b289fc7471eee28362a7a058f8c2e,inferred_or_snapshot
NIFTYMICROCAP250,Nifty Microcap 250,RTNINDIA,2019-04-01,2022-03-31,,snapshot_floor,,closed by ind_prs24022022_1.pdf,yurukatsu/nse-historical-membership,index_history/data/index_membership_history.csv,850da8ca193b289fc7471eee28362a7a058f8c2e,inferred_or_snapshot
NIFTYMICROCAP250,Nifty Microcap 250,RTNINDIA,2025-09-30,2026-09-30,,press_release,https://niftyindices.com/Press_Release/ind_prs22082025.pdf,,yurukatsu/nse-historical-membership,index_history/data/index_membership_history.csv,850da8ca193b289fc7471eee28362a7a058f8c2e,explicit_source
NIFTYMICROCAP250,Nifty Microcap 250,RTNPOWER,2019-04-01,2024-09-30,,snapshot_floor,,closed by ind_prs23082024.pdf,yurukatsu/nse-historical-membership,index_history/data/index_membership_history.csv,850da8ca193b289fc7471eee28362a7a058f8c2e,inferred_or_snapshot
NIFTYMICROCAP250,Nifty Microcap 250,RTNPOWER,2025-03-28,,,press_release,https://niftyindices.com/Press_Release/ind_prs21022025.pdf,,yurukatsu/nse-historical-membership,index_history/data/index_membership_history.csv,850da8ca193b289fc7471eee28362a7a058f8c2e,explicit_source
NIFTYMICROCAP250,Nifty Microcap 250,RUBICON,2026-03-30,2026-09-30,,press_release,https://niftyindices.com/Press_Release/ind_prs23022026.pdf,,yurukatsu/nse-historical-membership,index_history/data/index_membership_history.csv,850da8ca193b289fc7471eee28362a7a058f8c2e,explicit_source
NIFTYMICROCAP250,Nifty Microcap 250,RUPA,2019-04-01,2024-03-28,,snapshot_floor,,closed by ind_prs28022024.pdf,yurukatsu/nse-historical-membership,index_history/data/index_membership_history.csv,850da8ca193b289fc7471eee28362a7a058f8c2e,inferred_or_snapshot
NIFTYMICROCAP250,Nifty Microcap 250,SAATVIKGL,2026-03-30,2026-09-30,,press_release,https://niftyindices.com/Press_Release/ind_prs23022026.pdf,,yurukatsu/nse-historical-membership,index_history/data/index_membership_history.csv,850da8ca193b289fc7471eee28362a7a058f8c2e,explicit_source
NIFTYMICROCAP250,Nifty Microcap 250,SADBHAV,2019-04-01,2022-03-31,,snapshot_floor,,closed by ind_prs24022022_1.pdf,yurukatsu/nse-historical-membership,index_history/data/index_membership_history.csv,850da8ca193b289fc7471eee28362a7a058f8c2e,inferred_or_snapshot
NIFTYMICROCAP250,Nifty Microcap 250,SAFARI,2019-04-01,2021-09-30,,snapshot_floor,,closed by ind_prs15092021.pdf,yurukatsu/nse-historical-membership,index_history/data/index_membership_history.csv,850da8ca193b289fc7471eee28362a7a058f8c2e,inferred_or_snapshot
NIFTYMICROCAP250,Nifty Microcap 250,SAFARI,2022-09-30,2023-09-29,,press_release,https://niftyindices.com/Press_Release/ind_prs16092022.pdf,closed by ind_prs17082023.pdf,yurukatsu/nse-historical-membership,index_history/data/index_membership_history.csv,850da8ca193b289fc7471eee28362a7a058f8c2e,explicit_source
NIFTYMICROCAP250,Nifty Microcap 250,SAFARI,2024-09-30,,,press_release,https://niftyindices.com/Press_Release/ind_prs23082024.pdf,,yurukatsu/nse-historical-membership,index_history/data/index_membership_history.csv,850da8ca193b289fc7471eee28362a7a058f8c2e,explicit_source
NIFTYMICROCAP250,Nifty Microcap 250,SAGCEM,2019-04-01,2023-09-29,,snapshot_floor,,closed by ind_prs17082023.pdf,yurukatsu/nse-historical-membership,index_history/data/index_membership_history.csv,850da8ca193b289fc7471eee28362a7a058f8c2e,inferred_or_snapshot
NIFTYMICROCAP250,Nifty Microcap 250,SAGCEM,2024-03-28,2024-09-30,,press_release,https://niftyindices.com/Press_Release/ind_prs28022024.pdf,closed by ind_prs23082024.pdf,yurukatsu/nse-historical-membership,index_history/data/index_membership_history.csv,850da8ca193b289fc7471eee28362a7a058f8c2e,explicit_source
NIFTYMICROCAP250,Nifty Microcap 250,SAKSOFT,2023-09-29,2024-03-28,,press_release,https://niftyindices.com/Press_Release/ind_prs17082023.pdf,closed by ind_prs28022024.pdf,yurukatsu/nse-historical-membership,index_history/data/index_membership_history.csv,850da8ca193b289fc7471eee28362a7a058f8c2e,explicit_source
NIFTYMICROCAP250,Nifty Microcap 250,SAMHI,2024-03-28,,,press_release,https://niftyindices.com/Press_Release/ind_prs28022024.pdf,,yurukatsu/nse-historical-membership,index_history/data/index_membership_history.csv,850da8ca193b289fc7471eee28362a7a058f8c2e,explicit_source
NIFTYMICROCAP250,Nifty Microcap 250,SANDHAR,2019-04-01,2022-09-30,,snapshot_floor,,closed by ind_prs01092022.pdf,yurukatsu/nse-historical-membership,index_history/data/index_membership_history.csv,850da8ca193b289fc7471eee28362a7a058f8c2e,inferred_or_snapshot
NIFTYMICROCAP250,Nifty Microcap 250,SANDUMA,2024-03-28,2025-03-28,,press_release,https://niftyindices.com/Press_Release/ind_prs28022024.pdf,closed by ind_prs21022025.pdf,yurukatsu/nse-historical-membership,index_history/data/index_membership_history.csv,850da8ca193b289fc7471eee28362a7a058f8c2e,explicit_source
NIFTYMICROCAP250,Nifty Microcap 250,SANDUMA,2025-09-30,,,press_release,https://niftyindices.com/Press_Release/ind_prs22082025.pdf,,yurukatsu/nse-historical-membership,index_history/data/index_membership_history.csv,850da8ca193b289fc7471eee28362a7a058f8c2e,explicit_source
NIFTYMICROCAP250,Nifty Microcap 250,SANGHIIND,2019-04-01,2022-09-30,,snapshot_floor,,closed by ind_prs01092022.pdf,yurukatsu/nse-historical-membership,index_history/data/index_membership_history.csv,850da8ca193b289fc7471eee28362a7a058f8c2e,inferred_or_snapshot
NIFTYMICROCAP250,Nifty Microcap 250,SANGHIIND,2024-03-28,2025-03-28,,press_release,https://niftyindices.com/Press_Release/ind_prs28022024.pdf,closed by ind_prs21022025.pdf,yurukatsu/nse-historical-membership,index_history/data/index_membership_history.csv,850da8ca193b289fc7471eee28362a7a058f8c2e,explicit_source
NIFTYMICROCAP250,Nifty Microcap 250,SANGHVIMOV,2024-03-28,2025-03-28,,press_release,https://niftyindices.com/Press_Release/ind_prs28022024.pdf,closed by ind_prs21022025.pdf,yurukatsu/nse-historical-membership,index_history/data/index_membership_history.csv,850da8ca193b289fc7471eee28362a7a058f8c2e,explicit_source
NIFTYMICROCAP250,Nifty Microcap 250,SANOFI,2025-03-28,2026-03-30,,press_release,https://niftyindices.com/Press_Release/ind_prs21022025.pdf,closed by ind_prs23022026.pdf,yurukatsu/nse-historical-membership,index_history/data/index_membership_history.csv,850da8ca193b289fc7471eee28362a7a058f8c2e,explicit_source
NIFTYMICROCAP250,Nifty Microcap 250,SANOFICONR,2025-03-28,2026-03-30,,press_release,https://niftyindices.com/Press_Release/ind_prs21022025.pdf,closed by ind_prs23022026.pdf,yurukatsu/nse-historical-membership,index_history/data/index_membership_history.csv,850da8ca193b289fc7471eee28362a7a058f8c2e,explicit_source
NIFTYMICROCAP250,Nifty Microcap 250,SANOFICONR,2026-05-15,2026-09-30,,press_release,https://niftyindices.com/Press_Release/ind_prs08052026.pdf,,yurukatsu/nse-historical-membership,index_history/data/index_membership_history.csv,850da8ca193b289fc7471eee28362a7a058f8c2e,explicit_source
NIFTYMICROCAP250,Nifty Microcap 250,SANSERA,2022-03-31,2026-09-30,,press_release,https://niftyindices.com/Press_Release/ind_prs24022022_1.pdf,,yurukatsu/nse-historical-membership,index_history/data/index_membership_history.csv,850da8ca193b289fc7471eee28362a7a058f8c2e,explicit_source
NIFTYMICROCAP250,Nifty Microcap 250,SAPPHIRE,2026-09-30,,,NSE/Nifty press release,https://www.niftyindices.com/Press_Release/ind_prs10082026.pdf,Official event overlay: Semi-annual broad-market review,,,,official_event_overlay
NIFTYMICROCAP250,Nifty Microcap 250,SARDAEN,2019-04-01,2025-03-28,,snapshot_floor,,closed by ind_prs21022025.pdf,yurukatsu/nse-historical-membership,index_history/data/index_membership_history.csv,850da8ca193b289fc7471eee28362a7a058f8c2e,inferred_or_snapshot
NIFTYMICROCAP250,Nifty Microcap 250,SAREGAMA,2021-09-30,2022-03-31,,press_release,https://niftyindices.com/Press_Release/ind_prs15092021.pdf,closed by ind_prs24022022_1.pdf,yurukatsu/nse-historical-membership,index_history/data/index_membership_history.csv,850da8ca193b289fc7471eee28362a7a058f8c2e,explicit_source
NIFTYMICROCAP250,Nifty Microcap 250,SAREGAMA,2026-09-30,,,NSE/Nifty press release,https://www.niftyindices.com/Press_Release/ind_prs10082026.pdf,Official event overlay: Semi-annual broad-market review,,,,official_event_overlay
NIFTYMICROCAP250,Nifty Microcap 250,SASKEN,2019-04-01,2022-09-30,,snapshot_floor,,closed by ind_prs01092022.pdf,yurukatsu/nse-historical-membership,index_history/data/index_membership_history.csv,850da8ca193b289fc7471eee28362a7a058f8c2e,inferred_or_snapshot
NIFTYMICROCAP250,Nifty Microcap 250,SATIA,2019-04-01,2022-03-31,,snapshot_floor,,closed by ind_prs24022022_1.pdf,yurukatsu/nse-historical-membership,index_history/data/index_membership_history.csv,850da8ca193b289fc7471eee28362a7a058f8c2e,inferred_or_snapshot
NIFTYMICROCAP250,Nifty Microcap 250,SBCL,2022-09-30,2025-09-30,,press_release,https://niftyindices.com/Press_Release/ind_prs01092022.pdf,closed by ind_prs22082025.pdf,yurukatsu/nse-historical-membership,index_history/data/index_membership_history.csv,850da8ca193b289fc7471eee28362a7a058f8c2e,explicit_source
NIFTYMICROCAP250,Nifty Microcap 250,SBFC,2023-10-26,2024-03-28,,press_release,https://niftyindices.com/Press_Release/ind_prs17102023.pdf,closed by ind_prs28022024.pdf,yurukatsu/nse-historical-membership,index_history/data/index_membership_history.csv,850da8ca193b289fc7471eee28362a7a058f8c2e,explicit_source
NIFTYMICROCAP250,Nifty Microcap 250,SBFC,2026-09-30,,,NSE/Nifty press release,https://www.niftyindices.com/Press_Release/ind_prs10082026.pdf,Official event overlay: Semi-annual broad-market review,,,,official_event_overlay
NIFTYMICROCAP250,Nifty Microcap 250,SCHNEIDER,2022-03-31,2024-03-28,,press_release,https://niftyindices.com/Press_Release/ind_prs24022022_1.pdf,closed by ind_prs28022024.pdf,yurukatsu/nse-historical-membership,index_history/data/index_membership_history.csv,850da8ca193b289fc7471eee28362a7a058f8c2e,explicit_source
NIFTYMICROCAP250,Nifty Microcap 250,SCI,2023-09-29,2024-09-30,,press_release,https://niftyindices.com/Press_Release/ind_prs17082023.pdf,closed by ind_prs23082024.pdf,yurukatsu/nse-historical-membership,index_history/data/index_membership_history.csv,850da8ca193b289fc7471eee28362a7a058f8c2e,explicit_source
NIFTYMICROCAP250,Nifty Microcap 250,SEAMECLTD,2019-04-01,2023-03-31,,snapshot_floor,,closed by ind_prs17022023_1.pdf,yurukatsu/nse-historical-membership,index_history/data/index_membership_history.csv,850da8ca193b289fc7471eee28362a7a058f8c2e,inferred_or_snapshot
NIFTYMICROCAP250,Nifty Microcap 250,SEDEMAC,2026-09-30,,,NSE/Nifty press release,https://www.niftyindices.com/Press_Release/ind_prs10082026.pdf,Official event overlay: Semi-annual broad-market review,,,,official_event_overlay
NIFTYMICROCAP250,Nifty Microcap 250,SENCO,2024-03-28,,,press_release,https://niftyindices.com/Press_Release/ind_prs28022024.pdf,,yurukatsu/nse-historical-membership,index_history/data/index_membership_history.csv,850da8ca193b289fc7471eee28362a7a058f8c2e,explicit_source
NIFTYMICROCAP250,Nifty Microcap 250,SENORES,2026-09-30,,,NSE/Nifty press release,https://www.niftyindices.com/Press_Release/ind_prs10082026.pdf,Official event overlay: Semi-annual broad-market review,,,,official_event_overlay
NIFTYMICROCAP250,Nifty Microcap 250,SEQUENT,2022-09-30,2023-03-31,,press_release,https://niftyindices.com/Press_Release/ind_prs01092022.pdf,"inferred-exclude: not in NSE current snapshot, no PR found (closed at next semi-annual review)",yurukatsu/nse-historical-membership,index_history/data/index_membership_history.csv,850da8ca193b289fc7471eee28362a7a058f8c2e,explicit_source
NIFTYMICROCAP250,Nifty Microcap 250,SESHAPAPER,2019-04-01,2022-03-31,,snapshot_floor,,closed by ind_prs24022022_1.pdf,yurukatsu/nse-historical-membership,index_history/data/index_membership_history.csv,850da8ca193b289fc7471eee28362a7a058f8c2e,inferred_or_snapshot
NIFTYMICROCAP250,Nifty Microcap 250,SFL,2024-03-28,,,press_release,https://niftyindices.com/Press_Release/ind_prs28022024.pdf,,yurukatsu/nse-historical-membership,index_history/data/index_membership_history.csv,850da8ca193b289fc7471eee28362a7a058f8c2e,explicit_source
NIFTYMICROCAP250,Nifty Microcap 250,SGMART,2026-09-30,,,NSE/Nifty press release,https://www.niftyindices.com/Press_Release/ind_prs10082026.pdf,Official event overlay: Semi-annual broad-market review,,,,official_event_overlay
NIFTYMICROCAP250,Nifty Microcap 250,SHADOWFAX,2026-09-30,,,NSE/Nifty press release,https://www.niftyindices.com/Press_Release/ind_prs10082026.pdf,Official event overlay: Semi-annual broad-market review,,,,official_event_overlay
NIFTYMICROCAP250,Nifty Microcap 250,SHAILY,2025-03-28,,,press_release,https://niftyindices.com/Press_Release/ind_prs21022025.pdf,,yurukatsu/nse-historical-membership,index_history/data/index_membership_history.csv,850da8ca193b289fc7471eee28362a7a058f8c2e,explicit_source
NIFTYMICROCAP250,Nifty Microcap 250,SHAKTIPUMP,2025-03-28,,,press_release,https://niftyindices.com/Press_Release/ind_prs21022025.pdf,,yurukatsu/nse-historical-membership,index_history/data/index_membership_history.csv,850da8ca193b289fc7471eee28362a7a058f8c2e,explicit_source
NIFTYMICROCAP250,Nifty Microcap 250,SHALBY,2019-04-01,2022-09-30,,snapshot_floor,,closed by ind_prs01092022.pdf,yurukatsu/nse-historical-membership,index_history/data/index_membership_history.csv,850da8ca193b289fc7471eee28362a7a058f8c2e,inferred_or_snapshot
NIFTYMICROCAP250,Nifty Microcap 250,SHANKARA,2019-04-01,2022-03-31,,snapshot_floor,,closed by ind_prs24022022_1.pdf,yurukatsu/nse-historical-membership,index_history/data/index_membership_history.csv,850da8ca193b289fc7471eee28362a7a058f8c2e,inferred_or_snapshot
NIFTYMICROCAP250,Nifty Microcap 250,SHANTIGEAR,2019-04-01,2022-03-31,,snapshot_floor,,closed by ind_prs24022022_1.pdf,yurukatsu/nse-historical-membership,index_history/data/index_membership_history.csv,850da8ca193b289fc7471eee28362a7a058f8c2e,inferred_or_snapshot
NIFTYMICROCAP250,Nifty Microcap 250,SHANTIGEAR,2023-03-31,2024-03-28,,press_release,https://niftyindices.com/Press_Release/ind_prs17022023_1.pdf,closed by ind_prs28022024.pdf,yurukatsu/nse-historical-membership,index_history/data/index_membership_history.csv,850da8ca193b289fc7471eee28362a7a058f8c2e,explicit_source
NIFTYMICROCAP250,Nifty Microcap 250,SHARDACROP,2022-03-31,2022-09-30,,press_release,https://niftyindices.com/Press_Release/ind_prs24022022_1.pdf,closed by ind_prs01092022.pdf,yurukatsu/nse-historical-membership,index_history/data/index_membership_history.csv,850da8ca193b289fc7471eee28362a7a058f8c2e,explicit_source
NIFTYMICROCAP250,Nifty Microcap 250,SHARDACROP,2025-03-28,,,press_release,https://niftyindices.com/Press_Release/ind_prs21022025.pdf,,yurukatsu/nse-historical-membership,index_history/data/index_membership_history.csv,850da8ca193b289fc7471eee28362a7a058f8c2e,explicit_source
NIFTYMICROCAP250,Nifty Microcap 250,SHARDAMOTR,2021-09-30,2022-03-31,,press_release,https://niftyindices.com/Press_Release/ind_prs15092021.pdf,closed by ind_prs24022022_1.pdf,yurukatsu/nse-historical-membership,index_history/data/index_membership_history.csv,850da8ca193b289fc7471eee28362a7a058f8c2e,explicit_source
NIFTYMICROCAP250,Nifty Microcap 250,SHARDAMOTR,2024-03-28,2025-03-28,,press_release,https://niftyindices.com/Press_Release/ind_prs28022024.pdf,closed by ind_prs21022025.pdf,yurukatsu/nse-historical-membership,index_history/data/index_membership_history.csv,850da8ca193b289fc7471eee28362a7a058f8c2e,explicit_source
NIFTYMICROCAP250,Nifty Microcap 250,SHARDAMOTR,2025-09-30,2026-03-30,,press_release,https://niftyindices.com/Press_Release/ind_prs22082025.pdf,closed by ind_prs23022026.pdf,yurukatsu/nse-historical-membership,index_history/data/index_membership_history.csv,850da8ca193b289fc7471eee28362a7a058f8c2e,explicit_source
NIFTYMICROCAP250,Nifty Microcap 250,SHAREINDIA,2022-03-31,,,press_release,https://niftyindices.com/Press_Release/ind_prs24022022_1.pdf,,yurukatsu/nse-historical-membership,index_history/data/index_membership_history.csv,850da8ca193b289fc7471eee28362a7a058f8c2e,explicit_source
NIFTYMICROCAP250,Nifty Microcap 250,SHILCTECH,2026-09-30,,,NSE/Nifty press release,https://www.niftyindices.com/Press_Release/ind_prs10082026.pdf,Official event overlay: Semi-annual broad-market review,,,,official_event_overlay
NIFTYMICROCAP250,Nifty Microcap 250,SHILPAMED,2023-03-31,,,press_release,https://niftyindices.com/Press_Release/ind_prs17022023_1.pdf,,yurukatsu/nse-historical-membership,index_history/data/index_membership_history.csv,850da8ca193b289fc7471eee28362a7a058f8c2e,explicit_source
NIFTYMICROCAP250,Nifty Microcap 250,SHK,2019-04-01,2023-03-31,,snapshot_floor,,closed by ind_prs17022023_1.pdf,yurukatsu/nse-historical-membership,index_history/data/index_membership_history.csv,850da8ca193b289fc7471eee28362a7a058f8c2e,inferred_or_snapshot
NIFTYMICROCAP250,Nifty Microcap 250,SHOPERSTOP,2021-09-30,2022-09-30,,press_release,https://niftyindices.com/Press_Release/ind_prs15092021.pdf,closed by ind_prs16092022.pdf,yurukatsu/nse-historical-membership,index_history/data/index_membership_history.csv,850da8ca193b289fc7471eee28362a7a058f8c2e,explicit_source
NIFTYMICROCAP250,Nifty Microcap 250,SHOPERSTOP,2024-03-28,2024-09-30,,press_release,https://niftyindices.com/Press_Release/ind_prs28022024.pdf,closed by ind_prs23082024.pdf,yurukatsu/nse-historical-membership,index_history/data/index_membership_history.csv,850da8ca193b289fc7471eee28362a7a058f8c2e,explicit_source
NIFTYMICROCAP250,Nifty Microcap 250,SHOPERSTOP,2025-03-28,2025-09-30,,press_release,https://niftyindices.com/Press_Release/ind_prs21022025.pdf,closed by ind_prs22082025.pdf,yurukatsu/nse-historical-membership,index_history/data/index_membership_history.csv,850da8ca193b289fc7471eee28362a7a058f8c2e,explicit_source
NIFTYMICROCAP250,Nifty Microcap 250,SHREEJISPG,2026-09-30,,,NSE/Nifty press release,https://www.niftyindices.com/Press_Release/ind_prs10082026.pdf,Official event overlay: Semi-annual broad-market review,,,,official_event_overlay
NIFTYMICROCAP250,Nifty Microcap 250,SHRIPISTON,2024-09-30,2026-09-30,,press_release,https://niftyindices.com/Press_Release/ind_prs23082024.pdf,,yurukatsu/nse-historical-membership,index_history/data/index_membership_history.csv,850da8ca193b289fc7471eee28362a7a058f8c2e,explicit_source
NIFTYMICROCAP250,Nifty Microcap 250,SIGMAADV,2026-09-30,,,NSE/Nifty press release,https://www.niftyindices.com/Press_Release/ind_prs10082026.pdf,Official event overlay: Semi-annual broad-market review,,,,official_event_overlay
NIFTYMICROCAP250,Nifty Microcap 250,SINDHUTRAD,2024-03-28,2025-03-28,,press_release,https://niftyindices.com/Press_Release/ind_prs28022024.pdf,closed by ind_prs21022025.pdf,yurukatsu/nse-historical-membership,index_history/data/index_membership_history.csv,850da8ca193b289fc7471eee28362a7a058f8c2e,explicit_source
NIFTYMICROCAP250,Nifty Microcap 250,SIRCA,2019-04-01,2021-09-30,,snapshot_floor,,closed by ind_prs15092021.pdf,yurukatsu/nse-historical-membership,index_history/data/index_membership_history.csv,850da8ca193b289fc7471eee28362a7a058f8c2e,inferred_or_snapshot
NIFTYMICROCAP250,Nifty Microcap 250,SIS,2023-03-31,2024-03-28,,press_release,https://niftyindices.com/Press_Release/ind_prs17022023_1.pdf,closed by ind_prs28022024.pdf,yurukatsu/nse-historical-membership,index_history/data/index_membership_history.csv,850da8ca193b289fc7471eee28362a7a058f8c2e,explicit_source
NIFTYMICROCAP250,Nifty Microcap 250,SIYSIL,2019-04-01,2024-03-28,,snapshot_floor,,closed by ind_prs28022024.pdf,yurukatsu/nse-historical-membership,index_history/data/index_membership_history.csv,850da8ca193b289fc7471eee28362a7a058f8c2e,inferred_or_snapshot
NIFTYMICROCAP250,Nifty Microcap 250,SJS,2026-09-30,,,NSE/Nifty press release,https://www.niftyindices.com/Press_Release/ind_prs10082026.pdf,Official event overlay: Semi-annual broad-market review,,,,official_event_overlay
NIFTYMICROCAP250,Nifty Microcap 250,SKFINDIA,2026-03-30,2026-09-30,,press_release,https://niftyindices.com/Press_Release/ind_prs23022026.pdf,,yurukatsu/nse-historical-membership,index_history/data/index_membership_history.csv,850da8ca193b289fc7471eee28362a7a058f8c2e,explicit_source
NIFTYMICROCAP250,Nifty Microcap 250,SKFINDUS,2026-03-30,2026-09-30,,press_release,https://niftyindices.com/Press_Release/ind_prs23022026.pdf,,yurukatsu/nse-historical-membership,index_history/data/index_membership_history.csv,850da8ca193b289fc7471eee28362a7a058f8c2e,explicit_source
NIFTYMICROCAP250,Nifty Microcap 250,SKIPPER,2025-03-28,,,press_release,https://niftyindices.com/Press_Release/ind_prs21022025.pdf,,yurukatsu/nse-historical-membership,index_history/data/index_membership_history.csv,850da8ca193b289fc7471eee28362a7a058f8c2e,explicit_source
NIFTYMICROCAP250,Nifty Microcap 250,SKYGOLD,2025-09-30,,,press_release,https://niftyindices.com/Press_Release/ind_prs22082025.pdf,,yurukatsu/nse-historical-membership,index_history/data/index_membership_history.csv,850da8ca193b289fc7471eee28362a7a058f8c2e,explicit_source
NIFTYMICROCAP250,Nifty Microcap 250,SMARTWORKS,2026-03-30,2026-09-30,,press_release,https://niftyindices.com/Press_Release/ind_prs23022026.pdf,,yurukatsu/nse-historical-membership,index_history/data/index_membership_history.csv,850da8ca193b289fc7471eee28362a7a058f8c2e,explicit_source
NIFTYMICROCAP250,Nifty Microcap 250,SMLISUZU,2019-04-01,2021-09-30,,snapshot_floor,,closed by ind_prs15092021.pdf,yurukatsu/nse-historical-membership,index_history/data/index_membership_history.csv,850da8ca193b289fc7471eee28362a7a058f8c2e,inferred_or_snapshot
NIFTYMICROCAP250,Nifty Microcap 250,SMLMAH,2026-03-30,,,press_release,https://niftyindices.com/Press_Release/ind_prs23022026.pdf,,yurukatsu/nse-historical-membership,index_history/data/index_membership_history.csv,850da8ca193b289fc7471eee28362a7a058f8c2e,explicit_source
NIFTYMICROCAP250,Nifty Microcap 250,SMSPHARMA,2021-09-30,2022-03-31,,press_release,https://niftyindices.com/Press_Release/ind_prs15092021.pdf,closed by ind_prs24022022_1.pdf,yurukatsu/nse-historical-membership,index_history/data/index_membership_history.csv,850da8ca193b289fc7471eee28362a7a058f8c2e,explicit_source
NIFTYMICROCAP250,Nifty Microcap 250,SNOWMAN,2019-04-01,2022-03-31,,snapshot_floor,,closed by ind_prs24022022_1.pdf,yurukatsu/nse-historical-membership,index_history/data/index_membership_history.csv,850da8ca193b289fc7471eee28362a7a058f8c2e,inferred_or_snapshot
NIFTYMICROCAP250,Nifty Microcap 250,SOLARA,2022-09-30,2023-09-29,,press_release,https://niftyindices.com/Press_Release/ind_prs01092022.pdf,closed by ind_prs17082023.pdf,yurukatsu/nse-historical-membership,index_history/data/index_membership_history.csv,850da8ca193b289fc7471eee28362a7a058f8c2e,explicit_source
NIFTYMICROCAP250,Nifty Microcap 250,SOMANYCERA,2019-04-01,2024-03-28,,snapshot_floor,,closed by ind_prs28022024.pdf,yurukatsu/nse-historical-membership,index_history/data/index_membership_history.csv,850da8ca193b289fc7471eee28362a7a058f8c2e,inferred_or_snapshot
NIFTYMICROCAP250,Nifty Microcap 250,SONATSOFTW,2026-09-30,,,NSE/Nifty press release,https://www.niftyindices.com/Press_Release/ind_prs10082026.pdf,Official event overlay: Semi-annual broad-market review,,,,official_event_overlay
NIFTYMICROCAP250,Nifty Microcap 250,SOTL,2019-04-01,2022-09-30,,snapshot_floor,,closed by ind_prs01092022.pdf,yurukatsu/nse-historical-membership,index_history/data/index_membership_history.csv,850da8ca193b289fc7471eee28362a7a058f8c2e,inferred_or_snapshot
NIFTYMICROCAP250,Nifty Microcap 250,SOTL,2023-03-31,2023-09-29,,press_release,https://niftyindices.com/Press_Release/ind_prs17022023_1.pdf,closed by ind_prs17082023.pdf,yurukatsu/nse-historical-membership,index_history/data/index_membership_history.csv,850da8ca193b289fc7471eee28362a7a058f8c2e,explicit_source
NIFTYMICROCAP250,Nifty Microcap 250,SOUTHBANK,2019-04-01,,,snapshot_floor,,,yurukatsu/nse-historical-membership,index_history/data/index_membership_history.csv,850da8ca193b289fc7471eee28362a7a058f8c2e,inferred_or_snapshot
NIFTYMICROCAP250,Nifty Microcap 250,SPANDANA,2022-03-31,2025-09-30,,press_release,https://niftyindices.com/Press_Release/ind_prs24022022_1.pdf,closed by ind_prs22082025.pdf,yurukatsu/nse-historical-membership,index_history/data/index_membership_history.csv,850da8ca193b289fc7471eee28362a7a058f8c2e,explicit_source
NIFTYMICROCAP250,Nifty Microcap 250,SPARC,2025-03-28,,,press_release,https://niftyindices.com/Press_Release/ind_prs21022025.pdf,,yurukatsu/nse-historical-membership,index_history/data/index_membership_history.csv,850da8ca193b289fc7471eee28362a7a058f8c2e,explicit_source
NIFTYMICROCAP250,Nifty Microcap 250,SPENCERS,2019-04-01,2021-09-30,,snapshot_floor,,closed by ind_prs15092021.pdf,yurukatsu/nse-historical-membership,index_history/data/index_membership_history.csv,850da8ca193b289fc7471eee28362a7a058f8c2e,inferred_or_snapshot
NIFTYMICROCAP250,Nifty Microcap 250,SPICEJET,2022-09-30,2023-04-28,,press_release,https://niftyindices.com/Press_Release/ind_prs01092022.pdf,closed by ind_prs19042023_1.pdf,yurukatsu/nse-historical-membership,index_history/data/index_membership_history.csv,850da8ca193b289fc7471eee28362a7a058f8c2e,explicit_source
NIFTYMICROCAP250,Nifty Microcap 250,SPLPETRO,2022-09-30,2024-03-28,,press_release,https://niftyindices.com/Press_Release/ind_prs01092022.pdf,closed by ind_prs28022024.pdf,yurukatsu/nse-historical-membership,index_history/data/index_membership_history.csv,850da8ca193b289fc7471eee28362a7a058f8c2e,explicit_source
NIFTYMICROCAP250,Nifty Microcap 250,SPLPETRO,2024-04-26,2025-03-28,,press_release,https://niftyindices.com/Press_Release/ind_prs24042024.pdf,closed by ind_prs21022025.pdf,yurukatsu/nse-historical-membership,index_history/data/index_membership_history.csv,850da8ca193b289fc7471eee28362a7a058f8c2e,explicit_source
NIFTYMICROCAP250,Nifty Microcap 250,SPLPETRO,2026-09-30,,,NSE/Nifty press release,https://www.niftyindices.com/Press_Release/ind_prs10082026.pdf,Official event overlay: Semi-annual broad-market review,,,,official_event_overlay
NIFTYMICROCAP250,Nifty Microcap 250,SSWL,2019-04-01,2025-03-28,,snapshot_floor,,closed by ind_prs21022025.pdf,yurukatsu/nse-historical-membership,index_history/data/index_membership_history.csv,850da8ca193b289fc7471eee28362a7a058f8c2e,inferred_or_snapshot
NIFTYMICROCAP250,Nifty Microcap 250,STAR,2022-09-30,,,press_release,https://niftyindices.com/Press_Release/ind_prs01092022.pdf,,yurukatsu/nse-historical-membership,index_history/data/index_membership_history.csv,850da8ca193b289fc7471eee28362a7a058f8c2e,explicit_source
NIFTYMICROCAP250,Nifty Microcap 250,STARCEMENT,2022-03-31,2022-09-30,,press_release,https://niftyindices.com/Press_Release/ind_prs24022022_1.pdf,closed by ind_prs01092022.pdf,yurukatsu/nse-historical-membership,index_history/data/index_membership_history.csv,850da8ca193b289fc7471eee28362a7a058f8c2e,explicit_source
NIFTYMICROCAP250,Nifty Microcap 250,STARCEMENT,2022-12-30,2026-09-30,,press_release,https://niftyindices.com/Press_Release/ind_prs22122022.pdf,,yurukatsu/nse-historical-membership,index_history/data/index_membership_history.csv,850da8ca193b289fc7471eee28362a7a058f8c2e,explicit_source
NIFTYMICROCAP250,Nifty Microcap 250,STEELXIND,2022-09-30,2023-03-31,,press_release,https://niftyindices.com/Press_Release/ind_prs01092022.pdf,closed by ind_prs17022023_1.pdf,yurukatsu/nse-historical-membership,index_history/data/index_membership_history.csv,850da8ca193b289fc7471eee28362a7a058f8c2e,explicit_source
NIFTYMICROCAP250,Nifty Microcap 250,STLTECH,2024-09-30,2026-09-30,,press_release,https://niftyindices.com/Press_Release/ind_prs23082024.pdf,,yurukatsu/nse-historical-membership,index_history/data/index_membership_history.csv,850da8ca193b289fc7471eee28362a7a058f8c2e,explicit_source
NIFTYMICROCAP250,Nifty Microcap 250,STOVEKRAFT,2021-09-30,2023-09-29,,press_release,https://niftyindices.com/Press_Release/ind_prs15092021.pdf,closed by ind_prs17082023.pdf,yurukatsu/nse-historical-membership,index_history/data/index_membership_history.csv,850da8ca193b289fc7471eee28362a7a058f8c2e,explicit_source
NIFTYMICROCAP250,Nifty Microcap 250,STYL,2026-03-30,2026-09-30,,press_release,https://niftyindices.com/Press_Release/ind_prs23022026.pdf,,yurukatsu/nse-historical-membership,index_history/data/index_membership_history.csv,850da8ca193b289fc7471eee28362a7a058f8c2e,explicit_source
NIFTYMICROCAP250,Nifty Microcap 250,STYLAMIND,2023-09-29,2025-09-30,,press_release,https://niftyindices.com/Press_Release/ind_prs17082023.pdf,closed by ind_prs22082025.pdf,yurukatsu/nse-historical-membership,index_history/data/index_membership_history.csv,850da8ca193b289fc7471eee28362a7a058f8c2e,explicit_source
NIFTYMICROCAP250,Nifty Microcap 250,STYLAMIND,2026-09-30,,,NSE/Nifty press release,https://www.niftyindices.com/Press_Release/ind_prs10082026.pdf,Official event overlay: Semi-annual broad-market review,,,,official_event_overlay
NIFTYMICROCAP250,Nifty Microcap 250,STYRENIX,2019-04-01,2024-03-28,,snapshot_floor,,closed by ind_prs28022024.pdf,yurukatsu/nse-historical-membership,index_history/data/index_membership_history.csv,850da8ca193b289fc7471eee28362a7a058f8c2e,inferred_or_snapshot
NIFTYMICROCAP250,Nifty Microcap 250,STYRENIX,2025-09-30,2026-09-30,,press_release,https://niftyindices.com/Press_Release/ind_prs22082025.pdf,,yurukatsu/nse-historical-membership,index_history/data/index_membership_history.csv,850da8ca193b289fc7471eee28362a7a058f8c2e,explicit_source
NIFTYMICROCAP250,Nifty Microcap 250,SUBEXLTD,2021-09-30,2024-03-28,,press_release,https://niftyindices.com/Press_Release/ind_prs15092021.pdf,closed by ind_prs28022024.pdf,yurukatsu/nse-historical-membership,index_history/data/index_membership_history.csv,850da8ca193b289fc7471eee28362a7a058f8c2e,explicit_source
NIFTYMICROCAP250,Nifty Microcap 250,SUBROS,2019-04-01,2022-09-30,,snapshot_floor,,closed by ind_prs01092022.pdf,yurukatsu/nse-historical-membership,index_history/data/index_membership_history.csv,850da8ca193b289fc7471eee28362a7a058f8c2e,inferred_or_snapshot
NIFTYMICROCAP250,Nifty Microcap 250,SUBROS,2024-09-30,,,press_release,https://niftyindices.com/Press_Release/ind_prs23082024.pdf,,yurukatsu/nse-historical-membership,index_history/data/index_membership_history.csv,850da8ca193b289fc7471eee28362a7a058f8c2e,explicit_source
NIFTYMICROCAP250,Nifty Microcap 250,SUDARSCHEM,2023-03-31,,,press_release,https://niftyindices.com/Press_Release/ind_prs17022023_1.pdf,,yurukatsu/nse-historical-membership,index_history/data/index_membership_history.csv,850da8ca193b289fc7471eee28362a7a058f8c2e,explicit_source
NIFTYMICROCAP250,Nifty Microcap 250,SUDEEPPHRM,2026-03-30,,,press_release,https://niftyindices.com/Press_Release/ind_prs23022026.pdf,,yurukatsu/nse-historical-membership,index_history/data/index_membership_history.csv,850da8ca193b289fc7471eee28362a7a058f8c2e,explicit_source
NIFTYMICROCAP250,Nifty Microcap 250,SULA,2023-03-31,2025-09-30,,press_release,https://niftyindices.com/Press_Release/ind_prs17022023_1.pdf,closed by ind_prs22082025.pdf,yurukatsu/nse-historical-membership,index_history/data/index_membership_history.csv,850da8ca193b289fc7471eee28362a7a058f8c2e,explicit_source
NIFTYMICROCAP250,Nifty Microcap 250,SUNCLAY,2024-03-28,2024-09-30,,press_release,https://niftyindices.com/Press_Release/ind_prs28022024.pdf,closed by ind_prs23082024.pdf,yurukatsu/nse-historical-membership,index_history/data/index_membership_history.csv,850da8ca193b289fc7471eee28362a7a058f8c2e,explicit_source
NIFTYMICROCAP250,Nifty Microcap 250,SUNCLAYLTD,2021-09-30,2022-12-30,,press_release,https://niftyindices.com/Press_Release/ind_prs15092021.pdf,closed by ind_prs22122022.pdf,yurukatsu/nse-historical-membership,index_history/data/index_membership_history.csv,850da8ca193b289fc7471eee28362a7a058f8c2e,explicit_source
NIFTYMICROCAP250,Nifty Microcap 250,SUNDARMHLD,2019-04-01,2021-09-30,,snapshot_floor,,closed by ind_prs15092021.pdf,yurukatsu/nse-historical-membership,index_history/data/index_membership_history.csv,850da8ca193b289fc7471eee28362a7a058f8c2e,inferred_or_snapshot
NIFTYMICROCAP250,Nifty Microcap 250,SUNDARMHLD,2025-09-30,2026-03-31,,press_release,https://niftyindices.com/Press_Release/ind_prs22082025.pdf,"inferred-exclude: not in NSE current snapshot, no PR found (closed at next semi-annual review)",yurukatsu/nse-historical-membership,index_history/data/index_membership_history.csv,850da8ca193b289fc7471eee28362a7a058f8c2e,explicit_source
NIFTYMICROCAP250,Nifty Microcap 250,SUNDRMFAST,2026-09-30,,,NSE/Nifty press release,https://www.niftyindices.com/Press_Release/ind_prs10082026.pdf,Official event overlay: Semi-annual broad-market review,,,,official_event_overlay
NIFTYMICROCAP250,Nifty Microcap 250,SUNFLAG,2019-04-01,2022-03-31,,snapshot_floor,,closed by ind_prs24022022_1.pdf,yurukatsu/nse-historical-membership,index_history/data/index_membership_history.csv,850da8ca193b289fc7471eee28362a7a058f8c2e,inferred_or_snapshot
NIFTYMICROCAP250,Nifty Microcap 250,SUNFLAG,2023-09-29,2026-03-30,,press_release,https://niftyindices.com/Press_Release/ind_prs17082023.pdf,closed by ind_prs23022026.pdf,yurukatsu/nse-historical-membership,index_history/data/index_membership_history.csv,850da8ca193b289fc7471eee28362a7a058f8c2e,explicit_source
NIFTYMICROCAP250,Nifty Microcap 250,SUNFLAG,2026-09-30,,,NSE/Nifty press release,https://www.niftyindices.com/Press_Release/ind_prs10082026.pdf,Official event overlay: Semi-annual broad-market review,,,,official_event_overlay
NIFTYMICROCAP250,Nifty Microcap 250,SUNTECK,2024-09-30,,,press_release,https://niftyindices.com/Press_Release/ind_prs23082024.pdf,,yurukatsu/nse-historical-membership,index_history/data/index_membership_history.csv,850da8ca193b289fc7471eee28362a7a058f8c2e,explicit_source
NIFTYMICROCAP250,Nifty Microcap 250,SUPRAJIT,2024-03-28,2025-09-30,,press_release,https://niftyindices.com/Press_Release/ind_prs28022024.pdf,closed by ind_prs22082025.pdf,yurukatsu/nse-historical-membership,index_history/data/index_membership_history.csv,850da8ca193b289fc7471eee28362a7a058f8c2e,explicit_source
NIFTYMICROCAP250,Nifty Microcap 250,SUPRIYA,2022-03-31,,,press_release,https://niftyindices.com/Press_Release/ind_prs24022022_1.pdf,,yurukatsu/nse-historical-membership,index_history/data/index_membership_history.csv,850da8ca193b289fc7471eee28362a7a058f8c2e,explicit_source
NIFTYMICROCAP250,Nifty Microcap 250,SURYAROSNI,2019-04-01,,,snapshot_floor,,,yurukatsu/nse-historical-membership,index_history/data/index_membership_history.csv,850da8ca193b289fc7471eee28362a7a058f8c2e,inferred_or_snapshot
NIFTYMICROCAP250,Nifty Microcap 250,SURYODAY,2021-09-30,2023-03-31,,press_release,https://niftyindices.com/Press_Release/ind_prs15092021.pdf,closed by ind_prs17022023_1.pdf,yurukatsu/nse-historical-membership,index_history/data/index_membership_history.csv,850da8ca193b289fc7471eee28362a7a058f8c2e,explicit_source
NIFTYMICROCAP250,Nifty Microcap 250,SUVEN,2026-09-30,,,NSE/Nifty press release,https://www.niftyindices.com/Press_Release/ind_prs10082026.pdf,Official event overlay: Semi-annual broad-market review,,,,official_event_overlay
NIFTYMICROCAP250,Nifty Microcap 250,SWANENERGY,2021-09-30,2022-09-30,,press_release,https://niftyindices.com/Press_Release/ind_prs15092021.pdf,closed by ind_prs01092022.pdf,yurukatsu/nse-historical-membership,index_history/data/index_membership_history.csv,850da8ca193b289fc7471eee28362a7a058f8c2e,explicit_source
NIFTYMICROCAP250,Nifty Microcap 250,SWARAJENG,2019-04-01,2022-09-30,,snapshot_floor,,closed by ind_prs01092022.pdf,yurukatsu/nse-historical-membership,index_history/data/index_membership_history.csv,850da8ca193b289fc7471eee28362a7a058f8c2e,inferred_or_snapshot
NIFTYMICROCAP250,Nifty Microcap 250,SWSOLAR,2025-09-30,,,press_release,https://niftyindices.com/Press_Release/ind_prs22082025.pdf,,yurukatsu/nse-historical-membership,index_history/data/index_membership_history.csv,850da8ca193b289fc7471eee28362a7a058f8c2e,explicit_source
NIFTYMICROCAP250,Nifty Microcap 250,SYMPHONY,2023-03-31,2023-09-29,,press_release,https://niftyindices.com/Press_Release/ind_prs17022023_1.pdf,closed by ind_prs17082023.pdf,yurukatsu/nse-historical-membership,index_history/data/index_membership_history.csv,850da8ca193b289fc7471eee28362a7a058f8c2e,explicit_source
NIFTYMICROCAP250,Nifty Microcap 250,SYMPHONY,2024-09-30,2026-03-30,,press_release,https://niftyindices.com/Press_Release/ind_prs23082024.pdf,closed by ind_prs23022026.pdf,yurukatsu/nse-historical-membership,index_history/data/index_membership_history.csv,850da8ca193b289fc7471eee28362a7a058f8c2e,explicit_source
NIFTYMICROCAP250,Nifty Microcap 250,SYRMA,2022-10-25,2023-09-29,,press_release,https://niftyindices.com/Press_Release/ind_prs20102022.pdf,closed by ind_prs17082023.pdf,yurukatsu/nse-historical-membership,index_history/data/index_membership_history.csv,850da8ca193b289fc7471eee28362a7a058f8c2e,explicit_source
NIFTYMICROCAP250,Nifty Microcap 250,TAJGVK,2019-04-01,2021-09-30,,snapshot_floor,,closed by ind_prs15092021.pdf,yurukatsu/nse-historical-membership,index_history/data/index_membership_history.csv,850da8ca193b289fc7471eee28362a7a058f8c2e,inferred_or_snapshot
NIFTYMICROCAP250,Nifty Microcap 250,TAKE,2019-04-01,2022-03-31,,snapshot_floor,,closed by ind_prs24022022_1.pdf,yurukatsu/nse-historical-membership,index_history/data/index_membership_history.csv,850da8ca193b289fc7471eee28362a7a058f8c2e,inferred_or_snapshot
NIFTYMICROCAP250,Nifty Microcap 250,TANLA,2025-09-30,,,press_release,https://niftyindices.com/Press_Release/ind_prs22082025.pdf,,yurukatsu/nse-historical-membership,index_history/data/index_membership_history.csv,850da8ca193b289fc7471eee28362a7a058f8c2e,explicit_source
NIFTYMICROCAP250,Nifty Microcap 250,TARC,2024-03-28,,,press_release,https://niftyindices.com/Press_Release/ind_prs28022024.pdf,,yurukatsu/nse-historical-membership,index_history/data/index_membership_history.csv,850da8ca193b289fc7471eee28362a7a058f8c2e,explicit_source
NIFTYMICROCAP250,Nifty Microcap 250,TARSONS,2022-03-31,2024-09-30,,press_release,https://niftyindices.com/Press_Release/ind_prs24022022_1.pdf,closed by ind_prs23082024.pdf,yurukatsu/nse-historical-membership,index_history/data/index_membership_history.csv,850da8ca193b289fc7471eee28362a7a058f8c2e,explicit_source
NIFTYMICROCAP250,Nifty Microcap 250,TASTYBITE,2022-03-31,2023-03-31,,press_release,https://niftyindices.com/Press_Release/ind_prs24022022_1.pdf,closed by ind_prs17022023_1.pdf,yurukatsu/nse-historical-membership,index_history/data/index_membership_history.csv,850da8ca193b289fc7471eee28362a7a058f8c2e,explicit_source
NIFTYMICROCAP250,Nifty Microcap 250,TATAINVEST,2021-09-30,2022-03-31,,press_release,https://niftyindices.com/Press_Release/ind_prs15092021.pdf,closed by ind_prs24022022_1.pdf,yurukatsu/nse-historical-membership,index_history/data/index_membership_history.csv,850da8ca193b289fc7471eee28362a7a058f8c2e,explicit_source
NIFTYMICROCAP250,Nifty Microcap 250,TATAMETALI,2019-04-01,2024-02-06,,snapshot_floor,,closed by ind_prs30012024.pdf,yurukatsu/nse-historical-membership,index_history/data/index_membership_history.csv,850da8ca193b289fc7471eee28362a7a058f8c2e,inferred_or_snapshot
NIFTYMICROCAP250,Nifty Microcap 250,TATASTLLP,2019-04-01,2021-09-30,,snapshot_floor,,closed by ind_prs15092021.pdf,yurukatsu/nse-historical-membership,index_history/data/index_membership_history.csv,850da8ca193b289fc7471eee28362a7a058f8c2e,inferred_or_snapshot
NIFTYMICROCAP250,Nifty Microcap 250,TATASTLLP,2022-09-30,2023-09-29,,press_release,https://niftyindices.com/Press_Release/ind_prs01092022.pdf,closed by ind_prs17082023.pdf,yurukatsu/nse-historical-membership,index_history/data/index_membership_history.csv,850da8ca193b289fc7471eee28362a7a058f8c2e,explicit_source
NIFTYMICROCAP250,Nifty Microcap 250,TATVA,2022-03-31,2024-03-28,,press_release,https://niftyindices.com/Press_Release/ind_prs24022022_1.pdf,closed by ind_prs28022024.pdf,yurukatsu/nse-historical-membership,index_history/data/index_membership_history.csv,850da8ca193b289fc7471eee28362a7a058f8c2e,explicit_source
NIFTYMICROCAP250,Nifty Microcap 250,TCI,2019-04-01,2022-09-30,,snapshot_floor,,closed by ind_prs01092022.pdf,yurukatsu/nse-historical-membership,index_history/data/index_membership_history.csv,850da8ca193b289fc7471eee28362a7a058f8c2e,inferred_or_snapshot
NIFTYMICROCAP250,Nifty Microcap 250,TCI,2023-09-29,2024-03-28,,press_release,https://niftyindices.com/Press_Release/ind_prs17082023.pdf,closed by ind_prs28022024.pdf,yurukatsu/nse-historical-membership,index_history/data/index_membership_history.csv,850da8ca193b289fc7471eee28362a7a058f8c2e,explicit_source
NIFTYMICROCAP250,Nifty Microcap 250,TCIEXP,2023-09-29,2024-03-28,,press_release,https://niftyindices.com/Press_Release/ind_prs17082023.pdf,closed by ind_prs28022024.pdf,yurukatsu/nse-historical-membership,index_history/data/index_membership_history.csv,850da8ca193b289fc7471eee28362a7a058f8c2e,explicit_source
NIFTYMICROCAP250,Nifty Microcap 250,TCIEXP,2024-09-30,2025-03-28,,press_release,https://niftyindices.com/Press_Release/ind_prs23082024.pdf,closed by ind_prs21022025.pdf,yurukatsu/nse-historical-membership,index_history/data/index_membership_history.csv,850da8ca193b289fc7471eee28362a7a058f8c2e,explicit_source
NIFTYMICROCAP250,Nifty Microcap 250,TCNSBRANDS,2023-09-29,2024-09-03,,press_release,https://niftyindices.com/Press_Release/ind_prs17082023.pdf,closed by ind_prs27082024.pdf,yurukatsu/nse-historical-membership,index_history/data/index_membership_history.csv,850da8ca193b289fc7471eee28362a7a058f8c2e,explicit_source
NIFTYMICROCAP250,Nifty Microcap 250,TDPOWERSYS,2023-09-29,2026-09-30,,press_release,https://niftyindices.com/Press_Release/ind_prs17082023.pdf,,yurukatsu/nse-historical-membership,index_history/data/index_membership_history.csv,850da8ca193b289fc7471eee28362a7a058f8c2e,explicit_source
NIFTYMICROCAP250,Nifty Microcap 250,TEAMLEASE,2024-03-28,2026-03-30,,press_release,https://niftyindices.com/Press_Release/ind_prs28022024.pdf,closed by ind_prs23022026.pdf,yurukatsu/nse-historical-membership,index_history/data/index_membership_history.csv,850da8ca193b289fc7471eee28362a7a058f8c2e,explicit_source
NIFTYMICROCAP250,Nifty Microcap 250,TECHNOE,2019-04-01,2024-09-30,,snapshot_floor,,closed by ind_prs23082024.pdf,yurukatsu/nse-historical-membership,index_history/data/index_membership_history.csv,850da8ca193b289fc7471eee28362a7a058f8c2e,inferred_or_snapshot
NIFTYMICROCAP250,Nifty Microcap 250,TEGA,2022-03-31,2026-03-30,,press_release,https://niftyindices.com/Press_Release/ind_prs24022022_1.pdf,closed by ind_prs23022026.pdf,yurukatsu/nse-historical-membership,index_history/data/index_membership_history.csv,850da8ca193b289fc7471eee28362a7a058f8c2e,explicit_source
NIFTYMICROCAP250,Nifty Microcap 250,TEJASNET,2019-04-01,2022-09-30,,snapshot_floor,,closed by ind_prs01092022.pdf,yurukatsu/nse-historical-membership,index_history/data/index_membership_history.csv,850da8ca193b289fc7471eee28362a7a058f8c2e,inferred_or_snapshot
NIFTYMICROCAP250,Nifty Microcap 250,TEXRAIL,2019-04-01,2021-09-30,,snapshot_floor,,closed by ind_prs15092021.pdf,yurukatsu/nse-historical-membership,index_history/data/index_membership_history.csv,850da8ca193b289fc7471eee28362a7a058f8c2e,inferred_or_snapshot
NIFTYMICROCAP250,Nifty Microcap 250,TEXRAIL,2024-03-28,,,press_release,https://niftyindices.com/Press_Release/ind_prs28022024.pdf,,yurukatsu/nse-historical-membership,index_history/data/index_membership_history.csv,850da8ca193b289fc7471eee28362a7a058f8c2e,explicit_source
NIFTYMICROCAP250,Nifty Microcap 250,THANGAMAYL,2025-03-28,2026-09-30,,press_release,https://niftyindices.com/Press_Release/ind_prs21022025.pdf,,yurukatsu/nse-historical-membership,index_history/data/index_membership_history.csv,850da8ca193b289fc7471eee28362a7a058f8c2e,explicit_source
NIFTYMICROCAP250,Nifty Microcap 250,THELEELA,2026-09-30,,,NSE/Nifty press release,https://www.niftyindices.com/Press_Release/ind_prs10082026.pdf,Official event overlay: Semi-annual broad-market review,,,,official_event_overlay
NIFTYMICROCAP250,Nifty Microcap 250,THOMASCOOK,2019-04-01,,,snapshot_floor,,,yurukatsu/nse-historical-membership,index_history/data/index_membership_history.csv,850da8ca193b289fc7471eee28362a7a058f8c2e,inferred_or_snapshot
NIFTYMICROCAP250,Nifty Microcap 250,THYROCARE,2023-03-31,2024-03-28,,press_release,https://niftyindices.com/Press_Release/ind_prs17022023_1.pdf,closed by ind_prs28022024.pdf,yurukatsu/nse-historical-membership,index_history/data/index_membership_history.csv,850da8ca193b289fc7471eee28362a7a058f8c2e,explicit_source
NIFTYMICROCAP250,Nifty Microcap 250,THYROCARE,2025-09-30,,,press_release,https://niftyindices.com/Press_Release/ind_prs22082025.pdf,,yurukatsu/nse-historical-membership,index_history/data/index_membership_history.csv,850da8ca193b289fc7471eee28362a7a058f8c2e,explicit_source
NIFTYMICROCAP250,Nifty Microcap 250,TI,2023-09-29,,,press_release,https://niftyindices.com/Press_Release/ind_prs17082023.pdf,,yurukatsu/nse-historical-membership,index_history/data/index_membership_history.csv,850da8ca193b289fc7471eee28362a7a058f8c2e,explicit_source
NIFTYMICROCAP250,Nifty Microcap 250,TIIL,2022-09-30,2023-03-31,,press_release,https://niftyindices.com/Press_Release/ind_prs01092022.pdf,closed by ind_prs17022023_1.pdf,yurukatsu/nse-historical-membership,index_history/data/index_membership_history.csv,850da8ca193b289fc7471eee28362a7a058f8c2e,explicit_source
NIFTYMICROCAP250,Nifty Microcap 250,TIIL,2023-09-29,2024-03-28,,press_release,https://niftyindices.com/Press_Release/ind_prs17082023.pdf,closed by ind_prs28022024.pdf,yurukatsu/nse-historical-membership,index_history/data/index_membership_history.csv,850da8ca193b289fc7471eee28362a7a058f8c2e,explicit_source
NIFTYMICROCAP250,Nifty Microcap 250,TIIL,2024-09-30,2025-09-30,,press_release,https://niftyindices.com/Press_Release/ind_prs23082024.pdf,closed by ind_prs22082025.pdf,yurukatsu/nse-historical-membership,index_history/data/index_membership_history.csv,850da8ca193b289fc7471eee28362a7a058f8c2e,explicit_source
NIFTYMICROCAP250,Nifty Microcap 250,TIMETECHNO,2019-04-01,,,snapshot_floor,,,yurukatsu/nse-historical-membership,index_history/data/index_membership_history.csv,850da8ca193b289fc7471eee28362a7a058f8c2e,inferred_or_snapshot
NIFTYMICROCAP250,Nifty Microcap 250,TIMEX,2026-09-30,,,NSE/Nifty press release,https://www.niftyindices.com/Press_Release/ind_prs10082026.pdf,Official event overlay: Semi-annual broad-market review,,,,official_event_overlay
NIFTYMICROCAP250,Nifty Microcap 250,TINPLATE,2019-04-01,2024-01-19,,snapshot_floor,,closed by ind_prs10012024.pdf,yurukatsu/nse-historical-membership,index_history/data/index_membership_history.csv,850da8ca193b289fc7471eee28362a7a058f8c2e,inferred_or_snapshot
NIFTYMICROCAP250,Nifty Microcap 250,TIPSINDLTD,2023-03-31,2023-09-30,,press_release,https://niftyindices.com/Press_Release/ind_prs17022023_1.pdf,"inferred-exclude: not in NSE current snapshot, no PR found (closed at next semi-annual review)",yurukatsu/nse-historical-membership,index_history/data/index_membership_history.csv,850da8ca193b289fc7471eee28362a7a058f8c2e,explicit_source
NIFTYMICROCAP250,Nifty Microcap 250,TIPSMUSIC,2019-04-01,,,snapshot_floor,,,yurukatsu/nse-historical-membership,index_history/data/index_membership_history.csv,850da8ca193b289fc7471eee28362a7a058f8c2e,inferred_or_snapshot
NIFTYMICROCAP250,Nifty Microcap 250,TIRUMALCHM,2019-04-01,2025-09-30,,snapshot_floor,,closed by ind_prs22082025.pdf,yurukatsu/nse-historical-membership,index_history/data/index_membership_history.csv,850da8ca193b289fc7471eee28362a7a058f8c2e,inferred_or_snapshot
NIFTYMICROCAP250,Nifty Microcap 250,TITAGARH,2019-04-01,2024-03-28,,snapshot_floor,,closed by ind_prs28022024.pdf,yurukatsu/nse-historical-membership,index_history/data/index_membership_history.csv,850da8ca193b289fc7471eee28362a7a058f8c2e,inferred_or_snapshot
NIFTYMICROCAP250,Nifty Microcap 250,TMB,2022-12-30,2023-03-31,,press_release,https://niftyindices.com/Press_Release/ind_prs06122022.pdf,closed by ind_prs17022023_1.pdf,yurukatsu/nse-historical-membership,index_history/data/index_membership_history.csv,850da8ca193b289fc7471eee28362a7a058f8c2e,explicit_source
NIFTYMICROCAP250,Nifty Microcap 250,TMB,2023-09-29,2024-03-28,,press_release,https://niftyindices.com/Press_Release/ind_prs17082023.pdf,closed by ind_prs28022024.pdf,yurukatsu/nse-historical-membership,index_history/data/index_membership_history.csv,850da8ca193b289fc7471eee28362a7a058f8c2e,explicit_source
NIFTYMICROCAP250,Nifty Microcap 250,TMB,2026-03-30,,,press_release,https://niftyindices.com/Press_Release/ind_prs23022026.pdf,,yurukatsu/nse-historical-membership,index_history/data/index_membership_history.csv,850da8ca193b289fc7471eee28362a7a058f8c2e,explicit_source
NIFTYMICROCAP250,Nifty Microcap 250,TNPL,2019-04-01,2022-03-31,,snapshot_floor,,closed by ind_prs24022022_1.pdf,yurukatsu/nse-historical-membership,index_history/data/index_membership_history.csv,850da8ca193b289fc7471eee28362a7a058f8c2e,inferred_or_snapshot
NIFTYMICROCAP250,Nifty Microcap 250,TRANSRAILL,2025-03-28,,,press_release,https://niftyindices.com/Press_Release/ind_prs21022025.pdf,,yurukatsu/nse-historical-membership,index_history/data/index_membership_history.csv,850da8ca193b289fc7471eee28362a7a058f8c2e,explicit_source
NIFTYMICROCAP250,Nifty Microcap 250,TRIVENI,2026-03-30,2026-09-30,,press_release,https://niftyindices.com/Press_Release/ind_prs23022026.pdf,,yurukatsu/nse-historical-membership,index_history/data/index_membership_history.csv,850da8ca193b289fc7471eee28362a7a058f8c2e,explicit_source
NIFTYMICROCAP250,Nifty Microcap 250,TSFINV,2019-04-01,2026-09-30,,snapshot_floor,,,yurukatsu/nse-historical-membership,index_history/data/index_membership_history.csv,850da8ca193b289fc7471eee28362a7a058f8c2e,inferred_or_snapshot
NIFTYMICROCAP250,Nifty Microcap 250,TTKPRESTIG,2024-03-28,2024-09-30,,press_release,https://niftyindices.com/Press_Release/ind_prs28022024.pdf,closed by ind_prs23082024.pdf,yurukatsu/nse-historical-membership,index_history/data/index_membership_history.csv,850da8ca193b289fc7471eee28362a7a058f8c2e,explicit_source
NIFTYMICROCAP250,Nifty Microcap 250,TTKPRESTIG,2026-09-30,,,NSE/Nifty press release,https://www.niftyindices.com/Press_Release/ind_prs10082026.pdf,Official event overlay: Semi-annual broad-market review,,,,official_event_overlay
NIFTYMICROCAP250,Nifty Microcap 250,TTML,2019-04-01,2021-09-30,,snapshot_floor,,closed by ind_prs15092021.pdf,yurukatsu/nse-historical-membership,index_history/data/index_membership_history.csv,850da8ca193b289fc7471eee28362a7a058f8c2e,inferred_or_snapshot
NIFTYMICROCAP250,Nifty Microcap 250,TVSHLTD,2024-01-19,2024-09-30,,press_release,https://niftyindices.com/Press_Release/ind_prs10012024.pdf,closed by ind_prs23082024.pdf,yurukatsu/nse-historical-membership,index_history/data/index_membership_history.csv,850da8ca193b289fc7471eee28362a7a058f8c2e,explicit_source
NIFTYMICROCAP250,Nifty Microcap 250,TVSSCS,2023-10-26,2024-03-28,,press_release,https://niftyindices.com/Press_Release/ind_prs17102023.pdf,closed by ind_prs28022024.pdf,yurukatsu/nse-historical-membership,index_history/data/index_membership_history.csv,850da8ca193b289fc7471eee28362a7a058f8c2e,explicit_source
NIFTYMICROCAP250,Nifty Microcap 250,TVSSCS,2025-03-28,,,press_release,https://niftyindices.com/Press_Release/ind_prs21022025.pdf,,yurukatsu/nse-historical-membership,index_history/data/index_membership_history.csv,850da8ca193b289fc7471eee28362a7a058f8c2e,explicit_source
NIFTYMICROCAP250,Nifty Microcap 250,TVSSRICHAK,2019-04-01,2022-09-30,,snapshot_floor,,closed by ind_prs01092022.pdf,yurukatsu/nse-historical-membership,index_history/data/index_membership_history.csv,850da8ca193b289fc7471eee28362a7a058f8c2e,inferred_or_snapshot
NIFTYMICROCAP250,Nifty Microcap 250,TVTODAY,2021-09-30,2023-09-29,,press_release,https://niftyindices.com/Press_Release/ind_prs15092021.pdf,closed by ind_prs17082023.pdf,yurukatsu/nse-historical-membership,index_history/data/index_membership_history.csv,850da8ca193b289fc7471eee28362a7a058f8c2e,explicit_source
NIFTYMICROCAP250,Nifty Microcap 250,TWL,2023-04-28,2023-09-30,,press_release,https://niftyindices.com/Press_Release/ind_prs19042023_1.pdf,"inferred-exclude: not in NSE current snapshot, no PR found (closed at next semi-annual review)",yurukatsu/nse-historical-membership,index_history/data/index_membership_history.csv,850da8ca193b289fc7471eee28362a7a058f8c2e,explicit_source
NIFTYMICROCAP250,Nifty Microcap 250,UFLEX,2023-09-29,2024-09-30,,press_release,https://niftyindices.com/Press_Release/ind_prs17082023.pdf,closed by ind_prs23082024.pdf,yurukatsu/nse-historical-membership,index_history/data/index_membership_history.csv,850da8ca193b289fc7471eee28362a7a058f8c2e,explicit_source
NIFTYMICROCAP250,Nifty Microcap 250,UJJIVAN,2023-03-31,2024-05-03,,press_release,https://niftyindices.com/Press_Release/ind_prs17022023_1.pdf,closed by ind_prs24042024_1.pdf,yurukatsu/nse-historical-membership,index_history/data/index_membership_history.csv,850da8ca193b289fc7471eee28362a7a058f8c2e,explicit_source
NIFTYMICROCAP250,Nifty Microcap 250,UJJIVANSFB,2022-03-31,2023-09-29,,press_release,https://niftyindices.com/Press_Release/ind_prs24022022_1.pdf,closed by ind_prs17082023.pdf,yurukatsu/nse-historical-membership,index_history/data/index_membership_history.csv,850da8ca193b289fc7471eee28362a7a058f8c2e,explicit_source
NIFTYMICROCAP250,Nifty Microcap 250,UJJIVANSFB,2025-03-28,,,press_release,https://niftyindices.com/Press_Release/ind_prs21022025.pdf,,yurukatsu/nse-historical-membership,index_history/data/index_membership_history.csv,850da8ca193b289fc7471eee28362a7a058f8c2e,explicit_source
NIFTYMICROCAP250,Nifty Microcap 250,UNICHEMLAB,2019-04-01,2022-09-30,,snapshot_floor,,closed by ind_prs01092022.pdf,yurukatsu/nse-historical-membership,index_history/data/index_membership_history.csv,850da8ca193b289fc7471eee28362a7a058f8c2e,inferred_or_snapshot
NIFTYMICROCAP250,Nifty Microcap 250,UNICHEMLAB,2023-03-31,2024-03-28,,press_release,https://niftyindices.com/Press_Release/ind_prs17022023_1.pdf,closed by ind_prs28022024.pdf,yurukatsu/nse-historical-membership,index_history/data/index_membership_history.csv,850da8ca193b289fc7471eee28362a7a058f8c2e,explicit_source
NIFTYMICROCAP250,Nifty Microcap 250,UNIMECH,2025-03-28,2026-03-30,,press_release,https://niftyindices.com/Press_Release/ind_prs21022025.pdf,closed by ind_prs23022026.pdf,yurukatsu/nse-historical-membership,index_history/data/index_membership_history.csv,850da8ca193b289fc7471eee28362a7a058f8c2e,explicit_source
NIFTYMICROCAP250,Nifty Microcap 250,UNIMECH,2026-09-30,,,NSE/Nifty press release,https://www.niftyindices.com/Press_Release/ind_prs10082026.pdf,Official event overlay: Semi-annual broad-market review,,,,official_event_overlay
NIFTYMICROCAP250,Nifty Microcap 250,UNIPARTS,2023-03-31,2024-09-30,,press_release,https://niftyindices.com/Press_Release/ind_prs17022023_1.pdf,closed by ind_prs23082024.pdf,yurukatsu/nse-historical-membership,index_history/data/index_membership_history.csv,850da8ca193b289fc7471eee28362a7a058f8c2e,explicit_source
NIFTYMICROCAP250,Nifty Microcap 250,USHAMART,2019-04-01,2023-09-29,,snapshot_floor,,closed by ind_prs17082023.pdf,yurukatsu/nse-historical-membership,index_history/data/index_membership_history.csv,850da8ca193b289fc7471eee28362a7a058f8c2e,inferred_or_snapshot
NIFTYMICROCAP250,Nifty Microcap 250,UTKARSHBNK,2024-03-28,2025-03-28,,press_release,https://niftyindices.com/Press_Release/ind_prs28022024.pdf,closed by ind_prs21022025.pdf,yurukatsu/nse-historical-membership,index_history/data/index_membership_history.csv,850da8ca193b289fc7471eee28362a7a058f8c2e,explicit_source
NIFTYMICROCAP250,Nifty Microcap 250,UTLSOLAR,2026-03-30,,,press_release,https://niftyindices.com/Press_Release/ind_prs23022026.pdf,,yurukatsu/nse-historical-membership,index_history/data/index_membership_history.csv,850da8ca193b289fc7471eee28362a7a058f8c2e,explicit_source
NIFTYMICROCAP250,Nifty Microcap 250,V2RETAIL,2025-09-30,,,press_release,https://niftyindices.com/Press_Release/ind_prs22082025.pdf,,yurukatsu/nse-historical-membership,index_history/data/index_membership_history.csv,850da8ca193b289fc7471eee28362a7a058f8c2e,explicit_source
NIFTYMICROCAP250,Nifty Microcap 250,VAIBHAVGBL,2024-09-30,,,press_release,https://niftyindices.com/Press_Release/ind_prs23082024.pdf,,yurukatsu/nse-historical-membership,index_history/data/index_membership_history.csv,850da8ca193b289fc7471eee28362a7a058f8c2e,explicit_source
NIFTYMICROCAP250,Nifty Microcap 250,VAKRANGEE,2022-09-30,2023-04-28,,press_release,https://niftyindices.com/Press_Release/ind_prs01092022.pdf,closed by ind_prs19042023_1.pdf,yurukatsu/nse-historical-membership,index_history/data/index_membership_history.csv,850da8ca193b289fc7471eee28362a7a058f8c2e,explicit_source
NIFTYMICROCAP250,Nifty Microcap 250,VALIANTORG,2022-03-31,2023-09-29,,press_release,https://niftyindices.com/Press_Release/ind_prs24022022_1.pdf,closed by ind_prs17082023.pdf,yurukatsu/nse-historical-membership,index_history/data/index_membership_history.csv,850da8ca193b289fc7471eee28362a7a058f8c2e,explicit_source
NIFTYMICROCAP250,Nifty Microcap 250,VARROC,2025-03-28,2026-09-30,,press_release,https://niftyindices.com/Press_Release/ind_prs21022025.pdf,,yurukatsu/nse-historical-membership,index_history/data/index_membership_history.csv,850da8ca193b289fc7471eee28362a7a058f8c2e,explicit_source
NIFTYMICROCAP250,Nifty Microcap 250,VEEDOL,2019-04-01,2025-03-28,,snapshot_floor,,closed by ind_prs21022025.pdf,yurukatsu/nse-historical-membership,index_history/data/index_membership_history.csv,850da8ca193b289fc7471eee28362a7a058f8c2e,inferred_or_snapshot
NIFTYMICROCAP250,Nifty Microcap 250,VENKEYS,2022-09-30,2025-03-28,,press_release,https://niftyindices.com/Press_Release/ind_prs01092022.pdf,closed by ind_prs21022025.pdf,yurukatsu/nse-historical-membership,index_history/data/index_membership_history.csv,850da8ca193b289fc7471eee28362a7a058f8c2e,explicit_source
NIFTYMICROCAP250,Nifty Microcap 250,VENTIVE,2025-03-28,2025-09-30,,press_release,https://niftyindices.com/Press_Release/ind_prs21022025.pdf,closed by ind_prs22082025.pdf,yurukatsu/nse-historical-membership,index_history/data/index_membership_history.csv,850da8ca193b289fc7471eee28362a7a058f8c2e,explicit_source
NIFTYMICROCAP250,Nifty Microcap 250,VENUSPIPES,2024-09-30,2025-09-30,,press_release,https://niftyindices.com/Press_Release/ind_prs23082024.pdf,closed by ind_prs22082025.pdf,yurukatsu/nse-historical-membership,index_history/data/index_membership_history.csv,850da8ca193b289fc7471eee28362a7a058f8c2e,explicit_source
NIFTYMICROCAP250,Nifty Microcap 250,VESUVIUS,2019-04-01,2022-03-31,,snapshot_floor,,closed by ind_prs24022022_1.pdf,yurukatsu/nse-historical-membership,index_history/data/index_membership_history.csv,850da8ca193b289fc7471eee28362a7a058f8c2e,inferred_or_snapshot
NIFTYMICROCAP250,Nifty Microcap 250,VESUVIUS,2022-10-25,2024-03-28,,press_release,https://niftyindices.com/Press_Release/ind_prs20102022.pdf,closed by ind_prs28022024.pdf,yurukatsu/nse-historical-membership,index_history/data/index_membership_history.csv,850da8ca193b289fc7471eee28362a7a058f8c2e,explicit_source
NIFTYMICROCAP250,Nifty Microcap 250,VESUVIUS,2024-09-30,2026-03-30,,press_release,https://niftyindices.com/Press_Release/ind_prs23082024.pdf,closed by ind_prs23022026.pdf,yurukatsu/nse-historical-membership,index_history/data/index_membership_history.csv,850da8ca193b289fc7471eee28362a7a058f8c2e,explicit_source
NIFTYMICROCAP250,Nifty Microcap 250,VESUVIUS,2026-09-30,,,NSE/Nifty press release,https://www.niftyindices.com/Press_Release/ind_prs10082026.pdf,Official event overlay: Semi-annual broad-market review,,,,official_event_overlay
NIFTYMICROCAP250,Nifty Microcap 250,VGUARD,2026-03-30,,,press_release,https://niftyindices.com/Press_Release/ind_prs23022026.pdf,,yurukatsu/nse-historical-membership,index_history/data/index_membership_history.csv,850da8ca193b289fc7471eee28362a7a058f8c2e,explicit_source
NIFTYMICROCAP250,Nifty Microcap 250,VIDHIING,2022-09-30,2023-03-31,,press_release,https://niftyindices.com/Press_Release/ind_prs01092022.pdf,closed by ind_prs17022023_1.pdf,yurukatsu/nse-historical-membership,index_history/data/index_membership_history.csv,850da8ca193b289fc7471eee28362a7a058f8c2e,explicit_source
NIFTYMICROCAP250,Nifty Microcap 250,VIKRAMSOLR,2026-03-30,,,press_release,https://niftyindices.com/Press_Release/ind_prs23022026.pdf,,yurukatsu/nse-historical-membership,index_history/data/index_membership_history.csv,850da8ca193b289fc7471eee28362a7a058f8c2e,explicit_source
NIFTYMICROCAP250,Nifty Microcap 250,VINATIORGA,2025-09-30,2026-03-30,,press_release,https://niftyindices.com/Press_Release/ind_prs22082025.pdf,closed by ind_prs23022026.pdf,yurukatsu/nse-historical-membership,index_history/data/index_membership_history.csv,850da8ca193b289fc7471eee28362a7a058f8c2e,explicit_source
NIFTYMICROCAP250,Nifty Microcap 250,VINDHYATEL,2019-04-01,2022-03-31,,snapshot_floor,,closed by ind_prs24022022_1.pdf,yurukatsu/nse-historical-membership,index_history/data/index_membership_history.csv,850da8ca193b289fc7471eee28362a7a058f8c2e,inferred_or_snapshot
NIFTYMICROCAP250,Nifty Microcap 250,VIPIND,2025-03-28,,,press_release,https://niftyindices.com/Press_Release/ind_prs21022025.pdf,,yurukatsu/nse-historical-membership,index_history/data/index_membership_history.csv,850da8ca193b289fc7471eee28362a7a058f8c2e,explicit_source
NIFTYMICROCAP250,Nifty Microcap 250,VIYASH,2019-04-01,,,snapshot_floor,,,yurukatsu/nse-historical-membership,index_history/data/index_membership_history.csv,850da8ca193b289fc7471eee28362a7a058f8c2e,inferred_or_snapshot
NIFTYMICROCAP250,Nifty Microcap 250,VMART,2024-03-28,,,press_release,https://niftyindices.com/Press_Release/ind_prs28022024.pdf,,yurukatsu/nse-historical-membership,index_history/data/index_membership_history.csv,850da8ca193b289fc7471eee28362a7a058f8c2e,explicit_source
NIFTYMICROCAP250,Nifty Microcap 250,VOLTAMP,2019-04-01,,,snapshot_floor,,,yurukatsu/nse-historical-membership,index_history/data/index_membership_history.csv,850da8ca193b289fc7471eee28362a7a058f8c2e,inferred_or_snapshot
NIFTYMICROCAP250,Nifty Microcap 250,VRLLOG,2019-04-01,2024-09-30,,snapshot_floor,,closed by ind_prs23082024.pdf,yurukatsu/nse-historical-membership,index_history/data/index_membership_history.csv,850da8ca193b289fc7471eee28362a7a058f8c2e,inferred_or_snapshot
NIFTYMICROCAP250,Nifty Microcap 250,VSTIND,2021-09-30,2023-09-29,,press_release,https://niftyindices.com/Press_Release/ind_prs15092021.pdf,closed by ind_prs17082023.pdf,yurukatsu/nse-historical-membership,index_history/data/index_membership_history.csv,850da8ca193b289fc7471eee28362a7a058f8c2e,explicit_source
NIFTYMICROCAP250,Nifty Microcap 250,VSTIND,2024-09-30,2026-03-30,,press_release,https://niftyindices.com/Press_Release/ind_prs23082024.pdf,closed by ind_prs23022026.pdf,yurukatsu/nse-historical-membership,index_history/data/index_membership_history.csv,850da8ca193b289fc7471eee28362a7a058f8c2e,explicit_source
NIFTYMICROCAP250,Nifty Microcap 250,VSTTILLERS,2019-04-01,2024-09-30,,snapshot_floor,,closed by ind_prs23082024.pdf,yurukatsu/nse-historical-membership,index_history/data/index_membership_history.csv,850da8ca193b289fc7471eee28362a7a058f8c2e,inferred_or_snapshot
NIFTYMICROCAP250,Nifty Microcap 250,WAAREERTL,2025-09-30,,,press_release,https://niftyindices.com/Press_Release/ind_prs22082025.pdf,,yurukatsu/nse-historical-membership,index_history/data/index_membership_history.csv,850da8ca193b289fc7471eee28362a7a058f8c2e,explicit_source
NIFTYMICROCAP250,Nifty Microcap 250,WABAG,2019-04-01,,,snapshot_floor,,,yurukatsu/nse-historical-membership,index_history/data/index_membership_history.csv,850da8ca193b289fc7471eee28362a7a058f8c2e,inferred_or_snapshot
NIFTYMICROCAP250,Nifty Microcap 250,WAKEFIT,2026-03-30,,,press_release,https://niftyindices.com/Press_Release/ind_prs23022026.pdf,,yurukatsu/nse-historical-membership,index_history/data/index_membership_history.csv,850da8ca193b289fc7471eee28362a7a058f8c2e,explicit_source
NIFTYMICROCAP250,Nifty Microcap 250,WEBELSOLAR,2025-03-28,,,press_release,https://niftyindices.com/Press_Release/ind_prs21022025.pdf,,yurukatsu/nse-historical-membership,index_history/data/index_membership_history.csv,850da8ca193b289fc7471eee28362a7a058f8c2e,explicit_source
NIFTYMICROCAP250,Nifty Microcap 250,WELENT,2019-04-01,,,snapshot_floor,,,yurukatsu/nse-historical-membership,index_history/data/index_membership_history.csv,850da8ca193b289fc7471eee28362a7a058f8c2e,inferred_or_snapshot
NIFTYMICROCAP250,Nifty Microcap 250,WESTLIFE,2025-09-30,,,press_release,https://niftyindices.com/Press_Release/ind_prs22082025.pdf,,yurukatsu/nse-historical-membership,index_history/data/index_membership_history.csv,850da8ca193b289fc7471eee28362a7a058f8c2e,explicit_source
NIFTYMICROCAP250,Nifty Microcap 250,WEWORK,2026-03-30,,,press_release,https://niftyindices.com/Press_Release/ind_prs23022026.pdf,,yurukatsu/nse-historical-membership,index_history/data/index_membership_history.csv,850da8ca193b289fc7471eee28362a7a058f8c2e,explicit_source
NIFTYMICROCAP250,Nifty Microcap 250,WHEELS,2019-04-01,2022-03-31,,snapshot_floor,,closed by ind_prs24022022_1.pdf,yurukatsu/nse-historical-membership,index_history/data/index_membership_history.csv,850da8ca193b289fc7471eee28362a7a058f8c2e,inferred_or_snapshot
NIFTYMICROCAP250,Nifty Microcap 250,WOCKPHARMA,2023-03-31,2025-03-28,,press_release,https://niftyindices.com/Press_Release/ind_prs17022023_1.pdf,closed by ind_prs21022025.pdf,yurukatsu/nse-historical-membership,index_history/data/index_membership_history.csv,850da8ca193b289fc7471eee28362a7a058f8c2e,explicit_source
NIFTYMICROCAP250,Nifty Microcap 250,WONDERLA,2019-04-01,2022-03-31,,snapshot_floor,,closed by ind_prs24022022_1.pdf,yurukatsu/nse-historical-membership,index_history/data/index_membership_history.csv,850da8ca193b289fc7471eee28362a7a058f8c2e,inferred_or_snapshot
NIFTYMICROCAP250,Nifty Microcap 250,WONDERLA,2023-09-29,2025-09-30,,press_release,https://niftyindices.com/Press_Release/ind_prs17082023.pdf,closed by ind_prs22082025.pdf,yurukatsu/nse-historical-membership,index_history/data/index_membership_history.csv,850da8ca193b289fc7471eee28362a7a058f8c2e,explicit_source
NIFTYMICROCAP250,Nifty Microcap 250,WSTCSTPAPR,2019-04-01,2025-03-28,,snapshot_floor,,closed by ind_prs21022025.pdf,yurukatsu/nse-historical-membership,index_history/data/index_membership_history.csv,850da8ca193b289fc7471eee28362a7a058f8c2e,inferred_or_snapshot
NIFTYMICROCAP250,Nifty Microcap 250,YATHARTH,2024-03-28,,,press_release,https://niftyindices.com/Press_Release/ind_prs28022024.pdf,,yurukatsu/nse-historical-membership,index_history/data/index_membership_history.csv,850da8ca193b289fc7471eee28362a7a058f8c2e,explicit_source
NIFTYMICROCAP250,Nifty Microcap 250,ZAGGLE,2025-03-28,,,press_release,https://niftyindices.com/Press_Release/ind_prs21022025.pdf,,yurukatsu/nse-historical-membership,index_history/data/index_membership_history.csv,850da8ca193b289fc7471eee28362a7a058f8c2e,explicit_source
NIFTYMICROCAP250,Nifty Microcap 250,ZENTEC,2023-09-29,2025-03-28,,press_release,https://niftyindices.com/Press_Release/ind_prs17082023.pdf,closed by ind_prs21022025.pdf,yurukatsu/nse-historical-membership,index_history/data/index_membership_history.csv,850da8ca193b289fc7471eee28362a7a058f8c2e,explicit_source
NIFTYMICROCAP250,Nifty Microcap 250,ZYDUSWELL,2024-03-28,2026-03-30,,press_release,https://niftyindices.com/Press_Release/ind_prs28022024.pdf,closed by ind_prs23022026.pdf,yurukatsu/nse-historical-membership,index_history/data/index_membership_history.csv,850da8ca193b289fc7471eee28362a7a058f8c2e,explicit_source
NIFTYMIDCAP150,Nifty Midcap 150,360ONE,2016-04-01,,,snapshot_floor,,,yurukatsu/nse-historical-membership,index_history/data/index_membership_history.csv,850da8ca193b289fc7471eee28362a7a058f8c2e,inferred_or_snapshot
NIFTYMIDCAP150,Nifty Midcap 150,3MINDIA,2016-04-01,2026-09-30,,snapshot_floor,,,yurukatsu/nse-historical-membership,index_history/data/index_membership_history.csv,850da8ca193b289fc7471eee28362a7a058f8c2e,inferred_or_snapshot
NIFTYMIDCAP150,Nifty Midcap 150,AARTIIND,2018-12-28,2019-03-29,,press_release,https://niftyindices.com/Press_Release/ind_prs14122018.pdf,closed by ind_prs25022019.pdf,yurukatsu/nse-historical-membership,index_history/data/index_membership_history.csv,850da8ca193b289fc7471eee28362a7a058f8c2e,explicit_source
NIFTYMIDCAP150,Nifty Midcap 150,AARTIIND,2019-12-27,2022-05-04,,press_release,https://niftyindices.com/Press_Release/ind_prs16122019.pdf,closed by ind_prs05042022.pdf,yurukatsu/nse-historical-membership,index_history/data/index_membership_history.csv,850da8ca193b289fc7471eee28362a7a058f8c2e,explicit_source
NIFTYMIDCAP150,Nifty Midcap 150,AARTIIND,2023-03-31,2024-03-28,,press_release,https://niftyindices.com/Press_Release/ind_prs17022023_1.pdf,closed by ind_prs28022024.pdf,yurukatsu/nse-historical-membership,index_history/data/index_membership_history.csv,850da8ca193b289fc7471eee28362a7a058f8c2e,explicit_source
NIFTYMIDCAP150,Nifty Midcap 150,AAVAS,2019-09-27,2023-09-29,,press_release,https://niftyindices.com/Press_Release/ind_prs28082019.pdf,closed by ind_prs17082023.pdf,yurukatsu/nse-historical-membership,index_history/data/index_membership_history.csv,850da8ca193b289fc7471eee28362a7a058f8c2e,explicit_source
NIFTYMIDCAP150,Nifty Midcap 150,ABB,2020-06-26,2023-03-31,,press_release,https://niftyindices.com/Press_Release/ind_prs10062020.pdf,closed by ind_prs17022023_1.pdf,yurukatsu/nse-historical-membership,index_history/data/index_membership_history.csv,850da8ca193b289fc7471eee28362a7a058f8c2e,explicit_source
NIFTYMIDCAP150,Nifty Midcap 150,ABBOTINDIA,2019-09-27,2020-06-26,,press_release,https://niftyindices.com/Press_Release/ind_prs28082019.pdf,closed by ind_prs10062020.pdf,yurukatsu/nse-historical-membership,index_history/data/index_membership_history.csv,850da8ca193b289fc7471eee28362a7a058f8c2e,explicit_source
NIFTYMIDCAP150,Nifty Midcap 150,ABBOTINDIA,2021-09-30,,,press_release,https://niftyindices.com/Press_Release/ind_prs15092021.pdf,,yurukatsu/nse-historical-membership,index_history/data/index_membership_history.csv,850da8ca193b289fc7471eee28362a7a058f8c2e,explicit_source
NIFTYMIDCAP150,Nifty Midcap 150,ABCAPITAL,2019-03-29,,,press_release,https://niftyindices.com/Press_Release/ind_prs25022019.pdf,,yurukatsu/nse-historical-membership,index_history/data/index_membership_history.csv,850da8ca193b289fc7471eee28362a7a058f8c2e,explicit_source
NIFTYMIDCAP150,Nifty Midcap 150,ABFRL,2016-04-01,2025-09-30,,snapshot_floor,,closed by ind_prs22082025.pdf,yurukatsu/nse-historical-membership,index_history/data/index_membership_history.csv,850da8ca193b289fc7471eee28362a7a058f8c2e,inferred_or_snapshot
NIFTYMIDCAP150,Nifty Midcap 150,ABIRLANUVO,2016-04-01,2017-05-26,,snapshot_floor,,closed by ind_prs27042017.pdf,yurukatsu/nse-historical-membership,index_history/data/index_membership_history.csv,850da8ca193b289fc7471eee28362a7a058f8c2e,inferred_or_snapshot
NIFTYMIDCAP150,Nifty Midcap 150,ACC,2023-09-29,2026-09-30,,press_release,https://niftyindices.com/Press_Release/ind_prs17082023.pdf,,yurukatsu/nse-historical-membership,index_history/data/index_membership_history.csv,850da8ca193b289fc7471eee28362a7a058f8c2e,explicit_source
NIFTYMIDCAP150,Nifty Midcap 150,ADANIENSOL,2017-09-29,2020-03-27,,press_release,https://niftyindices.com/Press_Release/ind_prs28082017.pdf,closed by ind_prs18022020.pdf,yurukatsu/nse-historical-membership,index_history/data/index_membership_history.csv,850da8ca193b289fc7471eee28362a7a058f8c2e,explicit_source
NIFTYMIDCAP150,Nifty Midcap 150,ADANIENT,2016-04-01,2018-04-02,,snapshot_floor,,closed by ind_prs21022018.pdf,yurukatsu/nse-historical-membership,index_history/data/index_membership_history.csv,850da8ca193b289fc7471eee28362a7a058f8c2e,inferred_or_snapshot
NIFTYMIDCAP150,Nifty Midcap 150,ADANIENT,2020-09-25,2021-03-31,,press_release,https://niftyindices.com/Press_Release/ind_prs20082020.pdf,closed by ind_prs23022021.pdf,yurukatsu/nse-historical-membership,index_history/data/index_membership_history.csv,850da8ca193b289fc7471eee28362a7a058f8c2e,explicit_source
NIFTYMIDCAP150,Nifty Midcap 150,ADANIGREEN,2020-03-27,2020-09-25,,press_release,https://niftyindices.com/Press_Release/ind_prs18022020.pdf,closed by ind_prs20082020.pdf,yurukatsu/nse-historical-membership,index_history/data/index_membership_history.csv,850da8ca193b289fc7471eee28362a7a058f8c2e,explicit_source
NIFTYMIDCAP150,Nifty Midcap 150,ADANIPOWER,2023-03-31,2024-03-28,,press_release,https://niftyindices.com/Press_Release/ind_prs17022023_1.pdf,closed by ind_prs28022024.pdf,yurukatsu/nse-historical-membership,index_history/data/index_membership_history.csv,850da8ca193b289fc7471eee28362a7a058f8c2e,explicit_source
NIFTYMIDCAP150,Nifty Midcap 150,AFFLE,2021-09-30,2023-09-29,,press_release,https://niftyindices.com/Press_Release/ind_prs15092021.pdf,closed by ind_prs17082023.pdf,yurukatsu/nse-historical-membership,index_history/data/index_membership_history.csv,850da8ca193b289fc7471eee28362a7a058f8c2e,explicit_source
NIFTYMIDCAP150,Nifty Midcap 150,AIAENG,2016-04-01,,,snapshot_floor,,,yurukatsu/nse-historical-membership,index_history/data/index_membership_history.csv,850da8ca193b289fc7471eee28362a7a058f8c2e,inferred_or_snapshot
NIFTYMIDCAP150,Nifty Midcap 150,AIIL,2026-03-30,,,press_release,https://niftyindices.com/Press_Release/ind_prs23022026.pdf,,yurukatsu/nse-historical-membership,index_history/data/index_membership_history.csv,850da8ca193b289fc7471eee28362a7a058f8c2e,explicit_source
NIFTYMIDCAP150,Nifty Midcap 150,AJANTPHARM,2016-04-01,,,snapshot_floor,,,yurukatsu/nse-historical-membership,index_history/data/index_membership_history.csv,850da8ca193b289fc7471eee28362a7a058f8c2e,inferred_or_snapshot
NIFTYMIDCAP150,Nifty Midcap 150,AKZOINDIA,2016-04-01,2018-09-28,,snapshot_floor,,closed by ind_prs28082018.pdf,yurukatsu/nse-historical-membership,index_history/data/index_membership_history.csv,850da8ca193b289fc7471eee28362a7a058f8c2e,inferred_or_snapshot
NIFTYMIDCAP150,Nifty Midcap 150,AKZOINDIA,2020-06-26,2020-09-30,,press_release,https://niftyindices.com/Press_Release/ind_prs10062020.pdf,"inferred-exclude: not in NSE current snapshot, no PR found (closed at next semi-annual review)",yurukatsu/nse-historical-membership,index_history/data/index_membership_history.csv,850da8ca193b289fc7471eee28362a7a058f8c2e,explicit_source
NIFTYMIDCAP150,Nifty Midcap 150,ALBK,2019-09-27,2019-12-27,,press_release,https://niftyindices.com/Press_Release/ind_prs28082019.pdf,closed by ind_prs16122019.pdf,yurukatsu/nse-historical-membership,index_history/data/index_membership_history.csv,850da8ca193b289fc7471eee28362a7a058f8c2e,explicit_source
NIFTYMIDCAP150,Nifty Midcap 150,ALKEM,2016-04-01,2020-09-25,,snapshot_floor,,closed by ind_prs20082020.pdf,yurukatsu/nse-historical-membership,index_history/data/index_membership_history.csv,850da8ca193b289fc7471eee28362a7a058f8c2e,inferred_or_snapshot
NIFTYMIDCAP150,Nifty Midcap 150,ALKEM,2021-09-30,,,press_release,https://niftyindices.com/Press_Release/ind_prs15092021.pdf,,yurukatsu/nse-historical-membership,index_history/data/index_membership_history.csv,850da8ca193b289fc7471eee28362a7a058f8c2e,explicit_source
NIFTYMIDCAP150,Nifty Midcap 150,ALKYLAMINE,2021-09-30,2023-09-29,,press_release,https://niftyindices.com/Press_Release/ind_prs15092021.pdf,closed by ind_prs17082023.pdf,yurukatsu/nse-historical-membership,index_history/data/index_membership_history.csv,850da8ca193b289fc7471eee28362a7a058f8c2e,explicit_source
NIFTYMIDCAP150,Nifty Midcap 150,ANTHEM,2026-03-30,,,press_release,https://niftyindices.com/Press_Release/ind_prs23022026.pdf,,yurukatsu/nse-historical-membership,index_history/data/index_membership_history.csv,850da8ca193b289fc7471eee28362a7a058f8c2e,explicit_source
NIFTYMIDCAP150,Nifty Midcap 150,APARINDS,2025-03-28,,,press_release,https://niftyindices.com/Press_Release/ind_prs21022025.pdf,,yurukatsu/nse-historical-membership,index_history/data/index_membership_history.csv,850da8ca193b289fc7471eee28362a7a058f8c2e,explicit_source
NIFTYMIDCAP150,Nifty Midcap 150,APLAPOLLO,2021-09-30,,,press_release,https://niftyindices.com/Press_Release/ind_prs15092021.pdf,,yurukatsu/nse-historical-membership,index_history/data/index_membership_history.csv,850da8ca193b289fc7471eee28362a7a058f8c2e,explicit_source
NIFTYMIDCAP150,Nifty Midcap 150,APLLTD,2016-04-01,2023-03-31,,snapshot_floor,,closed by ind_prs17022023_1.pdf,yurukatsu/nse-historical-membership,index_history/data/index_membership_history.csv,850da8ca193b289fc7471eee28362a7a058f8c2e,inferred_or_snapshot
NIFTYMIDCAP150,Nifty Midcap 150,APOLLOHOSP,2017-03-31,2021-03-31,,press_release,https://niftyindices.com/Press_Release/ind_prs16022017.pdf,closed by ind_prs23022021.pdf,yurukatsu/nse-historical-membership,index_history/data/index_membership_history.csv,850da8ca193b289fc7471eee28362a7a058f8c2e,explicit_source
NIFTYMIDCAP150,Nifty Midcap 150,APOLLOTYRE,2016-04-01,2022-09-30,,snapshot_floor,,closed by ind_prs01092022.pdf,yurukatsu/nse-historical-membership,index_history/data/index_membership_history.csv,850da8ca193b289fc7471eee28362a7a058f8c2e,inferred_or_snapshot
NIFTYMIDCAP150,Nifty Midcap 150,APOLLOTYRE,2023-03-31,2026-09-30,,press_release,https://niftyindices.com/Press_Release/ind_prs17022023_1.pdf,,yurukatsu/nse-historical-membership,index_history/data/index_membership_history.csv,850da8ca193b289fc7471eee28362a7a058f8c2e,explicit_source
NIFTYMIDCAP150,Nifty Midcap 150,ARE&M,2016-04-01,2022-03-31,,snapshot_floor,,closed by ind_prs24022022_1.pdf,yurukatsu/nse-historical-membership,index_history/data/index_membership_history.csv,850da8ca193b289fc7471eee28362a7a058f8c2e,inferred_or_snapshot
NIFTYMIDCAP150,Nifty Midcap 150,ARVIND,2016-04-01,2018-06-29,,snapshot_floor,,closed by ind_prs24052018.pdf,yurukatsu/nse-historical-membership,index_history/data/index_membership_history.csv,850da8ca193b289fc7471eee28362a7a058f8c2e,inferred_or_snapshot
NIFTYMIDCAP150,Nifty Midcap 150,ASHOKLEY,2020-06-26,,,press_release,https://niftyindices.com/Press_Release/ind_prs10062020.pdf,,yurukatsu/nse-historical-membership,index_history/data/index_membership_history.csv,850da8ca193b289fc7471eee28362a7a058f8c2e,explicit_source
NIFTYMIDCAP150,Nifty Midcap 150,ASTERDM,2026-09-30,,,NSE/Nifty press release,https://www.niftyindices.com/Press_Release/ind_prs10082026.pdf,Official event overlay: Semi-annual broad-market review,,,,official_event_overlay
NIFTYMIDCAP150,Nifty Midcap 150,ASTRAL,2018-09-28,,,press_release,https://niftyindices.com/Press_Release/ind_prs28082018.pdf,,yurukatsu/nse-historical-membership,index_history/data/index_membership_history.csv,850da8ca193b289fc7471eee28362a7a058f8c2e,explicit_source
NIFTYMIDCAP150,Nifty Midcap 150,ASTRAZEN,2020-09-25,2020-09-30,,press_release,https://niftyindices.com/Press_Release/ind_prs20082020.pdf,"inferred-exclude: not in NSE current snapshot, no PR found (closed at next semi-annual review)",yurukatsu/nse-historical-membership,index_history/data/index_membership_history.csv,850da8ca193b289fc7471eee28362a7a058f8c2e,explicit_source
NIFTYMIDCAP150,Nifty Midcap 150,ATGL,2019-09-27,2022-09-30,,press_release,https://niftyindices.com/Press_Release/ind_prs28082019.pdf,closed by ind_prs01092022.pdf,yurukatsu/nse-historical-membership,index_history/data/index_membership_history.csv,850da8ca193b289fc7471eee28362a7a058f8c2e,explicit_source
NIFTYMIDCAP150,Nifty Midcap 150,ATGL,2025-03-28,,,press_release,https://niftyindices.com/Press_Release/ind_prs21022025.pdf,,yurukatsu/nse-historical-membership,index_history/data/index_membership_history.csv,850da8ca193b289fc7471eee28362a7a058f8c2e,explicit_source
NIFTYMIDCAP150,Nifty Midcap 150,ATUL,2019-03-29,2024-09-30,,press_release,https://niftyindices.com/Press_Release/ind_prs25022019.pdf,closed by ind_prs23082024.pdf,yurukatsu/nse-historical-membership,index_history/data/index_membership_history.csv,850da8ca193b289fc7471eee28362a7a058f8c2e,explicit_source
NIFTYMIDCAP150,Nifty Midcap 150,AUBANK,2017-11-13,,,press_release,https://niftyindices.com/Press_Release/ind_prs03112017.pdf,,yurukatsu/nse-historical-membership,index_history/data/index_membership_history.csv,850da8ca193b289fc7471eee28362a7a058f8c2e,explicit_source
NIFTYMIDCAP150,Nifty Midcap 150,AUROPHARMA,2022-03-31,,,press_release,https://niftyindices.com/Press_Release/ind_prs24022022_1.pdf,,yurukatsu/nse-historical-membership,index_history/data/index_membership_history.csv,850da8ca193b289fc7471eee28362a7a058f8c2e,explicit_source
NIFTYMIDCAP150,Nifty Midcap 150,AVANTIFEED,2018-04-02,2019-03-29,,press_release,https://niftyindices.com/Press_Release/ind_prs21022018.pdf,closed by ind_prs25022019.pdf,yurukatsu/nse-historical-membership,index_history/data/index_membership_history.csv,850da8ca193b289fc7471eee28362a7a058f8c2e,explicit_source
NIFTYMIDCAP150,Nifty Midcap 150,AWL,2022-09-30,2023-03-31,,press_release,https://niftyindices.com/Press_Release/ind_prs01092022.pdf,closed by ind_prs17022023_1.pdf,yurukatsu/nse-historical-membership,index_history/data/index_membership_history.csv,850da8ca193b289fc7471eee28362a7a058f8c2e,explicit_source
NIFTYMIDCAP150,Nifty Midcap 150,AWL,2024-03-28,2026-09-30,,press_release,https://niftyindices.com/Press_Release/ind_prs28022024.pdf,,yurukatsu/nse-historical-membership,index_history/data/index_membership_history.csv,850da8ca193b289fc7471eee28362a7a058f8c2e,explicit_source
NIFTYMIDCAP150,Nifty Midcap 150,BAJAJCON,2016-04-01,2017-09-29,,snapshot_floor,,closed by ind_prs28082017.pdf,yurukatsu/nse-historical-membership,index_history/data/index_membership_history.csv,850da8ca193b289fc7471eee28362a7a058f8c2e,inferred_or_snapshot
NIFTYMIDCAP150,Nifty Midcap 150,BAJAJHFL,2026-03-30,,,press_release,https://niftyindices.com/Press_Release/ind_prs23022026.pdf,,yurukatsu/nse-historical-membership,index_history/data/index_membership_history.csv,850da8ca193b289fc7471eee28362a7a058f8c2e,explicit_source
NIFTYMIDCAP150,Nifty Midcap 150,BAJAJHLDNG,2016-04-01,2019-03-29,,snapshot_floor,,closed by ind_prs25022019.pdf,yurukatsu/nse-historical-membership,index_history/data/index_membership_history.csv,850da8ca193b289fc7471eee28362a7a058f8c2e,inferred_or_snapshot
NIFTYMIDCAP150,Nifty Midcap 150,BALKRISIND,2016-04-01,,,snapshot_floor,,,yurukatsu/nse-historical-membership,index_history/data/index_membership_history.csv,850da8ca193b289fc7471eee28362a7a058f8c2e,inferred_or_snapshot
NIFTYMIDCAP150,Nifty Midcap 150,BANDHANBNK,2023-03-31,2025-09-30,,press_release,https://niftyindices.com/Press_Release/ind_prs17022023_1.pdf,closed by ind_prs22082025.pdf,yurukatsu/nse-historical-membership,index_history/data/index_membership_history.csv,850da8ca193b289fc7471eee28362a7a058f8c2e,explicit_source
NIFTYMIDCAP150,Nifty Midcap 150,BANKBARODA,2021-03-31,2021-09-30,,press_release,https://niftyindices.com/Press_Release/ind_prs23022021.pdf,"inferred-exclude: not in NSE current snapshot, no PR found (closed at next semi-annual review)",yurukatsu/nse-historical-membership,index_history/data/index_membership_history.csv,850da8ca193b289fc7471eee28362a7a058f8c2e,explicit_source
NIFTYMIDCAP150,Nifty Midcap 150,BANKINDIA,2016-04-01,,,snapshot_floor,,,yurukatsu/nse-historical-membership,index_history/data/index_membership_history.csv,850da8ca193b289fc7471eee28362a7a058f8c2e,inferred_or_snapshot
NIFTYMIDCAP150,Nifty Midcap 150,BATAINDIA,2016-04-01,2024-09-30,,snapshot_floor,,closed by ind_prs23082024.pdf,yurukatsu/nse-historical-membership,index_history/data/index_membership_history.csv,850da8ca193b289fc7471eee28362a7a058f8c2e,inferred_or_snapshot
NIFTYMIDCAP150,Nifty Midcap 150,BAYERCROP,2019-09-27,2025-03-28,,press_release,https://niftyindices.com/Press_Release/ind_prs28082019.pdf,closed by ind_prs21022025.pdf,yurukatsu/nse-historical-membership,index_history/data/index_membership_history.csv,850da8ca193b289fc7471eee28362a7a058f8c2e,explicit_source
NIFTYMIDCAP150,Nifty Midcap 150,BBTC,2018-12-28,2019-03-31,,press_release,https://niftyindices.com/Press_Release/ind_prs14122018.pdf,"inferred-exclude: not in NSE current snapshot, no PR found (closed at next semi-annual review)",yurukatsu/nse-historical-membership,index_history/data/index_membership_history.csv,850da8ca193b289fc7471eee28362a7a058f8c2e,explicit_source
NIFTYMIDCAP150,Nifty Midcap 150,BDL,2023-09-29,,,press_release,https://niftyindices.com/Press_Release/ind_prs17082023.pdf,,yurukatsu/nse-historical-membership,index_history/data/index_membership_history.csv,850da8ca193b289fc7471eee28362a7a058f8c2e,explicit_source
NIFTYMIDCAP150,Nifty Midcap 150,BEL,2019-03-29,2022-09-30,,press_release,https://niftyindices.com/Press_Release/ind_prs25022019.pdf,closed by ind_prs01092022.pdf,yurukatsu/nse-historical-membership,index_history/data/index_membership_history.csv,850da8ca193b289fc7471eee28362a7a058f8c2e,explicit_source
NIFTYMIDCAP150,Nifty Midcap 150,BERGEPAINT,2016-04-01,2019-09-27,,snapshot_floor,,closed by ind_prs28082019.pdf,yurukatsu/nse-historical-membership,index_history/data/index_membership_history.csv,850da8ca193b289fc7471eee28362a7a058f8c2e,inferred_or_snapshot
NIFTYMIDCAP150,Nifty Midcap 150,BERGEPAINT,2024-09-30,,,press_release,https://niftyindices.com/Press_Release/ind_prs23082024.pdf,,yurukatsu/nse-historical-membership,index_history/data/index_membership_history.csv,850da8ca193b289fc7471eee28362a7a058f8c2e,explicit_source
NIFTYMIDCAP150,Nifty Midcap 150,BHARATFIN,2016-04-01,2018-12-28,,snapshot_floor,,closed by ind_prs14122018.pdf,yurukatsu/nse-historical-membership,index_history/data/index_membership_history.csv,850da8ca193b289fc7471eee28362a7a058f8c2e,inferred_or_snapshot
NIFTYMIDCAP150,Nifty Midcap 150,BHARATFORG,2017-03-31,,,press_release,https://niftyindices.com/Press_Release/ind_prs16022017.pdf,,yurukatsu/nse-historical-membership,index_history/data/index_membership_history.csv,850da8ca193b289fc7471eee28362a7a058f8c2e,explicit_source
NIFTYMIDCAP150,Nifty Midcap 150,BHARTIHEXA,2024-09-30,,,press_release,https://niftyindices.com/Press_Release/ind_prs23082024.pdf,,yurukatsu/nse-historical-membership,index_history/data/index_membership_history.csv,850da8ca193b289fc7471eee28362a7a058f8c2e,explicit_source
NIFTYMIDCAP150,Nifty Midcap 150,BHEL,2019-09-27,2024-09-30,,press_release,https://niftyindices.com/Press_Release/ind_prs28082019.pdf,closed by ind_prs23082024.pdf,yurukatsu/nse-historical-membership,index_history/data/index_membership_history.csv,850da8ca193b289fc7471eee28362a7a058f8c2e,explicit_source
NIFTYMIDCAP150,Nifty Midcap 150,BHEL,2025-03-28,,,press_release,https://niftyindices.com/Press_Release/ind_prs21022025.pdf,,yurukatsu/nse-historical-membership,index_history/data/index_membership_history.csv,850da8ca193b289fc7471eee28362a7a058f8c2e,explicit_source
NIFTYMIDCAP150,Nifty Midcap 150,BIOCON,2016-04-01,2018-09-28,,snapshot_floor,,closed by ind_prs28082018.pdf,yurukatsu/nse-historical-membership,index_history/data/index_membership_history.csv,850da8ca193b289fc7471eee28362a7a058f8c2e,inferred_or_snapshot
NIFTYMIDCAP150,Nifty Midcap 150,BIOCON,2023-03-31,,,press_release,https://niftyindices.com/Press_Release/ind_prs17022023_1.pdf,,yurukatsu/nse-historical-membership,index_history/data/index_membership_history.csv,850da8ca193b289fc7471eee28362a7a058f8c2e,explicit_source
NIFTYMIDCAP150,Nifty Midcap 150,BLUEDART,2016-04-01,2020-09-25,,snapshot_floor,,closed by ind_prs20082020.pdf,yurukatsu/nse-historical-membership,index_history/data/index_membership_history.csv,850da8ca193b289fc7471eee28362a7a058f8c2e,inferred_or_snapshot
NIFTYMIDCAP150,Nifty Midcap 150,BLUEDART,2021-09-30,2024-03-28,,press_release,https://niftyindices.com/Press_Release/ind_prs23082021.pdf,closed by ind_prs28022024.pdf,yurukatsu/nse-historical-membership,index_history/data/index_membership_history.csv,850da8ca193b289fc7471eee28362a7a058f8c2e,explicit_source
NIFTYMIDCAP150,Nifty Midcap 150,BLUESTARCO,2025-03-28,,,press_release,https://niftyindices.com/Press_Release/ind_prs21022025.pdf,,yurukatsu/nse-historical-membership,index_history/data/index_membership_history.csv,850da8ca193b289fc7471eee28362a7a058f8c2e,explicit_source
NIFTYMIDCAP150,Nifty Midcap 150,BSE,2024-03-28,2026-09-30,,amendment,https://niftyindices.com/Press_Release/ind_prs19032024.pdf,,yurukatsu/nse-historical-membership,index_history/data/index_membership_history.csv,850da8ca193b289fc7471eee28362a7a058f8c2e,inferred_or_snapshot
NIFTYMIDCAP150,Nifty Midcap 150,CANBK,2016-04-01,2023-03-31,,snapshot_floor,,closed by ind_prs17022023_1.pdf,yurukatsu/nse-historical-membership,index_history/data/index_membership_history.csv,850da8ca193b289fc7471eee28362a7a058f8c2e,inferred_or_snapshot
NIFTYMIDCAP150,Nifty Midcap 150,CARBORUNIV,2023-09-29,2025-03-28,,press_release,https://niftyindices.com/Press_Release/ind_prs17082023.pdf,closed by ind_prs21022025.pdf,yurukatsu/nse-historical-membership,index_history/data/index_membership_history.csv,850da8ca193b289fc7471eee28362a7a058f8c2e,explicit_source
NIFTYMIDCAP150,Nifty Midcap 150,CASTROLIND,2017-03-31,2022-03-31,,press_release,https://niftyindices.com/Press_Release/ind_prs16022017.pdf,closed by ind_prs24022022_1.pdf,yurukatsu/nse-historical-membership,index_history/data/index_membership_history.csv,850da8ca193b289fc7471eee28362a7a058f8c2e,explicit_source
NIFTYMIDCAP150,Nifty Midcap 150,CENTRALBK,2016-04-01,2020-09-25,,snapshot_floor,,closed by ind_prs20082020.pdf,yurukatsu/nse-historical-membership,index_history/data/index_membership_history.csv,850da8ca193b289fc7471eee28362a7a058f8c2e,inferred_or_snapshot
NIFTYMIDCAP150,Nifty Midcap 150,CENTRALBK,2024-09-30,2025-03-31,,press_release,https://niftyindices.com/Press_Release/ind_prs23082024.pdf,"inferred-exclude: not in NSE current snapshot, no PR found (closed at next semi-annual review)",yurukatsu/nse-historical-membership,index_history/data/index_membership_history.csv,850da8ca193b289fc7471eee28362a7a058f8c2e,explicit_source
NIFTYMIDCAP150,Nifty Midcap 150,CENTURYTEX,2016-04-01,2018-12-28,,snapshot_floor,,closed by ind_prs14122018.pdf,yurukatsu/nse-historical-membership,index_history/data/index_membership_history.csv,850da8ca193b289fc7471eee28362a7a058f8c2e,inferred_or_snapshot
NIFTYMIDCAP150,Nifty Midcap 150,CESC,2016-04-01,2018-02-05,,snapshot_floor,,closed by ind_prs08012018.pdf,yurukatsu/nse-historical-membership,index_history/data/index_membership_history.csv,850da8ca193b289fc7471eee28362a7a058f8c2e,inferred_or_snapshot
NIFTYMIDCAP150,Nifty Midcap 150,CESC,2019-09-27,2019-09-30,,press_release,https://niftyindices.com/Press_Release/ind_prs28082019.pdf,"inferred-exclude: not in NSE current snapshot, no PR found (closed at next semi-annual review)",yurukatsu/nse-historical-membership,index_history/data/index_membership_history.csv,850da8ca193b289fc7471eee28362a7a058f8c2e,explicit_source
NIFTYMIDCAP150,Nifty Midcap 150,CGPOWER,2022-03-31,2025-03-28,,press_release,https://niftyindices.com/Press_Release/ind_prs24022022_1.pdf,closed by ind_prs21022025.pdf,yurukatsu/nse-historical-membership,index_history/data/index_membership_history.csv,850da8ca193b289fc7471eee28362a7a058f8c2e,explicit_source
NIFTYMIDCAP150,Nifty Midcap 150,CHOLAHLDNG,2016-04-01,2022-03-31,,snapshot_floor,,closed by ind_prs24022022_1.pdf,yurukatsu/nse-historical-membership,index_history/data/index_membership_history.csv,850da8ca193b289fc7471eee28362a7a058f8c2e,inferred_or_snapshot
NIFTYMIDCAP150,Nifty Midcap 150,CLEAN,2022-03-31,2023-09-29,,press_release,https://niftyindices.com/Press_Release/ind_prs24022022_1.pdf,closed by ind_prs17082023.pdf,yurukatsu/nse-historical-membership,index_history/data/index_membership_history.csv,850da8ca193b289fc7471eee28362a7a058f8c2e,explicit_source
NIFTYMIDCAP150,Nifty Midcap 150,COCHINSHIP,2024-09-30,,,press_release,https://niftyindices.com/Press_Release/ind_prs23082024.pdf,,yurukatsu/nse-historical-membership,index_history/data/index_membership_history.csv,850da8ca193b289fc7471eee28362a7a058f8c2e,explicit_source
NIFTYMIDCAP150,Nifty Midcap 150,COFORGE,2020-06-26,,,press_release,https://niftyindices.com/Press_Release/ind_prs10062020.pdf,,yurukatsu/nse-historical-membership,index_history/data/index_membership_history.csv,850da8ca193b289fc7471eee28362a7a058f8c2e,explicit_source
NIFTYMIDCAP150,Nifty Midcap 150,COLPAL,2024-09-30,,,press_release,https://niftyindices.com/Press_Release/ind_prs23082024.pdf,,yurukatsu/nse-historical-membership,index_history/data/index_membership_history.csv,850da8ca193b289fc7471eee28362a7a058f8c2e,explicit_source
NIFTYMIDCAP150,Nifty Midcap 150,CONCOR,2021-03-31,,,press_release,https://niftyindices.com/Press_Release/ind_prs23022021.pdf,,yurukatsu/nse-historical-membership,index_history/data/index_membership_history.csv,850da8ca193b289fc7471eee28362a7a058f8c2e,explicit_source
NIFTYMIDCAP150,Nifty Midcap 150,COROMANDEL,2016-04-01,,,snapshot_floor,,,yurukatsu/nse-historical-membership,index_history/data/index_membership_history.csv,850da8ca193b289fc7471eee28362a7a058f8c2e,inferred_or_snapshot
NIFTYMIDCAP150,Nifty Midcap 150,CORPBANK,2019-09-27,2019-12-27,,press_release,https://niftyindices.com/Press_Release/ind_prs28082019.pdf,closed by ind_prs16122019.pdf,yurukatsu/nse-historical-membership,index_history/data/index_membership_history.csv,850da8ca193b289fc7471eee28362a7a058f8c2e,explicit_source
NIFTYMIDCAP150,Nifty Midcap 150,CREDITACC,2020-06-26,2020-09-30,,press_release,https://niftyindices.com/Press_Release/ind_prs10062020.pdf,"inferred-exclude: not in NSE current snapshot, no PR found (closed at next semi-annual review)",yurukatsu/nse-historical-membership,index_history/data/index_membership_history.csv,850da8ca193b289fc7471eee28362a7a058f8c2e,explicit_source
NIFTYMIDCAP150,Nifty Midcap 150,CRISIL,2016-04-01,,,snapshot_floor,,,yurukatsu/nse-historical-membership,index_history/data/index_membership_history.csv,850da8ca193b289fc7471eee28362a7a058f8c2e,inferred_or_snapshot
NIFTYMIDCAP150,Nifty Midcap 150,CROMPTON,2016-04-01,2024-03-28,,snapshot_floor,,closed by ind_prs28022024.pdf,yurukatsu/nse-historical-membership,index_history/data/index_membership_history.csv,850da8ca193b289fc7471eee28362a7a058f8c2e,inferred_or_snapshot
NIFTYMIDCAP150,Nifty Midcap 150,CUB,2016-04-01,2022-03-31,,snapshot_floor,,closed by ind_prs24022022_1.pdf,yurukatsu/nse-historical-membership,index_history/data/index_membership_history.csv,850da8ca193b289fc7471eee28362a7a058f8c2e,inferred_or_snapshot
NIFTYMIDCAP150,Nifty Midcap 150,CUMMINSIND,2018-09-28,2026-03-30,,press_release,https://niftyindices.com/Press_Release/ind_prs28082018.pdf,closed by ind_prs23022026.pdf,yurukatsu/nse-historical-membership,index_history/data/index_membership_history.csv,850da8ca193b289fc7471eee28362a7a058f8c2e,explicit_source
NIFTYMIDCAP150,Nifty Midcap 150,CYIENT,2016-04-01,2017-09-29,,snapshot_floor,,closed by ind_prs28082017.pdf,yurukatsu/nse-historical-membership,index_history/data/index_membership_history.csv,850da8ca193b289fc7471eee28362a7a058f8c2e,inferred_or_snapshot
NIFTYMIDCAP150,Nifty Midcap 150,DABUR,2025-09-30,,,press_release,https://niftyindices.com/Press_Release/ind_prs22082025.pdf,,yurukatsu/nse-historical-membership,index_history/data/index_membership_history.csv,850da8ca193b289fc7471eee28362a7a058f8c2e,explicit_source
NIFTYMIDCAP150,Nifty Midcap 150,DALBHARAT,2016-04-01,2018-04-02,,snapshot_floor,,closed by ind_prs21022018.pdf,yurukatsu/nse-historical-membership,index_history/data/index_membership_history.csv,850da8ca193b289fc7471eee28362a7a058f8c2e,inferred_or_snapshot
NIFTYMIDCAP150,Nifty Midcap 150,DALBHARAT,2019-06-28,,,press_release,https://niftyindices.com/Press_Release/ind_prs13062019.pdf,,yurukatsu/nse-historical-membership,index_history/data/index_membership_history.csv,850da8ca193b289fc7471eee28362a7a058f8c2e,explicit_source
NIFTYMIDCAP150,Nifty Midcap 150,DBCORP,2016-04-01,2018-04-02,,snapshot_floor,,closed by ind_prs21022018.pdf,yurukatsu/nse-historical-membership,index_history/data/index_membership_history.csv,850da8ca193b289fc7471eee28362a7a058f8c2e,inferred_or_snapshot
NIFTYMIDCAP150,Nifty Midcap 150,DBL,2018-04-02,2019-09-27,,press_release,https://niftyindices.com/Press_Release/ind_prs21022018.pdf,closed by ind_prs28082019.pdf,yurukatsu/nse-historical-membership,index_history/data/index_membership_history.csv,850da8ca193b289fc7471eee28362a7a058f8c2e,explicit_source
NIFTYMIDCAP150,Nifty Midcap 150,DEEPAKNTR,2021-03-31,2026-03-30,,press_release,https://niftyindices.com/Press_Release/ind_prs23022021.pdf,closed by ind_prs23022026.pdf,yurukatsu/nse-historical-membership,index_history/data/index_membership_history.csv,850da8ca193b289fc7471eee28362a7a058f8c2e,explicit_source
NIFTYMIDCAP150,Nifty Midcap 150,DELHIVERY,2022-08-08,2025-03-28,,press_release,https://niftyindices.com/Press_Release/ind_prs11072022.pdf,closed by ind_prs21022025.pdf,yurukatsu/nse-historical-membership,index_history/data/index_membership_history.csv,850da8ca193b289fc7471eee28362a7a058f8c2e,explicit_source
NIFTYMIDCAP150,Nifty Midcap 150,DEVYANI,2022-09-30,2024-09-30,,press_release,https://niftyindices.com/Press_Release/ind_prs01092022.pdf,closed by ind_prs23082024.pdf,yurukatsu/nse-historical-membership,index_history/data/index_membership_history.csv,850da8ca193b289fc7471eee28362a7a058f8c2e,explicit_source
NIFTYMIDCAP150,Nifty Midcap 150,DHANI,2018-04-02,2022-03-31,,press_release,https://niftyindices.com/Press_Release/ind_prs21022018.pdf,closed by ind_prs24022022_1.pdf,yurukatsu/nse-historical-membership,index_history/data/index_membership_history.csv,850da8ca193b289fc7471eee28362a7a058f8c2e,explicit_source
NIFTYMIDCAP150,Nifty Midcap 150,DHFL,2016-04-01,2019-09-27,,snapshot_floor,,closed by ind_prs28082019.pdf,yurukatsu/nse-historical-membership,index_history/data/index_membership_history.csv,850da8ca193b289fc7471eee28362a7a058f8c2e,inferred_or_snapshot
NIFTYMIDCAP150,Nifty Midcap 150,DISHTV,2016-04-01,2019-09-27,,snapshot_floor,,closed by ind_prs28082019.pdf,yurukatsu/nse-historical-membership,index_history/data/index_membership_history.csv,850da8ca193b289fc7471eee28362a7a058f8c2e,inferred_or_snapshot
NIFTYMIDCAP150,Nifty Midcap 150,DIVISLAB,2017-09-29,2019-03-29,,press_release,https://niftyindices.com/Press_Release/ind_prs28082017.pdf,closed by ind_prs25022019.pdf,yurukatsu/nse-historical-membership,index_history/data/index_membership_history.csv,850da8ca193b289fc7471eee28362a7a058f8c2e,explicit_source
NIFTYMIDCAP150,Nifty Midcap 150,DIXON,2021-03-31,,,press_release,https://niftyindices.com/Press_Release/ind_prs23022021.pdf,,yurukatsu/nse-historical-membership,index_history/data/index_membership_history.csv,850da8ca193b289fc7471eee28362a7a058f8c2e,explicit_source
NIFTYMIDCAP150,Nifty Midcap 150,ECLERX,2016-04-01,2017-09-29,,snapshot_floor,,closed by ind_prs28082017.pdf,yurukatsu/nse-historical-membership,index_history/data/index_membership_history.csv,850da8ca193b289fc7471eee28362a7a058f8c2e,inferred_or_snapshot
NIFTYMIDCAP150,Nifty Midcap 150,EDELWEISS,2016-04-01,2021-03-31,,snapshot_floor,,closed by ind_prs23022021.pdf,yurukatsu/nse-historical-membership,index_history/data/index_membership_history.csv,850da8ca193b289fc7471eee28362a7a058f8c2e,inferred_or_snapshot
NIFTYMIDCAP150,Nifty Midcap 150,EIHOTEL,2016-04-01,2020-09-25,,snapshot_floor,,closed by ind_prs20082020.pdf,yurukatsu/nse-historical-membership,index_history/data/index_membership_history.csv,850da8ca193b289fc7471eee28362a7a058f8c2e,inferred_or_snapshot
NIFTYMIDCAP150,Nifty Midcap 150,EMAMILTD,2018-09-28,2025-09-30,,press_release,https://niftyindices.com/Press_Release/ind_prs28082018.pdf,closed by ind_prs22082025.pdf,yurukatsu/nse-historical-membership,index_history/data/index_membership_history.csv,850da8ca193b289fc7471eee28362a7a058f8c2e,explicit_source
NIFTYMIDCAP150,Nifty Midcap 150,EMBASSY,2026-09-30,,,NSE/Nifty press release,https://www.niftyindices.com/Press_Release/ind_prs10082026.pdf,Official event overlay: Semi-annual broad-market review,,,,official_event_overlay
NIFTYMIDCAP150,Nifty Midcap 150,ENDURANCE,2017-03-31,,,press_release,https://niftyindices.com/Press_Release/ind_prs16022017.pdf,,yurukatsu/nse-historical-membership,index_history/data/index_membership_history.csv,850da8ca193b289fc7471eee28362a7a058f8c2e,explicit_source
NIFTYMIDCAP150,Nifty Midcap 150,ENGINERSIN,2016-04-01,2020-06-26,,snapshot_floor,,closed by ind_prs10062020.pdf,yurukatsu/nse-historical-membership,index_history/data/index_membership_history.csv,850da8ca193b289fc7471eee28362a7a058f8c2e,inferred_or_snapshot
NIFTYMIDCAP150,Nifty Midcap 150,ERIS,2019-03-29,2021-03-31,,press_release,https://niftyindices.com/Press_Release/ind_prs25022019.pdf,closed by ind_prs23022021.pdf,yurukatsu/nse-historical-membership,index_history/data/index_membership_history.csv,850da8ca193b289fc7471eee28362a7a058f8c2e,explicit_source
NIFTYMIDCAP150,Nifty Midcap 150,ESCORTS,2018-09-28,,,press_release,https://niftyindices.com/Press_Release/ind_prs28082018.pdf,,yurukatsu/nse-historical-membership,index_history/data/index_membership_history.csv,850da8ca193b289fc7471eee28362a7a058f8c2e,explicit_source
NIFTYMIDCAP150,Nifty Midcap 150,EXIDEIND,2016-04-01,2022-09-30,,snapshot_floor,,closed by ind_prs01092022.pdf,yurukatsu/nse-historical-membership,index_history/data/index_membership_history.csv,850da8ca193b289fc7471eee28362a7a058f8c2e,inferred_or_snapshot
NIFTYMIDCAP150,Nifty Midcap 150,EXIDEIND,2024-09-30,,,press_release,https://niftyindices.com/Press_Release/ind_prs23082024.pdf,,yurukatsu/nse-historical-membership,index_history/data/index_membership_history.csv,850da8ca193b289fc7471eee28362a7a058f8c2e,explicit_source
NIFTYMIDCAP150,Nifty Midcap 150,FACT,2023-09-29,2025-03-28,,press_release,https://niftyindices.com/Press_Release/ind_prs17082023.pdf,closed by ind_prs21022025.pdf,yurukatsu/nse-historical-membership,index_history/data/index_membership_history.csv,850da8ca193b289fc7471eee28362a7a058f8c2e,explicit_source
NIFTYMIDCAP150,Nifty Midcap 150,FACT,2025-09-30,2026-03-30,,press_release,https://niftyindices.com/Press_Release/ind_prs22082025.pdf,closed by ind_prs23022026.pdf,yurukatsu/nse-historical-membership,index_history/data/index_membership_history.csv,850da8ca193b289fc7471eee28362a7a058f8c2e,explicit_source
NIFTYMIDCAP150,Nifty Midcap 150,FACT,2026-09-30,,,NSE/Nifty press release,https://www.niftyindices.com/Press_Release/ind_prs10082026.pdf,Official event overlay: Semi-annual broad-market review,,,,official_event_overlay
NIFTYMIDCAP150,Nifty Midcap 150,FCONSUMER,2018-04-02,2020-06-26,,press_release,https://niftyindices.com/Press_Release/ind_prs21022018.pdf,closed by ind_prs10062020.pdf,yurukatsu/nse-historical-membership,index_history/data/index_membership_history.csv,850da8ca193b289fc7471eee28362a7a058f8c2e,explicit_source
NIFTYMIDCAP150,Nifty Midcap 150,FEDERALBNK,2016-04-01,,,snapshot_floor,,,yurukatsu/nse-historical-membership,index_history/data/index_membership_history.csv,850da8ca193b289fc7471eee28362a7a058f8c2e,inferred_or_snapshot
NIFTYMIDCAP150,Nifty Midcap 150,FINCABLES,2017-09-29,2019-09-27,,press_release,https://niftyindices.com/Press_Release/ind_prs28082017.pdf,closed by ind_prs28082019.pdf,yurukatsu/nse-historical-membership,index_history/data/index_membership_history.csv,850da8ca193b289fc7471eee28362a7a058f8c2e,explicit_source
NIFTYMIDCAP150,Nifty Midcap 150,FINEORG,2023-03-31,2023-09-29,,press_release,https://niftyindices.com/Press_Release/ind_prs17022023_1.pdf,closed by ind_prs17082023.pdf,yurukatsu/nse-historical-membership,index_history/data/index_membership_history.csv,850da8ca193b289fc7471eee28362a7a058f8c2e,explicit_source
NIFTYMIDCAP150,Nifty Midcap 150,FLUOROCHEM,2022-03-31,,,press_release,https://niftyindices.com/Press_Release/ind_prs24022022_1.pdf,,yurukatsu/nse-historical-membership,index_history/data/index_membership_history.csv,850da8ca193b289fc7471eee28362a7a058f8c2e,explicit_source
NIFTYMIDCAP150,Nifty Midcap 150,FORTIS,2016-04-01,2018-02-05,,snapshot_floor,,closed by ind_prs08012018.pdf,yurukatsu/nse-historical-membership,index_history/data/index_membership_history.csv,850da8ca193b289fc7471eee28362a7a058f8c2e,inferred_or_snapshot
NIFTYMIDCAP150,Nifty Midcap 150,FORTIS,2019-09-27,,,press_release,https://niftyindices.com/Press_Release/ind_prs28082019.pdf,,yurukatsu/nse-historical-membership,index_history/data/index_membership_history.csv,850da8ca193b289fc7471eee28362a7a058f8c2e,explicit_source
NIFTYMIDCAP150,Nifty Midcap 150,FRETAIL,2017-05-26,2017-10-30,,press_release,https://niftyindices.com/Press_Release/ind_prs27042017.pdf,closed by ind_prs16102017.pdf,yurukatsu/nse-historical-membership,index_history/data/index_membership_history.csv,850da8ca193b289fc7471eee28362a7a058f8c2e,explicit_source
NIFTYMIDCAP150,Nifty Midcap 150,FRETAIL,2018-06-29,2021-03-31,,press_release,https://niftyindices.com/Press_Release/ind_prs24052018.pdf,closed by ind_prs23022021.pdf,yurukatsu/nse-historical-membership,index_history/data/index_membership_history.csv,850da8ca193b289fc7471eee28362a7a058f8c2e,explicit_source
NIFTYMIDCAP150,Nifty Midcap 150,GESHIP,2016-04-01,2017-09-29,,snapshot_floor,,closed by ind_prs28082017.pdf,yurukatsu/nse-historical-membership,index_history/data/index_membership_history.csv,850da8ca193b289fc7471eee28362a7a058f8c2e,inferred_or_snapshot
NIFTYMIDCAP150,Nifty Midcap 150,GET&D,2016-04-01,2019-03-29,,snapshot_floor,,closed by ind_prs25022019.pdf,yurukatsu/nse-historical-membership,index_history/data/index_membership_history.csv,850da8ca193b289fc7471eee28362a7a058f8c2e,inferred_or_snapshot
NIFTYMIDCAP150,Nifty Midcap 150,GICRE,2021-03-31,,,press_release,https://niftyindices.com/Press_Release/ind_prs23022021.pdf,,yurukatsu/nse-historical-membership,index_history/data/index_membership_history.csv,850da8ca193b289fc7471eee28362a7a058f8c2e,explicit_source
NIFTYMIDCAP150,Nifty Midcap 150,GILLETTE,2016-04-01,2022-03-31,,snapshot_floor,,closed by ind_prs24022022_1.pdf,yurukatsu/nse-historical-membership,index_history/data/index_membership_history.csv,850da8ca193b289fc7471eee28362a7a058f8c2e,inferred_or_snapshot
NIFTYMIDCAP150,Nifty Midcap 150,GLAND,2023-03-31,2025-09-30,,press_release,https://niftyindices.com/Press_Release/ind_prs17022023_1.pdf,closed by ind_prs22082025.pdf,yurukatsu/nse-historical-membership,index_history/data/index_membership_history.csv,850da8ca193b289fc7471eee28362a7a058f8c2e,explicit_source
NIFTYMIDCAP150,Nifty Midcap 150,GLAXO,2018-04-02,,,press_release,https://niftyindices.com/Press_Release/ind_prs21022018.pdf,,yurukatsu/nse-historical-membership,index_history/data/index_membership_history.csv,850da8ca193b289fc7471eee28362a7a058f8c2e,explicit_source
NIFTYMIDCAP150,Nifty Midcap 150,GLENMARK,2018-04-02,2022-09-30,,press_release,https://niftyindices.com/Press_Release/ind_prs21022018.pdf,closed by ind_prs01092022.pdf,yurukatsu/nse-historical-membership,index_history/data/index_membership_history.csv,850da8ca193b289fc7471eee28362a7a058f8c2e,explicit_source
NIFTYMIDCAP150,Nifty Midcap 150,GLENMARK,2025-03-28,,,press_release,https://niftyindices.com/Press_Release/ind_prs21022025.pdf,,yurukatsu/nse-historical-membership,index_history/data/index_membership_history.csv,850da8ca193b289fc7471eee28362a7a058f8c2e,explicit_source
NIFTYMIDCAP150,Nifty Midcap 150,GMRAIRPORT,2016-04-01,2021-10-29,,snapshot_floor,,closed by ind_prs22102021.pdf,yurukatsu/nse-historical-membership,index_history/data/index_membership_history.csv,850da8ca193b289fc7471eee28362a7a058f8c2e,inferred_or_snapshot
NIFTYMIDCAP150,Nifty Midcap 150,GMRAIRPORT,2022-05-04,,,press_release,https://niftyindices.com/Press_Release/ind_prs05042022.pdf,,yurukatsu/nse-historical-membership,index_history/data/index_membership_history.csv,850da8ca193b289fc7471eee28362a7a058f8c2e,explicit_source
NIFTYMIDCAP150,Nifty Midcap 150,GODFRYPHLP,2025-09-30,,,press_release,https://niftyindices.com/Press_Release/ind_prs22082025.pdf,,yurukatsu/nse-historical-membership,index_history/data/index_membership_history.csv,850da8ca193b289fc7471eee28362a7a058f8c2e,explicit_source
NIFTYMIDCAP150,Nifty Midcap 150,GODREJAGRO,2018-04-02,2018-09-30,,press_release,https://niftyindices.com/Press_Release/ind_prs21022018.pdf,"inferred-exclude: not in NSE current snapshot, no PR found (closed at next semi-annual review)",yurukatsu/nse-historical-membership,index_history/data/index_membership_history.csv,850da8ca193b289fc7471eee28362a7a058f8c2e,explicit_source
NIFTYMIDCAP150,Nifty Midcap 150,GODREJIND,2016-04-01,,,snapshot_floor,,,yurukatsu/nse-historical-membership,index_history/data/index_membership_history.csv,850da8ca193b289fc7471eee28362a7a058f8c2e,inferred_or_snapshot
NIFTYMIDCAP150,Nifty Midcap 150,GODREJPROP,2016-04-01,,,snapshot_floor,,,yurukatsu/nse-historical-membership,index_history/data/index_membership_history.csv,850da8ca193b289fc7471eee28362a7a058f8c2e,inferred_or_snapshot
NIFTYMIDCAP150,Nifty Midcap 150,GPPL,2016-04-01,2018-04-02,,snapshot_floor,,closed by ind_prs21022018.pdf,yurukatsu/nse-historical-membership,index_history/data/index_membership_history.csv,850da8ca193b289fc7471eee28362a7a058f8c2e,inferred_or_snapshot
NIFTYMIDCAP150,Nifty Midcap 150,GRAPHITE,2018-09-28,2020-06-26,,press_release,https://niftyindices.com/Press_Release/ind_prs28082018.pdf,closed by ind_prs10062020.pdf,yurukatsu/nse-historical-membership,index_history/data/index_membership_history.csv,850da8ca193b289fc7471eee28362a7a058f8c2e,explicit_source
NIFTYMIDCAP150,Nifty Midcap 150,GRINDWELL,2022-03-31,2025-03-28,,press_release,https://niftyindices.com/Press_Release/ind_prs24022022_1.pdf,closed by ind_prs21022025.pdf,yurukatsu/nse-historical-membership,index_history/data/index_membership_history.csv,850da8ca193b289fc7471eee28362a7a058f8c2e,explicit_source
NIFTYMIDCAP150,Nifty Midcap 150,GROWW,2026-03-30,,,press_release,https://niftyindices.com/Press_Release/ind_prs23022026.pdf,,yurukatsu/nse-historical-membership,index_history/data/index_membership_history.csv,850da8ca193b289fc7471eee28362a7a058f8c2e,explicit_source
NIFTYMIDCAP150,Nifty Midcap 150,GSKCONS,2018-04-02,2018-09-30,,press_release,https://niftyindices.com/Press_Release/ind_prs21022018.pdf,"inferred-exclude: not in NSE current snapshot, no PR found (closed at next semi-annual review)",yurukatsu/nse-historical-membership,index_history/data/index_membership_history.csv,850da8ca193b289fc7471eee28362a7a058f8c2e,explicit_source
NIFTYMIDCAP150,Nifty Midcap 150,GSPL,2016-04-01,2023-03-31,,snapshot_floor,,closed by ind_prs17022023_1.pdf,yurukatsu/nse-historical-membership,index_history/data/index_membership_history.csv,850da8ca193b289fc7471eee28362a7a058f8c2e,inferred_or_snapshot
NIFTYMIDCAP150,Nifty Midcap 150,GUJFLUORO,2016-04-01,2018-09-28,,snapshot_floor,,closed by ind_prs28082018.pdf,yurukatsu/nse-historical-membership,index_history/data/index_membership_history.csv,850da8ca193b289fc7471eee28362a7a058f8c2e,inferred_or_snapshot
NIFTYMIDCAP150,Nifty Midcap 150,GUJFLUORO,2019-03-29,2019-06-28,,press_release,https://niftyindices.com/Press_Release/ind_prs25022019.pdf,closed by ind_prs13062019.pdf,yurukatsu/nse-historical-membership,index_history/data/index_membership_history.csv,850da8ca193b289fc7471eee28362a7a058f8c2e,explicit_source
NIFTYMIDCAP150,Nifty Midcap 150,GUJGASLTD,2016-04-01,2026-03-30,,snapshot_floor,,closed by ind_prs23022026.pdf,yurukatsu/nse-historical-membership,index_history/data/index_membership_history.csv,850da8ca193b289fc7471eee28362a7a058f8c2e,inferred_or_snapshot
NIFTYMIDCAP150,Nifty Midcap 150,GVT&D,2025-03-28,,,press_release,https://niftyindices.com/Press_Release/ind_prs21022025.pdf,,yurukatsu/nse-historical-membership,index_history/data/index_membership_history.csv,850da8ca193b289fc7471eee28362a7a058f8c2e,explicit_source
NIFTYMIDCAP150,Nifty Midcap 150,HAL,2018-09-28,2022-09-30,,press_release,https://niftyindices.com/Press_Release/ind_prs28082018.pdf,closed by ind_prs01092022.pdf,yurukatsu/nse-historical-membership,index_history/data/index_membership_history.csv,850da8ca193b289fc7471eee28362a7a058f8c2e,explicit_source
NIFTYMIDCAP150,Nifty Midcap 150,HAPPSTMNDS,2022-03-31,2023-09-29,,press_release,https://niftyindices.com/Press_Release/ind_prs24022022_1.pdf,closed by ind_prs17082023.pdf,yurukatsu/nse-historical-membership,index_history/data/index_membership_history.csv,850da8ca193b289fc7471eee28362a7a058f8c2e,explicit_source
NIFTYMIDCAP150,Nifty Midcap 150,HATSUN,2018-02-05,2023-03-31,,press_release,https://niftyindices.com/Press_Release/ind_prs08012018.pdf,closed by ind_prs17022023_1.pdf,yurukatsu/nse-historical-membership,index_history/data/index_membership_history.csv,850da8ca193b289fc7471eee28362a7a058f8c2e,explicit_source
NIFTYMIDCAP150,Nifty Midcap 150,HAVELLS,2026-03-30,,,press_release,https://niftyindices.com/Press_Release/ind_prs23022026.pdf,,yurukatsu/nse-historical-membership,index_history/data/index_membership_history.csv,850da8ca193b289fc7471eee28362a7a058f8c2e,explicit_source
NIFTYMIDCAP150,Nifty Midcap 150,HDBFS,2026-03-30,,,press_release,https://niftyindices.com/Press_Release/ind_prs23022026.pdf,,yurukatsu/nse-historical-membership,index_history/data/index_membership_history.csv,850da8ca193b289fc7471eee28362a7a058f8c2e,explicit_source
NIFTYMIDCAP150,Nifty Midcap 150,HDFCAMC,2023-09-29,2026-03-30,,press_release,https://niftyindices.com/Press_Release/ind_prs17082023.pdf,closed by ind_prs23022026.pdf,yurukatsu/nse-historical-membership,index_history/data/index_membership_history.csv,850da8ca193b289fc7471eee28362a7a058f8c2e,explicit_source
NIFTYMIDCAP150,Nifty Midcap 150,HEG,2018-09-28,2020-06-26,,press_release,https://niftyindices.com/Press_Release/ind_prs28082018.pdf,closed by ind_prs10062020.pdf,yurukatsu/nse-historical-membership,index_history/data/index_membership_history.csv,850da8ca193b289fc7471eee28362a7a058f8c2e,explicit_source
NIFTYMIDCAP150,Nifty Midcap 150,HEROMOTOCO,2025-09-30,,,press_release,https://niftyindices.com/Press_Release/ind_prs22082025.pdf,,yurukatsu/nse-historical-membership,index_history/data/index_membership_history.csv,850da8ca193b289fc7471eee28362a7a058f8c2e,explicit_source
NIFTYMIDCAP150,Nifty Midcap 150,HEXT,2025-09-30,,,press_release,https://niftyindices.com/Press_Release/ind_prs22082025.pdf,,yurukatsu/nse-historical-membership,index_history/data/index_membership_history.csv,850da8ca193b289fc7471eee28362a7a058f8c2e,explicit_source
NIFTYMIDCAP150,Nifty Midcap 150,HINDCOPPER,2016-04-01,2017-09-29,,snapshot_floor,,closed by ind_prs28082017.pdf,yurukatsu/nse-historical-membership,index_history/data/index_membership_history.csv,850da8ca193b289fc7471eee28362a7a058f8c2e,inferred_or_snapshot
NIFTYMIDCAP150,Nifty Midcap 150,HINDCOPPER,2021-09-30,2022-03-31,,press_release,https://niftyindices.com/Press_Release/ind_prs15092021.pdf,closed by ind_prs24022022_1.pdf,yurukatsu/nse-historical-membership,index_history/data/index_membership_history.csv,850da8ca193b289fc7471eee28362a7a058f8c2e,explicit_source
NIFTYMIDCAP150,Nifty Midcap 150,HINDCOPPER,2026-09-30,,,NSE/Nifty press release,https://www.niftyindices.com/Press_Release/ind_prs10082026.pdf,Official event overlay: Semi-annual broad-market review,,,,official_event_overlay
NIFTYMIDCAP150,Nifty Midcap 150,HINDPETRO,2022-03-31,,,press_release,https://niftyindices.com/Press_Release/ind_prs24022022_1.pdf,,yurukatsu/nse-historical-membership,index_history/data/index_membership_history.csv,850da8ca193b289fc7471eee28362a7a058f8c2e,explicit_source
NIFTYMIDCAP150,Nifty Midcap 150,HINDZINC,2021-03-31,2025-09-30,,press_release,https://niftyindices.com/Press_Release/ind_prs23022021.pdf,closed by ind_prs22082025.pdf,yurukatsu/nse-historical-membership,index_history/data/index_membership_history.csv,850da8ca193b289fc7471eee28362a7a058f8c2e,explicit_source
NIFTYMIDCAP150,Nifty Midcap 150,HONAUT,2016-04-01,2017-09-29,,snapshot_floor,,closed by ind_prs28082017.pdf,yurukatsu/nse-historical-membership,index_history/data/index_membership_history.csv,850da8ca193b289fc7471eee28362a7a058f8c2e,inferred_or_snapshot
NIFTYMIDCAP150,Nifty Midcap 150,HONAUT,2018-04-02,2026-09-30,,press_release,https://niftyindices.com/Press_Release/ind_prs21022018.pdf,,yurukatsu/nse-historical-membership,index_history/data/index_membership_history.csv,850da8ca193b289fc7471eee28362a7a058f8c2e,explicit_source
NIFTYMIDCAP150,Nifty Midcap 150,HUDCO,2017-10-30,2021-03-31,,press_release,https://niftyindices.com/Press_Release/ind_prs16102017.pdf,closed by ind_prs23022021.pdf,yurukatsu/nse-historical-membership,index_history/data/index_membership_history.csv,850da8ca193b289fc7471eee28362a7a058f8c2e,explicit_source
NIFTYMIDCAP150,Nifty Midcap 150,HUDCO,2024-09-30,,,press_release,https://niftyindices.com/Press_Release/ind_prs23082024.pdf,,yurukatsu/nse-historical-membership,index_history/data/index_membership_history.csv,850da8ca193b289fc7471eee28362a7a058f8c2e,explicit_source
NIFTYMIDCAP150,Nifty Midcap 150,IBREALEST,2018-04-02,2018-09-28,,press_release,https://niftyindices.com/Press_Release/ind_prs21022018.pdf,closed by ind_prs28082018.pdf,yurukatsu/nse-historical-membership,index_history/data/index_membership_history.csv,850da8ca193b289fc7471eee28362a7a058f8c2e,explicit_source
NIFTYMIDCAP150,Nifty Midcap 150,ICICIAMC,2026-03-30,,,press_release,https://niftyindices.com/Press_Release/ind_prs23022026.pdf,,yurukatsu/nse-historical-membership,index_history/data/index_membership_history.csv,850da8ca193b289fc7471eee28362a7a058f8c2e,explicit_source
NIFTYMIDCAP150,Nifty Midcap 150,ICICIGI,2018-04-02,2018-09-28,,press_release,https://niftyindices.com/Press_Release/ind_prs21022018.pdf,closed by ind_prs28082018.pdf,yurukatsu/nse-historical-membership,index_history/data/index_membership_history.csv,850da8ca193b289fc7471eee28362a7a058f8c2e,explicit_source
NIFTYMIDCAP150,Nifty Midcap 150,ICICIGI,2026-03-30,,,press_release,https://niftyindices.com/Press_Release/ind_prs23022026.pdf,,yurukatsu/nse-historical-membership,index_history/data/index_membership_history.csv,850da8ca193b289fc7471eee28362a7a058f8c2e,explicit_source
NIFTYMIDCAP150,Nifty Midcap 150,ICICIPRULI,2025-09-30,,,press_release,https://niftyindices.com/Press_Release/ind_prs22082025.pdf,,yurukatsu/nse-historical-membership,index_history/data/index_membership_history.csv,850da8ca193b289fc7471eee28362a7a058f8c2e,explicit_source
NIFTYMIDCAP150,Nifty Midcap 150,IDBI,2016-04-01,2020-09-25,,snapshot_floor,,closed by ind_prs20082020.pdf,yurukatsu/nse-historical-membership,index_history/data/index_membership_history.csv,850da8ca193b289fc7471eee28362a7a058f8c2e,inferred_or_snapshot
NIFTYMIDCAP150,Nifty Midcap 150,IDBI,2021-03-31,2021-09-30,,press_release,https://niftyindices.com/Press_Release/ind_prs23022021.pdf,closed by ind_prs15092021.pdf,yurukatsu/nse-historical-membership,index_history/data/index_membership_history.csv,850da8ca193b289fc7471eee28362a7a058f8c2e,explicit_source
NIFTYMIDCAP150,Nifty Midcap 150,IDBI,2022-03-31,2022-09-30,,press_release,https://niftyindices.com/Press_Release/ind_prs24022022_1.pdf,closed by ind_prs01092022.pdf,yurukatsu/nse-historical-membership,index_history/data/index_membership_history.csv,850da8ca193b289fc7471eee28362a7a058f8c2e,explicit_source
NIFTYMIDCAP150,Nifty Midcap 150,IDBI,2024-03-28,2025-03-28,,press_release,https://niftyindices.com/Press_Release/ind_prs28022024.pdf,closed by ind_prs21022025.pdf,yurukatsu/nse-historical-membership,index_history/data/index_membership_history.csv,850da8ca193b289fc7471eee28362a7a058f8c2e,explicit_source
NIFTYMIDCAP150,Nifty Midcap 150,IDBI,2025-09-30,2026-03-30,,press_release,https://niftyindices.com/Press_Release/ind_prs22082025.pdf,closed by ind_prs23022026.pdf,yurukatsu/nse-historical-membership,index_history/data/index_membership_history.csv,850da8ca193b289fc7471eee28362a7a058f8c2e,explicit_source
NIFTYMIDCAP150,Nifty Midcap 150,IDEA,2020-06-26,2024-09-30,,press_release,https://niftyindices.com/Press_Release/ind_prs10062020.pdf,closed by ind_prs23082024.pdf,yurukatsu/nse-historical-membership,index_history/data/index_membership_history.csv,850da8ca193b289fc7471eee28362a7a058f8c2e,explicit_source
NIFTYMIDCAP150,Nifty Midcap 150,IDEA,2026-03-31,2026-09-30,,snapshot,,"inferred-include: in NSE current snapshot, no PR found (opened at most-recent semi-annual review)",yurukatsu/nse-historical-membership,index_history/data/index_membership_history.csv,850da8ca193b289fc7471eee28362a7a058f8c2e,inferred_or_snapshot
NIFTYMIDCAP150,Nifty Midcap 150,IDFC,2016-04-01,2018-09-28,,snapshot_floor,,closed by ind_prs28082018.pdf,yurukatsu/nse-historical-membership,index_history/data/index_membership_history.csv,850da8ca193b289fc7471eee28362a7a058f8c2e,inferred_or_snapshot
NIFTYMIDCAP150,Nifty Midcap 150,IDFCFIRSTB,2016-04-01,,,snapshot_floor,,,yurukatsu/nse-historical-membership,index_history/data/index_membership_history.csv,850da8ca193b289fc7471eee28362a7a058f8c2e,inferred_or_snapshot
NIFTYMIDCAP150,Nifty Midcap 150,IEX,2022-03-31,2023-03-31,,press_release,https://niftyindices.com/Press_Release/ind_prs24022022_1.pdf,closed by ind_prs17022023_1.pdf,yurukatsu/nse-historical-membership,index_history/data/index_membership_history.csv,850da8ca193b289fc7471eee28362a7a058f8c2e,explicit_source
NIFTYMIDCAP150,Nifty Midcap 150,IGL,2016-04-01,2020-06-26,,snapshot_floor,,closed by ind_prs10062020.pdf,yurukatsu/nse-historical-membership,index_history/data/index_membership_history.csv,850da8ca193b289fc7471eee28362a7a058f8c2e,inferred_or_snapshot
NIFTYMIDCAP150,Nifty Midcap 150,IGL,2022-03-31,2026-03-30,,press_release,https://niftyindices.com/Press_Release/ind_prs24022022_1.pdf,closed by ind_prs23022026.pdf,yurukatsu/nse-historical-membership,index_history/data/index_membership_history.csv,850da8ca193b289fc7471eee28362a7a058f8c2e,explicit_source
NIFTYMIDCAP150,Nifty Midcap 150,IIFL,2016-04-01,2017-06-23,,snapshot_floor,,closed by ind_prs15062017.pdf,yurukatsu/nse-historical-membership,index_history/data/index_membership_history.csv,850da8ca193b289fc7471eee28362a7a058f8c2e,inferred_or_snapshot
NIFTYMIDCAP150,Nifty Midcap 150,IIFL,2018-04-02,2018-12-28,,press_release,https://niftyindices.com/Press_Release/ind_prs21022018.pdf,closed by ind_prs14122018.pdf,yurukatsu/nse-historical-membership,index_history/data/index_membership_history.csv,850da8ca193b289fc7471eee28362a7a058f8c2e,explicit_source
NIFTYMIDCAP150,Nifty Midcap 150,IIFLWAM,2020-06-26,2021-09-30,,press_release,https://niftyindices.com/Press_Release/ind_prs10062020.pdf,closed by ind_prs15092021.pdf,yurukatsu/nse-historical-membership,index_history/data/index_membership_history.csv,850da8ca193b289fc7471eee28362a7a058f8c2e,explicit_source
NIFTYMIDCAP150,Nifty Midcap 150,INDHOTEL,2016-04-01,2025-03-28,,snapshot_floor,,closed by ind_prs21022025.pdf,yurukatsu/nse-historical-membership,index_history/data/index_membership_history.csv,850da8ca193b289fc7471eee28362a7a058f8c2e,inferred_or_snapshot
NIFTYMIDCAP150,Nifty Midcap 150,INDHOTEL,2026-09-30,,,NSE/Nifty press release,https://www.niftyindices.com/Press_Release/ind_prs10082026.pdf,Official event overlay: Semi-annual broad-market review,,,,official_event_overlay
NIFTYMIDCAP150,Nifty Midcap 150,INDIAMART,2021-03-31,2023-03-31,,press_release,https://niftyindices.com/Press_Release/ind_prs23022021.pdf,closed by ind_prs17022023_1.pdf,yurukatsu/nse-historical-membership,index_history/data/index_membership_history.csv,850da8ca193b289fc7471eee28362a7a058f8c2e,explicit_source
NIFTYMIDCAP150,Nifty Midcap 150,INDIANB,2016-04-01,2020-06-26,,snapshot_floor,,closed by ind_prs10062020.pdf,yurukatsu/nse-historical-membership,index_history/data/index_membership_history.csv,850da8ca193b289fc7471eee28362a7a058f8c2e,inferred_or_snapshot
NIFTYMIDCAP150,Nifty Midcap 150,INDIANB,2021-09-30,,,press_release,https://niftyindices.com/Press_Release/ind_prs15092021.pdf,,yurukatsu/nse-historical-membership,index_history/data/index_membership_history.csv,850da8ca193b289fc7471eee28362a7a058f8c2e,explicit_source
NIFTYMIDCAP150,Nifty Midcap 150,INDUSINDBK,2025-09-30,,,press_release,https://niftyindices.com/Press_Release/ind_prs22082025.pdf,,yurukatsu/nse-historical-membership,index_history/data/index_membership_history.csv,850da8ca193b289fc7471eee28362a7a058f8c2e,explicit_source
NIFTYMIDCAP150,Nifty Midcap 150,INDUSTOWER,2023-09-29,,,press_release,https://niftyindices.com/Press_Release/ind_prs17082023.pdf,,yurukatsu/nse-historical-membership,index_history/data/index_membership_history.csv,850da8ca193b289fc7471eee28362a7a058f8c2e,explicit_source
NIFTYMIDCAP150,Nifty Midcap 150,INOXWIND,2016-04-01,2017-03-31,,snapshot_floor,,closed by ind_prs16022017.pdf,yurukatsu/nse-historical-membership,index_history/data/index_membership_history.csv,850da8ca193b289fc7471eee28362a7a058f8c2e,inferred_or_snapshot
NIFTYMIDCAP150,Nifty Midcap 150,IOB,2016-04-01,2018-04-02,,snapshot_floor,,closed by ind_prs21022018.pdf,yurukatsu/nse-historical-membership,index_history/data/index_membership_history.csv,850da8ca193b289fc7471eee28362a7a058f8c2e,inferred_or_snapshot
NIFTYMIDCAP150,Nifty Midcap 150,IOB,2019-09-27,2020-09-25,,press_release,https://niftyindices.com/Press_Release/ind_prs28082019.pdf,closed by ind_prs20082020.pdf,yurukatsu/nse-historical-membership,index_history/data/index_membership_history.csv,850da8ca193b289fc7471eee28362a7a058f8c2e,explicit_source
NIFTYMIDCAP150,Nifty Midcap 150,IOB,2024-09-30,2025-03-28,,press_release,https://niftyindices.com/Press_Release/ind_prs23082024.pdf,closed by ind_prs21022025.pdf,yurukatsu/nse-historical-membership,index_history/data/index_membership_history.csv,850da8ca193b289fc7471eee28362a7a058f8c2e,explicit_source
NIFTYMIDCAP150,Nifty Midcap 150,IOB,2025-09-30,2026-03-30,,press_release,https://niftyindices.com/Press_Release/ind_prs22082025.pdf,closed by ind_prs23022026.pdf,yurukatsu/nse-historical-membership,index_history/data/index_membership_history.csv,850da8ca193b289fc7471eee28362a7a058f8c2e,explicit_source
NIFTYMIDCAP150,Nifty Midcap 150,IOB,2026-09-30,,,NSE/Nifty press release,https://www.niftyindices.com/Press_Release/ind_prs10082026.pdf,Official event overlay: Semi-annual broad-market review,,,,official_event_overlay
NIFTYMIDCAP150,Nifty Midcap 150,IPCALAB,2016-04-01,2018-04-02,,snapshot_floor,,closed by ind_prs21022018.pdf,yurukatsu/nse-historical-membership,index_history/data/index_membership_history.csv,850da8ca193b289fc7471eee28362a7a058f8c2e,inferred_or_snapshot
NIFTYMIDCAP150,Nifty Midcap 150,IPCALAB,2019-03-29,,,press_release,https://niftyindices.com/Press_Release/ind_prs25022019.pdf,,yurukatsu/nse-historical-membership,index_history/data/index_membership_history.csv,850da8ca193b289fc7471eee28362a7a058f8c2e,explicit_source
NIFTYMIDCAP150,Nifty Midcap 150,IRB,2016-04-01,2018-09-28,,snapshot_floor,,closed by ind_prs28082018.pdf,yurukatsu/nse-historical-membership,index_history/data/index_membership_history.csv,850da8ca193b289fc7471eee28362a7a058f8c2e,inferred_or_snapshot
NIFTYMIDCAP150,Nifty Midcap 150,IRB,2024-09-30,2026-03-30,,press_release,https://niftyindices.com/Press_Release/ind_prs23082024.pdf,closed by ind_prs23022026.pdf,yurukatsu/nse-historical-membership,index_history/data/index_membership_history.csv,850da8ca193b289fc7471eee28362a7a058f8c2e,explicit_source
NIFTYMIDCAP150,Nifty Midcap 150,IRCTC,2020-06-26,2022-09-30,,press_release,https://niftyindices.com/Press_Release/ind_prs10062020.pdf,closed by ind_prs01092022.pdf,yurukatsu/nse-historical-membership,index_history/data/index_membership_history.csv,850da8ca193b289fc7471eee28362a7a058f8c2e,explicit_source
NIFTYMIDCAP150,Nifty Midcap 150,IRCTC,2025-03-28,,,press_release,https://niftyindices.com/Press_Release/ind_prs21022025.pdf,,yurukatsu/nse-historical-membership,index_history/data/index_membership_history.csv,850da8ca193b289fc7471eee28362a7a058f8c2e,explicit_source
NIFTYMIDCAP150,Nifty Midcap 150,IREDA,2024-09-30,,,press_release,https://niftyindices.com/Press_Release/ind_prs23082024.pdf,,yurukatsu/nse-historical-membership,index_history/data/index_membership_history.csv,850da8ca193b289fc7471eee28362a7a058f8c2e,explicit_source
NIFTYMIDCAP150,Nifty Midcap 150,IRFC,2021-09-30,2024-03-28,,press_release,https://niftyindices.com/Press_Release/ind_prs15092021.pdf,closed by ind_prs28022024.pdf,yurukatsu/nse-historical-membership,index_history/data/index_membership_history.csv,850da8ca193b289fc7471eee28362a7a058f8c2e,explicit_source
NIFTYMIDCAP150,Nifty Midcap 150,ISEC,2018-09-28,2024-09-30,,press_release,https://niftyindices.com/Press_Release/ind_prs28082018.pdf,closed by ind_prs23082024.pdf,yurukatsu/nse-historical-membership,index_history/data/index_membership_history.csv,850da8ca193b289fc7471eee28362a7a058f8c2e,explicit_source
NIFTYMIDCAP150,Nifty Midcap 150,ITCHOTELS,2025-09-30,,,press_release,https://niftyindices.com/Press_Release/ind_prs22082025.pdf,,yurukatsu/nse-historical-membership,index_history/data/index_membership_history.csv,850da8ca193b289fc7471eee28362a7a058f8c2e,explicit_source
NIFTYMIDCAP150,Nifty Midcap 150,ITI,2020-09-25,2022-03-31,,press_release,https://niftyindices.com/Press_Release/ind_prs20082020.pdf,closed by ind_prs24022022_1.pdf,yurukatsu/nse-historical-membership,index_history/data/index_membership_history.csv,850da8ca193b289fc7471eee28362a7a058f8c2e,explicit_source
NIFTYMIDCAP150,Nifty Midcap 150,JAGRAN,2016-04-01,2017-09-29,,snapshot_floor,,closed by ind_prs28082017.pdf,yurukatsu/nse-historical-membership,index_history/data/index_membership_history.csv,850da8ca193b289fc7471eee28362a7a058f8c2e,inferred_or_snapshot
NIFTYMIDCAP150,Nifty Midcap 150,JETAIRWAYS,2016-04-01,2017-03-31,,snapshot_floor,,closed by ind_prs16022017.pdf,yurukatsu/nse-historical-membership,index_history/data/index_membership_history.csv,850da8ca193b289fc7471eee28362a7a058f8c2e,inferred_or_snapshot
NIFTYMIDCAP150,Nifty Midcap 150,JINDALSTEL,2016-04-01,2021-09-30,,snapshot_floor,,closed by ind_prs15092021.pdf,yurukatsu/nse-historical-membership,index_history/data/index_membership_history.csv,850da8ca193b289fc7471eee28362a7a058f8c2e,inferred_or_snapshot
NIFTYMIDCAP150,Nifty Midcap 150,JINDALSTEL,2022-03-31,2022-09-30,,press_release,https://niftyindices.com/Press_Release/ind_prs24022022_1.pdf,"inferred-exclude: not in NSE current snapshot, no PR found (closed at next semi-annual review)",yurukatsu/nse-historical-membership,index_history/data/index_membership_history.csv,850da8ca193b289fc7471eee28362a7a058f8c2e,explicit_source
NIFTYMIDCAP150,Nifty Midcap 150,JKCEMENT,2020-06-26,,,press_release,https://niftyindices.com/Press_Release/ind_prs10062020.pdf,,yurukatsu/nse-historical-membership,index_history/data/index_membership_history.csv,850da8ca193b289fc7471eee28362a7a058f8c2e,explicit_source
NIFTYMIDCAP150,Nifty Midcap 150,JMFINANCIL,2017-09-29,2019-09-27,,press_release,https://niftyindices.com/Press_Release/ind_prs28082017.pdf,closed by ind_prs28082019.pdf,yurukatsu/nse-historical-membership,index_history/data/index_membership_history.csv,850da8ca193b289fc7471eee28362a7a058f8c2e,explicit_source
NIFTYMIDCAP150,Nifty Midcap 150,JMFINANCIL,2020-09-25,2021-09-30,,press_release,https://niftyindices.com/Press_Release/ind_prs20082020.pdf,closed by ind_prs15092021.pdf,yurukatsu/nse-historical-membership,index_history/data/index_membership_history.csv,850da8ca193b289fc7471eee28362a7a058f8c2e,explicit_source
NIFTYMIDCAP150,Nifty Midcap 150,JSL,2023-09-29,,,press_release,https://niftyindices.com/Press_Release/ind_prs17082023.pdf,,yurukatsu/nse-historical-membership,index_history/data/index_membership_history.csv,850da8ca193b289fc7471eee28362a7a058f8c2e,explicit_source
NIFTYMIDCAP150,Nifty Midcap 150,JSWENERGY,2016-04-01,2024-09-30,,snapshot_floor,,closed by ind_prs23082024.pdf,yurukatsu/nse-historical-membership,index_history/data/index_membership_history.csv,850da8ca193b289fc7471eee28362a7a058f8c2e,inferred_or_snapshot
NIFTYMIDCAP150,Nifty Midcap 150,JSWENERGY,2026-03-30,,,press_release,https://niftyindices.com/Press_Release/ind_prs23022026.pdf,,yurukatsu/nse-historical-membership,index_history/data/index_membership_history.csv,850da8ca193b289fc7471eee28362a7a058f8c2e,explicit_source
NIFTYMIDCAP150,Nifty Midcap 150,JSWINFRA,2024-03-28,,,press_release,https://niftyindices.com/Press_Release/ind_prs28022024.pdf,,yurukatsu/nse-historical-membership,index_history/data/index_membership_history.csv,850da8ca193b289fc7471eee28362a7a058f8c2e,explicit_source
NIFTYMIDCAP150,Nifty Midcap 150,JUBLFOOD,2016-04-01,2021-03-31,,snapshot_floor,,closed by ind_prs23022021.pdf,yurukatsu/nse-historical-membership,index_history/data/index_membership_history.csv,850da8ca193b289fc7471eee28362a7a058f8c2e,inferred_or_snapshot
NIFTYMIDCAP150,Nifty Midcap 150,JUBLFOOD,2022-09-30,,,press_release,https://niftyindices.com/Press_Release/ind_prs01092022.pdf,,yurukatsu/nse-historical-membership,index_history/data/index_membership_history.csv,850da8ca193b289fc7471eee28362a7a058f8c2e,explicit_source
NIFTYMIDCAP150,Nifty Midcap 150,JUSTDIAL,2016-04-01,2017-03-31,,snapshot_floor,,closed by ind_prs16022017.pdf,yurukatsu/nse-historical-membership,index_history/data/index_membership_history.csv,850da8ca193b289fc7471eee28362a7a058f8c2e,inferred_or_snapshot
NIFTYMIDCAP150,Nifty Midcap 150,JYOTHYLAB,2016-04-01,2018-04-02,,snapshot_floor,,closed by ind_prs21022018.pdf,yurukatsu/nse-historical-membership,index_history/data/index_membership_history.csv,850da8ca193b289fc7471eee28362a7a058f8c2e,inferred_or_snapshot
NIFTYMIDCAP150,Nifty Midcap 150,KAJARIACER,2016-04-01,2018-09-28,,snapshot_floor,,closed by ind_prs28082018.pdf,yurukatsu/nse-historical-membership,index_history/data/index_membership_history.csv,850da8ca193b289fc7471eee28362a7a058f8c2e,inferred_or_snapshot
NIFTYMIDCAP150,Nifty Midcap 150,KAJARIACER,2021-09-30,2024-09-30,,press_release,https://niftyindices.com/Press_Release/ind_prs15092021.pdf,closed by ind_prs23082024.pdf,yurukatsu/nse-historical-membership,index_history/data/index_membership_history.csv,850da8ca193b289fc7471eee28362a7a058f8c2e,explicit_source
NIFTYMIDCAP150,Nifty Midcap 150,KALYANKJIL,2024-03-28,,,press_release,https://niftyindices.com/Press_Release/ind_prs28022024.pdf,,yurukatsu/nse-historical-membership,index_history/data/index_membership_history.csv,850da8ca193b289fc7471eee28362a7a058f8c2e,explicit_source
NIFTYMIDCAP150,Nifty Midcap 150,KANSAINER,2016-04-01,2024-09-30,,snapshot_floor,,closed by ind_prs23082024.pdf,yurukatsu/nse-historical-membership,index_history/data/index_membership_history.csv,850da8ca193b289fc7471eee28362a7a058f8c2e,inferred_or_snapshot
NIFTYMIDCAP150,Nifty Midcap 150,KARURVYSYA,2016-04-01,2018-09-28,,snapshot_floor,,closed by ind_prs28082018.pdf,yurukatsu/nse-historical-membership,index_history/data/index_membership_history.csv,850da8ca193b289fc7471eee28362a7a058f8c2e,inferred_or_snapshot
NIFTYMIDCAP150,Nifty Midcap 150,KEI,2024-03-28,,,press_release,https://niftyindices.com/Press_Release/ind_prs28022024.pdf,,yurukatsu/nse-historical-membership,index_history/data/index_membership_history.csv,850da8ca193b289fc7471eee28362a7a058f8c2e,explicit_source
NIFTYMIDCAP150,Nifty Midcap 150,KIOCL,2018-06-29,2019-09-27,,press_release,https://niftyindices.com/Press_Release/ind_prs24052018.pdf,closed by ind_prs28082019.pdf,yurukatsu/nse-historical-membership,index_history/data/index_membership_history.csv,850da8ca193b289fc7471eee28362a7a058f8c2e,explicit_source
NIFTYMIDCAP150,Nifty Midcap 150,KPITTECH,2023-09-29,2026-09-30,,press_release,https://niftyindices.com/Press_Release/ind_prs17082023.pdf,,yurukatsu/nse-historical-membership,index_history/data/index_membership_history.csv,850da8ca193b289fc7471eee28362a7a058f8c2e,explicit_source
NIFTYMIDCAP150,Nifty Midcap 150,KPRMILL,2022-09-30,,,press_release,https://niftyindices.com/Press_Release/ind_prs01092022.pdf,,yurukatsu/nse-historical-membership,index_history/data/index_membership_history.csv,850da8ca193b289fc7471eee28362a7a058f8c2e,explicit_source
NIFTYMIDCAP150,Nifty Midcap 150,KRBL,2017-06-23,2020-06-26,,press_release,https://niftyindices.com/Press_Release/ind_prs15062017.pdf,closed by ind_prs10062020.pdf,yurukatsu/nse-historical-membership,index_history/data/index_membership_history.csv,850da8ca193b289fc7471eee28362a7a058f8c2e,explicit_source
NIFTYMIDCAP150,Nifty Midcap 150,LALPATHLAB,2016-04-01,2018-04-02,,snapshot_floor,,closed by ind_prs21022018.pdf,yurukatsu/nse-historical-membership,index_history/data/index_membership_history.csv,850da8ca193b289fc7471eee28362a7a058f8c2e,inferred_or_snapshot
NIFTYMIDCAP150,Nifty Midcap 150,LALPATHLAB,2019-12-27,2024-09-30,,press_release,https://niftyindices.com/Press_Release/ind_prs16122019.pdf,closed by ind_prs23082024.pdf,yurukatsu/nse-historical-membership,index_history/data/index_membership_history.csv,850da8ca193b289fc7471eee28362a7a058f8c2e,explicit_source
NIFTYMIDCAP150,Nifty Midcap 150,LAURUSLABS,2021-03-31,2024-09-30,,press_release,https://niftyindices.com/Press_Release/ind_prs23022021.pdf,closed by ind_prs23082024.pdf,yurukatsu/nse-historical-membership,index_history/data/index_membership_history.csv,850da8ca193b289fc7471eee28362a7a058f8c2e,explicit_source
NIFTYMIDCAP150,Nifty Midcap 150,LAURUSLABS,2026-03-30,,,press_release,https://niftyindices.com/Press_Release/ind_prs23022026.pdf,,yurukatsu/nse-historical-membership,index_history/data/index_membership_history.csv,850da8ca193b289fc7471eee28362a7a058f8c2e,explicit_source
NIFTYMIDCAP150,Nifty Midcap 150,LENSKART,2026-03-30,,,press_release,https://niftyindices.com/Press_Release/ind_prs23022026.pdf,,yurukatsu/nse-historical-membership,index_history/data/index_membership_history.csv,850da8ca193b289fc7471eee28362a7a058f8c2e,explicit_source
NIFTYMIDCAP150,Nifty Midcap 150,LGEINDIA,2026-03-30,,,press_release,https://niftyindices.com/Press_Release/ind_prs23022026.pdf,,yurukatsu/nse-historical-membership,index_history/data/index_membership_history.csv,850da8ca193b289fc7471eee28362a7a058f8c2e,explicit_source
NIFTYMIDCAP150,Nifty Midcap 150,LICHSGFIN,2019-03-29,,,press_release,https://niftyindices.com/Press_Release/ind_prs25022019.pdf,,yurukatsu/nse-historical-membership,index_history/data/index_membership_history.csv,850da8ca193b289fc7471eee28362a7a058f8c2e,explicit_source
NIFTYMIDCAP150,Nifty Midcap 150,LICI,2026-03-30,,,press_release,https://niftyindices.com/Press_Release/ind_prs23022026.pdf,,yurukatsu/nse-historical-membership,index_history/data/index_membership_history.csv,850da8ca193b289fc7471eee28362a7a058f8c2e,explicit_source
NIFTYMIDCAP150,Nifty Midcap 150,LINDEINDIA,2021-09-30,,,press_release,https://niftyindices.com/Press_Release/ind_prs15092021.pdf,,yurukatsu/nse-historical-membership,index_history/data/index_membership_history.csv,850da8ca193b289fc7471eee28362a7a058f8c2e,explicit_source
NIFTYMIDCAP150,Nifty Midcap 150,LLOYDSME,2024-03-28,,,press_release,https://niftyindices.com/Press_Release/ind_prs28022024.pdf,,yurukatsu/nse-historical-membership,index_history/data/index_membership_history.csv,850da8ca193b289fc7471eee28362a7a058f8c2e,explicit_source
NIFTYMIDCAP150,Nifty Midcap 150,LODHA,2021-09-30,2024-09-30,,press_release,https://niftyindices.com/Press_Release/ind_prs15092021.pdf,closed by ind_prs23082024.pdf,yurukatsu/nse-historical-membership,index_history/data/index_membership_history.csv,850da8ca193b289fc7471eee28362a7a058f8c2e,explicit_source
NIFTYMIDCAP150,Nifty Midcap 150,LODHA,2026-09-30,,,NSE/Nifty press release,https://www.niftyindices.com/Press_Release/ind_prs10082026.pdf,Official event overlay: Semi-annual broad-market review,,,,official_event_overlay
NIFTYMIDCAP150,Nifty Midcap 150,LTF,2016-04-01,2018-04-02,,snapshot_floor,,closed by ind_prs21022018.pdf,yurukatsu/nse-historical-membership,index_history/data/index_membership_history.csv,850da8ca193b289fc7471eee28362a7a058f8c2e,inferred_or_snapshot
NIFTYMIDCAP150,Nifty Midcap 150,LTF,2020-06-26,,,press_release,https://niftyindices.com/Press_Release/ind_prs10062020.pdf,,yurukatsu/nse-historical-membership,index_history/data/index_membership_history.csv,850da8ca193b289fc7471eee28362a7a058f8c2e,explicit_source
NIFTYMIDCAP150,Nifty Midcap 150,LTM,2017-03-31,2022-03-31,,press_release,https://niftyindices.com/Press_Release/ind_prs16022017.pdf,closed by ind_prs24022022_1.pdf,yurukatsu/nse-historical-membership,index_history/data/index_membership_history.csv,850da8ca193b289fc7471eee28362a7a058f8c2e,explicit_source
NIFTYMIDCAP150,Nifty Midcap 150,LTTS,2017-03-31,,,press_release,https://niftyindices.com/Press_Release/ind_prs16022017.pdf,,yurukatsu/nse-historical-membership,index_history/data/index_membership_history.csv,850da8ca193b289fc7471eee28362a7a058f8c2e,explicit_source
NIFTYMIDCAP150,Nifty Midcap 150,LUPIN,2022-09-30,,,press_release,https://niftyindices.com/Press_Release/ind_prs01092022.pdf,,yurukatsu/nse-historical-membership,index_history/data/index_membership_history.csv,850da8ca193b289fc7471eee28362a7a058f8c2e,explicit_source
NIFTYMIDCAP150,Nifty Midcap 150,M&MFIN,2016-04-01,,,snapshot_floor,,,yurukatsu/nse-historical-membership,index_history/data/index_membership_history.csv,850da8ca193b289fc7471eee28362a7a058f8c2e,inferred_or_snapshot
NIFTYMIDCAP150,Nifty Midcap 150,MAHABANK,2023-09-29,,,press_release,https://niftyindices.com/Press_Release/ind_prs17082023.pdf,,yurukatsu/nse-historical-membership,index_history/data/index_membership_history.csv,850da8ca193b289fc7471eee28362a7a058f8c2e,explicit_source
NIFTYMIDCAP150,Nifty Midcap 150,MAHINDCIE,2016-04-01,2020-06-26,,snapshot_floor,,closed by ind_prs10062020.pdf,yurukatsu/nse-historical-membership,index_history/data/index_membership_history.csv,850da8ca193b289fc7471eee28362a7a058f8c2e,inferred_or_snapshot
NIFTYMIDCAP150,Nifty Midcap 150,MANAPPURAM,2017-03-31,2022-09-30,,press_release,https://niftyindices.com/Press_Release/ind_prs16022017.pdf,closed by ind_prs01092022.pdf,yurukatsu/nse-historical-membership,index_history/data/index_membership_history.csv,850da8ca193b289fc7471eee28362a7a058f8c2e,explicit_source
NIFTYMIDCAP150,Nifty Midcap 150,MANKIND,2023-07-13,,,press_release,https://niftyindices.com/Press_Release/ind_prs04072023.pdf,,yurukatsu/nse-historical-membership,index_history/data/index_membership_history.csv,850da8ca193b289fc7471eee28362a7a058f8c2e,explicit_source
NIFTYMIDCAP150,Nifty Midcap 150,MANYAVAR,2022-09-30,2024-09-30,,press_release,https://niftyindices.com/Press_Release/ind_prs01092022.pdf,closed by ind_prs23082024.pdf,yurukatsu/nse-historical-membership,index_history/data/index_membership_history.csv,850da8ca193b289fc7471eee28362a7a058f8c2e,explicit_source
NIFTYMIDCAP150,Nifty Midcap 150,MARICO,2024-09-30,,,press_release,https://niftyindices.com/Press_Release/ind_prs23082024.pdf,,yurukatsu/nse-historical-membership,index_history/data/index_membership_history.csv,850da8ca193b289fc7471eee28362a7a058f8c2e,explicit_source
NIFTYMIDCAP150,Nifty Midcap 150,MAXHEALTH,2021-03-31,2025-09-30,,press_release,https://niftyindices.com/Press_Release/ind_prs23022021.pdf,closed by ind_prs22082025.pdf,yurukatsu/nse-historical-membership,index_history/data/index_membership_history.csv,850da8ca193b289fc7471eee28362a7a058f8c2e,explicit_source
NIFTYMIDCAP150,Nifty Midcap 150,MAZDOCK,2023-09-29,2025-09-30,,press_release,https://niftyindices.com/Press_Release/ind_prs17082023.pdf,closed by ind_prs22082025.pdf,yurukatsu/nse-historical-membership,index_history/data/index_membership_history.csv,850da8ca193b289fc7471eee28362a7a058f8c2e,explicit_source
NIFTYMIDCAP150,Nifty Midcap 150,MCX,2026-03-30,,,press_release,https://niftyindices.com/Press_Release/ind_prs23022026.pdf,,yurukatsu/nse-historical-membership,index_history/data/index_membership_history.csv,850da8ca193b289fc7471eee28362a7a058f8c2e,explicit_source
NIFTYMIDCAP150,Nifty Midcap 150,MEDANTA,2024-09-30,,,press_release,https://niftyindices.com/Press_Release/ind_prs23082024.pdf,,yurukatsu/nse-historical-membership,index_history/data/index_membership_history.csv,850da8ca193b289fc7471eee28362a7a058f8c2e,explicit_source
NIFTYMIDCAP150,Nifty Midcap 150,MEESHO,2026-09-30,,,NSE/Nifty press release,https://www.niftyindices.com/Press_Release/ind_prs10082026.pdf,Official event overlay: Semi-annual broad-market review,,,,official_event_overlay
NIFTYMIDCAP150,Nifty Midcap 150,METROBRAND,2023-03-31,2025-03-28,,press_release,https://niftyindices.com/Press_Release/ind_prs17022023_1.pdf,closed by ind_prs21022025.pdf,yurukatsu/nse-historical-membership,index_history/data/index_membership_history.csv,850da8ca193b289fc7471eee28362a7a058f8c2e,explicit_source
NIFTYMIDCAP150,Nifty Midcap 150,METROPOLIS,2020-09-25,2022-09-30,,press_release,https://niftyindices.com/Press_Release/ind_prs20082020.pdf,closed by ind_prs01092022.pdf,yurukatsu/nse-historical-membership,index_history/data/index_membership_history.csv,850da8ca193b289fc7471eee28362a7a058f8c2e,explicit_source
NIFTYMIDCAP150,Nifty Midcap 150,MFSL,2016-04-01,2017-01-23,,snapshot_floor,,closed by ind_prs16012017.pdf,yurukatsu/nse-historical-membership,index_history/data/index_membership_history.csv,850da8ca193b289fc7471eee28362a7a058f8c2e,inferred_or_snapshot
NIFTYMIDCAP150,Nifty Midcap 150,MFSL,2017-09-29,,,press_release,https://niftyindices.com/Press_Release/ind_prs29082017.pdf,,yurukatsu/nse-historical-membership,index_history/data/index_membership_history.csv,850da8ca193b289fc7471eee28362a7a058f8c2e,explicit_source
NIFTYMIDCAP150,Nifty Midcap 150,MGL,2017-05-26,2022-03-31,,press_release,https://niftyindices.com/Press_Release/ind_prs27042017.pdf,closed by ind_prs24022022_1.pdf,yurukatsu/nse-historical-membership,index_history/data/index_membership_history.csv,850da8ca193b289fc7471eee28362a7a058f8c2e,explicit_source
NIFTYMIDCAP150,Nifty Midcap 150,MOTHERSON,2022-09-30,2025-09-30,,press_release,https://niftyindices.com/Press_Release/ind_prs01092022.pdf,closed by ind_prs22082025.pdf,yurukatsu/nse-historical-membership,index_history/data/index_membership_history.csv,850da8ca193b289fc7471eee28362a7a058f8c2e,explicit_source
NIFTYMIDCAP150,Nifty Midcap 150,MOTILALOFS,2017-03-31,2022-03-31,,press_release,https://niftyindices.com/Press_Release/ind_prs16022017.pdf,closed by ind_prs24022022_1.pdf,yurukatsu/nse-historical-membership,index_history/data/index_membership_history.csv,850da8ca193b289fc7471eee28362a7a058f8c2e,explicit_source
NIFTYMIDCAP150,Nifty Midcap 150,MOTILALOFS,2025-03-28,,,press_release,https://niftyindices.com/Press_Release/ind_prs21022025.pdf,,yurukatsu/nse-historical-membership,index_history/data/index_membership_history.csv,850da8ca193b289fc7471eee28362a7a058f8c2e,explicit_source
NIFTYMIDCAP150,Nifty Midcap 150,MPHASIS,2016-04-01,2022-09-30,,snapshot_floor,,closed by ind_prs01092022.pdf,yurukatsu/nse-historical-membership,index_history/data/index_membership_history.csv,850da8ca193b289fc7471eee28362a7a058f8c2e,inferred_or_snapshot
NIFTYMIDCAP150,Nifty Midcap 150,MPHASIS,2023-03-31,,,press_release,https://niftyindices.com/Press_Release/ind_prs17022023_1.pdf,,yurukatsu/nse-historical-membership,index_history/data/index_membership_history.csv,850da8ca193b289fc7471eee28362a7a058f8c2e,explicit_source
NIFTYMIDCAP150,Nifty Midcap 150,MRF,2016-04-01,2017-09-29,,snapshot_floor,,closed by ind_prs28082017.pdf,yurukatsu/nse-historical-membership,index_history/data/index_membership_history.csv,850da8ca193b289fc7471eee28362a7a058f8c2e,inferred_or_snapshot
NIFTYMIDCAP150,Nifty Midcap 150,MRF,2019-09-27,2021-03-31,,press_release,https://niftyindices.com/Press_Release/ind_prs28082019.pdf,closed by ind_prs23022021.pdf,yurukatsu/nse-historical-membership,index_history/data/index_membership_history.csv,850da8ca193b289fc7471eee28362a7a058f8c2e,explicit_source
NIFTYMIDCAP150,Nifty Midcap 150,MRF,2021-09-30,,,press_release,https://niftyindices.com/Press_Release/ind_prs15092021.pdf,,yurukatsu/nse-historical-membership,index_history/data/index_membership_history.csv,850da8ca193b289fc7471eee28362a7a058f8c2e,explicit_source
NIFTYMIDCAP150,Nifty Midcap 150,MRPL,2016-04-01,2021-03-31,,snapshot_floor,,closed by ind_prs23022021.pdf,yurukatsu/nse-historical-membership,index_history/data/index_membership_history.csv,850da8ca193b289fc7471eee28362a7a058f8c2e,inferred_or_snapshot
NIFTYMIDCAP150,Nifty Midcap 150,MRPL,2024-09-30,2025-09-30,,press_release,https://niftyindices.com/Press_Release/ind_prs23082024.pdf,closed by ind_prs22082025.pdf,yurukatsu/nse-historical-membership,index_history/data/index_membership_history.csv,850da8ca193b289fc7471eee28362a7a058f8c2e,explicit_source
NIFTYMIDCAP150,Nifty Midcap 150,MUTHOOTFIN,2016-04-01,2020-06-26,,snapshot_floor,,closed by ind_prs10062020.pdf,yurukatsu/nse-historical-membership,index_history/data/index_membership_history.csv,850da8ca193b289fc7471eee28362a7a058f8c2e,inferred_or_snapshot
NIFTYMIDCAP150,Nifty Midcap 150,MUTHOOTFIN,2024-03-28,2026-03-30,,press_release,https://niftyindices.com/Press_Release/ind_prs28022024.pdf,closed by ind_prs23022026.pdf,yurukatsu/nse-historical-membership,index_history/data/index_membership_history.csv,850da8ca193b289fc7471eee28362a7a058f8c2e,explicit_source
NIFTYMIDCAP150,Nifty Midcap 150,NAM-INDIA,2018-09-28,2023-09-29,,press_release,https://niftyindices.com/Press_Release/ind_prs28082018.pdf,closed by ind_prs17082023.pdf,yurukatsu/nse-historical-membership,index_history/data/index_membership_history.csv,850da8ca193b289fc7471eee28362a7a058f8c2e,explicit_source
NIFTYMIDCAP150,Nifty Midcap 150,NAM-INDIA,2024-09-30,,,press_release,https://niftyindices.com/Press_Release/ind_prs23082024.pdf,,yurukatsu/nse-historical-membership,index_history/data/index_membership_history.csv,850da8ca193b289fc7471eee28362a7a058f8c2e,explicit_source
NIFTYMIDCAP150,Nifty Midcap 150,NATCOPHARM,2016-04-01,2023-03-31,,snapshot_floor,,closed by ind_prs17022023_1.pdf,yurukatsu/nse-historical-membership,index_history/data/index_membership_history.csv,850da8ca193b289fc7471eee28362a7a058f8c2e,inferred_or_snapshot
NIFTYMIDCAP150,Nifty Midcap 150,NATIONALUM,2016-04-01,2021-03-31,,snapshot_floor,,closed by ind_prs23022021.pdf,yurukatsu/nse-historical-membership,index_history/data/index_membership_history.csv,850da8ca193b289fc7471eee28362a7a058f8c2e,inferred_or_snapshot
NIFTYMIDCAP150,Nifty Midcap 150,NATIONALUM,2021-09-30,2023-03-31,,press_release,https://niftyindices.com/Press_Release/ind_prs15092021.pdf,closed by ind_prs17022023_1.pdf,yurukatsu/nse-historical-membership,index_history/data/index_membership_history.csv,850da8ca193b289fc7471eee28362a7a058f8c2e,explicit_source
NIFTYMIDCAP150,Nifty Midcap 150,NATIONALUM,2025-03-28,,,press_release,https://niftyindices.com/Press_Release/ind_prs21022025.pdf,,yurukatsu/nse-historical-membership,index_history/data/index_membership_history.csv,850da8ca193b289fc7471eee28362a7a058f8c2e,explicit_source
NIFTYMIDCAP150,Nifty Midcap 150,NAUKRI,2016-04-01,2020-06-26,,snapshot_floor,,closed by ind_prs10062020.pdf,yurukatsu/nse-historical-membership,index_history/data/index_membership_history.csv,850da8ca193b289fc7471eee28362a7a058f8c2e,inferred_or_snapshot
NIFTYMIDCAP150,Nifty Midcap 150,NAUKRI,2026-03-30,,,press_release,https://niftyindices.com/Press_Release/ind_prs23022026.pdf,,yurukatsu/nse-historical-membership,index_history/data/index_membership_history.csv,850da8ca193b289fc7471eee28362a7a058f8c2e,explicit_source
NIFTYMIDCAP150,Nifty Midcap 150,NAVINFLUOR,2020-09-25,2024-03-28,,press_release,https://niftyindices.com/Press_Release/ind_prs20082020.pdf,closed by ind_prs28022024.pdf,yurukatsu/nse-historical-membership,index_history/data/index_membership_history.csv,850da8ca193b289fc7471eee28362a7a058f8c2e,explicit_source
NIFTYMIDCAP150,Nifty Midcap 150,NBCC,2016-04-01,2020-06-26,,snapshot_floor,,closed by ind_prs10062020.pdf,yurukatsu/nse-historical-membership,index_history/data/index_membership_history.csv,850da8ca193b289fc7471eee28362a7a058f8c2e,inferred_or_snapshot
NIFTYMIDCAP150,Nifty Midcap 150,NETWORK18,2016-04-01,2017-03-31,,snapshot_floor,,closed by ind_prs16022017.pdf,yurukatsu/nse-historical-membership,index_history/data/index_membership_history.csv,850da8ca193b289fc7471eee28362a7a058f8c2e,inferred_or_snapshot
NIFTYMIDCAP150,Nifty Midcap 150,NH,2016-04-01,2018-04-02,,snapshot_floor,,closed by ind_prs21022018.pdf,yurukatsu/nse-historical-membership,index_history/data/index_membership_history.csv,850da8ca193b289fc7471eee28362a7a058f8c2e,inferred_or_snapshot
NIFTYMIDCAP150,Nifty Midcap 150,NH,2026-09-30,,,NSE/Nifty press release,https://www.niftyindices.com/Press_Release/ind_prs10082026.pdf,Official event overlay: Semi-annual broad-market review,,,,official_event_overlay
NIFTYMIDCAP150,Nifty Midcap 150,NHPC,2020-09-25,2024-09-30,,press_release,https://niftyindices.com/Press_Release/ind_prs20082020.pdf,closed by ind_prs23082024.pdf,yurukatsu/nse-historical-membership,index_history/data/index_membership_history.csv,850da8ca193b289fc7471eee28362a7a058f8c2e,explicit_source
NIFTYMIDCAP150,Nifty Midcap 150,NHPC,2025-03-28,,,press_release,https://niftyindices.com/Press_Release/ind_prs21022025.pdf,,yurukatsu/nse-historical-membership,index_history/data/index_membership_history.csv,850da8ca193b289fc7471eee28362a7a058f8c2e,explicit_source
NIFTYMIDCAP150,Nifty Midcap 150,NIACL,2020-06-26,2026-09-30,,press_release,https://niftyindices.com/Press_Release/ind_prs10062020.pdf,,yurukatsu/nse-historical-membership,index_history/data/index_membership_history.csv,850da8ca193b289fc7471eee28362a7a058f8c2e,explicit_source
NIFTYMIDCAP150,Nifty Midcap 150,NLCINDIA,2016-04-01,2021-03-31,,snapshot_floor,,closed by ind_prs23022021.pdf,yurukatsu/nse-historical-membership,index_history/data/index_membership_history.csv,850da8ca193b289fc7471eee28362a7a058f8c2e,inferred_or_snapshot
NIFTYMIDCAP150,Nifty Midcap 150,NLCINDIA,2024-09-30,,,press_release,https://niftyindices.com/Press_Release/ind_prs23082024.pdf,,yurukatsu/nse-historical-membership,index_history/data/index_membership_history.csv,850da8ca193b289fc7471eee28362a7a058f8c2e,explicit_source
NIFTYMIDCAP150,Nifty Midcap 150,NMDC,2023-03-31,,,press_release,https://niftyindices.com/Press_Release/ind_prs17022023_1.pdf,,yurukatsu/nse-historical-membership,index_history/data/index_membership_history.csv,850da8ca193b289fc7471eee28362a7a058f8c2e,explicit_source
NIFTYMIDCAP150,Nifty Midcap 150,NTPCGREEN,2025-03-28,,,press_release,https://niftyindices.com/Press_Release/ind_prs21022025.pdf,,yurukatsu/nse-historical-membership,index_history/data/index_membership_history.csv,850da8ca193b289fc7471eee28362a7a058f8c2e,explicit_source
NIFTYMIDCAP150,Nifty Midcap 150,NUVOCO,2022-03-31,2022-09-30,,press_release,https://niftyindices.com/Press_Release/ind_prs24022022_1.pdf,closed by ind_prs01092022.pdf,yurukatsu/nse-historical-membership,index_history/data/index_membership_history.csv,850da8ca193b289fc7471eee28362a7a058f8c2e,explicit_source
NIFTYMIDCAP150,Nifty Midcap 150,NYKAA,2023-09-29,,,press_release,https://niftyindices.com/Press_Release/ind_prs17082023.pdf,,yurukatsu/nse-historical-membership,index_history/data/index_membership_history.csv,850da8ca193b289fc7471eee28362a7a058f8c2e,explicit_source
NIFTYMIDCAP150,Nifty Midcap 150,OBEROIRLTY,2016-04-01,,,snapshot_floor,,,yurukatsu/nse-historical-membership,index_history/data/index_membership_history.csv,850da8ca193b289fc7471eee28362a7a058f8c2e,inferred_or_snapshot
NIFTYMIDCAP150,Nifty Midcap 150,OFSS,2021-03-31,,,press_release,https://niftyindices.com/Press_Release/ind_prs23022021.pdf,,yurukatsu/nse-historical-membership,index_history/data/index_membership_history.csv,850da8ca193b289fc7471eee28362a7a058f8c2e,explicit_source
NIFTYMIDCAP150,Nifty Midcap 150,OIL,2019-03-29,,,press_release,https://niftyindices.com/Press_Release/ind_prs25022019.pdf,,yurukatsu/nse-historical-membership,index_history/data/index_membership_history.csv,850da8ca193b289fc7471eee28362a7a058f8c2e,explicit_source
NIFTYMIDCAP150,Nifty Midcap 150,OLAELEC,2025-03-28,2025-09-30,,press_release,https://niftyindices.com/Press_Release/ind_prs21022025.pdf,closed by ind_prs22082025.pdf,yurukatsu/nse-historical-membership,index_history/data/index_membership_history.csv,850da8ca193b289fc7471eee28362a7a058f8c2e,explicit_source
NIFTYMIDCAP150,Nifty Midcap 150,ORIENTBANK,2019-09-27,2019-12-27,,press_release,https://niftyindices.com/Press_Release/ind_prs28082019.pdf,closed by ind_prs16122019.pdf,yurukatsu/nse-historical-membership,index_history/data/index_membership_history.csv,850da8ca193b289fc7471eee28362a7a058f8c2e,explicit_source
NIFTYMIDCAP150,Nifty Midcap 150,PAGEIND,2016-04-01,2019-03-29,,snapshot_floor,,closed by ind_prs25022019.pdf,yurukatsu/nse-historical-membership,index_history/data/index_membership_history.csv,850da8ca193b289fc7471eee28362a7a058f8c2e,inferred_or_snapshot
NIFTYMIDCAP150,Nifty Midcap 150,PAGEIND,2020-09-25,2023-03-31,,press_release,https://niftyindices.com/Press_Release/ind_prs20082020.pdf,closed by ind_prs17022023_1.pdf,yurukatsu/nse-historical-membership,index_history/data/index_membership_history.csv,850da8ca193b289fc7471eee28362a7a058f8c2e,explicit_source
NIFTYMIDCAP150,Nifty Midcap 150,PAGEIND,2023-09-29,,,press_release,https://niftyindices.com/Press_Release/ind_prs17082023.pdf,,yurukatsu/nse-historical-membership,index_history/data/index_membership_history.csv,850da8ca193b289fc7471eee28362a7a058f8c2e,explicit_source
NIFTYMIDCAP150,Nifty Midcap 150,PATANJALI,2022-09-30,,,press_release,https://niftyindices.com/Press_Release/ind_prs01092022.pdf,,yurukatsu/nse-historical-membership,index_history/data/index_membership_history.csv,850da8ca193b289fc7471eee28362a7a058f8c2e,explicit_source
NIFTYMIDCAP150,Nifty Midcap 150,PAYTM,2023-03-31,,,press_release,https://niftyindices.com/Press_Release/ind_prs17022023_1.pdf,,yurukatsu/nse-historical-membership,index_history/data/index_membership_history.csv,850da8ca193b289fc7471eee28362a7a058f8c2e,explicit_source
NIFTYMIDCAP150,Nifty Midcap 150,PCJEWELLER,2016-04-01,2019-03-29,,snapshot_floor,,closed by ind_prs25022019.pdf,yurukatsu/nse-historical-membership,index_history/data/index_membership_history.csv,850da8ca193b289fc7471eee28362a7a058f8c2e,inferred_or_snapshot
NIFTYMIDCAP150,Nifty Midcap 150,PEL,2023-03-31,2024-09-30,,press_release,https://niftyindices.com/Press_Release/ind_prs17022023_1.pdf,closed by ind_prs23082024.pdf,yurukatsu/nse-historical-membership,index_history/data/index_membership_history.csv,850da8ca193b289fc7471eee28362a7a058f8c2e,explicit_source
NIFTYMIDCAP150,Nifty Midcap 150,PERSISTENT,2016-04-01,2017-03-31,,snapshot_floor,,closed by ind_prs16022017.pdf,yurukatsu/nse-historical-membership,index_history/data/index_membership_history.csv,850da8ca193b289fc7471eee28362a7a058f8c2e,inferred_or_snapshot
NIFTYMIDCAP150,Nifty Midcap 150,PERSISTENT,2021-03-31,,,press_release,https://niftyindices.com/Press_Release/ind_prs23022021.pdf,,yurukatsu/nse-historical-membership,index_history/data/index_membership_history.csv,850da8ca193b289fc7471eee28362a7a058f8c2e,explicit_source
NIFTYMIDCAP150,Nifty Midcap 150,PETRONET,2016-04-01,2017-03-31,,snapshot_floor,,closed by ind_prs16022017.pdf,yurukatsu/nse-historical-membership,index_history/data/index_membership_history.csv,850da8ca193b289fc7471eee28362a7a058f8c2e,inferred_or_snapshot
NIFTYMIDCAP150,Nifty Midcap 150,PETRONET,2021-09-30,,,press_release,https://niftyindices.com/Press_Release/ind_prs15092021.pdf,,yurukatsu/nse-historical-membership,index_history/data/index_membership_history.csv,850da8ca193b289fc7471eee28362a7a058f8c2e,explicit_source
NIFTYMIDCAP150,Nifty Midcap 150,PFC,2018-09-28,2019-09-27,,press_release,https://niftyindices.com/Press_Release/ind_prs28082018.pdf,closed by ind_prs28082019.pdf,yurukatsu/nse-historical-membership,index_history/data/index_membership_history.csv,850da8ca193b289fc7471eee28362a7a058f8c2e,explicit_source
NIFTYMIDCAP150,Nifty Midcap 150,PFC,2021-03-31,2024-03-28,,press_release,https://niftyindices.com/Press_Release/ind_prs23022021.pdf,closed by ind_prs28022024.pdf,yurukatsu/nse-historical-membership,index_history/data/index_membership_history.csv,850da8ca193b289fc7471eee28362a7a058f8c2e,explicit_source
NIFTYMIDCAP150,Nifty Midcap 150,PFIZER,2016-04-01,2024-03-28,,snapshot_floor,,closed by ind_prs28022024.pdf,yurukatsu/nse-historical-membership,index_history/data/index_membership_history.csv,850da8ca193b289fc7471eee28362a7a058f8c2e,inferred_or_snapshot
NIFTYMIDCAP150,Nifty Midcap 150,PGHH,2024-03-28,2025-03-28,,press_release,https://niftyindices.com/Press_Release/ind_prs28022024.pdf,closed by ind_prs21022025.pdf,yurukatsu/nse-historical-membership,index_history/data/index_membership_history.csv,850da8ca193b289fc7471eee28362a7a058f8c2e,explicit_source
NIFTYMIDCAP150,Nifty Midcap 150,PGHH,2025-09-30,2026-03-30,,press_release,https://niftyindices.com/Press_Release/ind_prs22082025.pdf,closed by ind_prs23022026.pdf,yurukatsu/nse-historical-membership,index_history/data/index_membership_history.csv,850da8ca193b289fc7471eee28362a7a058f8c2e,explicit_source
NIFTYMIDCAP150,Nifty Midcap 150,PGHL,2021-03-31,2021-09-30,,press_release,https://niftyindices.com/Press_Release/ind_prs23022021.pdf,closed by ind_prs15092021.pdf,yurukatsu/nse-historical-membership,index_history/data/index_membership_history.csv,850da8ca193b289fc7471eee28362a7a058f8c2e,explicit_source
NIFTYMIDCAP150,Nifty Midcap 150,PHOENIXLTD,2016-04-01,,,snapshot_floor,,,yurukatsu/nse-historical-membership,index_history/data/index_membership_history.csv,850da8ca193b289fc7471eee28362a7a058f8c2e,inferred_or_snapshot
NIFTYMIDCAP150,Nifty Midcap 150,PIIND,2016-04-01,2021-09-30,,snapshot_floor,,closed by ind_prs15092021.pdf,yurukatsu/nse-historical-membership,index_history/data/index_membership_history.csv,850da8ca193b289fc7471eee28362a7a058f8c2e,inferred_or_snapshot
NIFTYMIDCAP150,Nifty Midcap 150,PIIND,2024-03-28,,,press_release,https://niftyindices.com/Press_Release/ind_prs28022024.pdf,,yurukatsu/nse-historical-membership,index_history/data/index_membership_history.csv,850da8ca193b289fc7471eee28362a7a058f8c2e,explicit_source
NIFTYMIDCAP150,Nifty Midcap 150,PIRAMALFIN,2026-09-30,,,NSE/Nifty press release,https://www.niftyindices.com/Press_Release/ind_prs10082026.pdf,Official event overlay: Semi-annual broad-market review,,,,official_event_overlay
NIFTYMIDCAP150,Nifty Midcap 150,PNB,2018-09-28,2019-09-27,,press_release,https://niftyindices.com/Press_Release/ind_prs28082018.pdf,closed by ind_prs28082019.pdf,yurukatsu/nse-historical-membership,index_history/data/index_membership_history.csv,850da8ca193b289fc7471eee28362a7a058f8c2e,explicit_source
NIFTYMIDCAP150,Nifty Midcap 150,PNB,2022-09-30,2023-09-29,,press_release,https://niftyindices.com/Press_Release/ind_prs01092022.pdf,closed by ind_prs17082023.pdf,yurukatsu/nse-historical-membership,index_history/data/index_membership_history.csv,850da8ca193b289fc7471eee28362a7a058f8c2e,explicit_source
NIFTYMIDCAP150,Nifty Midcap 150,PNBHOUSING,2017-05-26,2020-09-25,,press_release,https://niftyindices.com/Press_Release/ind_prs27042017.pdf,closed by ind_prs20082020.pdf,yurukatsu/nse-historical-membership,index_history/data/index_membership_history.csv,850da8ca193b289fc7471eee28362a7a058f8c2e,explicit_source
NIFTYMIDCAP150,Nifty Midcap 150,POLICYBZR,2022-03-31,,,press_release,https://niftyindices.com/Press_Release/ind_prs24022022_1.pdf,,yurukatsu/nse-historical-membership,index_history/data/index_membership_history.csv,850da8ca193b289fc7471eee28362a7a058f8c2e,explicit_source
NIFTYMIDCAP150,Nifty Midcap 150,POLYCAB,2019-12-27,2026-09-30,,press_release,https://niftyindices.com/Press_Release/ind_prs16122019.pdf,,yurukatsu/nse-historical-membership,index_history/data/index_membership_history.csv,850da8ca193b289fc7471eee28362a7a058f8c2e,explicit_source
NIFTYMIDCAP150,Nifty Midcap 150,POONAWALLA,2022-09-30,2025-03-28,,press_release,https://niftyindices.com/Press_Release/ind_prs01092022.pdf,closed by ind_prs21022025.pdf,yurukatsu/nse-historical-membership,index_history/data/index_membership_history.csv,850da8ca193b289fc7471eee28362a7a058f8c2e,explicit_source
NIFTYMIDCAP150,Nifty Midcap 150,POWERINDIA,2024-09-30,2026-09-30,,press_release,https://niftyindices.com/Press_Release/ind_prs23082024.pdf,,yurukatsu/nse-historical-membership,index_history/data/index_membership_history.csv,850da8ca193b289fc7471eee28362a7a058f8c2e,explicit_source
NIFTYMIDCAP150,Nifty Midcap 150,PREMIERENE,2025-03-28,,,press_release,https://niftyindices.com/Press_Release/ind_prs21022025.pdf,,yurukatsu/nse-historical-membership,index_history/data/index_membership_history.csv,850da8ca193b289fc7471eee28362a7a058f8c2e,explicit_source
NIFTYMIDCAP150,Nifty Midcap 150,PRESTIGE,2016-04-01,,,snapshot_floor,,,yurukatsu/nse-historical-membership,index_history/data/index_membership_history.csv,850da8ca193b289fc7471eee28362a7a058f8c2e,inferred_or_snapshot
NIFTYMIDCAP150,Nifty Midcap 150,PVR,2016-04-01,2023-02-06,,snapshot_floor,,closed by manual_pvr_inox_merger.json,yurukatsu/nse-historical-membership,index_history/data/index_membership_history.csv,850da8ca193b289fc7471eee28362a7a058f8c2e,inferred_or_snapshot
NIFTYMIDCAP150,Nifty Midcap 150,QUESS,2017-03-31,2020-09-25,,press_release,https://niftyindices.com/Press_Release/ind_prs16022017.pdf,closed by ind_prs20082020.pdf,yurukatsu/nse-historical-membership,index_history/data/index_membership_history.csv,850da8ca193b289fc7471eee28362a7a058f8c2e,explicit_source
NIFTYMIDCAP150,Nifty Midcap 150,RADICO,2026-03-30,,,press_release,https://niftyindices.com/Press_Release/ind_prs23022026.pdf,,yurukatsu/nse-historical-membership,index_history/data/index_membership_history.csv,850da8ca193b289fc7471eee28362a7a058f8c2e,explicit_source
NIFTYMIDCAP150,Nifty Midcap 150,RAJESHEXPO,2016-04-01,2024-03-28,,snapshot_floor,,closed by ind_prs28022024.pdf,yurukatsu/nse-historical-membership,index_history/data/index_membership_history.csv,850da8ca193b289fc7471eee28362a7a058f8c2e,inferred_or_snapshot
NIFTYMIDCAP150,Nifty Midcap 150,RAMCOCEM,2016-04-01,2024-09-30,,snapshot_floor,,closed by ind_prs23082024.pdf,yurukatsu/nse-historical-membership,index_history/data/index_membership_history.csv,850da8ca193b289fc7471eee28362a7a058f8c2e,inferred_or_snapshot
NIFTYMIDCAP150,Nifty Midcap 150,RBLBANK,2017-01-23,2022-03-31,,press_release,https://niftyindices.com/Press_Release/ind_prs16012017.pdf,closed by ind_prs24022022_1.pdf,yurukatsu/nse-historical-membership,index_history/data/index_membership_history.csv,850da8ca193b289fc7471eee28362a7a058f8c2e,explicit_source
NIFTYMIDCAP150,Nifty Midcap 150,RCOM,2016-04-01,2018-04-02,,snapshot_floor,,closed by ind_prs21022018.pdf,yurukatsu/nse-historical-membership,index_history/data/index_membership_history.csv,850da8ca193b289fc7471eee28362a7a058f8c2e,inferred_or_snapshot
NIFTYMIDCAP150,Nifty Midcap 150,RECLTD,2016-04-01,2017-03-31,,snapshot_floor,,closed by ind_prs16022017.pdf,yurukatsu/nse-historical-membership,index_history/data/index_membership_history.csv,850da8ca193b289fc7471eee28362a7a058f8c2e,inferred_or_snapshot
NIFTYMIDCAP150,Nifty Midcap 150,RECLTD,2018-09-28,2024-03-28,,press_release,https://niftyindices.com/Press_Release/ind_prs28082018.pdf,closed by ind_prs28022024.pdf,yurukatsu/nse-historical-membership,index_history/data/index_membership_history.csv,850da8ca193b289fc7471eee28362a7a058f8c2e,explicit_source
NIFTYMIDCAP150,Nifty Midcap 150,RECLTD,2026-09-30,,,NSE/Nifty press release,https://www.niftyindices.com/Press_Release/ind_prs10082026.pdf,Official event overlay: Semi-annual broad-market review,,,,official_event_overlay
NIFTYMIDCAP150,Nifty Midcap 150,RELAXO,2016-04-01,2017-09-29,,snapshot_floor,,closed by ind_prs28082017.pdf,yurukatsu/nse-historical-membership,index_history/data/index_membership_history.csv,850da8ca193b289fc7471eee28362a7a058f8c2e,inferred_or_snapshot
NIFTYMIDCAP150,Nifty Midcap 150,RELAXO,2019-03-29,2024-03-28,,press_release,https://niftyindices.com/Press_Release/ind_prs25022019.pdf,closed by ind_prs28022024.pdf,yurukatsu/nse-historical-membership,index_history/data/index_membership_history.csv,850da8ca193b289fc7471eee28362a7a058f8c2e,explicit_source
NIFTYMIDCAP150,Nifty Midcap 150,RELCAPITAL,2018-02-05,2019-09-27,,press_release,https://niftyindices.com/Press_Release/ind_prs08012018.pdf,closed by ind_prs28082019.pdf,yurukatsu/nse-historical-membership,index_history/data/index_membership_history.csv,850da8ca193b289fc7471eee28362a7a058f8c2e,explicit_source
NIFTYMIDCAP150,Nifty Midcap 150,RELINFRA,2016-04-01,2019-09-27,,snapshot_floor,,closed by ind_prs28082019.pdf,yurukatsu/nse-historical-membership,index_history/data/index_membership_history.csv,850da8ca193b289fc7471eee28362a7a058f8c2e,inferred_or_snapshot
NIFTYMIDCAP150,Nifty Midcap 150,RPOWER,2016-04-01,2019-09-27,,snapshot_floor,,closed by ind_prs28082019.pdf,yurukatsu/nse-historical-membership,index_history/data/index_membership_history.csv,850da8ca193b289fc7471eee28362a7a058f8c2e,inferred_or_snapshot
NIFTYMIDCAP150,Nifty Midcap 150,RVNL,2023-09-29,,,press_release,https://niftyindices.com/Press_Release/ind_prs17082023.pdf,,yurukatsu/nse-historical-membership,index_history/data/index_membership_history.csv,850da8ca193b289fc7471eee28362a7a058f8c2e,explicit_source
NIFTYMIDCAP150,Nifty Midcap 150,SADBHAV,2016-04-01,2017-03-31,,snapshot_floor,,closed by ind_prs16022017.pdf,yurukatsu/nse-historical-membership,index_history/data/index_membership_history.csv,850da8ca193b289fc7471eee28362a7a058f8c2e,inferred_or_snapshot
NIFTYMIDCAP150,Nifty Midcap 150,SAIL,2019-09-27,2021-09-30,,press_release,https://niftyindices.com/Press_Release/ind_prs28082019.pdf,closed by ind_prs15092021.pdf,yurukatsu/nse-historical-membership,index_history/data/index_membership_history.csv,850da8ca193b289fc7471eee28362a7a058f8c2e,explicit_source
NIFTYMIDCAP150,Nifty Midcap 150,SAIL,2022-09-30,,,press_release,https://niftyindices.com/Press_Release/ind_prs01092022.pdf,,yurukatsu/nse-historical-membership,index_history/data/index_membership_history.csv,850da8ca193b289fc7471eee28362a7a058f8c2e,explicit_source
NIFTYMIDCAP150,Nifty Midcap 150,SAMMAANCAP,2020-06-26,2021-09-30,,press_release,https://niftyindices.com/Press_Release/ind_prs10062020.pdf,closed by ind_prs15092021.pdf,yurukatsu/nse-historical-membership,index_history/data/index_membership_history.csv,850da8ca193b289fc7471eee28362a7a058f8c2e,explicit_source
NIFTYMIDCAP150,Nifty Midcap 150,SANOFI,2016-04-01,2023-03-31,,snapshot_floor,,closed by ind_prs17022023_1.pdf,yurukatsu/nse-historical-membership,index_history/data/index_membership_history.csv,850da8ca193b289fc7471eee28362a7a058f8c2e,inferred_or_snapshot
NIFTYMIDCAP150,Nifty Midcap 150,SBICARD,2024-09-30,,,press_release,https://niftyindices.com/Press_Release/ind_prs23082024.pdf,,yurukatsu/nse-historical-membership,index_history/data/index_membership_history.csv,850da8ca193b289fc7471eee28362a7a058f8c2e,explicit_source
NIFTYMIDCAP150,Nifty Midcap 150,SCHAEFFLER,2016-04-01,2018-09-28,,snapshot_floor,,closed by ind_prs28082018.pdf,yurukatsu/nse-historical-membership,index_history/data/index_membership_history.csv,850da8ca193b289fc7471eee28362a7a058f8c2e,inferred_or_snapshot
NIFTYMIDCAP150,Nifty Midcap 150,SCHAEFFLER,2019-12-27,,,press_release,https://niftyindices.com/Press_Release/ind_prs16122019.pdf,,yurukatsu/nse-historical-membership,index_history/data/index_membership_history.csv,850da8ca193b289fc7471eee28362a7a058f8c2e,explicit_source
NIFTYMIDCAP150,Nifty Midcap 150,SFL,2020-09-25,2021-03-31,,press_release,https://niftyindices.com/Press_Release/ind_prs20082020.pdf,closed by ind_prs23022021.pdf,yurukatsu/nse-historical-membership,index_history/data/index_membership_history.csv,850da8ca193b289fc7471eee28362a7a058f8c2e,explicit_source
NIFTYMIDCAP150,Nifty Midcap 150,SHREECEM,2026-09-30,,,NSE/Nifty press release,https://www.niftyindices.com/Press_Release/ind_prs10082026.pdf,Official event overlay: Semi-annual broad-market review,,,,official_event_overlay
NIFTYMIDCAP150,Nifty Midcap 150,SHRIRAMCIT,2016-04-01,2021-03-31,,snapshot_floor,,closed by ind_prs23022021.pdf,yurukatsu/nse-historical-membership,index_history/data/index_membership_history.csv,850da8ca193b289fc7471eee28362a7a058f8c2e,inferred_or_snapshot
NIFTYMIDCAP150,Nifty Midcap 150,SHRIRAMFIN,2020-09-25,2023-09-29,,press_release,https://niftyindices.com/Press_Release/ind_prs20082020.pdf,closed by ind_prs17082023.pdf,yurukatsu/nse-historical-membership,index_history/data/index_membership_history.csv,850da8ca193b289fc7471eee28362a7a058f8c2e,explicit_source
NIFTYMIDCAP150,Nifty Midcap 150,SJVN,2016-04-01,2021-09-30,,snapshot_floor,,closed by ind_prs15092021.pdf,yurukatsu/nse-historical-membership,index_history/data/index_membership_history.csv,850da8ca193b289fc7471eee28362a7a058f8c2e,inferred_or_snapshot
NIFTYMIDCAP150,Nifty Midcap 150,SJVN,2024-03-28,2026-09-30,,press_release,https://niftyindices.com/Press_Release/ind_prs28022024.pdf,,yurukatsu/nse-historical-membership,index_history/data/index_membership_history.csv,850da8ca193b289fc7471eee28362a7a058f8c2e,explicit_source
NIFTYMIDCAP150,Nifty Midcap 150,SKFINDIA,2016-04-01,2025-03-28,,snapshot_floor,,closed by ind_prs21022025.pdf,yurukatsu/nse-historical-membership,index_history/data/index_membership_history.csv,850da8ca193b289fc7471eee28362a7a058f8c2e,inferred_or_snapshot
NIFTYMIDCAP150,Nifty Midcap 150,SOLARINDS,2016-04-01,2025-09-30,,snapshot_floor,,closed by ind_prs22082025.pdf,yurukatsu/nse-historical-membership,index_history/data/index_membership_history.csv,850da8ca193b289fc7471eee28362a7a058f8c2e,inferred_or_snapshot
NIFTYMIDCAP150,Nifty Midcap 150,SONACOMS,2021-10-29,2026-03-30,,press_release,https://niftyindices.com/Press_Release/ind_prs22102021.pdf,closed by ind_prs23022026.pdf,yurukatsu/nse-historical-membership,index_history/data/index_membership_history.csv,850da8ca193b289fc7471eee28362a7a058f8c2e,explicit_source
NIFTYMIDCAP150,Nifty Midcap 150,SPARC,2016-04-01,2019-09-27,,snapshot_floor,,closed by ind_prs28082019.pdf,yurukatsu/nse-historical-membership,index_history/data/index_membership_history.csv,850da8ca193b289fc7471eee28362a7a058f8c2e,inferred_or_snapshot
NIFTYMIDCAP150,Nifty Midcap 150,SRF,2016-04-01,2022-03-31,,snapshot_floor,,closed by ind_prs24022022_1.pdf,yurukatsu/nse-historical-membership,index_history/data/index_membership_history.csv,850da8ca193b289fc7471eee28362a7a058f8c2e,inferred_or_snapshot
NIFTYMIDCAP150,Nifty Midcap 150,SRF,2024-09-30,,,press_release,https://niftyindices.com/Press_Release/ind_prs23082024.pdf,,yurukatsu/nse-historical-membership,index_history/data/index_membership_history.csv,850da8ca193b289fc7471eee28362a7a058f8c2e,explicit_source
NIFTYMIDCAP150,Nifty Midcap 150,STAR,2016-04-01,2018-02-05,,snapshot_floor,,closed by ind_prs08012018.pdf,yurukatsu/nse-historical-membership,index_history/data/index_membership_history.csv,850da8ca193b289fc7471eee28362a7a058f8c2e,inferred_or_snapshot
NIFTYMIDCAP150,Nifty Midcap 150,STARHEALTH,2022-03-31,2025-09-30,,press_release,https://niftyindices.com/Press_Release/ind_prs24022022_1.pdf,closed by ind_prs22082025.pdf,yurukatsu/nse-historical-membership,index_history/data/index_membership_history.csv,850da8ca193b289fc7471eee28362a7a058f8c2e,explicit_source
NIFTYMIDCAP150,Nifty Midcap 150,STRTECH,2018-04-02,2020-06-26,,press_release,https://niftyindices.com/Press_Release/ind_prs21022018.pdf,closed by ind_prs10062020.pdf,yurukatsu/nse-historical-membership,index_history/data/index_membership_history.csv,850da8ca193b289fc7471eee28362a7a058f8c2e,explicit_source
NIFTYMIDCAP150,Nifty Midcap 150,SUMICHEM,2020-06-26,2024-09-30,,press_release,https://niftyindices.com/Press_Release/ind_prs10062020.pdf,closed by ind_prs23082024.pdf,yurukatsu/nse-historical-membership,index_history/data/index_membership_history.csv,850da8ca193b289fc7471eee28362a7a058f8c2e,explicit_source
NIFTYMIDCAP150,Nifty Midcap 150,SUNDARMFIN,2016-04-01,2017-11-13,,snapshot_floor,,closed by ind_prs03112017.pdf,yurukatsu/nse-historical-membership,index_history/data/index_membership_history.csv,850da8ca193b289fc7471eee28362a7a058f8c2e,inferred_or_snapshot
NIFTYMIDCAP150,Nifty Midcap 150,SUNDARMFIN,2018-09-28,,,press_release,https://niftyindices.com/Press_Release/ind_prs28082018.pdf,,yurukatsu/nse-historical-membership,index_history/data/index_membership_history.csv,850da8ca193b289fc7471eee28362a7a058f8c2e,explicit_source
NIFTYMIDCAP150,Nifty Midcap 150,SUNDRMFAST,2017-09-29,2025-03-28,,press_release,https://niftyindices.com/Press_Release/ind_prs28082017.pdf,closed by ind_prs21022025.pdf,yurukatsu/nse-historical-membership,index_history/data/index_membership_history.csv,850da8ca193b289fc7471eee28362a7a058f8c2e,explicit_source
NIFTYMIDCAP150,Nifty Midcap 150,SUNTV,2016-04-01,2017-05-26,,snapshot_floor,,closed by ind_prs27042017.pdf,yurukatsu/nse-historical-membership,index_history/data/index_membership_history.csv,850da8ca193b289fc7471eee28362a7a058f8c2e,inferred_or_snapshot
NIFTYMIDCAP150,Nifty Midcap 150,SUNTV,2019-03-29,2025-09-30,,press_release,https://niftyindices.com/Press_Release/ind_prs25022019.pdf,closed by ind_prs22082025.pdf,yurukatsu/nse-historical-membership,index_history/data/index_membership_history.csv,850da8ca193b289fc7471eee28362a7a058f8c2e,explicit_source
NIFTYMIDCAP150,Nifty Midcap 150,SUPREMEIND,2016-04-01,,,snapshot_floor,,,yurukatsu/nse-historical-membership,index_history/data/index_membership_history.csv,850da8ca193b289fc7471eee28362a7a058f8c2e,inferred_or_snapshot
NIFTYMIDCAP150,Nifty Midcap 150,SUVENPHAR,2021-03-31,2022-03-31,,press_release,https://niftyindices.com/Press_Release/ind_prs23022021.pdf,closed by ind_prs24022022_1.pdf,yurukatsu/nse-historical-membership,index_history/data/index_membership_history.csv,850da8ca193b289fc7471eee28362a7a058f8c2e,explicit_source
NIFTYMIDCAP150,Nifty Midcap 150,SUZLON,2016-04-01,2018-09-28,,snapshot_floor,,closed by ind_prs28082018.pdf,yurukatsu/nse-historical-membership,index_history/data/index_membership_history.csv,850da8ca193b289fc7471eee28362a7a058f8c2e,inferred_or_snapshot
NIFTYMIDCAP150,Nifty Midcap 150,SUZLON,2024-03-28,,,press_release,https://niftyindices.com/Press_Release/ind_prs28022024.pdf,,yurukatsu/nse-historical-membership,index_history/data/index_membership_history.csv,850da8ca193b289fc7471eee28362a7a058f8c2e,explicit_source
NIFTYMIDCAP150,Nifty Midcap 150,SWIGGY,2025-09-30,,,press_release,https://niftyindices.com/Press_Release/ind_prs22082025.pdf,,yurukatsu/nse-historical-membership,index_history/data/index_membership_history.csv,850da8ca193b289fc7471eee28362a7a058f8c2e,explicit_source
NIFTYMIDCAP150,Nifty Midcap 150,SYMPHONY,2016-04-01,2021-03-31,,snapshot_floor,,closed by ind_prs23022021.pdf,yurukatsu/nse-historical-membership,index_history/data/index_membership_history.csv,850da8ca193b289fc7471eee28362a7a058f8c2e,inferred_or_snapshot
NIFTYMIDCAP150,Nifty Midcap 150,SYNDIBANK,2016-04-01,2018-04-02,,snapshot_floor,,closed by ind_prs21022018.pdf,yurukatsu/nse-historical-membership,index_history/data/index_membership_history.csv,850da8ca193b289fc7471eee28362a7a058f8c2e,inferred_or_snapshot
NIFTYMIDCAP150,Nifty Midcap 150,SYNGENE,2016-04-01,2026-03-30,,snapshot_floor,,closed by ind_prs23022026.pdf,yurukatsu/nse-historical-membership,index_history/data/index_membership_history.csv,850da8ca193b289fc7471eee28362a7a058f8c2e,inferred_or_snapshot
NIFTYMIDCAP150,Nifty Midcap 150,TATACHEM,2016-04-01,2019-12-27,,snapshot_floor,,closed by ind_prs16122019.pdf,yurukatsu/nse-historical-membership,index_history/data/index_membership_history.csv,850da8ca193b289fc7471eee28362a7a058f8c2e,inferred_or_snapshot
NIFTYMIDCAP150,Nifty Midcap 150,TATACHEM,2020-09-25,2025-03-28,,press_release,https://niftyindices.com/Press_Release/ind_prs20082020.pdf,closed by ind_prs21022025.pdf,yurukatsu/nse-historical-membership,index_history/data/index_membership_history.csv,850da8ca193b289fc7471eee28362a7a058f8c2e,explicit_source
NIFTYMIDCAP150,Nifty Midcap 150,TATACOMM,2016-04-01,2018-06-29,,snapshot_floor,,closed by ind_prs24052018.pdf,yurukatsu/nse-historical-membership,index_history/data/index_membership_history.csv,850da8ca193b289fc7471eee28362a7a058f8c2e,inferred_or_snapshot
NIFTYMIDCAP150,Nifty Midcap 150,TATACOMM,2020-06-26,,,press_release,https://niftyindices.com/Press_Release/ind_prs10062020.pdf,,yurukatsu/nse-historical-membership,index_history/data/index_membership_history.csv,850da8ca193b289fc7471eee28362a7a058f8c2e,explicit_source
NIFTYMIDCAP150,Nifty Midcap 150,TATACONSUM,2016-04-01,2020-09-25,,snapshot_floor,,closed by ind_prs20082020.pdf,yurukatsu/nse-historical-membership,index_history/data/index_membership_history.csv,850da8ca193b289fc7471eee28362a7a058f8c2e,inferred_or_snapshot
NIFTYMIDCAP150,Nifty Midcap 150,TATAELXSI,2016-04-01,2017-03-31,,snapshot_floor,,closed by ind_prs16022017.pdf,yurukatsu/nse-historical-membership,index_history/data/index_membership_history.csv,850da8ca193b289fc7471eee28362a7a058f8c2e,inferred_or_snapshot
NIFTYMIDCAP150,Nifty Midcap 150,TATAELXSI,2021-03-31,2026-09-30,,press_release,https://niftyindices.com/Press_Release/ind_prs23022021.pdf,,yurukatsu/nse-historical-membership,index_history/data/index_membership_history.csv,850da8ca193b289fc7471eee28362a7a058f8c2e,explicit_source
NIFTYMIDCAP150,Nifty Midcap 150,TATAINVEST,2024-09-30,,,press_release,https://niftyindices.com/Press_Release/ind_prs23082024.pdf,,yurukatsu/nse-historical-membership,index_history/data/index_membership_history.csv,850da8ca193b289fc7471eee28362a7a058f8c2e,explicit_source
NIFTYMIDCAP150,Nifty Midcap 150,TATAPOWER,2018-04-02,2018-09-30,,press_release,https://niftyindices.com/Press_Release/ind_prs21022018.pdf,"inferred-exclude: not in NSE current snapshot, no PR found (closed at next semi-annual review)",yurukatsu/nse-historical-membership,index_history/data/index_membership_history.csv,850da8ca193b289fc7471eee28362a7a058f8c2e,explicit_source
NIFTYMIDCAP150,Nifty Midcap 150,TATATECH,2024-03-28,2026-03-30,,press_release,https://niftyindices.com/Press_Release/ind_prs28022024.pdf,closed by ind_prs23022026.pdf,yurukatsu/nse-historical-membership,index_history/data/index_membership_history.csv,850da8ca193b289fc7471eee28362a7a058f8c2e,explicit_source
NIFTYMIDCAP150,Nifty Midcap 150,THERMAX,2016-04-01,,,snapshot_floor,,,yurukatsu/nse-historical-membership,index_history/data/index_membership_history.csv,850da8ca193b289fc7471eee28362a7a058f8c2e,inferred_or_snapshot
NIFTYMIDCAP150,Nifty Midcap 150,THOMASCOOK,2016-04-01,2019-09-27,,snapshot_floor,,closed by ind_prs17092019.pdf,yurukatsu/nse-historical-membership,index_history/data/index_membership_history.csv,850da8ca193b289fc7471eee28362a7a058f8c2e,inferred_or_snapshot
NIFTYMIDCAP150,Nifty Midcap 150,TIFIN,2018-02-05,2018-03-31,,press_release,https://niftyindices.com/Press_Release/ind_prs08012018.pdf,"inferred-exclude: not in NSE current snapshot, no PR found (closed at next semi-annual review)",yurukatsu/nse-historical-membership,index_history/data/index_membership_history.csv,850da8ca193b289fc7471eee28362a7a058f8c2e,explicit_source
NIFTYMIDCAP150,Nifty Midcap 150,TIINDIA,2020-09-25,,,press_release,https://niftyindices.com/Press_Release/ind_prs20082020.pdf,,yurukatsu/nse-historical-membership,index_history/data/index_membership_history.csv,850da8ca193b289fc7471eee28362a7a058f8c2e,explicit_source
NIFTYMIDCAP150,Nifty Midcap 150,TIMKEN,2023-03-31,2025-03-28,,press_release,https://niftyindices.com/Press_Release/ind_prs17022023_1.pdf,closed by ind_prs21022025.pdf,yurukatsu/nse-historical-membership,index_history/data/index_membership_history.csv,850da8ca193b289fc7471eee28362a7a058f8c2e,explicit_source
NIFTYMIDCAP150,Nifty Midcap 150,TORNTPHARM,2018-04-02,2020-06-26,,press_release,https://niftyindices.com/Press_Release/ind_prs21022018.pdf,closed by ind_prs10062020.pdf,yurukatsu/nse-historical-membership,index_history/data/index_membership_history.csv,850da8ca193b289fc7471eee28362a7a058f8c2e,explicit_source
NIFTYMIDCAP150,Nifty Midcap 150,TORNTPOWER,2016-04-01,,,snapshot_floor,,,yurukatsu/nse-historical-membership,index_history/data/index_membership_history.csv,850da8ca193b289fc7471eee28362a7a058f8c2e,inferred_or_snapshot
NIFTYMIDCAP150,Nifty Midcap 150,TRENT,2016-04-01,2023-09-29,,snapshot_floor,,closed by ind_prs17082023.pdf,yurukatsu/nse-historical-membership,index_history/data/index_membership_history.csv,850da8ca193b289fc7471eee28362a7a058f8c2e,inferred_or_snapshot
NIFTYMIDCAP150,Nifty Midcap 150,TRIDENT,2022-03-31,2024-03-28,,press_release,https://niftyindices.com/Press_Release/ind_prs24022022_1.pdf,closed by ind_prs28022024.pdf,yurukatsu/nse-historical-membership,index_history/data/index_membership_history.csv,850da8ca193b289fc7471eee28362a7a058f8c2e,explicit_source
NIFTYMIDCAP150,Nifty Midcap 150,TTKPRESTIG,2016-04-01,2018-09-28,,snapshot_floor,,closed by ind_prs28082018.pdf,yurukatsu/nse-historical-membership,index_history/data/index_membership_history.csv,850da8ca193b289fc7471eee28362a7a058f8c2e,inferred_or_snapshot
NIFTYMIDCAP150,Nifty Midcap 150,TTKPRESTIG,2019-09-27,2022-03-31,,press_release,https://niftyindices.com/Press_Release/ind_prs17092019.pdf,closed by ind_prs24022022_1.pdf,yurukatsu/nse-historical-membership,index_history/data/index_membership_history.csv,850da8ca193b289fc7471eee28362a7a058f8c2e,explicit_source
NIFTYMIDCAP150,Nifty Midcap 150,TTML,2022-03-31,2023-09-29,,press_release,https://niftyindices.com/Press_Release/ind_prs24022022_1.pdf,closed by ind_prs17082023.pdf,yurukatsu/nse-historical-membership,index_history/data/index_membership_history.csv,850da8ca193b289fc7471eee28362a7a058f8c2e,explicit_source
NIFTYMIDCAP150,Nifty Midcap 150,TUBEINVEST,2016-04-01,2017-05-26,,snapshot_floor,,closed by ind_prs27042017.pdf,yurukatsu/nse-historical-membership,index_history/data/index_membership_history.csv,850da8ca193b289fc7471eee28362a7a058f8c2e,inferred_or_snapshot
NIFTYMIDCAP150,Nifty Midcap 150,TV18BRDCST,2016-04-01,2019-03-29,,snapshot_floor,,closed by ind_prs25022019.pdf,yurukatsu/nse-historical-membership,index_history/data/index_membership_history.csv,850da8ca193b289fc7471eee28362a7a058f8c2e,inferred_or_snapshot
NIFTYMIDCAP150,Nifty Midcap 150,TVSMOTOR,2016-04-01,2023-09-29,,snapshot_floor,,closed by ind_prs17082023.pdf,yurukatsu/nse-historical-membership,index_history/data/index_membership_history.csv,850da8ca193b289fc7471eee28362a7a058f8c2e,inferred_or_snapshot
NIFTYMIDCAP150,Nifty Midcap 150,UBL,2017-09-29,2019-03-29,,press_release,https://niftyindices.com/Press_Release/ind_prs28082017.pdf,closed by ind_prs25022019.pdf,yurukatsu/nse-historical-membership,index_history/data/index_membership_history.csv,850da8ca193b289fc7471eee28362a7a058f8c2e,explicit_source
NIFTYMIDCAP150,Nifty Midcap 150,UBL,2021-09-30,,,press_release,https://niftyindices.com/Press_Release/ind_prs15092021.pdf,,yurukatsu/nse-historical-membership,index_history/data/index_membership_history.csv,850da8ca193b289fc7471eee28362a7a058f8c2e,explicit_source
NIFTYMIDCAP150,Nifty Midcap 150,UCOBANK,2019-09-27,2020-09-25,,press_release,https://niftyindices.com/Press_Release/ind_prs28082019.pdf,closed by ind_prs20082020.pdf,yurukatsu/nse-historical-membership,index_history/data/index_membership_history.csv,850da8ca193b289fc7471eee28362a7a058f8c2e,explicit_source
NIFTYMIDCAP150,Nifty Midcap 150,UCOBANK,2025-09-30,2026-03-30,,press_release,https://niftyindices.com/Press_Release/ind_prs22082025.pdf,closed by ind_prs23022026.pdf,yurukatsu/nse-historical-membership,index_history/data/index_membership_history.csv,850da8ca193b289fc7471eee28362a7a058f8c2e,explicit_source
NIFTYMIDCAP150,Nifty Midcap 150,UNIONBANK,2016-04-01,2024-09-30,,snapshot_floor,,closed by ind_prs23082024.pdf,yurukatsu/nse-historical-membership,index_history/data/index_membership_history.csv,850da8ca193b289fc7471eee28362a7a058f8c2e,inferred_or_snapshot
NIFTYMIDCAP150,Nifty Midcap 150,UNIONBANK,2025-03-28,2026-03-30,,press_release,https://niftyindices.com/Press_Release/ind_prs21022025.pdf,closed by ind_prs23022026.pdf,yurukatsu/nse-historical-membership,index_history/data/index_membership_history.csv,850da8ca193b289fc7471eee28362a7a058f8c2e,explicit_source
NIFTYMIDCAP150,Nifty Midcap 150,UNITDSPR,2026-09-30,,,NSE/Nifty press release,https://www.niftyindices.com/Press_Release/ind_prs10082026.pdf,Official event overlay: Semi-annual broad-market review,,,,official_event_overlay
NIFTYMIDCAP150,Nifty Midcap 150,UNOMINDA,2020-06-26,,,press_release,https://niftyindices.com/Press_Release/ind_prs10062020.pdf,,yurukatsu/nse-historical-membership,index_history/data/index_membership_history.csv,850da8ca193b289fc7471eee28362a7a058f8c2e,explicit_source
NIFTYMIDCAP150,Nifty Midcap 150,UPL,2024-03-28,,,press_release,https://niftyindices.com/Press_Release/ind_prs28022024.pdf,,yurukatsu/nse-historical-membership,index_history/data/index_membership_history.csv,850da8ca193b289fc7471eee28362a7a058f8c2e,explicit_source
NIFTYMIDCAP150,Nifty Midcap 150,VAIBHAVGBL,2021-09-30,2022-03-31,,press_release,https://niftyindices.com/Press_Release/ind_prs15092021.pdf,closed by ind_prs24022022_1.pdf,yurukatsu/nse-historical-membership,index_history/data/index_membership_history.csv,850da8ca193b289fc7471eee28362a7a058f8c2e,explicit_source
NIFTYMIDCAP150,Nifty Midcap 150,VAKRANGEE,2016-04-01,2019-03-29,,snapshot_floor,,closed by ind_prs25022019.pdf,yurukatsu/nse-historical-membership,index_history/data/index_membership_history.csv,850da8ca193b289fc7471eee28362a7a058f8c2e,inferred_or_snapshot
NIFTYMIDCAP150,Nifty Midcap 150,VARROC,2018-12-28,2020-06-26,,press_release,https://niftyindices.com/Press_Release/ind_prs14122018.pdf,closed by ind_prs10062020.pdf,yurukatsu/nse-historical-membership,index_history/data/index_membership_history.csv,850da8ca193b289fc7471eee28362a7a058f8c2e,explicit_source
NIFTYMIDCAP150,Nifty Midcap 150,VBL,2017-09-29,2023-03-31,,press_release,https://niftyindices.com/Press_Release/ind_prs28082017.pdf,closed by ind_prs17022023_1.pdf,yurukatsu/nse-historical-membership,index_history/data/index_membership_history.csv,850da8ca193b289fc7471eee28362a7a058f8c2e,explicit_source
NIFTYMIDCAP150,Nifty Midcap 150,VGUARD,2017-09-29,2021-09-30,,press_release,https://niftyindices.com/Press_Release/ind_prs28082017.pdf,closed by ind_prs15092021.pdf,yurukatsu/nse-historical-membership,index_history/data/index_membership_history.csv,850da8ca193b289fc7471eee28362a7a058f8c2e,explicit_source
NIFTYMIDCAP150,Nifty Midcap 150,VIJAYABANK,2017-09-29,2018-04-02,,press_release,https://niftyindices.com/Press_Release/ind_prs28082017.pdf,closed by ind_prs21022018.pdf,yurukatsu/nse-historical-membership,index_history/data/index_membership_history.csv,850da8ca193b289fc7471eee28362a7a058f8c2e,explicit_source
NIFTYMIDCAP150,Nifty Midcap 150,VINATIORGA,2019-09-27,2024-03-28,,press_release,https://niftyindices.com/Press_Release/ind_prs28082019.pdf,closed by ind_prs28022024.pdf,yurukatsu/nse-historical-membership,index_history/data/index_membership_history.csv,850da8ca193b289fc7471eee28362a7a058f8c2e,explicit_source
NIFTYMIDCAP150,Nifty Midcap 150,VMM,2025-03-28,,,press_release,https://niftyindices.com/Press_Release/ind_prs21022025.pdf,,yurukatsu/nse-historical-membership,index_history/data/index_membership_history.csv,850da8ca193b289fc7471eee28362a7a058f8c2e,explicit_source
NIFTYMIDCAP150,Nifty Midcap 150,VOLTAS,2016-04-01,,,snapshot_floor,,,yurukatsu/nse-historical-membership,index_history/data/index_membership_history.csv,850da8ca193b289fc7471eee28362a7a058f8c2e,inferred_or_snapshot
NIFTYMIDCAP150,Nifty Midcap 150,VTL,2016-04-01,2018-04-02,,snapshot_floor,,closed by ind_prs21022018.pdf,yurukatsu/nse-historical-membership,index_history/data/index_membership_history.csv,850da8ca193b289fc7471eee28362a7a058f8c2e,inferred_or_snapshot
NIFTYMIDCAP150,Nifty Midcap 150,WAAREEENER,2025-03-28,,,press_release,https://niftyindices.com/Press_Release/ind_prs21022025.pdf,,yurukatsu/nse-historical-membership,index_history/data/index_membership_history.csv,850da8ca193b289fc7471eee28362a7a058f8c2e,explicit_source
NIFTYMIDCAP150,Nifty Midcap 150,WELSPUNIND,2016-04-01,2018-04-02,,snapshot_floor,,closed by ind_prs21022018.pdf,yurukatsu/nse-historical-membership,index_history/data/index_membership_history.csv,850da8ca193b289fc7471eee28362a7a058f8c2e,inferred_or_snapshot
NIFTYMIDCAP150,Nifty Midcap 150,WHIRLPOOL,2016-04-01,2024-03-28,,snapshot_floor,,closed by ind_prs28022024.pdf,yurukatsu/nse-historical-membership,index_history/data/index_membership_history.csv,850da8ca193b289fc7471eee28362a7a058f8c2e,inferred_or_snapshot
NIFTYMIDCAP150,Nifty Midcap 150,WOCKPHARMA,2016-04-01,2018-09-28,,snapshot_floor,,closed by ind_prs28082018.pdf,yurukatsu/nse-historical-membership,index_history/data/index_membership_history.csv,850da8ca193b289fc7471eee28362a7a058f8c2e,inferred_or_snapshot
NIFTYMIDCAP150,Nifty Midcap 150,YESBANK,2020-09-25,2021-03-31,,press_release,https://niftyindices.com/Press_Release/ind_prs20082020.pdf,closed by ind_prs23022021.pdf,yurukatsu/nse-historical-membership,index_history/data/index_membership_history.csv,850da8ca193b289fc7471eee28362a7a058f8c2e,explicit_source
NIFTYMIDCAP150,Nifty Midcap 150,YESBANK,2022-03-31,,,press_release,https://niftyindices.com/Press_Release/ind_prs24022022_1.pdf,,yurukatsu/nse-historical-membership,index_history/data/index_membership_history.csv,850da8ca193b289fc7471eee28362a7a058f8c2e,explicit_source
NIFTYMIDCAP150,Nifty Midcap 150,ZEEL,2020-09-25,2024-09-30,,press_release,https://niftyindices.com/Press_Release/ind_prs20082020.pdf,closed by ind_prs23082024.pdf,yurukatsu/nse-historical-membership,index_history/data/index_membership_history.csv,850da8ca193b289fc7471eee28362a7a058f8c2e,explicit_source
NIFTYMIDCAP150,Nifty Midcap 150,ZFCVINDIA,2016-04-01,2021-03-31,,snapshot_floor,,closed by ind_prs23022021.pdf,yurukatsu/nse-historical-membership,index_history/data/index_membership_history.csv,850da8ca193b289fc7471eee28362a7a058f8c2e,inferred_or_snapshot
NIFTYMIDCAP150,Nifty Midcap 150,ZFCVINDIA,2021-09-30,2025-03-28,,press_release,https://niftyindices.com/Press_Release/ind_prs15092021.pdf,closed by ind_prs21022025.pdf,yurukatsu/nse-historical-membership,index_history/data/index_membership_history.csv,850da8ca193b289fc7471eee28362a7a058f8c2e,explicit_source
NIFTYMIDCAP150,Nifty Midcap 150,ZYDUSLIFE,2022-09-30,2023-09-29,,press_release,https://niftyindices.com/Press_Release/ind_prs01092022.pdf,closed by ind_prs17082023.pdf,yurukatsu/nse-historical-membership,index_history/data/index_membership_history.csv,850da8ca193b289fc7471eee28362a7a058f8c2e,explicit_source
NIFTYMIDCAP150,Nifty Midcap 150,ZYDUSWELL,2020-09-25,2022-03-31,,press_release,https://niftyindices.com/Press_Release/ind_prs20082020.pdf,closed by ind_prs24022022_1.pdf,yurukatsu/nse-historical-membership,index_history/data/index_membership_history.csv,850da8ca193b289fc7471eee28362a7a058f8c2e,explicit_source
NIFTYNEXT50,Nifty Next 50,ABB,2023-03-31,,,press_release,https://niftyindices.com/Press_Release/ind_prs17022023_1.pdf,,yurukatsu/nse-historical-membership,index_history/data/index_membership_history.csv,850da8ca193b289fc7471eee28362a7a058f8c2e,explicit_source
NIFTYNEXT50,Nifty Next 50,ABBOTINDIA,2020-06-26,2021-09-30,,press_release,https://niftyindices.com/Press_Release/ind_prs10062020.pdf,closed by ind_prs23082021.pdf,yurukatsu/nse-historical-membership,index_history/data/index_membership_history.csv,850da8ca193b289fc7471eee28362a7a058f8c2e,explicit_source
NIFTYNEXT50,Nifty Next 50,ABCAPITAL,2018-04-02,2019-03-29,,press_release,https://niftyindices.com/Press_Release/ind_prs21022018.pdf,closed by ind_prs25022019.pdf,yurukatsu/nse-historical-membership,index_history/data/index_membership_history.csv,850da8ca193b289fc7471eee28362a7a058f8c2e,explicit_source
NIFTYNEXT50,Nifty Next 50,ABIRLANUVO,2014-01-01,2015-10-19,,snapshot_floor,,closed by ind_prs18092015.pdf,yurukatsu/nse-historical-membership,index_history/data/index_membership_history.csv,850da8ca193b289fc7471eee28362a7a058f8c2e,inferred_or_snapshot
NIFTYNEXT50,Nifty Next 50,ACC,2017-09-29,2023-09-29,,press_release,https://niftyindices.com/Press_Release/ind_prs28082017.pdf,closed by ind_prs17082023.pdf,yurukatsu/nse-historical-membership,index_history/data/index_membership_history.csv,850da8ca193b289fc7471eee28362a7a058f8c2e,explicit_source
NIFTYNEXT50,Nifty Next 50,ADANIENSOL,2020-03-27,,,press_release,https://niftyindices.com/Press_Release/ind_prs18022020.pdf,,yurukatsu/nse-historical-membership,index_history/data/index_membership_history.csv,850da8ca193b289fc7471eee28362a7a058f8c2e,explicit_source
NIFTYNEXT50,Nifty Next 50,ADANIENT,2021-03-31,2022-09-30,,press_release,https://niftyindices.com/Press_Release/ind_prs23022021.pdf,closed by ind_prs01092022.pdf,yurukatsu/nse-historical-membership,index_history/data/index_membership_history.csv,850da8ca193b289fc7471eee28362a7a058f8c2e,explicit_source
NIFTYNEXT50,Nifty Next 50,ADANIGREEN,2020-09-25,,,press_release,https://niftyindices.com/Press_Release/ind_prs20082020.pdf,,yurukatsu/nse-historical-membership,index_history/data/index_membership_history.csv,850da8ca193b289fc7471eee28362a7a058f8c2e,explicit_source
NIFTYNEXT50,Nifty Next 50,ADANIPORTS,2014-01-01,2015-09-28,,snapshot_floor,,closed by ind_prs12082015.pdf,yurukatsu/nse-historical-membership,index_history/data/index_membership_history.csv,850da8ca193b289fc7471eee28362a7a058f8c2e,inferred_or_snapshot
NIFTYNEXT50,Nifty Next 50,ADANIPOWER,2024-03-28,,,press_release,https://niftyindices.com/Press_Release/ind_prs28022024.pdf,,yurukatsu/nse-historical-membership,index_history/data/index_membership_history.csv,850da8ca193b289fc7471eee28362a7a058f8c2e,explicit_source
NIFTYNEXT50,Nifty Next 50,ALKEM,2020-09-25,2021-09-30,,press_release,https://niftyindices.com/Press_Release/ind_prs20082020.pdf,closed by ind_prs23082021.pdf,yurukatsu/nse-historical-membership,index_history/data/index_membership_history.csv,850da8ca193b289fc7471eee28362a7a058f8c2e,explicit_source
NIFTYNEXT50,Nifty Next 50,AMBUJACEM,2018-04-02,,,press_release,https://niftyindices.com/Press_Release/ind_prs21022018.pdf,,yurukatsu/nse-historical-membership,index_history/data/index_membership_history.csv,850da8ca193b289fc7471eee28362a7a058f8c2e,explicit_source
NIFTYNEXT50,Nifty Next 50,APOLLOHOSP,2014-01-01,2017-03-31,,snapshot_floor,,closed by ind_prs16022017.pdf,yurukatsu/nse-historical-membership,index_history/data/index_membership_history.csv,850da8ca193b289fc7471eee28362a7a058f8c2e,inferred_or_snapshot
NIFTYNEXT50,Nifty Next 50,APOLLOHOSP,2021-03-31,2022-03-31,,press_release,https://niftyindices.com/Press_Release/ind_prs23022021.pdf,closed by ind_prs24022022_1.pdf,yurukatsu/nse-historical-membership,index_history/data/index_membership_history.csv,850da8ca193b289fc7471eee28362a7a058f8c2e,explicit_source
NIFTYNEXT50,Nifty Next 50,ASHOKLEY,2015-09-28,2020-06-26,,press_release,https://niftyindices.com/Press_Release/ind_prs24082015.pdf,closed by ind_prs10062020.pdf,yurukatsu/nse-historical-membership,index_history/data/index_membership_history.csv,850da8ca193b289fc7471eee28362a7a058f8c2e,explicit_source
NIFTYNEXT50,Nifty Next 50,ATGL,2022-09-30,2025-03-28,,press_release,https://niftyindices.com/Press_Release/ind_prs01092022.pdf,closed by ind_prs21022025.pdf,yurukatsu/nse-historical-membership,index_history/data/index_membership_history.csv,850da8ca193b289fc7471eee28362a7a058f8c2e,explicit_source
NIFTYNEXT50,Nifty Next 50,AUROPHARMA,2018-04-02,2022-03-31,,press_release,https://niftyindices.com/Press_Release/ind_prs21022018.pdf,closed by ind_prs24022022_1.pdf,yurukatsu/nse-historical-membership,index_history/data/index_membership_history.csv,850da8ca193b289fc7471eee28362a7a058f8c2e,explicit_source
NIFTYNEXT50,Nifty Next 50,AWL,2023-03-31,2024-03-28,,press_release,https://niftyindices.com/Press_Release/ind_prs17022023_1.pdf,closed by ind_prs28022024.pdf,yurukatsu/nse-historical-membership,index_history/data/index_membership_history.csv,850da8ca193b289fc7471eee28362a7a058f8c2e,explicit_source
NIFTYNEXT50,Nifty Next 50,BAJAJFINSV,2014-01-01,2018-04-02,,snapshot_floor,,closed by ind_prs21022018.pdf,yurukatsu/nse-historical-membership,index_history/data/index_membership_history.csv,850da8ca193b289fc7471eee28362a7a058f8c2e,inferred_or_snapshot
NIFTYNEXT50,Nifty Next 50,BAJAJHFL,2025-03-28,2026-03-30,,press_release,https://niftyindices.com/Press_Release/ind_prs21022025.pdf,closed by ind_prs23022026.pdf,yurukatsu/nse-historical-membership,index_history/data/index_membership_history.csv,850da8ca193b289fc7471eee28362a7a058f8c2e,explicit_source
NIFTYNEXT50,Nifty Next 50,BAJAJHLDNG,2019-03-29,,,press_release,https://niftyindices.com/Press_Release/ind_prs25022019.pdf,,yurukatsu/nse-historical-membership,index_history/data/index_membership_history.csv,850da8ca193b289fc7471eee28362a7a058f8c2e,explicit_source
NIFTYNEXT50,Nifty Next 50,BAJFINANCE,2014-01-01,2017-09-29,,snapshot_floor,,closed by ind_prs28082017.pdf,yurukatsu/nse-historical-membership,index_history/data/index_membership_history.csv,850da8ca193b289fc7471eee28362a7a058f8c2e,inferred_or_snapshot
NIFTYNEXT50,Nifty Next 50,BANDHANBNK,2018-09-28,2023-03-31,,press_release,https://niftyindices.com/Press_Release/ind_prs28082018.pdf,closed by ind_prs17022023_1.pdf,yurukatsu/nse-historical-membership,index_history/data/index_membership_history.csv,850da8ca193b289fc7471eee28362a7a058f8c2e,explicit_source
NIFTYNEXT50,Nifty Next 50,BANKBARODA,2017-09-29,2021-03-31,,press_release,https://niftyindices.com/Press_Release/ind_prs28082017.pdf,closed by ind_prs23022021.pdf,yurukatsu/nse-historical-membership,index_history/data/index_membership_history.csv,850da8ca193b289fc7471eee28362a7a058f8c2e,explicit_source
NIFTYNEXT50,Nifty Next 50,BANKBARODA,2026-03-31,,,snapshot,,"inferred-include: in NSE current snapshot, no PR found (opened at most-recent semi-annual review)",yurukatsu/nse-historical-membership,index_history/data/index_membership_history.csv,850da8ca193b289fc7471eee28362a7a058f8c2e,inferred_or_snapshot
NIFTYNEXT50,Nifty Next 50,BEL,2014-01-01,2019-03-29,,snapshot_floor,,closed by ind_prs25022019.pdf,yurukatsu/nse-historical-membership,index_history/data/index_membership_history.csv,850da8ca193b289fc7471eee28362a7a058f8c2e,inferred_or_snapshot
NIFTYNEXT50,Nifty Next 50,BEL,2022-09-30,2024-09-30,,press_release,https://niftyindices.com/Press_Release/ind_prs01092022.pdf,closed by ind_prs23082024.pdf,yurukatsu/nse-historical-membership,index_history/data/index_membership_history.csv,850da8ca193b289fc7471eee28362a7a058f8c2e,explicit_source
NIFTYNEXT50,Nifty Next 50,BERGEPAINT,2019-09-27,2024-09-30,,press_release,https://niftyindices.com/Press_Release/ind_prs28082019.pdf,closed by ind_prs23082024.pdf,yurukatsu/nse-historical-membership,index_history/data/index_membership_history.csv,850da8ca193b289fc7471eee28362a7a058f8c2e,explicit_source
NIFTYNEXT50,Nifty Next 50,BHARATFORG,2014-01-01,2017-03-31,,snapshot_floor,,closed by ind_prs16022017.pdf,yurukatsu/nse-historical-membership,index_history/data/index_membership_history.csv,850da8ca193b289fc7471eee28362a7a058f8c2e,inferred_or_snapshot
NIFTYNEXT50,Nifty Next 50,BHEL,2017-03-31,2019-09-27,,press_release,https://niftyindices.com/Press_Release/ind_prs16022017.pdf,closed by ind_prs28082019.pdf,yurukatsu/nse-historical-membership,index_history/data/index_membership_history.csv,850da8ca193b289fc7471eee28362a7a058f8c2e,explicit_source
NIFTYNEXT50,Nifty Next 50,BHEL,2024-09-30,2025-03-28,,press_release,https://niftyindices.com/Press_Release/ind_prs23082024.pdf,closed by ind_prs21022025.pdf,yurukatsu/nse-historical-membership,index_history/data/index_membership_history.csv,850da8ca193b289fc7471eee28362a7a058f8c2e,explicit_source
NIFTYNEXT50,Nifty Next 50,BIOCON,2018-09-28,2023-03-31,,press_release,https://niftyindices.com/Press_Release/ind_prs28082018.pdf,closed by ind_prs17022023_1.pdf,yurukatsu/nse-historical-membership,index_history/data/index_membership_history.csv,850da8ca193b289fc7471eee28362a7a058f8c2e,explicit_source
NIFTYNEXT50,Nifty Next 50,BOSCHLTD,2018-04-02,,,press_release,https://niftyindices.com/Press_Release/ind_prs21022018.pdf,,yurukatsu/nse-historical-membership,index_history/data/index_membership_history.csv,850da8ca193b289fc7471eee28362a7a058f8c2e,explicit_source
NIFTYNEXT50,Nifty Next 50,BPCL,2025-03-28,,,press_release,https://niftyindices.com/Press_Release/ind_prs21022025.pdf,,yurukatsu/nse-historical-membership,index_history/data/index_membership_history.csv,850da8ca193b289fc7471eee28362a7a058f8c2e,explicit_source
NIFTYNEXT50,Nifty Next 50,BRITANNIA,2014-01-01,2019-03-29,,snapshot_floor,,closed by ind_prs25022019.pdf,yurukatsu/nse-historical-membership,index_history/data/index_membership_history.csv,850da8ca193b289fc7471eee28362a7a058f8c2e,inferred_or_snapshot
NIFTYNEXT50,Nifty Next 50,BRITANNIA,2025-03-28,,,press_release,https://niftyindices.com/Press_Release/ind_prs21022025.pdf,,yurukatsu/nse-historical-membership,index_history/data/index_membership_history.csv,850da8ca193b289fc7471eee28362a7a058f8c2e,explicit_source
NIFTYNEXT50,Nifty Next 50,CANBK,2023-03-31,,,press_release,https://niftyindices.com/Press_Release/ind_prs17022023_1.pdf,,yurukatsu/nse-historical-membership,index_history/data/index_membership_history.csv,850da8ca193b289fc7471eee28362a7a058f8c2e,explicit_source
NIFTYNEXT50,Nifty Next 50,CASTROLIND,2014-01-01,2017-03-31,,snapshot_floor,,closed by ind_prs16022017.pdf,yurukatsu/nse-historical-membership,index_history/data/index_membership_history.csv,850da8ca193b289fc7471eee28362a7a058f8c2e,inferred_or_snapshot
NIFTYNEXT50,Nifty Next 50,CGPOWER,2025-03-28,,,press_release,https://niftyindices.com/Press_Release/ind_prs21022025.pdf,,yurukatsu/nse-historical-membership,index_history/data/index_membership_history.csv,850da8ca193b289fc7471eee28362a7a058f8c2e,explicit_source
NIFTYNEXT50,Nifty Next 50,CHOLAFIN,2014-01-01,,,snapshot_floor,,,yurukatsu/nse-historical-membership,index_history/data/index_membership_history.csv,850da8ca193b289fc7471eee28362a7a058f8c2e,inferred_or_snapshot
NIFTYNEXT50,Nifty Next 50,COLPAL,2014-01-01,2024-09-30,,snapshot_floor,,closed by ind_prs23082024.pdf,yurukatsu/nse-historical-membership,index_history/data/index_membership_history.csv,850da8ca193b289fc7471eee28362a7a058f8c2e,inferred_or_snapshot
NIFTYNEXT50,Nifty Next 50,CONCOR,2014-01-01,2021-03-31,,snapshot_floor,,closed by ind_prs23022021.pdf,yurukatsu/nse-historical-membership,index_history/data/index_membership_history.csv,850da8ca193b289fc7471eee28362a7a058f8c2e,inferred_or_snapshot
NIFTYNEXT50,Nifty Next 50,CROMPGREAV,2014-01-01,2015-09-28,,snapshot_floor,,closed by ind_prs24082015.pdf,yurukatsu/nse-historical-membership,index_history/data/index_membership_history.csv,850da8ca193b289fc7471eee28362a7a058f8c2e,inferred_or_snapshot
NIFTYNEXT50,Nifty Next 50,CUMMINSIND,2014-01-01,2018-09-28,,snapshot_floor,,closed by ind_prs28082018.pdf,yurukatsu/nse-historical-membership,index_history/data/index_membership_history.csv,850da8ca193b289fc7471eee28362a7a058f8c2e,inferred_or_snapshot
NIFTYNEXT50,Nifty Next 50,CUMMINSIND,2026-03-30,,,press_release,https://niftyindices.com/Press_Release/ind_prs23022026.pdf,,yurukatsu/nse-historical-membership,index_history/data/index_membership_history.csv,850da8ca193b289fc7471eee28362a7a058f8c2e,explicit_source
NIFTYNEXT50,Nifty Next 50,DABUR,2014-01-01,2025-09-30,,snapshot_floor,,closed by ind_prs22082025.pdf,yurukatsu/nse-historical-membership,index_history/data/index_membership_history.csv,850da8ca193b289fc7471eee28362a7a058f8c2e,inferred_or_snapshot
NIFTYNEXT50,Nifty Next 50,DIVISLAB,2014-01-01,2017-09-29,,snapshot_floor,,closed by ind_prs28082017.pdf,yurukatsu/nse-historical-membership,index_history/data/index_membership_history.csv,850da8ca193b289fc7471eee28362a7a058f8c2e,inferred_or_snapshot
NIFTYNEXT50,Nifty Next 50,DIVISLAB,2019-03-29,2020-09-25,,press_release,https://niftyindices.com/Press_Release/ind_prs25022019.pdf,closed by ind_prs20082020.pdf,yurukatsu/nse-historical-membership,index_history/data/index_membership_history.csv,850da8ca193b289fc7471eee28362a7a058f8c2e,explicit_source
NIFTYNEXT50,Nifty Next 50,DIVISLAB,2024-09-30,,,press_release,https://niftyindices.com/Press_Release/ind_prs23082024.pdf,,yurukatsu/nse-historical-membership,index_history/data/index_membership_history.csv,850da8ca193b289fc7471eee28362a7a058f8c2e,explicit_source
NIFTYNEXT50,Nifty Next 50,DLF,2014-01-01,,,snapshot_floor,,,yurukatsu/nse-historical-membership,index_history/data/index_membership_history.csv,850da8ca193b289fc7471eee28362a7a058f8c2e,inferred_or_snapshot
NIFTYNEXT50,Nifty Next 50,DMART,2017-09-29,,,press_release,https://niftyindices.com/Press_Release/ind_prs28082017.pdf,,yurukatsu/nse-historical-membership,index_history/data/index_membership_history.csv,850da8ca193b289fc7471eee28362a7a058f8c2e,explicit_source
NIFTYNEXT50,Nifty Next 50,EMAMILTD,2014-01-01,2018-09-28,,snapshot_floor,,closed by ind_prs28082018.pdf,yurukatsu/nse-historical-membership,index_history/data/index_membership_history.csv,850da8ca193b289fc7471eee28362a7a058f8c2e,inferred_or_snapshot
NIFTYNEXT50,Nifty Next 50,ENRIN,2025-09-30,,,press_release,https://niftyindices.com/Press_Release/ind_prs22082025.pdf,,yurukatsu/nse-historical-membership,index_history/data/index_membership_history.csv,850da8ca193b289fc7471eee28362a7a058f8c2e,explicit_source
NIFTYNEXT50,Nifty Next 50,ETERNAL,2022-03-31,2025-03-28,,press_release,https://niftyindices.com/Press_Release/ind_prs24022022_1.pdf,closed by ind_prs21022025.pdf,yurukatsu/nse-historical-membership,index_history/data/index_membership_history.csv,850da8ca193b289fc7471eee28362a7a058f8c2e,explicit_source
NIFTYNEXT50,Nifty Next 50,GAIL,2021-03-31,,,press_release,https://niftyindices.com/Press_Release/ind_prs23022021.pdf,,yurukatsu/nse-historical-membership,index_history/data/index_membership_history.csv,850da8ca193b289fc7471eee28362a7a058f8c2e,explicit_source
NIFTYNEXT50,Nifty Next 50,GICRE,2018-04-02,2021-03-31,,press_release,https://niftyindices.com/Press_Release/ind_prs21022018.pdf,closed by ind_prs23022021.pdf,yurukatsu/nse-historical-membership,index_history/data/index_membership_history.csv,850da8ca193b289fc7471eee28362a7a058f8c2e,explicit_source
NIFTYNEXT50,Nifty Next 50,GLAND,2021-06-30,2023-03-31,,press_release,https://niftyindices.com/Press_Release/ind_prs15062021.pdf,closed by ind_prs17022023_1.pdf,yurukatsu/nse-historical-membership,index_history/data/index_membership_history.csv,850da8ca193b289fc7471eee28362a7a058f8c2e,explicit_source
NIFTYNEXT50,Nifty Next 50,GLAXO,2014-01-01,2018-04-02,,snapshot_floor,,closed by ind_prs21022018.pdf,yurukatsu/nse-historical-membership,index_history/data/index_membership_history.csv,850da8ca193b289fc7471eee28362a7a058f8c2e,inferred_or_snapshot
NIFTYNEXT50,Nifty Next 50,GLENMARK,2014-01-01,2018-04-02,,snapshot_floor,,closed by ind_prs21022018.pdf,yurukatsu/nse-historical-membership,index_history/data/index_membership_history.csv,850da8ca193b289fc7471eee28362a7a058f8c2e,inferred_or_snapshot
NIFTYNEXT50,Nifty Next 50,GODREJCP,2014-01-01,,,snapshot_floor,,,yurukatsu/nse-historical-membership,index_history/data/index_membership_history.csv,850da8ca193b289fc7471eee28362a7a058f8c2e,inferred_or_snapshot
NIFTYNEXT50,Nifty Next 50,GSKCONS,2014-01-01,2018-04-02,,snapshot_floor,,closed by ind_prs21022018.pdf,yurukatsu/nse-historical-membership,index_history/data/index_membership_history.csv,850da8ca193b289fc7471eee28362a7a058f8c2e,inferred_or_snapshot
NIFTYNEXT50,Nifty Next 50,HAL,2022-09-30,,,press_release,https://niftyindices.com/Press_Release/ind_prs01092022.pdf,,yurukatsu/nse-historical-membership,index_history/data/index_membership_history.csv,850da8ca193b289fc7471eee28362a7a058f8c2e,explicit_source
NIFTYNEXT50,Nifty Next 50,HAVELLS,2014-01-01,2026-03-30,,snapshot_floor,,closed by ind_prs23022026.pdf,yurukatsu/nse-historical-membership,index_history/data/index_membership_history.csv,850da8ca193b289fc7471eee28362a7a058f8c2e,inferred_or_snapshot
NIFTYNEXT50,Nifty Next 50,HDFCAMC,2019-03-29,2023-09-29,,press_release,https://niftyindices.com/Press_Release/ind_prs25022019.pdf,closed by ind_prs17082023.pdf,yurukatsu/nse-historical-membership,index_history/data/index_membership_history.csv,850da8ca193b289fc7471eee28362a7a058f8c2e,explicit_source
NIFTYNEXT50,Nifty Next 50,HDFCAMC,2026-03-30,,,press_release,https://niftyindices.com/Press_Release/ind_prs23022026.pdf,,yurukatsu/nse-historical-membership,index_history/data/index_membership_history.csv,850da8ca193b289fc7471eee28362a7a058f8c2e,explicit_source
NIFTYNEXT50,Nifty Next 50,HDFCLIFE,2018-09-28,2020-07-31,,press_release,https://niftyindices.com/Press_Release/ind_prs28082018.pdf,closed by ind_prs02072020_1.pdf,yurukatsu/nse-historical-membership,index_history/data/index_membership_history.csv,850da8ca193b289fc7471eee28362a7a058f8c2e,explicit_source
NIFTYNEXT50,Nifty Next 50,HINDPETRO,2014-01-01,2017-09-29,,snapshot_floor,,closed by ind_prs28082017.pdf,yurukatsu/nse-historical-membership,index_history/data/index_membership_history.csv,850da8ca193b289fc7471eee28362a7a058f8c2e,inferred_or_snapshot
NIFTYNEXT50,Nifty Next 50,HINDPETRO,2019-03-29,2022-03-31,,press_release,https://niftyindices.com/Press_Release/ind_prs25022019.pdf,closed by ind_prs24022022_1.pdf,yurukatsu/nse-historical-membership,index_history/data/index_membership_history.csv,850da8ca193b289fc7471eee28362a7a058f8c2e,explicit_source
NIFTYNEXT50,Nifty Next 50,HINDZINC,2014-01-01,2021-03-31,,snapshot_floor,,closed by ind_prs23022021.pdf,yurukatsu/nse-historical-membership,index_history/data/index_membership_history.csv,850da8ca193b289fc7471eee28362a7a058f8c2e,inferred_or_snapshot
NIFTYNEXT50,Nifty Next 50,HINDZINC,2025-09-30,,,press_release,https://niftyindices.com/Press_Release/ind_prs22082025.pdf,,yurukatsu/nse-historical-membership,index_history/data/index_membership_history.csv,850da8ca193b289fc7471eee28362a7a058f8c2e,explicit_source
NIFTYNEXT50,Nifty Next 50,HYUNDAI,2025-03-28,,,press_release,https://niftyindices.com/Press_Release/ind_prs21022025.pdf,,yurukatsu/nse-historical-membership,index_history/data/index_membership_history.csv,850da8ca193b289fc7471eee28362a7a058f8c2e,explicit_source
NIFTYNEXT50,Nifty Next 50,ICICIGI,2018-09-28,2026-03-30,,press_release,https://niftyindices.com/Press_Release/ind_prs28082018.pdf,closed by ind_prs23022026.pdf,yurukatsu/nse-historical-membership,index_history/data/index_membership_history.csv,850da8ca193b289fc7471eee28362a7a058f8c2e,explicit_source
NIFTYNEXT50,Nifty Next 50,ICICIPRULI,2017-03-31,2025-09-30,,press_release,https://niftyindices.com/Press_Release/ind_prs16022017.pdf,closed by ind_prs22082025.pdf,yurukatsu/nse-historical-membership,index_history/data/index_membership_history.csv,850da8ca193b289fc7471eee28362a7a058f8c2e,explicit_source
NIFTYNEXT50,Nifty Next 50,IDBI,2014-01-01,2014-03-28,,snapshot_floor,,closed by ind_prs27022014.pdf,yurukatsu/nse-historical-membership,index_history/data/index_membership_history.csv,850da8ca193b289fc7471eee28362a7a058f8c2e,inferred_or_snapshot
NIFTYNEXT50,Nifty Next 50,IDBI,2020-03-27,2020-03-31,,press_release,https://niftyindices.com/Press_Release/ind_prs18022020.pdf,"inferred-exclude: not in NSE current snapshot, no PR found (closed at next semi-annual review)",yurukatsu/nse-historical-membership,index_history/data/index_membership_history.csv,850da8ca193b289fc7471eee28362a7a058f8c2e,explicit_source
NIFTYNEXT50,Nifty Next 50,IDEA,2014-01-01,2015-03-27,,snapshot_floor,,closed by ind_prs20022015.pdf,yurukatsu/nse-historical-membership,index_history/data/index_membership_history.csv,850da8ca193b289fc7471eee28362a7a058f8c2e,inferred_or_snapshot
NIFTYNEXT50,Nifty Next 50,IDEA,2017-03-31,2020-06-26,,press_release,https://niftyindices.com/Press_Release/ind_prs16022017.pdf,closed by ind_prs10062020.pdf,yurukatsu/nse-historical-membership,index_history/data/index_membership_history.csv,850da8ca193b289fc7471eee28362a7a058f8c2e,explicit_source
NIFTYNEXT50,Nifty Next 50,IDEA,2026-09-30,,,NSE/Nifty press release,https://www.niftyindices.com/Press_Release/ind_prs10082026.pdf,Official event overlay: Semi-annual broad-market review,,,,official_event_overlay
NIFTYNEXT50,Nifty Next 50,IGL,2020-06-26,2022-03-31,,press_release,https://niftyindices.com/Press_Release/ind_prs10062020.pdf,closed by ind_prs24022022_1.pdf,yurukatsu/nse-historical-membership,index_history/data/index_membership_history.csv,850da8ca193b289fc7471eee28362a7a058f8c2e,explicit_source
NIFTYNEXT50,Nifty Next 50,INDHOTEL,2025-03-28,2026-09-30,,press_release,https://niftyindices.com/Press_Release/ind_prs21022025.pdf,,yurukatsu/nse-historical-membership,index_history/data/index_membership_history.csv,850da8ca193b289fc7471eee28362a7a058f8c2e,explicit_source
NIFTYNEXT50,Nifty Next 50,INDIGO,2014-01-01,2025-09-30,,snapshot_floor,,closed by ind_prs22082025.pdf,yurukatsu/nse-historical-membership,index_history/data/index_membership_history.csv,850da8ca193b289fc7471eee28362a7a058f8c2e,inferred_or_snapshot
NIFTYNEXT50,Nifty Next 50,INDUSTOWER,2020-09-25,2023-09-29,,press_release,https://niftyindices.com/Press_Release/ind_prs20082020.pdf,closed by ind_prs17082023.pdf,yurukatsu/nse-historical-membership,index_history/data/index_membership_history.csv,850da8ca193b289fc7471eee28362a7a058f8c2e,explicit_source
NIFTYNEXT50,Nifty Next 50,INGVYSYABK,2014-03-28,2014-03-31,,press_release,https://niftyindices.com/Press_Release/ind_prs27022014.pdf,"inferred-exclude: not in NSE current snapshot, no PR found (closed at next semi-annual review)",yurukatsu/nse-historical-membership,index_history/data/index_membership_history.csv,850da8ca193b289fc7471eee28362a7a058f8c2e,explicit_source
NIFTYNEXT50,Nifty Next 50,IOC,2015-10-19,2017-03-31,,press_release,https://niftyindices.com/Press_Release/ind_prs18092015.pdf,closed by ind_prs16022017.pdf,yurukatsu/nse-historical-membership,index_history/data/index_membership_history.csv,850da8ca193b289fc7471eee28362a7a058f8c2e,explicit_source
NIFTYNEXT50,Nifty Next 50,IOC,2022-03-31,,,press_release,https://niftyindices.com/Press_Release/ind_prs24022022_1.pdf,,yurukatsu/nse-historical-membership,index_history/data/index_membership_history.csv,850da8ca193b289fc7471eee28362a7a058f8c2e,explicit_source
NIFTYNEXT50,Nifty Next 50,IRCTC,2022-09-30,2025-03-28,,press_release,https://niftyindices.com/Press_Release/ind_prs01092022.pdf,closed by ind_prs21022025.pdf,yurukatsu/nse-historical-membership,index_history/data/index_membership_history.csv,850da8ca193b289fc7471eee28362a7a058f8c2e,explicit_source
NIFTYNEXT50,Nifty Next 50,IRFC,2024-03-28,,,press_release,https://niftyindices.com/Press_Release/ind_prs28022024.pdf,,yurukatsu/nse-historical-membership,index_history/data/index_membership_history.csv,850da8ca193b289fc7471eee28362a7a058f8c2e,explicit_source
NIFTYNEXT50,Nifty Next 50,JINDALSTEL,2014-01-01,2022-03-31,,snapshot_floor,,closed by ind_prs24022022_1.pdf,yurukatsu/nse-historical-membership,index_history/data/index_membership_history.csv,850da8ca193b289fc7471eee28362a7a058f8c2e,inferred_or_snapshot
NIFTYNEXT50,Nifty Next 50,JINDALSTEL,2023-07-13,,,press_release,https://niftyindices.com/Press_Release/ind_prs04072023.pdf,,yurukatsu/nse-historical-membership,index_history/data/index_membership_history.csv,850da8ca193b289fc7471eee28362a7a058f8c2e,explicit_source
NIFTYNEXT50,Nifty Next 50,JIOFIN,2024-03-28,2025-03-28,,press_release,https://niftyindices.com/Press_Release/ind_prs28022024.pdf,closed by ind_prs21022025.pdf,yurukatsu/nse-historical-membership,index_history/data/index_membership_history.csv,850da8ca193b289fc7471eee28362a7a058f8c2e,explicit_source
NIFTYNEXT50,Nifty Next 50,JSWENERGY,2024-09-30,2026-03-30,,press_release,https://niftyindices.com/Press_Release/ind_prs23082024.pdf,closed by ind_prs23022026.pdf,yurukatsu/nse-historical-membership,index_history/data/index_membership_history.csv,850da8ca193b289fc7471eee28362a7a058f8c2e,explicit_source
NIFTYNEXT50,Nifty Next 50,JSWSTEEL,2014-01-01,2018-09-28,,snapshot_floor,,closed by ind_prs28082018.pdf,yurukatsu/nse-historical-membership,index_history/data/index_membership_history.csv,850da8ca193b289fc7471eee28362a7a058f8c2e,inferred_or_snapshot
NIFTYNEXT50,Nifty Next 50,JUBLFOOD,2021-03-31,2022-09-30,,press_release,https://niftyindices.com/Press_Release/ind_prs23022021.pdf,closed by ind_prs01092022.pdf,yurukatsu/nse-historical-membership,index_history/data/index_membership_history.csv,850da8ca193b289fc7471eee28362a7a058f8c2e,explicit_source
NIFTYNEXT50,Nifty Next 50,LICHSGFIN,2014-01-01,2019-03-29,,snapshot_floor,,closed by ind_prs25022019.pdf,yurukatsu/nse-historical-membership,index_history/data/index_membership_history.csv,850da8ca193b289fc7471eee28362a7a058f8c2e,inferred_or_snapshot
NIFTYNEXT50,Nifty Next 50,LICI,2022-08-08,2026-03-30,,press_release,https://niftyindices.com/Press_Release/ind_prs11072022.pdf,closed by ind_prs23022026.pdf,yurukatsu/nse-historical-membership,index_history/data/index_membership_history.csv,850da8ca193b289fc7471eee28362a7a058f8c2e,explicit_source
NIFTYNEXT50,Nifty Next 50,LODHA,2024-09-30,2026-09-30,,press_release,https://niftyindices.com/Press_Release/ind_prs23082024.pdf,,yurukatsu/nse-historical-membership,index_history/data/index_membership_history.csv,850da8ca193b289fc7471eee28362a7a058f8c2e,explicit_source
NIFTYNEXT50,Nifty Next 50,LTF,2018-04-02,2020-06-26,,press_release,https://niftyindices.com/Press_Release/ind_prs21022018.pdf,closed by ind_prs10062020.pdf,yurukatsu/nse-historical-membership,index_history/data/index_membership_history.csv,850da8ca193b289fc7471eee28362a7a058f8c2e,explicit_source
NIFTYNEXT50,Nifty Next 50,LTM,2024-09-30,,,press_release,https://niftyindices.com/Press_Release/ind_prs23082024.pdf,,yurukatsu/nse-historical-membership,index_history/data/index_membership_history.csv,850da8ca193b289fc7471eee28362a7a058f8c2e,explicit_source
NIFTYNEXT50,Nifty Next 50,LUPIN,2018-09-28,2022-09-30,,press_release,https://niftyindices.com/Press_Release/ind_prs28082018.pdf,closed by ind_prs01092022.pdf,yurukatsu/nse-historical-membership,index_history/data/index_membership_history.csv,850da8ca193b289fc7471eee28362a7a058f8c2e,explicit_source
NIFTYNEXT50,Nifty Next 50,MARICO,2015-09-28,2024-09-30,,press_release,https://niftyindices.com/Press_Release/ind_prs12082015.pdf,closed by ind_prs23082024.pdf,yurukatsu/nse-historical-membership,index_history/data/index_membership_history.csv,850da8ca193b289fc7471eee28362a7a058f8c2e,explicit_source
NIFTYNEXT50,Nifty Next 50,MAZDOCK,2025-09-30,,,press_release,https://niftyindices.com/Press_Release/ind_prs22082025.pdf,,yurukatsu/nse-historical-membership,index_history/data/index_membership_history.csv,850da8ca193b289fc7471eee28362a7a058f8c2e,explicit_source
NIFTYNEXT50,Nifty Next 50,MCDOWELL-N,2014-01-01,2014-03-28,,snapshot_floor,,closed by ind_prs27022014.pdf,yurukatsu/nse-historical-membership,index_history/data/index_membership_history.csv,850da8ca193b289fc7471eee28362a7a058f8c2e,inferred_or_snapshot
NIFTYNEXT50,Nifty Next 50,MCDOWELL-N,2015-03-27,2015-03-31,,press_release,https://niftyindices.com/Press_Release/ind_prs20022015.pdf,"inferred-exclude: not in NSE current snapshot, no PR found (closed at next semi-annual review)",yurukatsu/nse-historical-membership,index_history/data/index_membership_history.csv,850da8ca193b289fc7471eee28362a7a058f8c2e,explicit_source
NIFTYNEXT50,Nifty Next 50,MOTHERSON,2014-09-19,2021-06-30,,press_release,https://niftyindices.com/Press_Release/ind_prs20082014.pdf,closed by ind_prs15062021.pdf,yurukatsu/nse-historical-membership,index_history/data/index_membership_history.csv,850da8ca193b289fc7471eee28362a7a058f8c2e,explicit_source
NIFTYNEXT50,Nifty Next 50,MOTHERSON,2022-09-30,,,press_release,https://niftyindices.com/Press_Release/ind_prs01092022.pdf,,yurukatsu/nse-historical-membership,index_history/data/index_membership_history.csv,850da8ca193b289fc7471eee28362a7a058f8c2e,explicit_source
NIFTYNEXT50,Nifty Next 50,MPHASIS,2014-01-01,2014-09-19,,snapshot_floor,,closed by ind_prs20082014.pdf,yurukatsu/nse-historical-membership,index_history/data/index_membership_history.csv,850da8ca193b289fc7471eee28362a7a058f8c2e,inferred_or_snapshot
NIFTYNEXT50,Nifty Next 50,MPHASIS,2022-09-30,2023-03-31,,press_release,https://niftyindices.com/Press_Release/ind_prs01092022.pdf,closed by ind_prs17022023_1.pdf,yurukatsu/nse-historical-membership,index_history/data/index_membership_history.csv,850da8ca193b289fc7471eee28362a7a058f8c2e,explicit_source
NIFTYNEXT50,Nifty Next 50,MRF,2017-09-29,2019-09-27,,press_release,https://niftyindices.com/Press_Release/ind_prs28082017.pdf,closed by ind_prs28082019.pdf,yurukatsu/nse-historical-membership,index_history/data/index_membership_history.csv,850da8ca193b289fc7471eee28362a7a058f8c2e,explicit_source
NIFTYNEXT50,Nifty Next 50,MRF,2021-03-31,2021-09-30,,press_release,https://niftyindices.com/Press_Release/ind_prs23022021.pdf,"inferred-exclude: not in NSE current snapshot, no PR found (closed at next semi-annual review)",yurukatsu/nse-historical-membership,index_history/data/index_membership_history.csv,850da8ca193b289fc7471eee28362a7a058f8c2e,explicit_source
NIFTYNEXT50,Nifty Next 50,MUTHOOTFIN,2020-06-26,2024-03-28,,press_release,https://niftyindices.com/Press_Release/ind_prs10062020.pdf,closed by ind_prs28022024.pdf,yurukatsu/nse-historical-membership,index_history/data/index_membership_history.csv,850da8ca193b289fc7471eee28362a7a058f8c2e,explicit_source
NIFTYNEXT50,Nifty Next 50,MUTHOOTFIN,2026-03-30,,,press_release,https://niftyindices.com/Press_Release/ind_prs23022026.pdf,,yurukatsu/nse-historical-membership,index_history/data/index_membership_history.csv,850da8ca193b289fc7471eee28362a7a058f8c2e,explicit_source
NIFTYNEXT50,Nifty Next 50,NAUKRI,2020-06-26,2026-03-30,,press_release,https://niftyindices.com/Press_Release/ind_prs10062020.pdf,closed by ind_prs23022026.pdf,yurukatsu/nse-historical-membership,index_history/data/index_membership_history.csv,850da8ca193b289fc7471eee28362a7a058f8c2e,explicit_source
NIFTYNEXT50,Nifty Next 50,NHPC,2014-01-01,2020-09-25,,snapshot_floor,,closed by ind_prs20082020.pdf,yurukatsu/nse-historical-membership,index_history/data/index_membership_history.csv,850da8ca193b289fc7471eee28362a7a058f8c2e,inferred_or_snapshot
NIFTYNEXT50,Nifty Next 50,NHPC,2024-09-30,2025-03-31,,press_release,https://niftyindices.com/Press_Release/ind_prs23082024.pdf,"inferred-exclude: not in NSE current snapshot, no PR found (closed at next semi-annual review)",yurukatsu/nse-historical-membership,index_history/data/index_membership_history.csv,850da8ca193b289fc7471eee28362a7a058f8c2e,explicit_source
NIFTYNEXT50,Nifty Next 50,NIACL,2018-09-28,2020-06-26,,press_release,https://niftyindices.com/Press_Release/ind_prs28082018.pdf,closed by ind_prs10062020.pdf,yurukatsu/nse-historical-membership,index_history/data/index_membership_history.csv,850da8ca193b289fc7471eee28362a7a058f8c2e,explicit_source
NIFTYNEXT50,Nifty Next 50,NMDC,2015-09-28,2022-08-08,,press_release,https://niftyindices.com/Press_Release/ind_prs12082015.pdf,closed by ind_prs11072022.pdf,yurukatsu/nse-historical-membership,index_history/data/index_membership_history.csv,850da8ca193b289fc7471eee28362a7a058f8c2e,explicit_source
NIFTYNEXT50,Nifty Next 50,NYKAA,2022-03-31,2023-09-29,,press_release,https://niftyindices.com/Press_Release/ind_prs24022022_1.pdf,closed by ind_prs17082023.pdf,yurukatsu/nse-historical-membership,index_history/data/index_membership_history.csv,850da8ca193b289fc7471eee28362a7a058f8c2e,explicit_source
NIFTYNEXT50,Nifty Next 50,OFSS,2014-01-01,2021-03-31,,snapshot_floor,,closed by ind_prs23022021.pdf,yurukatsu/nse-historical-membership,index_history/data/index_membership_history.csv,850da8ca193b289fc7471eee28362a7a058f8c2e,inferred_or_snapshot
NIFTYNEXT50,Nifty Next 50,OIL,2014-01-01,2019-03-29,,snapshot_floor,,closed by ind_prs25022019.pdf,yurukatsu/nse-historical-membership,index_history/data/index_membership_history.csv,850da8ca193b289fc7471eee28362a7a058f8c2e,inferred_or_snapshot
NIFTYNEXT50,Nifty Next 50,PAGEIND,2019-03-29,2020-09-25,,press_release,https://niftyindices.com/Press_Release/ind_prs25022019.pdf,closed by ind_prs20082020.pdf,yurukatsu/nse-historical-membership,index_history/data/index_membership_history.csv,850da8ca193b289fc7471eee28362a7a058f8c2e,explicit_source
NIFTYNEXT50,Nifty Next 50,PAGEIND,2023-03-31,2023-09-29,,press_release,https://niftyindices.com/Press_Release/ind_prs17022023_1.pdf,closed by ind_prs17082023.pdf,yurukatsu/nse-historical-membership,index_history/data/index_membership_history.csv,850da8ca193b289fc7471eee28362a7a058f8c2e,explicit_source
NIFTYNEXT50,Nifty Next 50,PAYTM,2022-03-31,2023-03-31,,press_release,https://niftyindices.com/Press_Release/ind_prs24022022_1.pdf,closed by ind_prs17022023_1.pdf,yurukatsu/nse-historical-membership,index_history/data/index_membership_history.csv,850da8ca193b289fc7471eee28362a7a058f8c2e,explicit_source
NIFTYNEXT50,Nifty Next 50,PEIND,2021-09-30,2022-03-31,,press_release,https://niftyindices.com/Press_Release/ind_prs23082021.pdf,"inferred-exclude: not in NSE current snapshot, no PR found (closed at next semi-annual review)",yurukatsu/nse-historical-membership,index_history/data/index_membership_history.csv,850da8ca193b289fc7471eee28362a7a058f8c2e,explicit_source
NIFTYNEXT50,Nifty Next 50,PEL,2014-01-01,2022-08-08,,snapshot_floor,,closed by ind_prs11072022.pdf,yurukatsu/nse-historical-membership,index_history/data/index_membership_history.csv,850da8ca193b289fc7471eee28362a7a058f8c2e,inferred_or_snapshot
NIFTYNEXT50,Nifty Next 50,PETRONET,2017-03-31,2021-09-30,,press_release,https://niftyindices.com/Press_Release/ind_prs16022017.pdf,closed by ind_prs23082021.pdf,yurukatsu/nse-historical-membership,index_history/data/index_membership_history.csv,850da8ca193b289fc7471eee28362a7a058f8c2e,explicit_source
NIFTYNEXT50,Nifty Next 50,PFC,2014-01-01,2018-09-28,,snapshot_floor,,closed by ind_prs28082018.pdf,yurukatsu/nse-historical-membership,index_history/data/index_membership_history.csv,850da8ca193b289fc7471eee28362a7a058f8c2e,inferred_or_snapshot
NIFTYNEXT50,Nifty Next 50,PFC,2019-09-27,2021-03-31,,press_release,https://niftyindices.com/Press_Release/ind_prs28082019.pdf,closed by ind_prs23022021.pdf,yurukatsu/nse-historical-membership,index_history/data/index_membership_history.csv,850da8ca193b289fc7471eee28362a7a058f8c2e,explicit_source
NIFTYNEXT50,Nifty Next 50,PFC,2024-03-28,,,press_release,https://niftyindices.com/Press_Release/ind_prs28022024.pdf,,yurukatsu/nse-historical-membership,index_history/data/index_membership_history.csv,850da8ca193b289fc7471eee28362a7a058f8c2e,explicit_source
NIFTYNEXT50,Nifty Next 50,PGHH,2014-01-01,2024-03-28,,snapshot_floor,,closed by ind_prs28022024.pdf,yurukatsu/nse-historical-membership,index_history/data/index_membership_history.csv,850da8ca193b289fc7471eee28362a7a058f8c2e,inferred_or_snapshot
NIFTYNEXT50,Nifty Next 50,PIDILITIND,2014-01-01,,,snapshot_floor,,,yurukatsu/nse-historical-membership,index_history/data/index_membership_history.csv,850da8ca193b289fc7471eee28362a7a058f8c2e,inferred_or_snapshot
NIFTYNEXT50,Nifty Next 50,PIIND,2014-01-01,2024-03-28,,snapshot_floor,,closed by ind_prs28022024.pdf,yurukatsu/nse-historical-membership,index_history/data/index_membership_history.csv,850da8ca193b289fc7471eee28362a7a058f8c2e,inferred_or_snapshot
NIFTYNEXT50,Nifty Next 50,PNB,2014-01-01,2018-09-28,,snapshot_floor,,closed by ind_prs28082018.pdf,yurukatsu/nse-historical-membership,index_history/data/index_membership_history.csv,850da8ca193b289fc7471eee28362a7a058f8c2e,inferred_or_snapshot
NIFTYNEXT50,Nifty Next 50,PNB,2019-09-27,2022-09-30,,press_release,https://niftyindices.com/Press_Release/ind_prs28082019.pdf,closed by ind_prs01092022.pdf,yurukatsu/nse-historical-membership,index_history/data/index_membership_history.csv,850da8ca193b289fc7471eee28362a7a058f8c2e,explicit_source
NIFTYNEXT50,Nifty Next 50,PNB,2023-09-29,,,press_release,https://niftyindices.com/Press_Release/ind_prs17082023.pdf,,yurukatsu/nse-historical-membership,index_history/data/index_membership_history.csv,850da8ca193b289fc7471eee28362a7a058f8c2e,explicit_source
NIFTYNEXT50,Nifty Next 50,POLYCAB,2026-09-30,,,NSE/Nifty press release,https://www.niftyindices.com/Press_Release/ind_prs10082026.pdf,Official event overlay: Semi-annual broad-market review,,,,official_event_overlay
NIFTYNEXT50,Nifty Next 50,POWERINDIA,2026-09-30,,,NSE/Nifty press release,https://www.niftyindices.com/Press_Release/ind_prs10082026.pdf,Official event overlay: Semi-annual broad-market review,,,,official_event_overlay
NIFTYNEXT50,Nifty Next 50,RANBAXY,2014-03-28,2014-03-31,,press_release,https://niftyindices.com/Press_Release/ind_prs27022014.pdf,"inferred-exclude: not in NSE current snapshot, no PR found (closed at next semi-annual review)",yurukatsu/nse-historical-membership,index_history/data/index_membership_history.csv,850da8ca193b289fc7471eee28362a7a058f8c2e,explicit_source
NIFTYNEXT50,Nifty Next 50,RECLTD,2017-03-31,2018-09-28,,press_release,https://niftyindices.com/Press_Release/ind_prs16022017.pdf,closed by ind_prs28082018.pdf,yurukatsu/nse-historical-membership,index_history/data/index_membership_history.csv,850da8ca193b289fc7471eee28362a7a058f8c2e,explicit_source
NIFTYNEXT50,Nifty Next 50,RECLTD,2024-03-28,2026-09-30,,press_release,https://niftyindices.com/Press_Release/ind_prs28022024.pdf,,yurukatsu/nse-historical-membership,index_history/data/index_membership_history.csv,850da8ca193b289fc7471eee28362a7a058f8c2e,explicit_source
NIFTYNEXT50,Nifty Next 50,RPOWER,2014-01-01,2015-09-28,,snapshot_floor,,closed by ind_prs12082015.pdf,yurukatsu/nse-historical-membership,index_history/data/index_membership_history.csv,850da8ca193b289fc7471eee28362a7a058f8c2e,inferred_or_snapshot
NIFTYNEXT50,Nifty Next 50,SAIL,2014-01-01,2022-09-30,,snapshot_floor,,closed by ind_prs01092022.pdf,yurukatsu/nse-historical-membership,index_history/data/index_membership_history.csv,850da8ca193b289fc7471eee28362a7a058f8c2e,inferred_or_snapshot
NIFTYNEXT50,Nifty Next 50,SAMMAANCAP,2015-03-27,2017-03-31,,press_release,https://niftyindices.com/Press_Release/ind_prs20022015.pdf,closed by ind_prs16022017.pdf,yurukatsu/nse-historical-membership,index_history/data/index_membership_history.csv,850da8ca193b289fc7471eee28362a7a058f8c2e,explicit_source
NIFTYNEXT50,Nifty Next 50,SAMMAANCAP,2019-09-27,2020-06-26,,press_release,https://niftyindices.com/Press_Release/ind_prs28082019.pdf,closed by ind_prs10062020.pdf,yurukatsu/nse-historical-membership,index_history/data/index_membership_history.csv,850da8ca193b289fc7471eee28362a7a058f8c2e,explicit_source
NIFTYNEXT50,Nifty Next 50,SBICARD,2020-07-31,2024-09-30,,press_release,https://niftyindices.com/Press_Release/ind_prs02072020_1.pdf,closed by ind_prs23082024.pdf,yurukatsu/nse-historical-membership,index_history/data/index_membership_history.csv,850da8ca193b289fc7471eee28362a7a058f8c2e,explicit_source
NIFTYNEXT50,Nifty Next 50,SBILIFE,2018-04-02,2020-09-25,,press_release,https://niftyindices.com/Press_Release/ind_prs21022018.pdf,closed by ind_prs20082020.pdf,yurukatsu/nse-historical-membership,index_history/data/index_membership_history.csv,850da8ca193b289fc7471eee28362a7a058f8c2e,explicit_source
NIFTYNEXT50,Nifty Next 50,SHREECEM,2014-01-01,2020-03-27,,snapshot_floor,,closed by ind_prs18022020.pdf,yurukatsu/nse-historical-membership,index_history/data/index_membership_history.csv,850da8ca193b289fc7471eee28362a7a058f8c2e,inferred_or_snapshot
NIFTYNEXT50,Nifty Next 50,SHREECEM,2022-09-30,2026-09-30,,press_release,https://niftyindices.com/Press_Release/ind_prs01092022.pdf,,yurukatsu/nse-historical-membership,index_history/data/index_membership_history.csv,850da8ca193b289fc7471eee28362a7a058f8c2e,explicit_source
NIFTYNEXT50,Nifty Next 50,SHRIRAMFIN,2014-01-01,2020-09-25,,snapshot_floor,,closed by ind_prs20082020.pdf,yurukatsu/nse-historical-membership,index_history/data/index_membership_history.csv,850da8ca193b289fc7471eee28362a7a058f8c2e,inferred_or_snapshot
NIFTYNEXT50,Nifty Next 50,SHRIRAMFIN,2023-09-29,2024-03-28,,press_release,https://niftyindices.com/Press_Release/ind_prs17082023.pdf,closed by ind_prs28022024.pdf,yurukatsu/nse-historical-membership,index_history/data/index_membership_history.csv,850da8ca193b289fc7471eee28362a7a058f8c2e,explicit_source
NIFTYNEXT50,Nifty Next 50,SIEMENS,2014-01-01,,,snapshot_floor,,,yurukatsu/nse-historical-membership,index_history/data/index_membership_history.csv,850da8ca193b289fc7471eee28362a7a058f8c2e,inferred_or_snapshot
NIFTYNEXT50,Nifty Next 50,SOLARINDS,2025-09-30,,,press_release,https://niftyindices.com/Press_Release/ind_prs22082025.pdf,,yurukatsu/nse-historical-membership,index_history/data/index_membership_history.csv,850da8ca193b289fc7471eee28362a7a058f8c2e,explicit_source
NIFTYNEXT50,Nifty Next 50,SRF,2022-03-31,2024-09-30,,press_release,https://niftyindices.com/Press_Release/ind_prs24022022_1.pdf,closed by ind_prs23082024.pdf,yurukatsu/nse-historical-membership,index_history/data/index_membership_history.csv,850da8ca193b289fc7471eee28362a7a058f8c2e,explicit_source
NIFTYNEXT50,Nifty Next 50,SUNDARMFIN,2015-09-28,2015-09-30,,press_release,https://niftyindices.com/Press_Release/ind_prs12082015.pdf,"inferred-exclude: not in NSE current snapshot, no PR found (closed at next semi-annual review)",yurukatsu/nse-historical-membership,index_history/data/index_membership_history.csv,850da8ca193b289fc7471eee28362a7a058f8c2e,explicit_source
NIFTYNEXT50,Nifty Next 50,SUNTV,2017-05-26,2019-03-29,,press_release,https://niftyindices.com/Press_Release/ind_prs27042017.pdf,closed by ind_prs25022019.pdf,yurukatsu/nse-historical-membership,index_history/data/index_membership_history.csv,850da8ca193b289fc7471eee28362a7a058f8c2e,explicit_source
NIFTYNEXT50,Nifty Next 50,SWIGGY,2025-03-28,2025-09-30,,press_release,https://niftyindices.com/Press_Release/ind_prs21022025.pdf,closed by ind_prs22082025.pdf,yurukatsu/nse-historical-membership,index_history/data/index_membership_history.csv,850da8ca193b289fc7471eee28362a7a058f8c2e,explicit_source
NIFTYNEXT50,Nifty Next 50,TATACAP,2026-03-30,,,press_release,https://niftyindices.com/Press_Release/ind_prs23022026.pdf,,yurukatsu/nse-historical-membership,index_history/data/index_membership_history.csv,850da8ca193b289fc7471eee28362a7a058f8c2e,explicit_source
NIFTYNEXT50,Nifty Next 50,TATACONSUM,2020-09-25,2021-03-31,,press_release,https://niftyindices.com/Press_Release/ind_prs20082020.pdf,closed by ind_prs23022021.pdf,yurukatsu/nse-historical-membership,index_history/data/index_membership_history.csv,850da8ca193b289fc7471eee28362a7a058f8c2e,explicit_source
NIFTYNEXT50,Nifty Next 50,TATAPOWER,2017-09-29,2018-04-02,,press_release,https://niftyindices.com/Press_Release/ind_prs28082017.pdf,closed by ind_prs21022018.pdf,yurukatsu/nse-historical-membership,index_history/data/index_membership_history.csv,850da8ca193b289fc7471eee28362a7a058f8c2e,explicit_source
NIFTYNEXT50,Nifty Next 50,TATAPOWER,2022-08-08,,,press_release,https://niftyindices.com/Press_Release/ind_prs11072022.pdf,,yurukatsu/nse-historical-membership,index_history/data/index_membership_history.csv,850da8ca193b289fc7471eee28362a7a058f8c2e,explicit_source
NIFTYNEXT50,Nifty Next 50,TECHM,2014-01-01,2014-03-28,,snapshot_floor,,closed by ind_prs27022014.pdf,yurukatsu/nse-historical-membership,index_history/data/index_membership_history.csv,850da8ca193b289fc7471eee28362a7a058f8c2e,inferred_or_snapshot
NIFTYNEXT50,Nifty Next 50,TITAN,2014-01-01,2018-04-02,,snapshot_floor,,closed by ind_prs21022018.pdf,yurukatsu/nse-historical-membership,index_history/data/index_membership_history.csv,850da8ca193b289fc7471eee28362a7a058f8c2e,inferred_or_snapshot
NIFTYNEXT50,Nifty Next 50,TMCV,2026-03-30,,,press_release,https://niftyindices.com/Press_Release/ind_prs23022026.pdf,,yurukatsu/nse-historical-membership,index_history/data/index_membership_history.csv,850da8ca193b289fc7471eee28362a7a058f8c2e,explicit_source
NIFTYNEXT50,Nifty Next 50,TORNTPHARM,2014-01-01,2018-04-02,,snapshot_floor,,closed by ind_prs21022018.pdf,yurukatsu/nse-historical-membership,index_history/data/index_membership_history.csv,850da8ca193b289fc7471eee28362a7a058f8c2e,inferred_or_snapshot
NIFTYNEXT50,Nifty Next 50,TORNTPHARM,2020-06-26,,,press_release,https://niftyindices.com/Press_Release/ind_prs10062020.pdf,,yurukatsu/nse-historical-membership,index_history/data/index_membership_history.csv,850da8ca193b289fc7471eee28362a7a058f8c2e,explicit_source
NIFTYNEXT50,Nifty Next 50,TRENT,2023-09-29,2024-09-30,,press_release,https://niftyindices.com/Press_Release/ind_prs17082023.pdf,closed by ind_prs23082024.pdf,yurukatsu/nse-historical-membership,index_history/data/index_membership_history.csv,850da8ca193b289fc7471eee28362a7a058f8c2e,explicit_source
NIFTYNEXT50,Nifty Next 50,TVSMOTOR,2023-09-29,,,press_release,https://niftyindices.com/Press_Release/ind_prs17082023.pdf,,yurukatsu/nse-historical-membership,index_history/data/index_membership_history.csv,850da8ca193b289fc7471eee28362a7a058f8c2e,explicit_source
NIFTYNEXT50,Nifty Next 50,UBL,2014-01-01,2017-09-29,,snapshot_floor,,closed by ind_prs28082017.pdf,yurukatsu/nse-historical-membership,index_history/data/index_membership_history.csv,850da8ca193b289fc7471eee28362a7a058f8c2e,inferred_or_snapshot
NIFTYNEXT50,Nifty Next 50,UBL,2019-03-29,2019-03-31,,press_release,https://niftyindices.com/Press_Release/ind_prs25022019.pdf,"inferred-exclude: not in NSE current snapshot, no PR found (closed at next semi-annual review)",yurukatsu/nse-historical-membership,index_history/data/index_membership_history.csv,850da8ca193b289fc7471eee28362a7a058f8c2e,explicit_source
NIFTYNEXT50,Nifty Next 50,UNIONBANK,2014-01-01,2015-09-28,,snapshot_floor,,closed by ind_prs12082015.pdf,yurukatsu/nse-historical-membership,index_history/data/index_membership_history.csv,850da8ca193b289fc7471eee28362a7a058f8c2e,inferred_or_snapshot
NIFTYNEXT50,Nifty Next 50,UNIONBANK,2024-09-30,2025-03-28,,press_release,https://niftyindices.com/Press_Release/ind_prs23082024.pdf,closed by ind_prs21022025.pdf,yurukatsu/nse-historical-membership,index_history/data/index_membership_history.csv,850da8ca193b289fc7471eee28362a7a058f8c2e,explicit_source
NIFTYNEXT50,Nifty Next 50,UNIONBANK,2026-03-30,,,press_release,https://niftyindices.com/Press_Release/ind_prs23022026.pdf,,yurukatsu/nse-historical-membership,index_history/data/index_membership_history.csv,850da8ca193b289fc7471eee28362a7a058f8c2e,explicit_source
NIFTYNEXT50,Nifty Next 50,UNITDSPR,2014-01-01,2026-09-30,,snapshot_floor,,,yurukatsu/nse-historical-membership,index_history/data/index_membership_history.csv,850da8ca193b289fc7471eee28362a7a058f8c2e,inferred_or_snapshot
NIFTYNEXT50,Nifty Next 50,UPL,2014-01-01,2017-09-29,,snapshot_floor,,closed by ind_prs28082017.pdf,yurukatsu/nse-historical-membership,index_history/data/index_membership_history.csv,850da8ca193b289fc7471eee28362a7a058f8c2e,inferred_or_snapshot
NIFTYNEXT50,Nifty Next 50,VAML,2026-06-15,2026-06-23,,NSE listing circular,https://nsearchives.nseindia.com/content/circulars/CML74659.pdf,Official event overlay: Real-symbol identity transition from the DUMMY demerger placeholder; admitted to trading on NSE effective 2026-06-15,,,,official_event_overlay
NIFTYNEXT50,Nifty Next 50,VAML,2026-09-30,,,NSE/Nifty press release,https://www.niftyindices.com/Press_Release/ind_prs10082026.pdf,Official event overlay: Semi-annual broad-market review,,,,official_event_overlay
NIFTYNEXT50,Nifty Next 50,VBL,2023-03-31,,,press_release,https://niftyindices.com/Press_Release/ind_prs17022023_1.pdf,,yurukatsu/nse-historical-membership,index_history/data/index_membership_history.csv,850da8ca193b289fc7471eee28362a7a058f8c2e,explicit_source
NIFTYNEXT50,Nifty Next 50,VEDL,2014-01-01,2017-05-26,,snapshot_floor,,closed by ind_prs27042017.pdf,yurukatsu/nse-historical-membership,index_history/data/index_membership_history.csv,850da8ca193b289fc7471eee28362a7a058f8c2e,inferred_or_snapshot
NIFTYNEXT50,Nifty Next 50,VEDL,2021-03-31,,,press_release,https://niftyindices.com/Press_Release/ind_prs23022021.pdf,,yurukatsu/nse-historical-membership,index_history/data/index_membership_history.csv,850da8ca193b289fc7471eee28362a7a058f8c2e,explicit_source
NIFTYNEXT50,Nifty Next 50,VEDPOWER,2026-06-15,2026-06-19,,NSE listing circular,https://nsearchives.nseindia.com/content/circulars/CML74668.pdf,Official event overlay: Real-symbol identity transition from the DUMMY demerger placeholder; admitted to trading on NSE effective 2026-06-15,,,,official_event_overlay
NIFTYNEXT50,Nifty Next 50,VISL,2026-06-15,2026-06-19,,NSE listing circular,https://nsearchives.nseindia.com/content/circulars/CML74664.pdf,Official event overlay: Real-symbol identity transition from the DUMMY demerger placeholder; admitted to trading on NSE effective 2026-06-15,,,,official_event_overlay
NIFTYNEXT50,Nifty Next 50,VOGL,2026-06-15,2026-06-24,,NSE listing circular,https://nsearchives.nseindia.com/content/circulars/CML74666.pdf,Official event overlay: Real-symbol identity transition from the DUMMY demerger placeholder; admitted to trading on NSE effective 2026-06-15,,,,official_event_overlay
NIFTYNEXT50,Nifty Next 50,WIPRO,2026-09-30,,,NSE/Nifty press release,https://www.niftyindices.com/Press_Release/ind_prs10082026.pdf,Official event overlay: Semi-annual broad-market review,,,,official_event_overlay
NIFTYNEXT50,Nifty Next 50,YESBANK,2014-01-01,2015-03-27,,snapshot_floor,,closed by ind_prs20022015.pdf,yurukatsu/nse-historical-membership,index_history/data/index_membership_history.csv,850da8ca193b289fc7471eee28362a7a058f8c2e,inferred_or_snapshot
NIFTYNEXT50,Nifty Next 50,YESBANK,2021-03-31,2022-03-31,,press_release,https://niftyindices.com/Press_Release/ind_prs23022021.pdf,closed by ind_prs24022022_1.pdf,yurukatsu/nse-historical-membership,index_history/data/index_membership_history.csv,850da8ca193b289fc7471eee28362a7a058f8c2e,explicit_source
NIFTYNEXT50,Nifty Next 50,ZEEL,2014-01-01,2014-09-19,,snapshot_floor,,closed by ind_prs20082014.pdf,yurukatsu/nse-historical-membership,index_history/data/index_membership_history.csv,850da8ca193b289fc7471eee28362a7a058f8c2e,inferred_or_snapshot
NIFTYNEXT50,Nifty Next 50,ZYDUSLIFE,2014-01-01,2022-09-30,,snapshot_floor,,closed by ind_prs01092022.pdf,yurukatsu/nse-historical-membership,index_history/data/index_membership_history.csv,850da8ca193b289fc7471eee28362a7a058f8c2e,inferred_or_snapshot
NIFTYNEXT50,Nifty Next 50,ZYDUSLIFE,2023-09-29,,,press_release,https://niftyindices.com/Press_Release/ind_prs17082023.pdf,,yurukatsu/nse-historical-membership,index_history/data/index_membership_history.csv,850da8ca193b289fc7471eee28362a7a058f8c2e,explicit_source
NIFTYSMALLCAP250,Nifty Smallcap 250,AADHARHFC,2024-09-30,,,press_release,https://niftyindices.com/Press_Release/ind_prs23082024.pdf,,yurukatsu/nse-historical-membership,index_history/data/index_membership_history.csv,850da8ca193b289fc7471eee28362a7a058f8c2e,explicit_source
NIFTYSMALLCAP250,Nifty Smallcap 250,AARTIDRUGS,2020-09-25,2024-03-28,,press_release,https://niftyindices.com/Press_Release/ind_prs20082020.pdf,closed by ind_prs28022024.pdf,yurukatsu/nse-historical-membership,index_history/data/index_membership_history.csv,850da8ca193b289fc7471eee28362a7a058f8c2e,explicit_source
NIFTYSMALLCAP250,Nifty Smallcap 250,AARTIIND,2016-04-01,2018-12-28,,snapshot_floor,,closed by ind_prs14122018.pdf,yurukatsu/nse-historical-membership,index_history/data/index_membership_history.csv,850da8ca193b289fc7471eee28362a7a058f8c2e,inferred_or_snapshot
NIFTYSMALLCAP250,Nifty Smallcap 250,AARTIIND,2024-03-28,,,press_release,https://niftyindices.com/Press_Release/ind_prs28022024.pdf,,yurukatsu/nse-historical-membership,index_history/data/index_membership_history.csv,850da8ca193b289fc7471eee28362a7a058f8c2e,explicit_source
NIFTYSMALLCAP250,Nifty Smallcap 250,AAVAS,2019-03-29,2019-09-27,,press_release,https://niftyindices.com/Press_Release/ind_prs25022019.pdf,closed by ind_prs28082019.pdf,yurukatsu/nse-historical-membership,index_history/data/index_membership_history.csv,850da8ca193b289fc7471eee28362a7a058f8c2e,explicit_source
NIFTYSMALLCAP250,Nifty Smallcap 250,AAVAS,2023-09-29,,,press_release,https://niftyindices.com/Press_Release/ind_prs17082023.pdf,,yurukatsu/nse-historical-membership,index_history/data/index_membership_history.csv,850da8ca193b289fc7471eee28362a7a058f8c2e,explicit_source
NIFTYSMALLCAP250,Nifty Smallcap 250,ABAN,2016-04-01,2018-09-28,,snapshot_floor,,closed by ind_prs28082018.pdf,yurukatsu/nse-historical-membership,index_history/data/index_membership_history.csv,850da8ca193b289fc7471eee28362a7a058f8c2e,inferred_or_snapshot
NIFTYSMALLCAP250,Nifty Smallcap 250,ABDL,2026-03-30,,,press_release,https://niftyindices.com/Press_Release/ind_prs23022026.pdf,,yurukatsu/nse-historical-membership,index_history/data/index_membership_history.csv,850da8ca193b289fc7471eee28362a7a058f8c2e,explicit_source
NIFTYSMALLCAP250,Nifty Smallcap 250,ABFRL,2025-09-30,2026-09-30,,press_release,https://niftyindices.com/Press_Release/ind_prs22082025.pdf,,yurukatsu/nse-historical-membership,index_history/data/index_membership_history.csv,850da8ca193b289fc7471eee28362a7a058f8c2e,explicit_source
NIFTYSMALLCAP250,Nifty Smallcap 250,ABLBL,2025-09-30,2026-09-30,,press_release,https://niftyindices.com/Press_Release/ind_prs22082025.pdf,,yurukatsu/nse-historical-membership,index_history/data/index_membership_history.csv,850da8ca193b289fc7471eee28362a7a058f8c2e,explicit_source
NIFTYSMALLCAP250,Nifty Smallcap 250,ABREL,2016-04-01,,,snapshot_floor,,,yurukatsu/nse-historical-membership,index_history/data/index_membership_history.csv,850da8ca193b289fc7471eee28362a7a058f8c2e,inferred_or_snapshot
NIFTYSMALLCAP250,Nifty Smallcap 250,ABSLAMC,2022-03-31,2023-03-31,,press_release,https://niftyindices.com/Press_Release/ind_prs24022022_1.pdf,closed by ind_prs17022023_1.pdf,yurukatsu/nse-historical-membership,index_history/data/index_membership_history.csv,850da8ca193b289fc7471eee28362a7a058f8c2e,explicit_source
NIFTYSMALLCAP250,Nifty Smallcap 250,ABSLAMC,2024-09-30,,,press_release,https://niftyindices.com/Press_Release/ind_prs23082024.pdf,,yurukatsu/nse-historical-membership,index_history/data/index_membership_history.csv,850da8ca193b289fc7471eee28362a7a058f8c2e,explicit_source
NIFTYSMALLCAP250,Nifty Smallcap 250,ACC,2026-09-30,,,NSE/Nifty press release,https://www.niftyindices.com/Press_Release/ind_prs10082026.pdf,Official event overlay: Semi-annual broad-market review,,,,official_event_overlay
NIFTYSMALLCAP250,Nifty Smallcap 250,ACE,2024-03-28,,,press_release,https://niftyindices.com/Press_Release/ind_prs28022024.pdf,,yurukatsu/nse-historical-membership,index_history/data/index_membership_history.csv,850da8ca193b289fc7471eee28362a7a058f8c2e,explicit_source
NIFTYSMALLCAP250,Nifty Smallcap 250,ACI,2023-03-31,2025-03-28,,press_release,https://niftyindices.com/Press_Release/ind_prs17022023_1.pdf,closed by ind_prs21022025.pdf,yurukatsu/nse-historical-membership,index_history/data/index_membership_history.csv,850da8ca193b289fc7471eee28362a7a058f8c2e,explicit_source
NIFTYSMALLCAP250,Nifty Smallcap 250,ACMESOLAR,2025-03-28,,,press_release,https://niftyindices.com/Press_Release/ind_prs21022025.pdf,,yurukatsu/nse-historical-membership,index_history/data/index_membership_history.csv,850da8ca193b289fc7471eee28362a7a058f8c2e,explicit_source
NIFTYSMALLCAP250,Nifty Smallcap 250,ACUTAAS,2026-03-30,,,press_release,https://niftyindices.com/Press_Release/ind_prs23022026.pdf,,yurukatsu/nse-historical-membership,index_history/data/index_membership_history.csv,850da8ca193b289fc7471eee28362a7a058f8c2e,explicit_source
NIFTYSMALLCAP250,Nifty Smallcap 250,ADANIENSOL,2016-04-01,2017-09-29,,snapshot_floor,,closed by ind_prs28082017.pdf,yurukatsu/nse-historical-membership,index_history/data/index_membership_history.csv,850da8ca193b289fc7471eee28362a7a058f8c2e,inferred_or_snapshot
NIFTYSMALLCAP250,Nifty Smallcap 250,ADANIGREEN,2018-12-28,2020-03-27,,press_release,https://niftyindices.com/Press_Release/ind_prs14122018.pdf,closed by ind_prs18022020.pdf,yurukatsu/nse-historical-membership,index_history/data/index_membership_history.csv,850da8ca193b289fc7471eee28362a7a058f8c2e,explicit_source
NIFTYSMALLCAP250,Nifty Smallcap 250,ADVANTA,2016-04-01,2016-04-29,,snapshot_floor,,closed by ind_prs22042016.pdf,yurukatsu/nse-historical-membership,index_history/data/index_membership_history.csv,850da8ca193b289fc7471eee28362a7a058f8c2e,inferred_or_snapshot
NIFTYSMALLCAP250,Nifty Smallcap 250,ADVENZYMES,2017-01-23,2022-09-30,,press_release,https://niftyindices.com/Press_Release/ind_prs16012017.pdf,closed by ind_prs01092022.pdf,yurukatsu/nse-historical-membership,index_history/data/index_membership_history.csv,850da8ca193b289fc7471eee28362a7a058f8c2e,explicit_source
NIFTYSMALLCAP250,Nifty Smallcap 250,AEGISLOG,2016-04-01,,,snapshot_floor,,,yurukatsu/nse-historical-membership,index_history/data/index_membership_history.csv,850da8ca193b289fc7471eee28362a7a058f8c2e,inferred_or_snapshot
NIFTYSMALLCAP250,Nifty Smallcap 250,AEGISVOPAK,2025-09-30,,,press_release,https://niftyindices.com/Press_Release/ind_prs22082025.pdf,,yurukatsu/nse-historical-membership,index_history/data/index_membership_history.csv,850da8ca193b289fc7471eee28362a7a058f8c2e,explicit_source
NIFTYSMALLCAP250,Nifty Smallcap 250,AETHER,2022-09-30,2024-09-30,,press_release,https://niftyindices.com/Press_Release/ind_prs01092022.pdf,closed by ind_prs23082024.pdf,yurukatsu/nse-historical-membership,index_history/data/index_membership_history.csv,850da8ca193b289fc7471eee28362a7a058f8c2e,explicit_source
NIFTYSMALLCAP250,Nifty Smallcap 250,AETHER,2026-09-30,,,NSE/Nifty press release,https://www.niftyindices.com/Press_Release/ind_prs10082026.pdf,Official event overlay: Semi-annual broad-market review,,,,official_event_overlay
NIFTYSMALLCAP250,Nifty Smallcap 250,AFCONS,2025-03-28,,,press_release,https://niftyindices.com/Press_Release/ind_prs21022025.pdf,,yurukatsu/nse-historical-membership,index_history/data/index_membership_history.csv,850da8ca193b289fc7471eee28362a7a058f8c2e,explicit_source
NIFTYSMALLCAP250,Nifty Smallcap 250,AFFLE,2019-12-26,2021-09-30,,press_release,https://niftyindices.com/Press_Release/ind_prs18122019.pdf,closed by ind_prs15092021.pdf,yurukatsu/nse-historical-membership,index_history/data/index_membership_history.csv,850da8ca193b289fc7471eee28362a7a058f8c2e,explicit_source
NIFTYSMALLCAP250,Nifty Smallcap 250,AFFLE,2023-09-29,,,press_release,https://niftyindices.com/Press_Release/ind_prs17082023.pdf,,yurukatsu/nse-historical-membership,index_history/data/index_membership_history.csv,850da8ca193b289fc7471eee28362a7a058f8c2e,explicit_source
NIFTYSMALLCAP250,Nifty Smallcap 250,AGARWALEYE,2025-09-30,2026-03-30,,press_release,https://niftyindices.com/Press_Release/ind_prs22082025.pdf,closed by ind_prs23022026.pdf,yurukatsu/nse-historical-membership,index_history/data/index_membership_history.csv,850da8ca193b289fc7471eee28362a7a058f8c2e,explicit_source
NIFTYSMALLCAP250,Nifty Smallcap 250,AHLUCONT,2016-04-01,2018-04-02,,snapshot_floor,,closed by ind_prs21022018.pdf,yurukatsu/nse-historical-membership,index_history/data/index_membership_history.csv,850da8ca193b289fc7471eee28362a7a058f8c2e,inferred_or_snapshot
NIFTYSMALLCAP250,Nifty Smallcap 250,AIIL,2025-03-28,2026-03-30,,press_release,https://niftyindices.com/Press_Release/ind_prs21022025.pdf,closed by ind_prs23022026.pdf,yurukatsu/nse-historical-membership,index_history/data/index_membership_history.csv,850da8ca193b289fc7471eee28362a7a058f8c2e,explicit_source
NIFTYSMALLCAP250,Nifty Smallcap 250,AKUMS,2024-10-16,2026-03-30,,press_release,https://niftyindices.com/Press_Release/ind_prs10102024.pdf,closed by ind_prs23022026.pdf,yurukatsu/nse-historical-membership,index_history/data/index_membership_history.csv,850da8ca193b289fc7471eee28362a7a058f8c2e,explicit_source
NIFTYSMALLCAP250,Nifty Smallcap 250,AKZOINDIA,2018-09-28,2020-06-26,,press_release,https://niftyindices.com/Press_Release/ind_prs28082018.pdf,closed by ind_prs10062020.pdf,yurukatsu/nse-historical-membership,index_history/data/index_membership_history.csv,850da8ca193b289fc7471eee28362a7a058f8c2e,explicit_source
NIFTYSMALLCAP250,Nifty Smallcap 250,AKZOINDIA,2025-09-30,2026-03-31,,press_release,https://niftyindices.com/Press_Release/ind_prs22082025.pdf,"inferred-exclude: not in NSE current snapshot, no PR found (closed at next semi-annual review)",yurukatsu/nse-historical-membership,index_history/data/index_membership_history.csv,850da8ca193b289fc7471eee28362a7a058f8c2e,explicit_source
NIFTYSMALLCAP250,Nifty Smallcap 250,ALBK,2016-04-01,2019-09-27,,snapshot_floor,,closed by ind_prs28082019.pdf,yurukatsu/nse-historical-membership,index_history/data/index_membership_history.csv,850da8ca193b289fc7471eee28362a7a058f8c2e,inferred_or_snapshot
NIFTYSMALLCAP250,Nifty Smallcap 250,ALEMBICLTD,2020-09-25,2022-03-31,,press_release,https://niftyindices.com/Press_Release/ind_prs20082020.pdf,closed by ind_prs24022022_1.pdf,yurukatsu/nse-historical-membership,index_history/data/index_membership_history.csv,850da8ca193b289fc7471eee28362a7a058f8c2e,explicit_source
NIFTYSMALLCAP250,Nifty Smallcap 250,ALIVUS,2025-03-28,2025-09-30,,press_release,https://niftyindices.com/Press_Release/ind_prs21022025.pdf,closed by ind_prs22082025.pdf,yurukatsu/nse-historical-membership,index_history/data/index_membership_history.csv,850da8ca193b289fc7471eee28362a7a058f8c2e,explicit_source
NIFTYSMALLCAP250,Nifty Smallcap 250,ALKYLAMINE,2020-06-26,2021-09-30,,press_release,https://niftyindices.com/Press_Release/ind_prs10062020.pdf,closed by ind_prs15092021.pdf,yurukatsu/nse-historical-membership,index_history/data/index_membership_history.csv,850da8ca193b289fc7471eee28362a7a058f8c2e,explicit_source
NIFTYSMALLCAP250,Nifty Smallcap 250,ALKYLAMINE,2023-09-29,2026-03-30,,press_release,https://niftyindices.com/Press_Release/ind_prs17082023.pdf,closed by ind_prs23022026.pdf,yurukatsu/nse-historical-membership,index_history/data/index_membership_history.csv,850da8ca193b289fc7471eee28362a7a058f8c2e,explicit_source
NIFTYSMALLCAP250,Nifty Smallcap 250,ALLCARGO,2016-04-01,2020-11-02,,snapshot_floor,,closed by ind_prs26102020.pdf,yurukatsu/nse-historical-membership,index_history/data/index_membership_history.csv,850da8ca193b289fc7471eee28362a7a058f8c2e,inferred_or_snapshot
NIFTYSMALLCAP250,Nifty Smallcap 250,ALLCARGO,2022-03-31,2022-12-30,,press_release,https://niftyindices.com/Press_Release/ind_prs24022022_1.pdf,closed by ind_prs06122022.pdf,yurukatsu/nse-historical-membership,index_history/data/index_membership_history.csv,850da8ca193b289fc7471eee28362a7a058f8c2e,explicit_source
NIFTYSMALLCAP250,Nifty Smallcap 250,ALLCARGO,2023-09-29,2024-09-30,,press_release,https://niftyindices.com/Press_Release/ind_prs17082023.pdf,closed by ind_prs23082024.pdf,yurukatsu/nse-historical-membership,index_history/data/index_membership_history.csv,850da8ca193b289fc7471eee28362a7a058f8c2e,explicit_source
NIFTYSMALLCAP250,Nifty Smallcap 250,ALOKINDS,2020-09-25,2023-03-31,,press_release,https://niftyindices.com/Press_Release/ind_prs20082020.pdf,closed by ind_prs17022023_1.pdf,yurukatsu/nse-historical-membership,index_history/data/index_membership_history.csv,850da8ca193b289fc7471eee28362a7a058f8c2e,explicit_source
NIFTYSMALLCAP250,Nifty Smallcap 250,ALOKINDS,2023-09-29,2026-03-30,,press_release,https://niftyindices.com/Press_Release/ind_prs17082023.pdf,closed by ind_prs23022026.pdf,yurukatsu/nse-historical-membership,index_history/data/index_membership_history.csv,850da8ca193b289fc7471eee28362a7a058f8c2e,explicit_source
NIFTYSMALLCAP250,Nifty Smallcap 250,ALOKTEXT,2016-04-01,2017-03-31,,snapshot_floor,,closed by ind_prs16022017.pdf,yurukatsu/nse-historical-membership,index_history/data/index_membership_history.csv,850da8ca193b289fc7471eee28362a7a058f8c2e,inferred_or_snapshot
NIFTYSMALLCAP250,Nifty Smallcap 250,AMBER,2019-09-27,,,press_release,https://niftyindices.com/Press_Release/ind_prs28082019.pdf,,yurukatsu/nse-historical-membership,index_history/data/index_membership_history.csv,850da8ca193b289fc7471eee28362a7a058f8c2e,explicit_source
NIFTYSMALLCAP250,Nifty Smallcap 250,AMTEKAUTO,2016-04-01,2017-09-29,,snapshot_floor,,closed by ind_prs28082017.pdf,yurukatsu/nse-historical-membership,index_history/data/index_membership_history.csv,850da8ca193b289fc7471eee28362a7a058f8c2e,inferred_or_snapshot
NIFTYSMALLCAP250,Nifty Smallcap 250,ANANDRATHI,2024-03-28,,,press_release,https://niftyindices.com/Press_Release/ind_prs28022024.pdf,,yurukatsu/nse-historical-membership,index_history/data/index_membership_history.csv,850da8ca193b289fc7471eee28362a7a058f8c2e,explicit_source
NIFTYSMALLCAP250,Nifty Smallcap 250,ANANTRAJ,2016-04-01,2017-09-29,,snapshot_floor,,closed by ind_prs28082017.pdf,yurukatsu/nse-historical-membership,index_history/data/index_membership_history.csv,850da8ca193b289fc7471eee28362a7a058f8c2e,inferred_or_snapshot
NIFTYSMALLCAP250,Nifty Smallcap 250,ANANTRAJ,2024-09-30,,,press_release,https://niftyindices.com/Press_Release/ind_prs23082024.pdf,,yurukatsu/nse-historical-membership,index_history/data/index_membership_history.csv,850da8ca193b289fc7471eee28362a7a058f8c2e,explicit_source
NIFTYSMALLCAP250,Nifty Smallcap 250,ANDHRABANK,2016-04-01,2019-12-27,,snapshot_floor,,closed by ind_prs16122019.pdf,yurukatsu/nse-historical-membership,index_history/data/index_membership_history.csv,850da8ca193b289fc7471eee28362a7a058f8c2e,inferred_or_snapshot
NIFTYSMALLCAP250,Nifty Smallcap 250,ANGELBRKG,2021-03-31,2021-09-30,,press_release,https://niftyindices.com/Press_Release/ind_prs23022021.pdf,"inferred-exclude: not in NSE current snapshot, no PR found (closed at next semi-annual review)",yurukatsu/nse-historical-membership,index_history/data/index_membership_history.csv,850da8ca193b289fc7471eee28362a7a058f8c2e,explicit_source
NIFTYSMALLCAP250,Nifty Smallcap 250,ANGELONE,2016-04-01,,,snapshot_floor,,,yurukatsu/nse-historical-membership,index_history/data/index_membership_history.csv,850da8ca193b289fc7471eee28362a7a058f8c2e,inferred_or_snapshot
NIFTYSMALLCAP250,Nifty Smallcap 250,ANURAS,2021-09-30,2024-09-30,,press_release,https://niftyindices.com/Press_Release/ind_prs15092021.pdf,closed by ind_prs23082024.pdf,yurukatsu/nse-historical-membership,index_history/data/index_membership_history.csv,850da8ca193b289fc7471eee28362a7a058f8c2e,explicit_source
NIFTYSMALLCAP250,Nifty Smallcap 250,ANURAS,2026-03-30,,,press_release,https://niftyindices.com/Press_Release/ind_prs23022026.pdf,,yurukatsu/nse-historical-membership,index_history/data/index_membership_history.csv,850da8ca193b289fc7471eee28362a7a058f8c2e,explicit_source
NIFTYSMALLCAP250,Nifty Smallcap 250,APARINDS,2016-04-01,2018-04-02,,snapshot_floor,,closed by ind_prs21022018.pdf,yurukatsu/nse-historical-membership,index_history/data/index_membership_history.csv,850da8ca193b289fc7471eee28362a7a058f8c2e,inferred_or_snapshot
NIFTYSMALLCAP250,Nifty Smallcap 250,APARINDS,2023-03-31,2025-03-28,,press_release,https://niftyindices.com/Press_Release/ind_prs17022023_1.pdf,closed by ind_prs21022025.pdf,yurukatsu/nse-historical-membership,index_history/data/index_membership_history.csv,850da8ca193b289fc7471eee28362a7a058f8c2e,explicit_source
NIFTYSMALLCAP250,Nifty Smallcap 250,APLAPOLLO,2016-04-01,2021-09-30,,snapshot_floor,,closed by ind_prs15092021.pdf,yurukatsu/nse-historical-membership,index_history/data/index_membership_history.csv,850da8ca193b289fc7471eee28362a7a058f8c2e,inferred_or_snapshot
NIFTYSMALLCAP250,Nifty Smallcap 250,APLLTD,2023-03-31,2026-03-30,,press_release,https://niftyindices.com/Press_Release/ind_prs17022023_1.pdf,closed by ind_prs23022026.pdf,yurukatsu/nse-historical-membership,index_history/data/index_membership_history.csv,850da8ca193b289fc7471eee28362a7a058f8c2e,explicit_source
NIFTYSMALLCAP250,Nifty Smallcap 250,APOLLOTYRE,2022-09-30,2023-03-31,,press_release,https://niftyindices.com/Press_Release/ind_prs01092022.pdf,closed by ind_prs17022023_1.pdf,yurukatsu/nse-historical-membership,index_history/data/index_membership_history.csv,850da8ca193b289fc7471eee28362a7a058f8c2e,explicit_source
NIFTYSMALLCAP250,Nifty Smallcap 250,APOLLOTYRE,2026-09-30,,,NSE/Nifty press release,https://www.niftyindices.com/Press_Release/ind_prs10082026.pdf,Official event overlay: Semi-annual broad-market review,,,,official_event_overlay
NIFTYSMALLCAP250,Nifty Smallcap 250,APTUS,2022-03-31,,,press_release,https://niftyindices.com/Press_Release/ind_prs24022022_1.pdf,,yurukatsu/nse-historical-membership,index_history/data/index_membership_history.csv,850da8ca193b289fc7471eee28362a7a058f8c2e,explicit_source
NIFTYSMALLCAP250,Nifty Smallcap 250,ARE&M,2022-03-31,,,press_release,https://niftyindices.com/Press_Release/ind_prs24022022_1.pdf,,yurukatsu/nse-historical-membership,index_history/data/index_membership_history.csv,850da8ca193b289fc7471eee28362a7a058f8c2e,explicit_source
NIFTYSMALLCAP250,Nifty Smallcap 250,ARVINDFASN,2019-09-27,2020-09-14,,press_release,https://niftyindices.com/Press_Release/ind_prs28082019.pdf,closed by ind_prs07092020.pdf,yurukatsu/nse-historical-membership,index_history/data/index_membership_history.csv,850da8ca193b289fc7471eee28362a7a058f8c2e,explicit_source
NIFTYSMALLCAP250,Nifty Smallcap 250,ASAHIINDIA,2017-01-23,2017-09-29,,press_release,https://niftyindices.com/Press_Release/ind_prs16012017.pdf,closed by ind_prs28082017.pdf,yurukatsu/nse-historical-membership,index_history/data/index_membership_history.csv,850da8ca193b289fc7471eee28362a7a058f8c2e,explicit_source
NIFTYSMALLCAP250,Nifty Smallcap 250,ASAHIINDIA,2018-04-02,2018-09-28,,press_release,https://niftyindices.com/Press_Release/ind_prs21022018.pdf,closed by ind_prs28082018.pdf,yurukatsu/nse-historical-membership,index_history/data/index_membership_history.csv,850da8ca193b289fc7471eee28362a7a058f8c2e,explicit_source
NIFTYSMALLCAP250,Nifty Smallcap 250,ASAHIINDIA,2019-12-27,2020-09-14,,press_release,https://niftyindices.com/Press_Release/ind_prs16122019.pdf,closed by ind_prs07092020.pdf,yurukatsu/nse-historical-membership,index_history/data/index_membership_history.csv,850da8ca193b289fc7471eee28362a7a058f8c2e,explicit_source
NIFTYSMALLCAP250,Nifty Smallcap 250,ASAHIINDIA,2021-03-31,,,press_release,https://niftyindices.com/Press_Release/ind_prs23022021.pdf,,yurukatsu/nse-historical-membership,index_history/data/index_membership_history.csv,850da8ca193b289fc7471eee28362a7a058f8c2e,explicit_source
NIFTYSMALLCAP250,Nifty Smallcap 250,ASHOKA,2016-04-01,2022-03-31,,snapshot_floor,,closed by ind_prs24022022_1.pdf,yurukatsu/nse-historical-membership,index_history/data/index_membership_history.csv,850da8ca193b289fc7471eee28362a7a058f8c2e,inferred_or_snapshot
NIFTYSMALLCAP250,Nifty Smallcap 250,ASTERDM,2018-06-29,2026-09-30,,press_release,https://niftyindices.com/Press_Release/ind_prs20062018.pdf,,yurukatsu/nse-historical-membership,index_history/data/index_membership_history.csv,850da8ca193b289fc7471eee28362a7a058f8c2e,explicit_source
NIFTYSMALLCAP250,Nifty Smallcap 250,ASTRAL,2016-04-01,2018-09-28,,snapshot_floor,,closed by ind_prs28082018.pdf,yurukatsu/nse-historical-membership,index_history/data/index_membership_history.csv,850da8ca193b289fc7471eee28362a7a058f8c2e,inferred_or_snapshot
NIFTYSMALLCAP250,Nifty Smallcap 250,ASTRAZEN,2016-04-01,2018-04-02,,snapshot_floor,,closed by ind_prs21022018.pdf,yurukatsu/nse-historical-membership,index_history/data/index_membership_history.csv,850da8ca193b289fc7471eee28362a7a058f8c2e,inferred_or_snapshot
NIFTYSMALLCAP250,Nifty Smallcap 250,ASTRAZEN,2019-03-29,2020-09-25,,press_release,https://niftyindices.com/Press_Release/ind_prs25022019.pdf,closed by ind_prs20082020.pdf,yurukatsu/nse-historical-membership,index_history/data/index_membership_history.csv,850da8ca193b289fc7471eee28362a7a058f8c2e,explicit_source
NIFTYSMALLCAP250,Nifty Smallcap 250,ASTRAZEN,2021-09-30,2023-03-31,,press_release,https://niftyindices.com/Press_Release/ind_prs15092021.pdf,closed by ind_prs17022023_1.pdf,yurukatsu/nse-historical-membership,index_history/data/index_membership_history.csv,850da8ca193b289fc7471eee28362a7a058f8c2e,explicit_source
NIFTYSMALLCAP250,Nifty Smallcap 250,ASTRAZEN,2024-03-28,2026-03-30,,press_release,https://niftyindices.com/Press_Release/ind_prs28022024.pdf,closed by ind_prs23022026.pdf,yurukatsu/nse-historical-membership,index_history/data/index_membership_history.csv,850da8ca193b289fc7471eee28362a7a058f8c2e,explicit_source
NIFTYSMALLCAP250,Nifty Smallcap 250,ATHERENERG,2025-09-30,,,press_release,https://niftyindices.com/Press_Release/ind_prs22082025.pdf,,yurukatsu/nse-historical-membership,index_history/data/index_membership_history.csv,850da8ca193b289fc7471eee28362a7a058f8c2e,explicit_source
NIFTYSMALLCAP250,Nifty Smallcap 250,ATUL,2016-04-01,2019-03-29,,snapshot_floor,,closed by ind_prs25022019.pdf,yurukatsu/nse-historical-membership,index_history/data/index_membership_history.csv,850da8ca193b289fc7471eee28362a7a058f8c2e,inferred_or_snapshot
NIFTYSMALLCAP250,Nifty Smallcap 250,ATUL,2024-09-30,,,press_release,https://niftyindices.com/Press_Release/ind_prs23082024.pdf,,yurukatsu/nse-historical-membership,index_history/data/index_membership_history.csv,850da8ca193b289fc7471eee28362a7a058f8c2e,explicit_source
NIFTYSMALLCAP250,Nifty Smallcap 250,AVANTIFEED,2016-04-01,2018-04-02,,snapshot_floor,,closed by ind_prs21022018.pdf,yurukatsu/nse-historical-membership,index_history/data/index_membership_history.csv,850da8ca193b289fc7471eee28362a7a058f8c2e,inferred_or_snapshot
NIFTYSMALLCAP250,Nifty Smallcap 250,AVANTIFEED,2019-03-29,2025-03-28,,press_release,https://niftyindices.com/Press_Release/ind_prs25022019.pdf,closed by ind_prs21022025.pdf,yurukatsu/nse-historical-membership,index_history/data/index_membership_history.csv,850da8ca193b289fc7471eee28362a7a058f8c2e,explicit_source
NIFTYSMALLCAP250,Nifty Smallcap 250,AVANTIFEED,2026-09-30,,,NSE/Nifty press release,https://www.niftyindices.com/Press_Release/ind_prs10082026.pdf,Official event overlay: Semi-annual broad-market review,,,,official_event_overlay
NIFTYSMALLCAP250,Nifty Smallcap 250,AWL,2026-09-30,,,NSE/Nifty press release,https://www.niftyindices.com/Press_Release/ind_prs10082026.pdf,Official event overlay: Semi-annual broad-market review,,,,official_event_overlay
NIFTYSMALLCAP250,Nifty Smallcap 250,AZAD,2026-09-30,,,NSE/Nifty press release,https://www.niftyindices.com/Press_Release/ind_prs10082026.pdf,Official event overlay: Semi-annual broad-market review,,,,official_event_overlay
NIFTYSMALLCAP250,Nifty Smallcap 250,BAGMANE,2026-09-30,,,NSE/Nifty press release,https://www.niftyindices.com/Press_Release/ind_prs10082026.pdf,Official event overlay: Semi-annual broad-market review,,,,official_event_overlay
NIFTYSMALLCAP250,Nifty Smallcap 250,BAJAJCON,2017-09-29,2022-03-31,,press_release,https://niftyindices.com/Press_Release/ind_prs28082017.pdf,closed by ind_prs24022022_1.pdf,yurukatsu/nse-historical-membership,index_history/data/index_membership_history.csv,850da8ca193b289fc7471eee28362a7a058f8c2e,explicit_source
NIFTYSMALLCAP250,Nifty Smallcap 250,BAJAJELEC,2016-04-01,2023-04-28,,snapshot_floor,,closed by ind_prs19042023_1.pdf,yurukatsu/nse-historical-membership,index_history/data/index_membership_history.csv,850da8ca193b289fc7471eee28362a7a058f8c2e,inferred_or_snapshot
NIFTYSMALLCAP250,Nifty Smallcap 250,BAJAJHIND,2016-04-01,2018-09-28,,snapshot_floor,,closed by ind_prs28082018.pdf,yurukatsu/nse-historical-membership,index_history/data/index_membership_history.csv,850da8ca193b289fc7471eee28362a7a058f8c2e,inferred_or_snapshot
NIFTYSMALLCAP250,Nifty Smallcap 250,BALAMINES,2021-03-31,2025-03-28,,press_release,https://niftyindices.com/Press_Release/ind_prs23022021.pdf,closed by ind_prs21022025.pdf,yurukatsu/nse-historical-membership,index_history/data/index_membership_history.csv,850da8ca193b289fc7471eee28362a7a058f8c2e,explicit_source
NIFTYSMALLCAP250,Nifty Smallcap 250,BALLARPUR,2016-04-01,2018-09-28,,snapshot_floor,,closed by ind_prs28082018.pdf,yurukatsu/nse-historical-membership,index_history/data/index_membership_history.csv,850da8ca193b289fc7471eee28362a7a058f8c2e,inferred_or_snapshot
NIFTYSMALLCAP250,Nifty Smallcap 250,BALMLAWRIE,2016-04-01,2021-09-30,,snapshot_floor,,closed by ind_prs15092021.pdf,yurukatsu/nse-historical-membership,index_history/data/index_membership_history.csv,850da8ca193b289fc7471eee28362a7a058f8c2e,inferred_or_snapshot
NIFTYSMALLCAP250,Nifty Smallcap 250,BALRAMCHIN,2016-04-01,,,snapshot_floor,,,yurukatsu/nse-historical-membership,index_history/data/index_membership_history.csv,850da8ca193b289fc7471eee28362a7a058f8c2e,inferred_or_snapshot
NIFTYSMALLCAP250,Nifty Smallcap 250,BANDHANBNK,2025-09-30,,,press_release,https://niftyindices.com/Press_Release/ind_prs22082025.pdf,,yurukatsu/nse-historical-membership,index_history/data/index_membership_history.csv,850da8ca193b289fc7471eee28362a7a058f8c2e,explicit_source
NIFTYSMALLCAP250,Nifty Smallcap 250,BASF,2016-04-01,2023-09-29,,snapshot_floor,,closed by ind_prs17082023.pdf,yurukatsu/nse-historical-membership,index_history/data/index_membership_history.csv,850da8ca193b289fc7471eee28362a7a058f8c2e,inferred_or_snapshot
NIFTYSMALLCAP250,Nifty Smallcap 250,BASF,2024-09-30,2026-03-30,,press_release,https://niftyindices.com/Press_Release/ind_prs23082024.pdf,closed by ind_prs23022026.pdf,yurukatsu/nse-historical-membership,index_history/data/index_membership_history.csv,850da8ca193b289fc7471eee28362a7a058f8c2e,explicit_source
NIFTYSMALLCAP250,Nifty Smallcap 250,BATAINDIA,2024-09-30,,,press_release,https://niftyindices.com/Press_Release/ind_prs23082024.pdf,,yurukatsu/nse-historical-membership,index_history/data/index_membership_history.csv,850da8ca193b289fc7471eee28362a7a058f8c2e,explicit_source
NIFTYSMALLCAP250,Nifty Smallcap 250,BAYERCROP,2025-03-28,2026-09-30,,press_release,https://niftyindices.com/Press_Release/ind_prs21022025.pdf,,yurukatsu/nse-historical-membership,index_history/data/index_membership_history.csv,850da8ca193b289fc7471eee28362a7a058f8c2e,explicit_source
NIFTYSMALLCAP250,Nifty Smallcap 250,BBOX,2026-09-30,,,NSE/Nifty press release,https://www.niftyindices.com/Press_Release/ind_prs10082026.pdf,Official event overlay: Semi-annual broad-market review,,,,official_event_overlay
NIFTYSMALLCAP250,Nifty Smallcap 250,BBTC,2016-04-01,2018-12-28,,snapshot_floor,,closed by ind_prs14122018.pdf,yurukatsu/nse-historical-membership,index_history/data/index_membership_history.csv,850da8ca193b289fc7471eee28362a7a058f8c2e,inferred_or_snapshot
NIFTYSMALLCAP250,Nifty Smallcap 250,BBTC,2021-09-30,2026-09-30,,press_release,https://niftyindices.com/Press_Release/ind_prs15092021.pdf,,yurukatsu/nse-historical-membership,index_history/data/index_membership_history.csv,850da8ca193b289fc7471eee28362a7a058f8c2e,explicit_source
NIFTYSMALLCAP250,Nifty Smallcap 250,BCG,2022-03-31,2024-03-28,,press_release,https://niftyindices.com/Press_Release/ind_prs24022022_1.pdf,closed by ind_prs28022024.pdf,yurukatsu/nse-historical-membership,index_history/data/index_membership_history.csv,850da8ca193b289fc7471eee28362a7a058f8c2e,explicit_source
NIFTYSMALLCAP250,Nifty Smallcap 250,BDL,2018-08-08,2023-09-29,,press_release,https://niftyindices.com/Press_Release/ind_prs01082018.pdf,closed by ind_prs17082023.pdf,yurukatsu/nse-historical-membership,index_history/data/index_membership_history.csv,850da8ca193b289fc7471eee28362a7a058f8c2e,explicit_source
NIFTYSMALLCAP250,Nifty Smallcap 250,BELRISE,2026-03-30,,,press_release,https://niftyindices.com/Press_Release/ind_prs23022026.pdf,,yurukatsu/nse-historical-membership,index_history/data/index_membership_history.csv,850da8ca193b289fc7471eee28362a7a058f8c2e,explicit_source
NIFTYSMALLCAP250,Nifty Smallcap 250,BEML,2016-04-01,2022-04-12,,snapshot_floor,,closed by ind_prs05042022_1.pdf,yurukatsu/nse-historical-membership,index_history/data/index_membership_history.csv,850da8ca193b289fc7471eee28362a7a058f8c2e,inferred_or_snapshot
NIFTYSMALLCAP250,Nifty Smallcap 250,BEML,2022-12-30,,,press_release,https://niftyindices.com/Press_Release/ind_prs06122022.pdf,,yurukatsu/nse-historical-membership,index_history/data/index_membership_history.csv,850da8ca193b289fc7471eee28362a7a058f8c2e,explicit_source
NIFTYSMALLCAP250,Nifty Smallcap 250,BFUTILITIE,2016-04-01,2018-09-28,,snapshot_floor,,closed by ind_prs28082018.pdf,yurukatsu/nse-historical-membership,index_history/data/index_membership_history.csv,850da8ca193b289fc7471eee28362a7a058f8c2e,inferred_or_snapshot
NIFTYSMALLCAP250,Nifty Smallcap 250,BGRENERGY,2016-04-01,2018-09-28,,snapshot_floor,,closed by ind_prs28082018.pdf,yurukatsu/nse-historical-membership,index_history/data/index_membership_history.csv,850da8ca193b289fc7471eee28362a7a058f8c2e,inferred_or_snapshot
NIFTYSMALLCAP250,Nifty Smallcap 250,BHARATCOAL,2026-09-30,,,NSE/Nifty press release,https://www.niftyindices.com/Press_Release/ind_prs10082026.pdf,Official event overlay: Semi-annual broad-market review,,,,official_event_overlay
NIFTYSMALLCAP250,Nifty Smallcap 250,BHARATRAS,2020-06-26,2022-03-31,,press_release,https://niftyindices.com/Press_Release/ind_prs10062020.pdf,closed by ind_prs24022022_1.pdf,yurukatsu/nse-historical-membership,index_history/data/index_membership_history.csv,850da8ca193b289fc7471eee28362a7a058f8c2e,explicit_source
NIFTYSMALLCAP250,Nifty Smallcap 250,BHARATRAS,2022-09-30,2023-03-31,,press_release,https://niftyindices.com/Press_Release/ind_prs01092022.pdf,closed by ind_prs17022023_1.pdf,yurukatsu/nse-historical-membership,index_history/data/index_membership_history.csv,850da8ca193b289fc7471eee28362a7a058f8c2e,explicit_source
NIFTYSMALLCAP250,Nifty Smallcap 250,BHUSANSTL,2016-04-01,2018-09-28,,snapshot_floor,,closed by ind_prs28082018.pdf,yurukatsu/nse-historical-membership,index_history/data/index_membership_history.csv,850da8ca193b289fc7471eee28362a7a058f8c2e,inferred_or_snapshot
NIFTYSMALLCAP250,Nifty Smallcap 250,BIKAJI,2023-03-31,2026-09-30,,press_release,https://niftyindices.com/Press_Release/ind_prs17022023_1.pdf,,yurukatsu/nse-historical-membership,index_history/data/index_membership_history.csv,850da8ca193b289fc7471eee28362a7a058f8c2e,explicit_source
NIFTYSMALLCAP250,Nifty Smallcap 250,BIRET,2026-09-30,,,NSE/Nifty press release,https://www.niftyindices.com/Press_Release/ind_prs10082026.pdf,Official event overlay: Semi-annual broad-market review,,,,official_event_overlay
NIFTYSMALLCAP250,Nifty Smallcap 250,BIRLACORPN,2016-04-01,2025-03-28,,snapshot_floor,,closed by ind_prs21022025.pdf,yurukatsu/nse-historical-membership,index_history/data/index_membership_history.csv,850da8ca193b289fc7471eee28362a7a058f8c2e,inferred_or_snapshot
NIFTYSMALLCAP250,Nifty Smallcap 250,BLISSGVS,2016-04-01,2021-09-30,,snapshot_floor,,closed by ind_prs15092021.pdf,yurukatsu/nse-historical-membership,index_history/data/index_membership_history.csv,850da8ca193b289fc7471eee28362a7a058f8c2e,inferred_or_snapshot
NIFTYSMALLCAP250,Nifty Smallcap 250,BLS,2023-03-31,,,press_release,https://niftyindices.com/Press_Release/ind_prs17022023_1.pdf,,yurukatsu/nse-historical-membership,index_history/data/index_membership_history.csv,850da8ca193b289fc7471eee28362a7a058f8c2e,explicit_source
NIFTYSMALLCAP250,Nifty Smallcap 250,BLUEDART,2020-09-25,2021-09-30,,press_release,https://niftyindices.com/Press_Release/ind_prs20082020.pdf,closed by ind_prs15092021.pdf,yurukatsu/nse-historical-membership,index_history/data/index_membership_history.csv,850da8ca193b289fc7471eee28362a7a058f8c2e,explicit_source
NIFTYSMALLCAP250,Nifty Smallcap 250,BLUEDART,2024-03-28,2026-09-30,,press_release,https://niftyindices.com/Press_Release/ind_prs28022024.pdf,,yurukatsu/nse-historical-membership,index_history/data/index_membership_history.csv,850da8ca193b289fc7471eee28362a7a058f8c2e,explicit_source
NIFTYSMALLCAP250,Nifty Smallcap 250,BLUEJET,2025-09-30,2026-09-30,,press_release,https://niftyindices.com/Press_Release/ind_prs22082025.pdf,,yurukatsu/nse-historical-membership,index_history/data/index_membership_history.csv,850da8ca193b289fc7471eee28362a7a058f8c2e,explicit_source
NIFTYSMALLCAP250,Nifty Smallcap 250,BLUESTARCO,2016-04-01,2025-03-28,,snapshot_floor,,closed by ind_prs21022025.pdf,yurukatsu/nse-historical-membership,index_history/data/index_membership_history.csv,850da8ca193b289fc7471eee28362a7a058f8c2e,inferred_or_snapshot
NIFTYSMALLCAP250,Nifty Smallcap 250,BOMDYEING,2016-04-01,2021-03-31,,snapshot_floor,,closed by ind_prs23022021.pdf,yurukatsu/nse-historical-membership,index_history/data/index_membership_history.csv,850da8ca193b289fc7471eee28362a7a058f8c2e,inferred_or_snapshot
NIFTYSMALLCAP250,Nifty Smallcap 250,BORORENEW,2022-03-31,2024-09-30,,press_release,https://niftyindices.com/Press_Release/ind_prs24022022_1.pdf,closed by ind_prs23082024.pdf,yurukatsu/nse-historical-membership,index_history/data/index_membership_history.csv,850da8ca193b289fc7471eee28362a7a058f8c2e,explicit_source
NIFTYSMALLCAP250,Nifty Smallcap 250,BRFL,2016-04-01,2017-03-31,,snapshot_floor,,closed by ind_prs16022017.pdf,yurukatsu/nse-historical-membership,index_history/data/index_membership_history.csv,850da8ca193b289fc7471eee28362a7a058f8c2e,inferred_or_snapshot
NIFTYSMALLCAP250,Nifty Smallcap 250,BRFL,2017-09-29,2018-09-28,,press_release,https://niftyindices.com/Press_Release/ind_prs28082017.pdf,closed by ind_prs28082018.pdf,yurukatsu/nse-historical-membership,index_history/data/index_membership_history.csv,850da8ca193b289fc7471eee28362a7a058f8c2e,explicit_source
NIFTYSMALLCAP250,Nifty Smallcap 250,BRIGADE,2016-04-01,2017-03-31,,snapshot_floor,,closed by ind_prs16022017.pdf,yurukatsu/nse-historical-membership,index_history/data/index_membership_history.csv,850da8ca193b289fc7471eee28362a7a058f8c2e,inferred_or_snapshot
NIFTYSMALLCAP250,Nifty Smallcap 250,BRIGADE,2017-09-29,,,press_release,https://niftyindices.com/Press_Release/ind_prs28082017.pdf,,yurukatsu/nse-historical-membership,index_history/data/index_membership_history.csv,850da8ca193b289fc7471eee28362a7a058f8c2e,explicit_source
NIFTYSMALLCAP250,Nifty Smallcap 250,BSE,2017-09-29,2024-03-28,,press_release,https://niftyindices.com/Press_Release/ind_prs28082017.pdf,closed by ind_prs19032024.pdf,yurukatsu/nse-historical-membership,index_history/data/index_membership_history.csv,850da8ca193b289fc7471eee28362a7a058f8c2e,explicit_source
NIFTYSMALLCAP250,Nifty Smallcap 250,BSOFT,2019-09-27,,,press_release,https://niftyindices.com/Press_Release/ind_prs28082019.pdf,,yurukatsu/nse-historical-membership,index_history/data/index_membership_history.csv,850da8ca193b289fc7471eee28362a7a058f8c2e,explicit_source
NIFTYSMALLCAP250,Nifty Smallcap 250,CAMPUS,2022-08-08,2026-03-30,,press_release,https://niftyindices.com/Press_Release/ind_prs11072022.pdf,closed by ind_prs23022026.pdf,yurukatsu/nse-historical-membership,index_history/data/index_membership_history.csv,850da8ca193b289fc7471eee28362a7a058f8c2e,explicit_source
NIFTYSMALLCAP250,Nifty Smallcap 250,CAMS,2021-03-31,,,press_release,https://niftyindices.com/Press_Release/ind_prs23022021.pdf,,yurukatsu/nse-historical-membership,index_history/data/index_membership_history.csv,850da8ca193b289fc7471eee28362a7a058f8c2e,explicit_source
NIFTYSMALLCAP250,Nifty Smallcap 250,CANFINHOME,2016-04-01,,,snapshot_floor,,,yurukatsu/nse-historical-membership,index_history/data/index_membership_history.csv,850da8ca193b289fc7471eee28362a7a058f8c2e,inferred_or_snapshot
NIFTYSMALLCAP250,Nifty Smallcap 250,CANHLIFE,2026-03-30,,,press_release,https://niftyindices.com/Press_Release/ind_prs23022026.pdf,,yurukatsu/nse-historical-membership,index_history/data/index_membership_history.csv,850da8ca193b289fc7471eee28362a7a058f8c2e,explicit_source
NIFTYSMALLCAP250,Nifty Smallcap 250,CAPF,2016-04-01,2018-12-28,,snapshot_floor,,closed by ind_prs14122018.pdf,yurukatsu/nse-historical-membership,index_history/data/index_membership_history.csv,850da8ca193b289fc7471eee28362a7a058f8c2e,inferred_or_snapshot
NIFTYSMALLCAP250,Nifty Smallcap 250,CAPLIPOINT,2016-04-01,2023-03-31,,snapshot_floor,,closed by ind_prs17022023_1.pdf,yurukatsu/nse-historical-membership,index_history/data/index_membership_history.csv,850da8ca193b289fc7471eee28362a7a058f8c2e,inferred_or_snapshot
NIFTYSMALLCAP250,Nifty Smallcap 250,CAPLIPOINT,2024-03-28,,,press_release,https://niftyindices.com/Press_Release/ind_prs28022024.pdf,,yurukatsu/nse-historical-membership,index_history/data/index_membership_history.csv,850da8ca193b289fc7471eee28362a7a058f8c2e,explicit_source
NIFTYSMALLCAP250,Nifty Smallcap 250,CARBORUNIV,2016-04-01,2023-09-29,,snapshot_floor,,closed by ind_prs17082023.pdf,yurukatsu/nse-historical-membership,index_history/data/index_membership_history.csv,850da8ca193b289fc7471eee28362a7a058f8c2e,inferred_or_snapshot
NIFTYSMALLCAP250,Nifty Smallcap 250,CARBORUNIV,2025-03-28,,,press_release,https://niftyindices.com/Press_Release/ind_prs21022025.pdf,,yurukatsu/nse-historical-membership,index_history/data/index_membership_history.csv,850da8ca193b289fc7471eee28362a7a058f8c2e,explicit_source
NIFTYSMALLCAP250,Nifty Smallcap 250,CARERATING,2016-04-01,2021-03-31,,snapshot_floor,,closed by ind_prs23022021.pdf,yurukatsu/nse-historical-membership,index_history/data/index_membership_history.csv,850da8ca193b289fc7471eee28362a7a058f8c2e,inferred_or_snapshot
NIFTYSMALLCAP250,Nifty Smallcap 250,CARTRADE,2026-03-30,,,press_release,https://niftyindices.com/Press_Release/ind_prs23022026.pdf,,yurukatsu/nse-historical-membership,index_history/data/index_membership_history.csv,850da8ca193b289fc7471eee28362a7a058f8c2e,explicit_source
NIFTYSMALLCAP250,Nifty Smallcap 250,CASTROLIND,2022-03-31,,,press_release,https://niftyindices.com/Press_Release/ind_prs24022022_1.pdf,,yurukatsu/nse-historical-membership,index_history/data/index_membership_history.csv,850da8ca193b289fc7471eee28362a7a058f8c2e,explicit_source
NIFTYSMALLCAP250,Nifty Smallcap 250,CCL,2016-04-01,,,snapshot_floor,,,yurukatsu/nse-historical-membership,index_history/data/index_membership_history.csv,850da8ca193b289fc7471eee28362a7a058f8c2e,inferred_or_snapshot
NIFTYSMALLCAP250,Nifty Smallcap 250,CDSL,2018-04-02,,,press_release,https://niftyindices.com/Press_Release/ind_prs21022018.pdf,,yurukatsu/nse-historical-membership,index_history/data/index_membership_history.csv,850da8ca193b289fc7471eee28362a7a058f8c2e,explicit_source
NIFTYSMALLCAP250,Nifty Smallcap 250,CEATLTD,2016-04-01,,,snapshot_floor,,,yurukatsu/nse-historical-membership,index_history/data/index_membership_history.csv,850da8ca193b289fc7471eee28362a7a058f8c2e,inferred_or_snapshot
NIFTYSMALLCAP250,Nifty Smallcap 250,CELLO,2024-03-28,2025-03-28,,press_release,https://niftyindices.com/Press_Release/ind_prs28022024.pdf,closed by ind_prs21022025.pdf,yurukatsu/nse-historical-membership,index_history/data/index_membership_history.csv,850da8ca193b289fc7471eee28362a7a058f8c2e,explicit_source
NIFTYSMALLCAP250,Nifty Smallcap 250,CEMPRO,2026-03-30,,,press_release,https://niftyindices.com/Press_Release/ind_prs23022026.pdf,,yurukatsu/nse-historical-membership,index_history/data/index_membership_history.csv,850da8ca193b289fc7471eee28362a7a058f8c2e,explicit_source
NIFTYSMALLCAP250,Nifty Smallcap 250,CENTRALBK,2020-09-25,2024-09-30,,press_release,https://niftyindices.com/Press_Release/ind_prs20082020.pdf,closed by ind_prs23082024.pdf,yurukatsu/nse-historical-membership,index_history/data/index_membership_history.csv,850da8ca193b289fc7471eee28362a7a058f8c2e,explicit_source
NIFTYSMALLCAP250,Nifty Smallcap 250,CENTRALBK,2026-03-31,,,snapshot,,"inferred-include: in NSE current snapshot, no PR found (opened at most-recent semi-annual review)",yurukatsu/nse-historical-membership,index_history/data/index_membership_history.csv,850da8ca193b289fc7471eee28362a7a058f8c2e,inferred_or_snapshot
NIFTYSMALLCAP250,Nifty Smallcap 250,CENTURYPLY,2016-04-01,2026-03-30,,snapshot_floor,,closed by ind_prs23022026.pdf,yurukatsu/nse-historical-membership,index_history/data/index_membership_history.csv,850da8ca193b289fc7471eee28362a7a058f8c2e,inferred_or_snapshot
NIFTYSMALLCAP250,Nifty Smallcap 250,CENTURYTEX,2020-06-26,2020-09-30,,press_release,https://niftyindices.com/Press_Release/ind_prs10062020.pdf,"inferred-exclude: not in NSE current snapshot, no PR found (closed at next semi-annual review)",yurukatsu/nse-historical-membership,index_history/data/index_membership_history.csv,850da8ca193b289fc7471eee28362a7a058f8c2e,explicit_source
NIFTYSMALLCAP250,Nifty Smallcap 250,CERA,2016-04-01,2026-03-30,,snapshot_floor,,closed by ind_prs23022026.pdf,yurukatsu/nse-historical-membership,index_history/data/index_membership_history.csv,850da8ca193b289fc7471eee28362a7a058f8c2e,inferred_or_snapshot
NIFTYSMALLCAP250,Nifty Smallcap 250,CESC,2019-03-29,2019-09-27,,press_release,https://niftyindices.com/Press_Release/ind_prs25022019.pdf,closed by ind_prs28082019.pdf,yurukatsu/nse-historical-membership,index_history/data/index_membership_history.csv,850da8ca193b289fc7471eee28362a7a058f8c2e,explicit_source
NIFTYSMALLCAP250,Nifty Smallcap 250,CESC,2021-09-30,,,press_release,https://niftyindices.com/Press_Release/ind_prs15092021.pdf,,yurukatsu/nse-historical-membership,index_history/data/index_membership_history.csv,850da8ca193b289fc7471eee28362a7a058f8c2e,explicit_source
NIFTYSMALLCAP250,Nifty Smallcap 250,CGCL,2019-09-27,2022-03-31,,press_release,https://niftyindices.com/Press_Release/ind_prs28082019.pdf,closed by ind_prs24022022_1.pdf,yurukatsu/nse-historical-membership,index_history/data/index_membership_history.csv,850da8ca193b289fc7471eee28362a7a058f8c2e,explicit_source
NIFTYSMALLCAP250,Nifty Smallcap 250,CGCL,2022-04-12,,,press_release,https://niftyindices.com/Press_Release/ind_prs05042022_1.pdf,,yurukatsu/nse-historical-membership,index_history/data/index_membership_history.csv,850da8ca193b289fc7471eee28362a7a058f8c2e,explicit_source
NIFTYSMALLCAP250,Nifty Smallcap 250,CGPOWER,2016-04-01,2019-12-26,,snapshot_floor,,closed by ind_prs18122019.pdf,yurukatsu/nse-historical-membership,index_history/data/index_membership_history.csv,850da8ca193b289fc7471eee28362a7a058f8c2e,inferred_or_snapshot
NIFTYSMALLCAP250,Nifty Smallcap 250,CGPOWER,2021-09-30,2022-03-31,,press_release,https://niftyindices.com/Press_Release/ind_prs15092021.pdf,closed by ind_prs24022022_1.pdf,yurukatsu/nse-historical-membership,index_history/data/index_membership_history.csv,850da8ca193b289fc7471eee28362a7a058f8c2e,explicit_source
NIFTYSMALLCAP250,Nifty Smallcap 250,CHALET,2019-06-28,2020-06-26,,press_release,https://niftyindices.com/Press_Release/ind_prs13062019.pdf,closed by ind_prs10062020.pdf,yurukatsu/nse-historical-membership,index_history/data/index_membership_history.csv,850da8ca193b289fc7471eee28362a7a058f8c2e,explicit_source
NIFTYSMALLCAP250,Nifty Smallcap 250,CHALET,2020-09-25,2026-09-30,,press_release,https://niftyindices.com/Press_Release/ind_prs20082020.pdf,,yurukatsu/nse-historical-membership,index_history/data/index_membership_history.csv,850da8ca193b289fc7471eee28362a7a058f8c2e,explicit_source
NIFTYSMALLCAP250,Nifty Smallcap 250,CHAMBLFERT,2016-04-01,,,snapshot_floor,,,yurukatsu/nse-historical-membership,index_history/data/index_membership_history.csv,850da8ca193b289fc7471eee28362a7a058f8c2e,inferred_or_snapshot
NIFTYSMALLCAP250,Nifty Smallcap 250,CHEMPLASTS,2022-03-31,2025-03-28,,press_release,https://niftyindices.com/Press_Release/ind_prs24022022_1.pdf,closed by ind_prs21022025.pdf,yurukatsu/nse-historical-membership,index_history/data/index_membership_history.csv,850da8ca193b289fc7471eee28362a7a058f8c2e,explicit_source
NIFTYSMALLCAP250,Nifty Smallcap 250,CHENNPETRO,2016-04-01,2021-03-31,,snapshot_floor,,closed by ind_prs23022021.pdf,yurukatsu/nse-historical-membership,index_history/data/index_membership_history.csv,850da8ca193b289fc7471eee28362a7a058f8c2e,inferred_or_snapshot
NIFTYSMALLCAP250,Nifty Smallcap 250,CHENNPETRO,2024-03-28,,,press_release,https://niftyindices.com/Press_Release/ind_prs28022024.pdf,,yurukatsu/nse-historical-membership,index_history/data/index_membership_history.csv,850da8ca193b289fc7471eee28362a7a058f8c2e,explicit_source
NIFTYSMALLCAP250,Nifty Smallcap 250,CHOICEIN,2025-09-30,,,press_release,https://niftyindices.com/Press_Release/ind_prs22082025.pdf,,yurukatsu/nse-historical-membership,index_history/data/index_membership_history.csv,850da8ca193b289fc7471eee28362a7a058f8c2e,explicit_source
NIFTYSMALLCAP250,Nifty Smallcap 250,CHOLAHLDNG,2022-03-31,,,press_release,https://niftyindices.com/Press_Release/ind_prs24022022_1.pdf,,yurukatsu/nse-historical-membership,index_history/data/index_membership_history.csv,850da8ca193b289fc7471eee28362a7a058f8c2e,explicit_source
NIFTYSMALLCAP250,Nifty Smallcap 250,CIEINDIA,2016-04-01,2025-03-28,,snapshot_floor,,closed by ind_prs21022025.pdf,yurukatsu/nse-historical-membership,index_history/data/index_membership_history.csv,850da8ca193b289fc7471eee28362a7a058f8c2e,inferred_or_snapshot
NIFTYSMALLCAP250,Nifty Smallcap 250,CIEINDIA,2026-05-12,,,NSE/Nifty press release,https://www.niftyindices.com/Press_Release/ind_prs04052026.pdf,Official event overlay: Replacement,,,,official_event_overlay
NIFTYSMALLCAP250,Nifty Smallcap 250,CLEAN,2023-09-29,,,press_release,https://niftyindices.com/Press_Release/ind_prs17082023.pdf,,yurukatsu/nse-historical-membership,index_history/data/index_membership_history.csv,850da8ca193b289fc7471eee28362a7a058f8c2e,explicit_source
NIFTYSMALLCAP250,Nifty Smallcap 250,CLEANMAX,2026-09-30,,,NSE/Nifty press release,https://www.niftyindices.com/Press_Release/ind_prs10082026.pdf,Official event overlay: Semi-annual broad-market review,,,,official_event_overlay
NIFTYSMALLCAP250,Nifty Smallcap 250,CMPDI,2026-09-30,,,NSE/Nifty press release,https://www.niftyindices.com/Press_Release/ind_prs10082026.pdf,Official event overlay: Semi-annual broad-market review,,,,official_event_overlay
NIFTYSMALLCAP250,Nifty Smallcap 250,COCHINSHIP,2018-02-05,2024-09-30,,press_release,https://niftyindices.com/Press_Release/ind_prs08012018.pdf,closed by ind_prs23082024.pdf,yurukatsu/nse-historical-membership,index_history/data/index_membership_history.csv,850da8ca193b289fc7471eee28362a7a058f8c2e,explicit_source
NIFTYSMALLCAP250,Nifty Smallcap 250,COFFEEDAY,2016-04-01,2019-12-26,,snapshot_floor,,closed by ind_prs18122019.pdf,yurukatsu/nse-historical-membership,index_history/data/index_membership_history.csv,850da8ca193b289fc7471eee28362a7a058f8c2e,inferred_or_snapshot
NIFTYSMALLCAP250,Nifty Smallcap 250,COFORGE,2016-04-01,2020-06-26,,snapshot_floor,,closed by ind_prs10062020.pdf,yurukatsu/nse-historical-membership,index_history/data/index_membership_history.csv,850da8ca193b289fc7471eee28362a7a058f8c2e,inferred_or_snapshot
NIFTYSMALLCAP250,Nifty Smallcap 250,COHANCE,2016-04-01,,,snapshot_floor,,,yurukatsu/nse-historical-membership,index_history/data/index_membership_history.csv,850da8ca193b289fc7471eee28362a7a058f8c2e,inferred_or_snapshot
NIFTYSMALLCAP250,Nifty Smallcap 250,CONCORDBIO,2023-10-26,,,press_release,https://niftyindices.com/Press_Release/ind_prs17102023.pdf,,yurukatsu/nse-historical-membership,index_history/data/index_membership_history.csv,850da8ca193b289fc7471eee28362a7a058f8c2e,explicit_source
NIFTYSMALLCAP250,Nifty Smallcap 250,CORPBANK,2016-04-01,2018-04-02,,snapshot_floor,,closed by ind_prs21022018.pdf,yurukatsu/nse-historical-membership,index_history/data/index_membership_history.csv,850da8ca193b289fc7471eee28362a7a058f8c2e,inferred_or_snapshot
NIFTYSMALLCAP250,Nifty Smallcap 250,CORPBANK,2019-01-28,2019-09-27,,press_release,https://niftyindices.com/Press_Release/ind_prs21012019.pdf,closed by ind_prs28082019.pdf,yurukatsu/nse-historical-membership,index_history/data/index_membership_history.csv,850da8ca193b289fc7471eee28362a7a058f8c2e,explicit_source
NIFTYSMALLCAP250,Nifty Smallcap 250,COX&KINGS,2016-04-01,2018-06-29,,snapshot_floor,,closed by ind_prs24052018.pdf,yurukatsu/nse-historical-membership,index_history/data/index_membership_history.csv,850da8ca193b289fc7471eee28362a7a058f8c2e,inferred_or_snapshot
NIFTYSMALLCAP250,Nifty Smallcap 250,COX&KINGS,2019-03-29,2019-12-26,,press_release,https://niftyindices.com/Press_Release/ind_prs25022019.pdf,closed by ind_prs18122019.pdf,yurukatsu/nse-historical-membership,index_history/data/index_membership_history.csv,850da8ca193b289fc7471eee28362a7a058f8c2e,explicit_source
NIFTYSMALLCAP250,Nifty Smallcap 250,CPPLUS,2026-03-30,,,press_release,https://niftyindices.com/Press_Release/ind_prs23022026.pdf,,yurukatsu/nse-historical-membership,index_history/data/index_membership_history.csv,850da8ca193b289fc7471eee28362a7a058f8c2e,explicit_source
NIFTYSMALLCAP250,Nifty Smallcap 250,CRAFTSMAN,2023-03-31,,,press_release,https://niftyindices.com/Press_Release/ind_prs17022023_1.pdf,,yurukatsu/nse-historical-membership,index_history/data/index_membership_history.csv,850da8ca193b289fc7471eee28362a7a058f8c2e,explicit_source
NIFTYSMALLCAP250,Nifty Smallcap 250,CREDITACC,2019-01-28,2020-06-26,,press_release,https://niftyindices.com/Press_Release/ind_prs21012019.pdf,closed by ind_prs10062020.pdf,yurukatsu/nse-historical-membership,index_history/data/index_membership_history.csv,850da8ca193b289fc7471eee28362a7a058f8c2e,explicit_source
NIFTYSMALLCAP250,Nifty Smallcap 250,CREDITACC,2021-09-30,,,press_release,https://niftyindices.com/Press_Release/ind_prs15092021.pdf,,yurukatsu/nse-historical-membership,index_history/data/index_membership_history.csv,850da8ca193b289fc7471eee28362a7a058f8c2e,explicit_source
NIFTYSMALLCAP250,Nifty Smallcap 250,CROMPTON,2024-03-28,,,press_release,https://niftyindices.com/Press_Release/ind_prs28022024.pdf,,yurukatsu/nse-historical-membership,index_history/data/index_membership_history.csv,850da8ca193b289fc7471eee28362a7a058f8c2e,explicit_source
NIFTYSMALLCAP250,Nifty Smallcap 250,CSBBANK,2020-06-26,2024-09-30,,press_release,https://niftyindices.com/Press_Release/ind_prs10062020.pdf,closed by ind_prs23082024.pdf,yurukatsu/nse-historical-membership,index_history/data/index_membership_history.csv,850da8ca193b289fc7471eee28362a7a058f8c2e,explicit_source
NIFTYSMALLCAP250,Nifty Smallcap 250,CUB,2022-03-31,,,press_release,https://niftyindices.com/Press_Release/ind_prs24022022_1.pdf,,yurukatsu/nse-historical-membership,index_history/data/index_membership_history.csv,850da8ca193b289fc7471eee28362a7a058f8c2e,explicit_source
NIFTYSMALLCAP250,Nifty Smallcap 250,CUPID,2026-09-30,,,NSE/Nifty press release,https://www.niftyindices.com/Press_Release/ind_prs10082026.pdf,Official event overlay: Semi-annual broad-market review,,,,official_event_overlay
NIFTYSMALLCAP250,Nifty Smallcap 250,CYIENT,2017-09-29,,,press_release,https://niftyindices.com/Press_Release/ind_prs28082017.pdf,,yurukatsu/nse-historical-membership,index_history/data/index_membership_history.csv,850da8ca193b289fc7471eee28362a7a058f8c2e,explicit_source
NIFTYSMALLCAP250,Nifty Smallcap 250,DATAPATTNS,2023-03-31,,,press_release,https://niftyindices.com/Press_Release/ind_prs17022023_1.pdf,,yurukatsu/nse-historical-membership,index_history/data/index_membership_history.csv,850da8ca193b289fc7471eee28362a7a058f8c2e,explicit_source
NIFTYSMALLCAP250,Nifty Smallcap 250,DBCORP,2018-04-02,2021-03-31,,press_release,https://niftyindices.com/Press_Release/ind_prs21022018.pdf,closed by ind_prs23022021.pdf,yurukatsu/nse-historical-membership,index_history/data/index_membership_history.csv,850da8ca193b289fc7471eee28362a7a058f8c2e,explicit_source
NIFTYSMALLCAP250,Nifty Smallcap 250,DBL,2017-03-31,2018-04-02,,press_release,https://niftyindices.com/Press_Release/ind_prs16022017.pdf,closed by ind_prs21022018.pdf,yurukatsu/nse-historical-membership,index_history/data/index_membership_history.csv,850da8ca193b289fc7471eee28362a7a058f8c2e,explicit_source
NIFTYSMALLCAP250,Nifty Smallcap 250,DBL,2019-09-27,2023-03-31,,press_release,https://niftyindices.com/Press_Release/ind_prs28082019.pdf,closed by ind_prs17022023_1.pdf,yurukatsu/nse-historical-membership,index_history/data/index_membership_history.csv,850da8ca193b289fc7471eee28362a7a058f8c2e,explicit_source
NIFTYSMALLCAP250,Nifty Smallcap 250,DBREALTY,2016-04-01,2018-09-28,,snapshot_floor,,closed by ind_prs28082018.pdf,yurukatsu/nse-historical-membership,index_history/data/index_membership_history.csv,850da8ca193b289fc7471eee28362a7a058f8c2e,inferred_or_snapshot
NIFTYSMALLCAP250,Nifty Smallcap 250,DBREALTY,2024-09-30,2026-03-30,,press_release,https://niftyindices.com/Press_Release/ind_prs23082024.pdf,closed by ind_prs23022026.pdf,yurukatsu/nse-historical-membership,index_history/data/index_membership_history.csv,850da8ca193b289fc7471eee28362a7a058f8c2e,explicit_source
NIFTYSMALLCAP250,Nifty Smallcap 250,DCAL,2018-04-02,2021-09-30,,press_release,https://niftyindices.com/Press_Release/ind_prs21022018.pdf,closed by ind_prs15092021.pdf,yurukatsu/nse-historical-membership,index_history/data/index_membership_history.csv,850da8ca193b289fc7471eee28362a7a058f8c2e,explicit_source
NIFTYSMALLCAP250,Nifty Smallcap 250,DCBBANK,2016-04-01,2022-03-31,,snapshot_floor,,closed by ind_prs24022022_1.pdf,yurukatsu/nse-historical-membership,index_history/data/index_membership_history.csv,850da8ca193b289fc7471eee28362a7a058f8c2e,inferred_or_snapshot
NIFTYSMALLCAP250,Nifty Smallcap 250,DCMSHRIRAM,2016-04-01,2024-09-30,,snapshot_floor,,closed by ind_prs23082024.pdf,yurukatsu/nse-historical-membership,index_history/data/index_membership_history.csv,850da8ca193b289fc7471eee28362a7a058f8c2e,inferred_or_snapshot
NIFTYSMALLCAP250,Nifty Smallcap 250,DCMSHRIRAM,2025-03-28,2026-09-30,,press_release,https://niftyindices.com/Press_Release/ind_prs21022025.pdf,,yurukatsu/nse-historical-membership,index_history/data/index_membership_history.csv,850da8ca193b289fc7471eee28362a7a058f8c2e,explicit_source
NIFTYSMALLCAP250,Nifty Smallcap 250,DEEPAKFERT,2016-04-01,2019-09-27,,snapshot_floor,,closed by ind_prs28082019.pdf,yurukatsu/nse-historical-membership,index_history/data/index_membership_history.csv,850da8ca193b289fc7471eee28362a7a058f8c2e,inferred_or_snapshot
NIFTYSMALLCAP250,Nifty Smallcap 250,DEEPAKFERT,2022-09-30,,,press_release,https://niftyindices.com/Press_Release/ind_prs01092022.pdf,,yurukatsu/nse-historical-membership,index_history/data/index_membership_history.csv,850da8ca193b289fc7471eee28362a7a058f8c2e,explicit_source
NIFTYSMALLCAP250,Nifty Smallcap 250,DEEPAKNTR,2019-03-29,2021-03-31,,press_release,https://niftyindices.com/Press_Release/ind_prs25022019.pdf,closed by ind_prs23022021.pdf,yurukatsu/nse-historical-membership,index_history/data/index_membership_history.csv,850da8ca193b289fc7471eee28362a7a058f8c2e,explicit_source
NIFTYSMALLCAP250,Nifty Smallcap 250,DEEPAKNTR,2026-03-30,,,press_release,https://niftyindices.com/Press_Release/ind_prs23022026.pdf,,yurukatsu/nse-historical-membership,index_history/data/index_membership_history.csv,850da8ca193b289fc7471eee28362a7a058f8c2e,explicit_source
NIFTYSMALLCAP250,Nifty Smallcap 250,DELHIVERY,2025-03-28,,,press_release,https://niftyindices.com/Press_Release/ind_prs21022025.pdf,,yurukatsu/nse-historical-membership,index_history/data/index_membership_history.csv,850da8ca193b289fc7471eee28362a7a058f8c2e,explicit_source
NIFTYSMALLCAP250,Nifty Smallcap 250,DELTACORP,2016-04-01,2024-03-28,,snapshot_floor,,closed by ind_prs28022024.pdf,yurukatsu/nse-historical-membership,index_history/data/index_membership_history.csv,850da8ca193b289fc7471eee28362a7a058f8c2e,inferred_or_snapshot
NIFTYSMALLCAP250,Nifty Smallcap 250,DEN,2016-04-01,2019-03-29,,snapshot_floor,,closed by ind_prs25022019.pdf,yurukatsu/nse-historical-membership,index_history/data/index_membership_history.csv,850da8ca193b289fc7471eee28362a7a058f8c2e,inferred_or_snapshot
NIFTYSMALLCAP250,Nifty Smallcap 250,DEN,2019-09-27,2019-12-27,,press_release,https://niftyindices.com/Press_Release/ind_prs28082019.pdf,closed by ind_prs19122019.pdf,yurukatsu/nse-historical-membership,index_history/data/index_membership_history.csv,850da8ca193b289fc7471eee28362a7a058f8c2e,explicit_source
NIFTYSMALLCAP250,Nifty Smallcap 250,DENABANK,2016-04-01,2019-01-28,,snapshot_floor,,closed by ind_prs21012019.pdf,yurukatsu/nse-historical-membership,index_history/data/index_membership_history.csv,850da8ca193b289fc7471eee28362a7a058f8c2e,inferred_or_snapshot
NIFTYSMALLCAP250,Nifty Smallcap 250,DEVYANI,2022-03-31,2022-09-30,,press_release,https://niftyindices.com/Press_Release/ind_prs24022022_1.pdf,closed by ind_prs01092022.pdf,yurukatsu/nse-historical-membership,index_history/data/index_membership_history.csv,850da8ca193b289fc7471eee28362a7a058f8c2e,explicit_source
NIFTYSMALLCAP250,Nifty Smallcap 250,DEVYANI,2024-09-30,,,press_release,https://niftyindices.com/Press_Release/ind_prs23082024.pdf,,yurukatsu/nse-historical-membership,index_history/data/index_membership_history.csv,850da8ca193b289fc7471eee28362a7a058f8c2e,explicit_source
NIFTYSMALLCAP250,Nifty Smallcap 250,DHANI,2017-09-29,2018-04-02,,press_release,https://niftyindices.com/Press_Release/ind_prs28082017.pdf,closed by ind_prs21022018.pdf,yurukatsu/nse-historical-membership,index_history/data/index_membership_history.csv,850da8ca193b289fc7471eee28362a7a058f8c2e,explicit_source
NIFTYSMALLCAP250,Nifty Smallcap 250,DHANI,2022-03-31,2023-03-31,,press_release,https://niftyindices.com/Press_Release/ind_prs24022022_1.pdf,closed by ind_prs17022023_1.pdf,yurukatsu/nse-historical-membership,index_history/data/index_membership_history.csv,850da8ca193b289fc7471eee28362a7a058f8c2e,explicit_source
NIFTYSMALLCAP250,Nifty Smallcap 250,DHANUKA,2016-04-01,2018-04-02,,snapshot_floor,,closed by ind_prs21022018.pdf,yurukatsu/nse-historical-membership,index_history/data/index_membership_history.csv,850da8ca193b289fc7471eee28362a7a058f8c2e,inferred_or_snapshot
NIFTYSMALLCAP250,Nifty Smallcap 250,DHANUKA,2020-06-26,2022-03-31,,press_release,https://niftyindices.com/Press_Release/ind_prs10062020.pdf,closed by ind_prs24022022_1.pdf,yurukatsu/nse-historical-membership,index_history/data/index_membership_history.csv,850da8ca193b289fc7471eee28362a7a058f8c2e,explicit_source
NIFTYSMALLCAP250,Nifty Smallcap 250,DHFL,2019-09-27,2020-06-26,,press_release,https://niftyindices.com/Press_Release/ind_prs28082019.pdf,closed by ind_prs10062020.pdf,yurukatsu/nse-historical-membership,index_history/data/index_membership_history.csv,850da8ca193b289fc7471eee28362a7a058f8c2e,explicit_source
NIFTYSMALLCAP250,Nifty Smallcap 250,DISHMAN,2016-04-01,2017-01-23,,snapshot_floor,,closed by ind_prs16012017.pdf,yurukatsu/nse-historical-membership,index_history/data/index_membership_history.csv,850da8ca193b289fc7471eee28362a7a058f8c2e,inferred_or_snapshot
NIFTYSMALLCAP250,Nifty Smallcap 250,DISHTV,2019-09-27,2021-09-30,,press_release,https://niftyindices.com/Press_Release/ind_prs28082019.pdf,closed by ind_prs15092021.pdf,yurukatsu/nse-historical-membership,index_history/data/index_membership_history.csv,850da8ca193b289fc7471eee28362a7a058f8c2e,explicit_source
NIFTYSMALLCAP250,Nifty Smallcap 250,DIXON,2018-04-02,2021-03-31,,press_release,https://niftyindices.com/Press_Release/ind_prs21022018.pdf,closed by ind_prs23022021.pdf,yurukatsu/nse-historical-membership,index_history/data/index_membership_history.csv,850da8ca193b289fc7471eee28362a7a058f8c2e,explicit_source
NIFTYSMALLCAP250,Nifty Smallcap 250,DOMS,2024-03-28,,,press_release,https://niftyindices.com/Press_Release/ind_prs28022024.pdf,,yurukatsu/nse-historical-membership,index_history/data/index_membership_history.csv,850da8ca193b289fc7471eee28362a7a058f8c2e,explicit_source
NIFTYSMALLCAP250,Nifty Smallcap 250,DREDGECORP,2016-04-01,2019-03-29,,snapshot_floor,,closed by ind_prs25022019.pdf,yurukatsu/nse-historical-membership,index_history/data/index_membership_history.csv,850da8ca193b289fc7471eee28362a7a058f8c2e,inferred_or_snapshot
NIFTYSMALLCAP250,Nifty Smallcap 250,DYNAMATECH,2016-04-01,2017-03-31,,snapshot_floor,,closed by ind_prs16022017.pdf,yurukatsu/nse-historical-membership,index_history/data/index_membership_history.csv,850da8ca193b289fc7471eee28362a7a058f8c2e,inferred_or_snapshot
NIFTYSMALLCAP250,Nifty Smallcap 250,EASEMYTRIP,2022-03-31,2025-03-28,,press_release,https://niftyindices.com/Press_Release/ind_prs24022022_1.pdf,closed by ind_prs21022025.pdf,yurukatsu/nse-historical-membership,index_history/data/index_membership_history.csv,850da8ca193b289fc7471eee28362a7a058f8c2e,explicit_source
NIFTYSMALLCAP250,Nifty Smallcap 250,ECLERX,2017-09-29,,,press_release,https://niftyindices.com/Press_Release/ind_prs28082017.pdf,,yurukatsu/nse-historical-membership,index_history/data/index_membership_history.csv,850da8ca193b289fc7471eee28362a7a058f8c2e,explicit_source
NIFTYSMALLCAP250,Nifty Smallcap 250,EDELWEISS,2021-03-31,2023-04-28,,press_release,https://niftyindices.com/Press_Release/ind_prs23022021.pdf,closed by ind_prs19042023_1.pdf,yurukatsu/nse-historical-membership,index_history/data/index_membership_history.csv,850da8ca193b289fc7471eee28362a7a058f8c2e,explicit_source
NIFTYSMALLCAP250,Nifty Smallcap 250,EIDPARRY,2016-04-01,,,snapshot_floor,,,yurukatsu/nse-historical-membership,index_history/data/index_membership_history.csv,850da8ca193b289fc7471eee28362a7a058f8c2e,inferred_or_snapshot
NIFTYSMALLCAP250,Nifty Smallcap 250,EIHOTEL,2020-09-25,,,press_release,https://niftyindices.com/Press_Release/ind_prs20082020.pdf,,yurukatsu/nse-historical-membership,index_history/data/index_membership_history.csv,850da8ca193b289fc7471eee28362a7a058f8c2e,explicit_source
NIFTYSMALLCAP250,Nifty Smallcap 250,ELECON,2024-03-28,,,press_release,https://niftyindices.com/Press_Release/ind_prs28022024.pdf,,yurukatsu/nse-historical-membership,index_history/data/index_membership_history.csv,850da8ca193b289fc7471eee28362a7a058f8c2e,explicit_source
NIFTYSMALLCAP250,Nifty Smallcap 250,ELGIEQUIP,2018-09-28,,,press_release,https://niftyindices.com/Press_Release/ind_prs28082018.pdf,,yurukatsu/nse-historical-membership,index_history/data/index_membership_history.csv,850da8ca193b289fc7471eee28362a7a058f8c2e,explicit_source
NIFTYSMALLCAP250,Nifty Smallcap 250,EMAMILTD,2025-09-30,,,press_release,https://niftyindices.com/Press_Release/ind_prs22082025.pdf,,yurukatsu/nse-historical-membership,index_history/data/index_membership_history.csv,850da8ca193b289fc7471eee28362a7a058f8c2e,explicit_source
NIFTYSMALLCAP250,Nifty Smallcap 250,EMCURE,2024-10-10,,,press_release,https://niftyindices.com/Press_Release/ind_prs04102024.pdf,,yurukatsu/nse-historical-membership,index_history/data/index_membership_history.csv,850da8ca193b289fc7471eee28362a7a058f8c2e,explicit_source
NIFTYSMALLCAP250,Nifty Smallcap 250,EMMVEE,2026-03-30,,,press_release,https://niftyindices.com/Press_Release/ind_prs23022026.pdf,,yurukatsu/nse-historical-membership,index_history/data/index_membership_history.csv,850da8ca193b289fc7471eee28362a7a058f8c2e,explicit_source
NIFTYSMALLCAP250,Nifty Smallcap 250,ENGINERSIN,2020-06-26,,,press_release,https://niftyindices.com/Press_Release/ind_prs10062020.pdf,,yurukatsu/nse-historical-membership,index_history/data/index_membership_history.csv,850da8ca193b289fc7471eee28362a7a058f8c2e,explicit_source
NIFTYSMALLCAP250,Nifty Smallcap 250,EPIGRAL,2016-04-01,2024-03-28,,snapshot_floor,,closed by ind_prs28022024.pdf,yurukatsu/nse-historical-membership,index_history/data/index_membership_history.csv,850da8ca193b289fc7471eee28362a7a058f8c2e,inferred_or_snapshot
NIFTYSMALLCAP250,Nifty Smallcap 250,EPL,2016-04-01,2018-04-02,,snapshot_floor,,closed by ind_prs21022018.pdf,yurukatsu/nse-historical-membership,index_history/data/index_membership_history.csv,850da8ca193b289fc7471eee28362a7a058f8c2e,inferred_or_snapshot
NIFTYSMALLCAP250,Nifty Smallcap 250,EPL,2019-03-29,2024-09-30,,press_release,https://niftyindices.com/Press_Release/ind_prs25022019.pdf,closed by ind_prs23082024.pdf,yurukatsu/nse-historical-membership,index_history/data/index_membership_history.csv,850da8ca193b289fc7471eee28362a7a058f8c2e,explicit_source
NIFTYSMALLCAP250,Nifty Smallcap 250,EQUITAS,2016-04-01,2022-09-30,,snapshot_floor,,closed by ind_prs16092022.pdf,yurukatsu/nse-historical-membership,index_history/data/index_membership_history.csv,850da8ca193b289fc7471eee28362a7a058f8c2e,inferred_or_snapshot
NIFTYSMALLCAP250,Nifty Smallcap 250,EQUITASBNK,2021-09-30,2025-03-28,,press_release,https://niftyindices.com/Press_Release/ind_prs15092021.pdf,closed by ind_prs21022025.pdf,yurukatsu/nse-historical-membership,index_history/data/index_membership_history.csv,850da8ca193b289fc7471eee28362a7a058f8c2e,explicit_source
NIFTYSMALLCAP250,Nifty Smallcap 250,ERIS,2018-04-02,2019-03-29,,press_release,https://niftyindices.com/Press_Release/ind_prs21022018.pdf,closed by ind_prs25022019.pdf,yurukatsu/nse-historical-membership,index_history/data/index_membership_history.csv,850da8ca193b289fc7471eee28362a7a058f8c2e,explicit_source
NIFTYSMALLCAP250,Nifty Smallcap 250,ERIS,2021-03-31,2022-09-30,,press_release,https://niftyindices.com/Press_Release/ind_prs23022021.pdf,closed by ind_prs01092022.pdf,yurukatsu/nse-historical-membership,index_history/data/index_membership_history.csv,850da8ca193b289fc7471eee28362a7a058f8c2e,explicit_source
NIFTYSMALLCAP250,Nifty Smallcap 250,ERIS,2023-04-28,2026-09-30,,press_release,https://niftyindices.com/Press_Release/ind_prs19042023_1.pdf,,yurukatsu/nse-historical-membership,index_history/data/index_membership_history.csv,850da8ca193b289fc7471eee28362a7a058f8c2e,explicit_source
NIFTYSMALLCAP250,Nifty Smallcap 250,EROSMEDIA,2016-04-01,2019-03-29,,snapshot_floor,,closed by ind_prs25022019.pdf,yurukatsu/nse-historical-membership,index_history/data/index_membership_history.csv,850da8ca193b289fc7471eee28362a7a058f8c2e,inferred_or_snapshot
NIFTYSMALLCAP250,Nifty Smallcap 250,ESABINDIA,2020-06-26,2021-03-31,,press_release,https://niftyindices.com/Press_Release/ind_prs10062020.pdf,closed by ind_prs23022021.pdf,yurukatsu/nse-historical-membership,index_history/data/index_membership_history.csv,850da8ca193b289fc7471eee28362a7a058f8c2e,explicit_source
NIFTYSMALLCAP250,Nifty Smallcap 250,ESCORTS,2016-04-01,2018-09-28,,snapshot_floor,,closed by ind_prs28082018.pdf,yurukatsu/nse-historical-membership,index_history/data/index_membership_history.csv,850da8ca193b289fc7471eee28362a7a058f8c2e,inferred_or_snapshot
NIFTYSMALLCAP250,Nifty Smallcap 250,EVEREADY,2016-04-01,2019-03-29,,snapshot_floor,,closed by ind_prs25022019.pdf,yurukatsu/nse-historical-membership,index_history/data/index_membership_history.csv,850da8ca193b289fc7471eee28362a7a058f8c2e,inferred_or_snapshot
NIFTYSMALLCAP250,Nifty Smallcap 250,EXCELCROP,2018-09-28,2019-04-15,,press_release,https://niftyindices.com/Press_Release/ind_prs28082018.pdf,closed by ind_prs08042019.pdf,yurukatsu/nse-historical-membership,index_history/data/index_membership_history.csv,850da8ca193b289fc7471eee28362a7a058f8c2e,explicit_source
NIFTYSMALLCAP250,Nifty Smallcap 250,EXIDEIND,2022-09-30,2024-09-30,,press_release,https://niftyindices.com/Press_Release/ind_prs01092022.pdf,closed by ind_prs23082024.pdf,yurukatsu/nse-historical-membership,index_history/data/index_membership_history.csv,850da8ca193b289fc7471eee28362a7a058f8c2e,explicit_source
NIFTYSMALLCAP250,Nifty Smallcap 250,FACT,2021-09-30,2023-09-29,,press_release,https://niftyindices.com/Press_Release/ind_prs15092021.pdf,closed by ind_prs17082023.pdf,yurukatsu/nse-historical-membership,index_history/data/index_membership_history.csv,850da8ca193b289fc7471eee28362a7a058f8c2e,explicit_source
NIFTYSMALLCAP250,Nifty Smallcap 250,FACT,2025-03-28,2025-09-30,,press_release,https://niftyindices.com/Press_Release/ind_prs21022025.pdf,closed by ind_prs22082025.pdf,yurukatsu/nse-historical-membership,index_history/data/index_membership_history.csv,850da8ca193b289fc7471eee28362a7a058f8c2e,explicit_source
NIFTYSMALLCAP250,Nifty Smallcap 250,FACT,2026-03-30,2026-09-30,,press_release,https://niftyindices.com/Press_Release/ind_prs23022026.pdf,,yurukatsu/nse-historical-membership,index_history/data/index_membership_history.csv,850da8ca193b289fc7471eee28362a7a058f8c2e,explicit_source
NIFTYSMALLCAP250,Nifty Smallcap 250,FCONSUMER,2016-04-01,2018-04-02,,snapshot_floor,,closed by ind_prs21022018.pdf,yurukatsu/nse-historical-membership,index_history/data/index_membership_history.csv,850da8ca193b289fc7471eee28362a7a058f8c2e,inferred_or_snapshot
NIFTYSMALLCAP250,Nifty Smallcap 250,FCONSUMER,2020-06-26,2021-09-30,,press_release,https://niftyindices.com/Press_Release/ind_prs10062020.pdf,closed by ind_prs15092021.pdf,yurukatsu/nse-historical-membership,index_history/data/index_membership_history.csv,850da8ca193b289fc7471eee28362a7a058f8c2e,explicit_source
NIFTYSMALLCAP250,Nifty Smallcap 250,FDC,2016-04-01,2017-09-29,,snapshot_floor,,closed by ind_prs28082017.pdf,yurukatsu/nse-historical-membership,index_history/data/index_membership_history.csv,850da8ca193b289fc7471eee28362a7a058f8c2e,inferred_or_snapshot
NIFTYSMALLCAP250,Nifty Smallcap 250,FDC,2018-09-28,2024-09-30,,press_release,https://niftyindices.com/Press_Release/ind_prs28082018.pdf,closed by ind_prs23082024.pdf,yurukatsu/nse-historical-membership,index_history/data/index_membership_history.csv,850da8ca193b289fc7471eee28362a7a058f8c2e,explicit_source
NIFTYSMALLCAP250,Nifty Smallcap 250,FINCABLES,2016-04-01,2017-09-29,,snapshot_floor,,closed by ind_prs28082017.pdf,yurukatsu/nse-historical-membership,index_history/data/index_membership_history.csv,850da8ca193b289fc7471eee28362a7a058f8c2e,inferred_or_snapshot
NIFTYSMALLCAP250,Nifty Smallcap 250,FINCABLES,2019-09-27,,,press_release,https://niftyindices.com/Press_Release/ind_prs28082019.pdf,,yurukatsu/nse-historical-membership,index_history/data/index_membership_history.csv,850da8ca193b289fc7471eee28362a7a058f8c2e,explicit_source
NIFTYSMALLCAP250,Nifty Smallcap 250,FINEORG,2019-03-29,2023-03-31,,press_release,https://niftyindices.com/Press_Release/ind_prs25022019.pdf,closed by ind_prs17022023_1.pdf,yurukatsu/nse-historical-membership,index_history/data/index_membership_history.csv,850da8ca193b289fc7471eee28362a7a058f8c2e,explicit_source
NIFTYSMALLCAP250,Nifty Smallcap 250,FINEORG,2023-09-29,2025-03-28,,press_release,https://niftyindices.com/Press_Release/ind_prs17082023.pdf,closed by ind_prs21022025.pdf,yurukatsu/nse-historical-membership,index_history/data/index_membership_history.csv,850da8ca193b289fc7471eee28362a7a058f8c2e,explicit_source
NIFTYSMALLCAP250,Nifty Smallcap 250,FINPIPE,2016-04-01,2026-03-30,,snapshot_floor,,closed by ind_prs23022026.pdf,yurukatsu/nse-historical-membership,index_history/data/index_membership_history.csv,850da8ca193b289fc7471eee28362a7a058f8c2e,inferred_or_snapshot
NIFTYSMALLCAP250,Nifty Smallcap 250,FIRSTCRY,2025-03-28,,,press_release,https://niftyindices.com/Press_Release/ind_prs21022025.pdf,,yurukatsu/nse-historical-membership,index_history/data/index_membership_history.csv,850da8ca193b289fc7471eee28362a7a058f8c2e,explicit_source
NIFTYSMALLCAP250,Nifty Smallcap 250,FIVESTAR,2023-03-31,,,press_release,https://niftyindices.com/Press_Release/ind_prs17022023_1.pdf,,yurukatsu/nse-historical-membership,index_history/data/index_membership_history.csv,850da8ca193b289fc7471eee28362a7a058f8c2e,explicit_source
NIFTYSMALLCAP250,Nifty Smallcap 250,FLFL,2016-04-01,2017-03-31,,snapshot_floor,,closed by ind_prs16022017.pdf,yurukatsu/nse-historical-membership,index_history/data/index_membership_history.csv,850da8ca193b289fc7471eee28362a7a058f8c2e,inferred_or_snapshot
NIFTYSMALLCAP250,Nifty Smallcap 250,FLFL,2017-09-29,2020-06-26,,press_release,https://niftyindices.com/Press_Release/ind_prs28082017.pdf,closed by ind_prs10062020.pdf,yurukatsu/nse-historical-membership,index_history/data/index_membership_history.csv,850da8ca193b289fc7471eee28362a7a058f8c2e,explicit_source
NIFTYSMALLCAP250,Nifty Smallcap 250,FLUOROCHEM,2020-06-26,2022-03-31,,press_release,https://niftyindices.com/Press_Release/ind_prs10062020.pdf,closed by ind_prs24022022_1.pdf,yurukatsu/nse-historical-membership,index_history/data/index_membership_history.csv,850da8ca193b289fc7471eee28362a7a058f8c2e,explicit_source
NIFTYSMALLCAP250,Nifty Smallcap 250,FMGOETZE,2017-03-31,2017-09-29,,press_release,https://niftyindices.com/Press_Release/ind_prs16022017.pdf,closed by ind_prs28082017.pdf,yurukatsu/nse-historical-membership,index_history/data/index_membership_history.csv,850da8ca193b289fc7471eee28362a7a058f8c2e,explicit_source
NIFTYSMALLCAP250,Nifty Smallcap 250,FMGOETZE,2019-09-27,2020-06-26,,press_release,https://niftyindices.com/Press_Release/ind_prs28082019.pdf,closed by ind_prs10062020.pdf,yurukatsu/nse-historical-membership,index_history/data/index_membership_history.csv,850da8ca193b289fc7471eee28362a7a058f8c2e,explicit_source
NIFTYSMALLCAP250,Nifty Smallcap 250,FORCEMOT,2025-09-30,,,press_release,https://niftyindices.com/Press_Release/ind_prs22082025.pdf,,yurukatsu/nse-historical-membership,index_history/data/index_membership_history.csv,850da8ca193b289fc7471eee28362a7a058f8c2e,explicit_source
NIFTYSMALLCAP250,Nifty Smallcap 250,FORTIS,2018-12-28,2019-09-27,,press_release,https://niftyindices.com/Press_Release/ind_prs14122018.pdf,closed by ind_prs28082019.pdf,yurukatsu/nse-historical-membership,index_history/data/index_membership_history.csv,850da8ca193b289fc7471eee28362a7a058f8c2e,explicit_source
NIFTYSMALLCAP250,Nifty Smallcap 250,FRACTAL,2026-09-30,,,NSE/Nifty press release,https://www.niftyindices.com/Press_Release/ind_prs10082026.pdf,Official event overlay: Semi-annual broad-market review,,,,official_event_overlay
NIFTYSMALLCAP250,Nifty Smallcap 250,FRETAIL,2017-03-31,2017-05-26,,press_release,https://niftyindices.com/Press_Release/ind_prs16022017.pdf,closed by ind_prs27042017.pdf,yurukatsu/nse-historical-membership,index_history/data/index_membership_history.csv,850da8ca193b289fc7471eee28362a7a058f8c2e,explicit_source
NIFTYSMALLCAP250,Nifty Smallcap 250,FRETAIL,2021-03-31,2022-03-31,,press_release,https://niftyindices.com/Press_Release/ind_prs23022021.pdf,closed by ind_prs24022022_1.pdf,yurukatsu/nse-historical-membership,index_history/data/index_membership_history.csv,850da8ca193b289fc7471eee28362a7a058f8c2e,explicit_source
NIFTYSMALLCAP250,Nifty Smallcap 250,FSC,2020-03-27,2020-03-31,,press_release,https://niftyindices.com/Press_Release/ind_prs18022020.pdf,"inferred-exclude: not in NSE current snapshot, no PR found (closed at next semi-annual review)",yurukatsu/nse-historical-membership,index_history/data/index_membership_history.csv,850da8ca193b289fc7471eee28362a7a058f8c2e,explicit_source
NIFTYSMALLCAP250,Nifty Smallcap 250,FSL,2016-04-01,,,snapshot_floor,,,yurukatsu/nse-historical-membership,index_history/data/index_membership_history.csv,850da8ca193b289fc7471eee28362a7a058f8c2e,inferred_or_snapshot
NIFTYSMALLCAP250,Nifty Smallcap 250,GABRIEL,2026-03-30,,,press_release,https://niftyindices.com/Press_Release/ind_prs23022026.pdf,,yurukatsu/nse-historical-membership,index_history/data/index_membership_history.csv,850da8ca193b289fc7471eee28362a7a058f8c2e,explicit_source
NIFTYSMALLCAP250,Nifty Smallcap 250,GAEL,2020-09-25,2025-03-28,,press_release,https://niftyindices.com/Press_Release/ind_prs20082020.pdf,closed by ind_prs21022025.pdf,yurukatsu/nse-historical-membership,index_history/data/index_membership_history.csv,850da8ca193b289fc7471eee28362a7a058f8c2e,explicit_source
NIFTYSMALLCAP250,Nifty Smallcap 250,GALAXYSURF,2018-09-28,2024-03-28,,press_release,https://niftyindices.com/Press_Release/ind_prs28082018.pdf,closed by ind_prs28022024.pdf,yurukatsu/nse-historical-membership,index_history/data/index_membership_history.csv,850da8ca193b289fc7471eee28362a7a058f8c2e,explicit_source
NIFTYSMALLCAP250,Nifty Smallcap 250,GALLANTT,2026-03-30,,,press_release,https://niftyindices.com/Press_Release/ind_prs23022026.pdf,,yurukatsu/nse-historical-membership,index_history/data/index_membership_history.csv,850da8ca193b289fc7471eee28362a7a058f8c2e,explicit_source
NIFTYSMALLCAP250,Nifty Smallcap 250,GARFIBRES,2019-09-27,2023-09-29,,press_release,https://niftyindices.com/Press_Release/ind_prs28082019.pdf,closed by ind_prs17082023.pdf,yurukatsu/nse-historical-membership,index_history/data/index_membership_history.csv,850da8ca193b289fc7471eee28362a7a058f8c2e,explicit_source
NIFTYSMALLCAP250,Nifty Smallcap 250,GATI,2016-04-01,2018-09-28,,snapshot_floor,,closed by ind_prs28082018.pdf,yurukatsu/nse-historical-membership,index_history/data/index_membership_history.csv,850da8ca193b289fc7471eee28362a7a058f8c2e,inferred_or_snapshot
NIFTYSMALLCAP250,Nifty Smallcap 250,GAYAPROJ,2016-04-01,2017-11-20,,snapshot_floor,,closed by ind_prs10112017.pdf,yurukatsu/nse-historical-membership,index_history/data/index_membership_history.csv,850da8ca193b289fc7471eee28362a7a058f8c2e,inferred_or_snapshot
NIFTYSMALLCAP250,Nifty Smallcap 250,GAYAPROJ,2018-09-28,2020-06-26,,press_release,https://niftyindices.com/Press_Release/ind_prs28082018.pdf,closed by ind_prs10062020.pdf,yurukatsu/nse-historical-membership,index_history/data/index_membership_history.csv,850da8ca193b289fc7471eee28362a7a058f8c2e,explicit_source
NIFTYSMALLCAP250,Nifty Smallcap 250,GDL,2016-04-01,2019-09-27,,snapshot_floor,,closed by ind_prs28082019.pdf,yurukatsu/nse-historical-membership,index_history/data/index_membership_history.csv,850da8ca193b289fc7471eee28362a7a058f8c2e,inferred_or_snapshot
NIFTYSMALLCAP250,Nifty Smallcap 250,GEPIL,2016-04-01,2021-09-30,,snapshot_floor,,closed by ind_prs15092021.pdf,yurukatsu/nse-historical-membership,index_history/data/index_membership_history.csv,850da8ca193b289fc7471eee28362a7a058f8c2e,inferred_or_snapshot
NIFTYSMALLCAP250,Nifty Smallcap 250,GESHIP,2017-09-29,,,press_release,https://niftyindices.com/Press_Release/ind_prs28082017.pdf,,yurukatsu/nse-historical-membership,index_history/data/index_membership_history.csv,850da8ca193b289fc7471eee28362a7a058f8c2e,explicit_source
NIFTYSMALLCAP250,Nifty Smallcap 250,GET&D,2019-03-29,2020-09-25,,press_release,https://niftyindices.com/Press_Release/ind_prs25022019.pdf,closed by ind_prs20082020.pdf,yurukatsu/nse-historical-membership,index_history/data/index_membership_history.csv,850da8ca193b289fc7471eee28362a7a058f8c2e,explicit_source
NIFTYSMALLCAP250,Nifty Smallcap 250,GET&D,2024-09-30,2025-03-31,,press_release,https://niftyindices.com/Press_Release/ind_prs23082024.pdf,"inferred-exclude: not in NSE current snapshot, no PR found (closed at next semi-annual review)",yurukatsu/nse-historical-membership,index_history/data/index_membership_history.csv,850da8ca193b289fc7471eee28362a7a058f8c2e,explicit_source
NIFTYSMALLCAP250,Nifty Smallcap 250,GHCL,2017-03-31,2021-04-29,,press_release,https://niftyindices.com/Press_Release/ind_prs16022017.pdf,closed by ind_prs22042021.pdf,yurukatsu/nse-historical-membership,index_history/data/index_membership_history.csv,850da8ca193b289fc7471eee28362a7a058f8c2e,explicit_source
NIFTYSMALLCAP250,Nifty Smallcap 250,GILLETTE,2023-09-29,,,press_release,https://niftyindices.com/Press_Release/ind_prs17082023.pdf,,yurukatsu/nse-historical-membership,index_history/data/index_membership_history.csv,850da8ca193b289fc7471eee28362a7a058f8c2e,explicit_source
NIFTYSMALLCAP250,Nifty Smallcap 250,GLAND,2025-09-30,,,press_release,https://niftyindices.com/Press_Release/ind_prs22082025.pdf,,yurukatsu/nse-historical-membership,index_history/data/index_membership_history.csv,850da8ca193b289fc7471eee28362a7a058f8c2e,explicit_source
NIFTYSMALLCAP250,Nifty Smallcap 250,GLENMARK,2022-09-30,2025-03-28,,press_release,https://niftyindices.com/Press_Release/ind_prs01092022.pdf,closed by ind_prs21022025.pdf,yurukatsu/nse-historical-membership,index_history/data/index_membership_history.csv,850da8ca193b289fc7471eee28362a7a058f8c2e,explicit_source
NIFTYSMALLCAP250,Nifty Smallcap 250,GLS,2022-03-31,2022-09-30,,press_release,https://niftyindices.com/Press_Release/ind_prs24022022_1.pdf,closed by ind_prs01092022.pdf,yurukatsu/nse-historical-membership,index_history/data/index_membership_history.csv,850da8ca193b289fc7471eee28362a7a058f8c2e,explicit_source
NIFTYSMALLCAP250,Nifty Smallcap 250,GLS,2023-09-29,2024-09-30,,press_release,https://niftyindices.com/Press_Release/ind_prs17082023.pdf,closed by ind_prs23082024.pdf,yurukatsu/nse-historical-membership,index_history/data/index_membership_history.csv,850da8ca193b289fc7471eee28362a7a058f8c2e,explicit_source
NIFTYSMALLCAP250,Nifty Smallcap 250,GMDCLTD,2016-04-01,2021-03-31,,snapshot_floor,,closed by ind_prs23022021.pdf,yurukatsu/nse-historical-membership,index_history/data/index_membership_history.csv,850da8ca193b289fc7471eee28362a7a058f8c2e,inferred_or_snapshot
NIFTYSMALLCAP250,Nifty Smallcap 250,GMDCLTD,2024-03-28,,,press_release,https://niftyindices.com/Press_Release/ind_prs28022024.pdf,,yurukatsu/nse-historical-membership,index_history/data/index_membership_history.csv,850da8ca193b289fc7471eee28362a7a058f8c2e,explicit_source
NIFTYSMALLCAP250,Nifty Smallcap 250,GMMPFAUDLR,2020-06-26,2024-09-30,,press_release,https://niftyindices.com/Press_Release/ind_prs10062020.pdf,closed by ind_prs23082024.pdf,yurukatsu/nse-historical-membership,index_history/data/index_membership_history.csv,850da8ca193b289fc7471eee28362a7a058f8c2e,explicit_source
NIFTYSMALLCAP250,Nifty Smallcap 250,GNFC,2017-03-31,2025-09-30,,press_release,https://niftyindices.com/Press_Release/ind_prs16022017.pdf,closed by ind_prs22082025.pdf,yurukatsu/nse-historical-membership,index_history/data/index_membership_history.csv,850da8ca193b289fc7471eee28362a7a058f8c2e,explicit_source
NIFTYSMALLCAP250,Nifty Smallcap 250,GOCOLORS,2022-03-31,2024-03-28,,press_release,https://niftyindices.com/Press_Release/ind_prs24022022_1.pdf,closed by ind_prs28022024.pdf,yurukatsu/nse-historical-membership,index_history/data/index_membership_history.csv,850da8ca193b289fc7471eee28362a7a058f8c2e,explicit_source
NIFTYSMALLCAP250,Nifty Smallcap 250,GODFRYPHLP,2016-04-01,2025-09-30,,snapshot_floor,,closed by ind_prs22082025.pdf,yurukatsu/nse-historical-membership,index_history/data/index_membership_history.csv,850da8ca193b289fc7471eee28362a7a058f8c2e,inferred_or_snapshot
NIFTYSMALLCAP250,Nifty Smallcap 250,GODIGIT,2024-09-30,2026-09-30,,press_release,https://niftyindices.com/Press_Release/ind_prs23082024.pdf,,yurukatsu/nse-historical-membership,index_history/data/index_membership_history.csv,850da8ca193b289fc7471eee28362a7a058f8c2e,explicit_source
NIFTYSMALLCAP250,Nifty Smallcap 250,GODREJAGRO,2021-09-30,2023-09-29,,press_release,https://niftyindices.com/Press_Release/ind_prs15092021.pdf,closed by ind_prs17082023.pdf,yurukatsu/nse-historical-membership,index_history/data/index_membership_history.csv,850da8ca193b289fc7471eee28362a7a058f8c2e,explicit_source
NIFTYSMALLCAP250,Nifty Smallcap 250,GODREJAGRO,2024-09-30,2026-03-30,,press_release,https://niftyindices.com/Press_Release/ind_prs23082024.pdf,closed by ind_prs23022026.pdf,yurukatsu/nse-historical-membership,index_history/data/index_membership_history.csv,850da8ca193b289fc7471eee28362a7a058f8c2e,explicit_source
NIFTYSMALLCAP250,Nifty Smallcap 250,GPIL,2023-09-29,,,press_release,https://niftyindices.com/Press_Release/ind_prs17082023.pdf,,yurukatsu/nse-historical-membership,index_history/data/index_membership_history.csv,850da8ca193b289fc7471eee28362a7a058f8c2e,explicit_source
NIFTYSMALLCAP250,Nifty Smallcap 250,GPPL,2018-04-02,2025-09-30,,press_release,https://niftyindices.com/Press_Release/ind_prs21022018.pdf,closed by ind_prs22082025.pdf,yurukatsu/nse-historical-membership,index_history/data/index_membership_history.csv,850da8ca193b289fc7471eee28362a7a058f8c2e,explicit_source
NIFTYSMALLCAP250,Nifty Smallcap 250,GRANULES,2016-04-01,,,snapshot_floor,,,yurukatsu/nse-historical-membership,index_history/data/index_membership_history.csv,850da8ca193b289fc7471eee28362a7a058f8c2e,inferred_or_snapshot
NIFTYSMALLCAP250,Nifty Smallcap 250,GRAPHITE,2018-04-02,2018-09-28,,press_release,https://niftyindices.com/Press_Release/ind_prs21022018.pdf,closed by ind_prs28082018.pdf,yurukatsu/nse-historical-membership,index_history/data/index_membership_history.csv,850da8ca193b289fc7471eee28362a7a058f8c2e,explicit_source
NIFTYSMALLCAP250,Nifty Smallcap 250,GRAPHITE,2020-06-26,,,press_release,https://niftyindices.com/Press_Release/ind_prs10062020.pdf,,yurukatsu/nse-historical-membership,index_history/data/index_membership_history.csv,850da8ca193b289fc7471eee28362a7a058f8c2e,explicit_source
NIFTYSMALLCAP250,Nifty Smallcap 250,GRAVITA,2025-03-28,,,press_release,https://niftyindices.com/Press_Release/ind_prs21022025.pdf,,yurukatsu/nse-historical-membership,index_history/data/index_membership_history.csv,850da8ca193b289fc7471eee28362a7a058f8c2e,explicit_source
NIFTYSMALLCAP250,Nifty Smallcap 250,GREAVESCOT,2016-04-01,2022-03-31,,snapshot_floor,,closed by ind_prs24022022_1.pdf,yurukatsu/nse-historical-membership,index_history/data/index_membership_history.csv,850da8ca193b289fc7471eee28362a7a058f8c2e,inferred_or_snapshot
NIFTYSMALLCAP250,Nifty Smallcap 250,GREENPANEL,2022-09-30,2023-09-29,,press_release,https://niftyindices.com/Press_Release/ind_prs01092022.pdf,closed by ind_prs17082023.pdf,yurukatsu/nse-historical-membership,index_history/data/index_membership_history.csv,850da8ca193b289fc7471eee28362a7a058f8c2e,explicit_source
NIFTYSMALLCAP250,Nifty Smallcap 250,GREENPLY,2016-04-01,2019-03-29,,snapshot_floor,,closed by ind_prs25022019.pdf,yurukatsu/nse-historical-membership,index_history/data/index_membership_history.csv,850da8ca193b289fc7471eee28362a7a058f8c2e,inferred_or_snapshot
NIFTYSMALLCAP250,Nifty Smallcap 250,GRINDWELL,2016-04-01,2017-09-29,,snapshot_floor,,closed by ind_prs28082017.pdf,yurukatsu/nse-historical-membership,index_history/data/index_membership_history.csv,850da8ca193b289fc7471eee28362a7a058f8c2e,inferred_or_snapshot
NIFTYSMALLCAP250,Nifty Smallcap 250,GRINDWELL,2018-09-28,2022-03-31,,press_release,https://niftyindices.com/Press_Release/ind_prs28082018.pdf,closed by ind_prs24022022_1.pdf,yurukatsu/nse-historical-membership,index_history/data/index_membership_history.csv,850da8ca193b289fc7471eee28362a7a058f8c2e,explicit_source
NIFTYSMALLCAP250,Nifty Smallcap 250,GRINFRA,2022-03-31,2024-03-28,,press_release,https://niftyindices.com/Press_Release/ind_prs24022022_1.pdf,closed by ind_prs28022024.pdf,yurukatsu/nse-historical-membership,index_history/data/index_membership_history.csv,850da8ca193b289fc7471eee28362a7a058f8c2e,explicit_source
NIFTYSMALLCAP250,Nifty Smallcap 250,GRINFRA,2024-09-30,2025-03-28,,press_release,https://niftyindices.com/Press_Release/ind_prs23082024.pdf,closed by ind_prs21022025.pdf,yurukatsu/nse-historical-membership,index_history/data/index_membership_history.csv,850da8ca193b289fc7471eee28362a7a058f8c2e,explicit_source
NIFTYSMALLCAP250,Nifty Smallcap 250,GRSE,2020-06-26,2021-09-30,,press_release,https://niftyindices.com/Press_Release/ind_prs10062020.pdf,closed by ind_prs15092021.pdf,yurukatsu/nse-historical-membership,index_history/data/index_membership_history.csv,850da8ca193b289fc7471eee28362a7a058f8c2e,explicit_source
NIFTYSMALLCAP250,Nifty Smallcap 250,GRSE,2024-03-28,,,press_release,https://niftyindices.com/Press_Release/ind_prs28022024.pdf,,yurukatsu/nse-historical-membership,index_history/data/index_membership_history.csv,850da8ca193b289fc7471eee28362a7a058f8c2e,explicit_source
NIFTYSMALLCAP250,Nifty Smallcap 250,GSFC,2016-04-01,2025-03-28,,snapshot_floor,,closed by ind_prs21022025.pdf,yurukatsu/nse-historical-membership,index_history/data/index_membership_history.csv,850da8ca193b289fc7471eee28362a7a058f8c2e,inferred_or_snapshot
NIFTYSMALLCAP250,Nifty Smallcap 250,GSPL,2023-03-31,2026-05-12,,press_release,https://niftyindices.com/Press_Release/ind_prs17022023_1.pdf,closed by ind_prs04052026.pdf,yurukatsu/nse-historical-membership,index_history/data/index_membership_history.csv,850da8ca193b289fc7471eee28362a7a058f8c2e,explicit_source
NIFTYSMALLCAP250,Nifty Smallcap 250,GUJALKALI,2017-03-31,2024-03-28,,press_release,https://niftyindices.com/Press_Release/ind_prs16022017.pdf,closed by ind_prs28022024.pdf,yurukatsu/nse-historical-membership,index_history/data/index_membership_history.csv,850da8ca193b289fc7471eee28362a7a058f8c2e,explicit_source
NIFTYSMALLCAP250,Nifty Smallcap 250,GUJFLUORO,2018-09-28,2019-03-29,,press_release,https://niftyindices.com/Press_Release/ind_prs28082018.pdf,closed by ind_prs25022019.pdf,yurukatsu/nse-historical-membership,index_history/data/index_membership_history.csv,850da8ca193b289fc7471eee28362a7a058f8c2e,explicit_source
NIFTYSMALLCAP250,Nifty Smallcap 250,GULFOILLUB,2016-04-29,2021-09-30,,press_release,https://niftyindices.com/Press_Release/ind_prs22042016.pdf,closed by ind_prs15092021.pdf,yurukatsu/nse-historical-membership,index_history/data/index_membership_history.csv,850da8ca193b289fc7471eee28362a7a058f8c2e,explicit_source
NIFTYSMALLCAP250,Nifty Smallcap 250,GVKPIL,2016-04-01,2019-03-29,,snapshot_floor,,closed by ind_prs25022019.pdf,yurukatsu/nse-historical-membership,index_history/data/index_membership_history.csv,850da8ca193b289fc7471eee28362a7a058f8c2e,inferred_or_snapshot
NIFTYSMALLCAP250,Nifty Smallcap 250,GVT&D,2016-04-01,2025-03-28,,snapshot_floor,,closed by ind_prs21022025.pdf,yurukatsu/nse-historical-membership,index_history/data/index_membership_history.csv,850da8ca193b289fc7471eee28362a7a058f8c2e,inferred_or_snapshot
NIFTYSMALLCAP250,Nifty Smallcap 250,HAPPSTMNDS,2021-03-31,2022-03-31,,press_release,https://niftyindices.com/Press_Release/ind_prs23022021.pdf,closed by ind_prs24022022_1.pdf,yurukatsu/nse-historical-membership,index_history/data/index_membership_history.csv,850da8ca193b289fc7471eee28362a7a058f8c2e,explicit_source
NIFTYSMALLCAP250,Nifty Smallcap 250,HAPPSTMNDS,2023-09-29,2026-03-30,,press_release,https://niftyindices.com/Press_Release/ind_prs17082023.pdf,closed by ind_prs23022026.pdf,yurukatsu/nse-historical-membership,index_history/data/index_membership_history.csv,850da8ca193b289fc7471eee28362a7a058f8c2e,explicit_source
NIFTYSMALLCAP250,Nifty Smallcap 250,HAPPYFORGE,2024-03-28,2024-09-30,,press_release,https://niftyindices.com/Press_Release/ind_prs28022024.pdf,closed by ind_prs23082024.pdf,yurukatsu/nse-historical-membership,index_history/data/index_membership_history.csv,850da8ca193b289fc7471eee28362a7a058f8c2e,explicit_source
NIFTYSMALLCAP250,Nifty Smallcap 250,HATHWAY,2016-04-01,2019-12-27,,snapshot_floor,,closed by ind_prs19122019.pdf,yurukatsu/nse-historical-membership,index_history/data/index_membership_history.csv,850da8ca193b289fc7471eee28362a7a058f8c2e,inferred_or_snapshot
NIFTYSMALLCAP250,Nifty Smallcap 250,HATHWAY,2020-06-26,2021-03-31,,press_release,https://niftyindices.com/Press_Release/ind_prs10062020.pdf,closed by ind_prs23022021.pdf,yurukatsu/nse-historical-membership,index_history/data/index_membership_history.csv,850da8ca193b289fc7471eee28362a7a058f8c2e,explicit_source
NIFTYSMALLCAP250,Nifty Smallcap 250,HATHWAY,2021-09-30,2022-09-30,,press_release,https://niftyindices.com/Press_Release/ind_prs15092021.pdf,closed by ind_prs01092022.pdf,yurukatsu/nse-historical-membership,index_history/data/index_membership_history.csv,850da8ca193b289fc7471eee28362a7a058f8c2e,explicit_source
NIFTYSMALLCAP250,Nifty Smallcap 250,HBLENGINE,2016-04-01,,,snapshot_floor,,,yurukatsu/nse-historical-membership,index_history/data/index_membership_history.csv,850da8ca193b289fc7471eee28362a7a058f8c2e,inferred_or_snapshot
NIFTYSMALLCAP250,Nifty Smallcap 250,HBLPOWER,2024-03-28,2024-03-31,,press_release,https://niftyindices.com/Press_Release/ind_prs28022024.pdf,"inferred-exclude: not in NSE current snapshot, no PR found (closed at next semi-annual review)",yurukatsu/nse-historical-membership,index_history/data/index_membership_history.csv,850da8ca193b289fc7471eee28362a7a058f8c2e,explicit_source
NIFTYSMALLCAP250,Nifty Smallcap 250,HCC,2016-04-01,2019-03-29,,snapshot_floor,,closed by ind_prs25022019.pdf,yurukatsu/nse-historical-membership,index_history/data/index_membership_history.csv,850da8ca193b289fc7471eee28362a7a058f8c2e,inferred_or_snapshot
NIFTYSMALLCAP250,Nifty Smallcap 250,HCL-INSYS,2016-04-01,2019-03-29,,snapshot_floor,,closed by ind_prs25022019.pdf,yurukatsu/nse-historical-membership,index_history/data/index_membership_history.csv,850da8ca193b289fc7471eee28362a7a058f8c2e,inferred_or_snapshot
NIFTYSMALLCAP250,Nifty Smallcap 250,HDIL,2016-04-01,2018-09-28,,snapshot_floor,,closed by ind_prs28082018.pdf,yurukatsu/nse-historical-membership,index_history/data/index_membership_history.csv,850da8ca193b289fc7471eee28362a7a058f8c2e,inferred_or_snapshot
NIFTYSMALLCAP250,Nifty Smallcap 250,HEG,2018-04-02,2018-09-28,,press_release,https://niftyindices.com/Press_Release/ind_prs21022018.pdf,closed by ind_prs28082018.pdf,yurukatsu/nse-historical-membership,index_history/data/index_membership_history.csv,850da8ca193b289fc7471eee28362a7a058f8c2e,explicit_source
NIFTYSMALLCAP250,Nifty Smallcap 250,HEG,2020-06-26,2026-09-04,,press_release,https://niftyindices.com/Press_Release/ind_prs10062020.pdf,Closed at close 2026-09-04: continuing HEG Ltd security changed symbol to HEGAM after demerger; DUMMYHEG is the separate resulting-company placeholder and excluded from canonical membership,yurukatsu/nse-historical-membership,index_history/data/index_membership_history.csv,850da8ca193b289fc7471eee28362a7a058f8c2e,explicit_source
NIFTYSMALLCAP250,Nifty Smallcap 250,HEGAM,2026-09-07,,,official_exchange,https://www.nseindia.com/get-quote/equity/HEGAM/HEG-Advanced-Materials-Limited,Continuing HEG Ltd security (same ISIN INE545A01024) shown by NSE as HEG Advanced Materials Ltd / HEGAM after the demerger; separate resulting HEG Graphite entity was temporarily DUMMYHEG and remains excluded from canonical membership. Demerger notice: https://www.niftyindices.com/Press_Release/ind_prs03092026.pdf,yurukatsu/nse-historical-membership,index_history/data/index_membership_history.csv,850da8ca193b289fc7471eee28362a7a058f8c2e,explicit_source
NIFTYSMALLCAP250,Nifty Smallcap 250,HEIDELBERG,2016-04-01,2022-03-31,,snapshot_floor,,closed by ind_prs24022022_1.pdf,yurukatsu/nse-historical-membership,index_history/data/index_membership_history.csv,850da8ca193b289fc7471eee28362a7a058f8c2e,inferred_or_snapshot
NIFTYSMALLCAP250,Nifty Smallcap 250,HEMIPROP,2021-03-31,2022-09-30,,press_release,https://niftyindices.com/Press_Release/ind_prs23022021.pdf,closed by ind_prs01092022.pdf,yurukatsu/nse-historical-membership,index_history/data/index_membership_history.csv,850da8ca193b289fc7471eee28362a7a058f8c2e,explicit_source
NIFTYSMALLCAP250,Nifty Smallcap 250,HERITGFOOD,2017-09-29,2021-03-31,,press_release,https://niftyindices.com/Press_Release/ind_prs28082017.pdf,closed by ind_prs23022021.pdf,yurukatsu/nse-historical-membership,index_history/data/index_membership_history.csv,850da8ca193b289fc7471eee28362a7a058f8c2e,explicit_source
NIFTYSMALLCAP250,Nifty Smallcap 250,HFCL,2016-04-01,,,snapshot_floor,,,yurukatsu/nse-historical-membership,index_history/data/index_membership_history.csv,850da8ca193b289fc7471eee28362a7a058f8c2e,inferred_or_snapshot
NIFTYSMALLCAP250,Nifty Smallcap 250,HGS,2021-09-30,2023-09-29,,press_release,https://niftyindices.com/Press_Release/ind_prs15092021.pdf,closed by ind_prs17082023.pdf,yurukatsu/nse-historical-membership,index_history/data/index_membership_history.csv,850da8ca193b289fc7471eee28362a7a058f8c2e,explicit_source
NIFTYSMALLCAP250,Nifty Smallcap 250,HIKAL,2021-09-30,2023-09-29,,press_release,https://niftyindices.com/Press_Release/ind_prs15092021.pdf,closed by ind_prs17082023.pdf,yurukatsu/nse-historical-membership,index_history/data/index_membership_history.csv,850da8ca193b289fc7471eee28362a7a058f8c2e,explicit_source
NIFTYSMALLCAP250,Nifty Smallcap 250,HIMATSEIDE,2016-04-01,2020-09-25,,snapshot_floor,,closed by ind_prs20082020.pdf,yurukatsu/nse-historical-membership,index_history/data/index_membership_history.csv,850da8ca193b289fc7471eee28362a7a058f8c2e,inferred_or_snapshot
NIFTYSMALLCAP250,Nifty Smallcap 250,HINDCOPPER,2017-09-29,2021-09-30,,press_release,https://niftyindices.com/Press_Release/ind_prs28082017.pdf,closed by ind_prs15092021.pdf,yurukatsu/nse-historical-membership,index_history/data/index_membership_history.csv,850da8ca193b289fc7471eee28362a7a058f8c2e,explicit_source
NIFTYSMALLCAP250,Nifty Smallcap 250,HINDCOPPER,2022-03-31,2026-09-30,,press_release,https://niftyindices.com/Press_Release/ind_prs24022022_1.pdf,,yurukatsu/nse-historical-membership,index_history/data/index_membership_history.csv,850da8ca193b289fc7471eee28362a7a058f8c2e,explicit_source
NIFTYSMALLCAP250,Nifty Smallcap 250,HLEGLAS,2022-03-31,2024-03-28,,press_release,https://niftyindices.com/Press_Release/ind_prs24022022_1.pdf,closed by ind_prs28022024.pdf,yurukatsu/nse-historical-membership,index_history/data/index_membership_history.csv,850da8ca193b289fc7471eee28362a7a058f8c2e,explicit_source
NIFTYSMALLCAP250,Nifty Smallcap 250,HMVL,2016-04-01,2017-09-29,,snapshot_floor,,closed by ind_prs28082017.pdf,yurukatsu/nse-historical-membership,index_history/data/index_membership_history.csv,850da8ca193b289fc7471eee28362a7a058f8c2e,inferred_or_snapshot
NIFTYSMALLCAP250,Nifty Smallcap 250,HOMEFIRST,2021-09-30,,,press_release,https://niftyindices.com/Press_Release/ind_prs15092021.pdf,,yurukatsu/nse-historical-membership,index_history/data/index_membership_history.csv,850da8ca193b289fc7471eee28362a7a058f8c2e,explicit_source
NIFTYSMALLCAP250,Nifty Smallcap 250,HONASA,2024-03-28,,,press_release,https://niftyindices.com/Press_Release/ind_prs28022024.pdf,,yurukatsu/nse-historical-membership,index_history/data/index_membership_history.csv,850da8ca193b289fc7471eee28362a7a058f8c2e,explicit_source
NIFTYSMALLCAP250,Nifty Smallcap 250,HONAUT,2026-09-30,,,NSE/Nifty press release,https://www.niftyindices.com/Press_Release/ind_prs10082026.pdf,Official event overlay: Semi-annual broad-market review,,,,official_event_overlay
NIFTYSMALLCAP250,Nifty Smallcap 250,HSCL,2018-04-02,2021-09-30,,press_release,https://niftyindices.com/Press_Release/ind_prs21022018.pdf,closed by ind_prs15092021.pdf,yurukatsu/nse-historical-membership,index_history/data/index_membership_history.csv,850da8ca193b289fc7471eee28362a7a058f8c2e,explicit_source
NIFTYSMALLCAP250,Nifty Smallcap 250,HSCL,2024-03-28,,,press_release,https://niftyindices.com/Press_Release/ind_prs28022024.pdf,,yurukatsu/nse-historical-membership,index_history/data/index_membership_history.csv,850da8ca193b289fc7471eee28362a7a058f8c2e,explicit_source
NIFTYSMALLCAP250,Nifty Smallcap 250,HSIL,2016-04-01,2018-12-28,,snapshot_floor,,closed by ind_prs14122018.pdf,yurukatsu/nse-historical-membership,index_history/data/index_membership_history.csv,850da8ca193b289fc7471eee28362a7a058f8c2e,inferred_or_snapshot
NIFTYSMALLCAP250,Nifty Smallcap 250,HTMEDIA,2016-04-01,2018-06-29,,snapshot_floor,,closed by ind_prs20062018.pdf,yurukatsu/nse-historical-membership,index_history/data/index_membership_history.csv,850da8ca193b289fc7471eee28362a7a058f8c2e,inferred_or_snapshot
NIFTYSMALLCAP250,Nifty Smallcap 250,HUDCO,2021-03-31,2024-09-30,,press_release,https://niftyindices.com/Press_Release/ind_prs23022021.pdf,closed by ind_prs23082024.pdf,yurukatsu/nse-historical-membership,index_history/data/index_membership_history.csv,850da8ca193b289fc7471eee28362a7a058f8c2e,explicit_source
NIFTYSMALLCAP250,Nifty Smallcap 250,HUHTAMAKI,2016-04-01,2021-09-30,,snapshot_floor,,closed by ind_prs15092021.pdf,yurukatsu/nse-historical-membership,index_history/data/index_membership_history.csv,850da8ca193b289fc7471eee28362a7a058f8c2e,inferred_or_snapshot
NIFTYSMALLCAP250,Nifty Smallcap 250,IBREALEST,2016-04-01,2018-04-02,,snapshot_floor,,closed by ind_prs21022018.pdf,yurukatsu/nse-historical-membership,index_history/data/index_membership_history.csv,850da8ca193b289fc7471eee28362a7a058f8c2e,inferred_or_snapshot
NIFTYSMALLCAP250,Nifty Smallcap 250,IBREALEST,2018-09-28,2023-09-29,,press_release,https://niftyindices.com/Press_Release/ind_prs28082018.pdf,closed by ind_prs17082023.pdf,yurukatsu/nse-historical-membership,index_history/data/index_membership_history.csv,850da8ca193b289fc7471eee28362a7a058f8c2e,explicit_source
NIFTYSMALLCAP250,Nifty Smallcap 250,IBULISL,2019-03-29,2020-06-26,,press_release,https://niftyindices.com/Press_Release/ind_prs25022019.pdf,closed by ind_prs10062020.pdf,yurukatsu/nse-historical-membership,index_history/data/index_membership_history.csv,850da8ca193b289fc7471eee28362a7a058f8c2e,explicit_source
NIFTYSMALLCAP250,Nifty Smallcap 250,ICIL,2016-04-01,2019-03-29,,snapshot_floor,,closed by ind_prs25022019.pdf,yurukatsu/nse-historical-membership,index_history/data/index_membership_history.csv,850da8ca193b289fc7471eee28362a7a058f8c2e,inferred_or_snapshot
NIFTYSMALLCAP250,Nifty Smallcap 250,ICIL,2021-03-31,2022-09-30,,press_release,https://niftyindices.com/Press_Release/ind_prs23022021.pdf,closed by ind_prs01092022.pdf,yurukatsu/nse-historical-membership,index_history/data/index_membership_history.csv,850da8ca193b289fc7471eee28362a7a058f8c2e,explicit_source
NIFTYSMALLCAP250,Nifty Smallcap 250,ICRA,2016-04-01,2018-04-02,,snapshot_floor,,closed by ind_prs21022018.pdf,yurukatsu/nse-historical-membership,index_history/data/index_membership_history.csv,850da8ca193b289fc7471eee28362a7a058f8c2e,inferred_or_snapshot
NIFTYSMALLCAP250,Nifty Smallcap 250,ICRA,2019-03-29,2021-03-31,,press_release,https://niftyindices.com/Press_Release/ind_prs25022019.pdf,closed by ind_prs23022021.pdf,yurukatsu/nse-historical-membership,index_history/data/index_membership_history.csv,850da8ca193b289fc7471eee28362a7a058f8c2e,explicit_source
NIFTYSMALLCAP250,Nifty Smallcap 250,IDBI,2020-09-25,2021-03-31,,press_release,https://niftyindices.com/Press_Release/ind_prs20082020.pdf,closed by ind_prs23022021.pdf,yurukatsu/nse-historical-membership,index_history/data/index_membership_history.csv,850da8ca193b289fc7471eee28362a7a058f8c2e,explicit_source
NIFTYSMALLCAP250,Nifty Smallcap 250,IDBI,2021-09-30,2022-03-31,,press_release,https://niftyindices.com/Press_Release/ind_prs15092021.pdf,closed by ind_prs24022022_1.pdf,yurukatsu/nse-historical-membership,index_history/data/index_membership_history.csv,850da8ca193b289fc7471eee28362a7a058f8c2e,explicit_source
NIFTYSMALLCAP250,Nifty Smallcap 250,IDBI,2022-09-30,2024-03-28,,press_release,https://niftyindices.com/Press_Release/ind_prs01092022.pdf,closed by ind_prs28022024.pdf,yurukatsu/nse-historical-membership,index_history/data/index_membership_history.csv,850da8ca193b289fc7471eee28362a7a058f8c2e,explicit_source
NIFTYSMALLCAP250,Nifty Smallcap 250,IDBI,2025-03-28,2025-09-30,,press_release,https://niftyindices.com/Press_Release/ind_prs21022025.pdf,closed by ind_prs22082025.pdf,yurukatsu/nse-historical-membership,index_history/data/index_membership_history.csv,850da8ca193b289fc7471eee28362a7a058f8c2e,explicit_source
NIFTYSMALLCAP250,Nifty Smallcap 250,IDBI,2026-03-30,,,press_release,https://niftyindices.com/Press_Release/ind_prs23022026.pdf,,yurukatsu/nse-historical-membership,index_history/data/index_membership_history.csv,850da8ca193b289fc7471eee28362a7a058f8c2e,explicit_source
NIFTYSMALLCAP250,Nifty Smallcap 250,IDFC,2018-09-28,2024-10-10,,press_release,https://niftyindices.com/Press_Release/ind_prs28082018.pdf,closed by ind_prs04102024.pdf,yurukatsu/nse-historical-membership,index_history/data/index_membership_history.csv,850da8ca193b289fc7471eee28362a7a058f8c2e,explicit_source
NIFTYSMALLCAP250,Nifty Smallcap 250,IEX,2018-04-02,2022-03-31,,press_release,https://niftyindices.com/Press_Release/ind_prs21022018.pdf,closed by ind_prs24022022_1.pdf,yurukatsu/nse-historical-membership,index_history/data/index_membership_history.csv,850da8ca193b289fc7471eee28362a7a058f8c2e,explicit_source
NIFTYSMALLCAP250,Nifty Smallcap 250,IEX,2023-03-31,,,press_release,https://niftyindices.com/Press_Release/ind_prs17022023_1.pdf,,yurukatsu/nse-historical-membership,index_history/data/index_membership_history.csv,850da8ca193b289fc7471eee28362a7a058f8c2e,explicit_source
NIFTYSMALLCAP250,Nifty Smallcap 250,IFBIND,2017-09-29,2023-09-29,,press_release,https://niftyindices.com/Press_Release/ind_prs28082017.pdf,closed by ind_prs17082023.pdf,yurukatsu/nse-historical-membership,index_history/data/index_membership_history.csv,850da8ca193b289fc7471eee28362a7a058f8c2e,explicit_source
NIFTYSMALLCAP250,Nifty Smallcap 250,IFCI,2016-04-01,2020-09-25,,snapshot_floor,,closed by ind_prs20082020.pdf,yurukatsu/nse-historical-membership,index_history/data/index_membership_history.csv,850da8ca193b289fc7471eee28362a7a058f8c2e,inferred_or_snapshot
NIFTYSMALLCAP250,Nifty Smallcap 250,IFCI,2024-09-30,,,press_release,https://niftyindices.com/Press_Release/ind_prs23082024.pdf,,yurukatsu/nse-historical-membership,index_history/data/index_membership_history.csv,850da8ca193b289fc7471eee28362a7a058f8c2e,explicit_source
NIFTYSMALLCAP250,Nifty Smallcap 250,IGARASHI,2016-04-01,2018-04-02,,snapshot_floor,,closed by ind_prs21022018.pdf,yurukatsu/nse-historical-membership,index_history/data/index_membership_history.csv,850da8ca193b289fc7471eee28362a7a058f8c2e,inferred_or_snapshot
NIFTYSMALLCAP250,Nifty Smallcap 250,IGIL,2025-03-28,,,press_release,https://niftyindices.com/Press_Release/ind_prs21022025.pdf,,yurukatsu/nse-historical-membership,index_history/data/index_membership_history.csv,850da8ca193b289fc7471eee28362a7a058f8c2e,explicit_source
NIFTYSMALLCAP250,Nifty Smallcap 250,IGL,2026-03-30,,,press_release,https://niftyindices.com/Press_Release/ind_prs23022026.pdf,,yurukatsu/nse-historical-membership,index_history/data/index_membership_history.csv,850da8ca193b289fc7471eee28362a7a058f8c2e,explicit_source
NIFTYSMALLCAP250,Nifty Smallcap 250,IIFL,2019-09-27,,,press_release,https://niftyindices.com/Press_Release/ind_prs17092019.pdf,,yurukatsu/nse-historical-membership,index_history/data/index_membership_history.csv,850da8ca193b289fc7471eee28362a7a058f8c2e,explicit_source
NIFTYSMALLCAP250,Nifty Smallcap 250,IIFLWAM,2021-09-30,2022-03-31,,press_release,https://niftyindices.com/Press_Release/ind_prs15092021.pdf,"inferred-exclude: not in NSE current snapshot, no PR found (closed at next semi-annual review)",yurukatsu/nse-historical-membership,index_history/data/index_membership_history.csv,850da8ca193b289fc7471eee28362a7a058f8c2e,explicit_source
NIFTYSMALLCAP250,Nifty Smallcap 250,IKS,2025-03-28,,,press_release,https://niftyindices.com/Press_Release/ind_prs21022025.pdf,,yurukatsu/nse-historical-membership,index_history/data/index_membership_history.csv,850da8ca193b289fc7471eee28362a7a058f8c2e,explicit_source
NIFTYSMALLCAP250,Nifty Smallcap 250,IL&FSTRANS,2016-04-01,2019-03-29,,snapshot_floor,,closed by ind_prs25022019.pdf,yurukatsu/nse-historical-membership,index_history/data/index_membership_history.csv,850da8ca193b289fc7471eee28362a7a058f8c2e,inferred_or_snapshot
NIFTYSMALLCAP250,Nifty Smallcap 250,INDGN,2024-09-30,2026-09-30,,press_release,https://niftyindices.com/Press_Release/ind_prs23082024.pdf,,yurukatsu/nse-historical-membership,index_history/data/index_membership_history.csv,850da8ca193b289fc7471eee28362a7a058f8c2e,explicit_source
NIFTYSMALLCAP250,Nifty Smallcap 250,INDIACEM,2016-04-01,,,snapshot_floor,,,yurukatsu/nse-historical-membership,index_history/data/index_membership_history.csv,850da8ca193b289fc7471eee28362a7a058f8c2e,inferred_or_snapshot
NIFTYSMALLCAP250,Nifty Smallcap 250,INDIAMART,2019-12-27,2021-03-31,,press_release,https://niftyindices.com/Press_Release/ind_prs16122019.pdf,closed by ind_prs23022021.pdf,yurukatsu/nse-historical-membership,index_history/data/index_membership_history.csv,850da8ca193b289fc7471eee28362a7a058f8c2e,explicit_source
NIFTYSMALLCAP250,Nifty Smallcap 250,INDIAMART,2023-03-31,,,press_release,https://niftyindices.com/Press_Release/ind_prs17022023_1.pdf,,yurukatsu/nse-historical-membership,index_history/data/index_membership_history.csv,850da8ca193b289fc7471eee28362a7a058f8c2e,explicit_source
NIFTYSMALLCAP250,Nifty Smallcap 250,INDIANB,2020-06-26,2021-09-30,,press_release,https://niftyindices.com/Press_Release/ind_prs10062020.pdf,closed by ind_prs15092021.pdf,yurukatsu/nse-historical-membership,index_history/data/index_membership_history.csv,850da8ca193b289fc7471eee28362a7a058f8c2e,explicit_source
NIFTYSMALLCAP250,Nifty Smallcap 250,INDIGOPNTS,2021-09-30,2024-09-30,,press_release,https://niftyindices.com/Press_Release/ind_prs15092021.pdf,closed by ind_prs23082024.pdf,yurukatsu/nse-historical-membership,index_history/data/index_membership_history.csv,850da8ca193b289fc7471eee28362a7a058f8c2e,explicit_source
NIFTYSMALLCAP250,Nifty Smallcap 250,INDOCO,2016-04-01,2019-09-27,,snapshot_floor,,closed by ind_prs28082019.pdf,yurukatsu/nse-historical-membership,index_history/data/index_membership_history.csv,850da8ca193b289fc7471eee28362a7a058f8c2e,inferred_or_snapshot
NIFTYSMALLCAP250,Nifty Smallcap 250,INDOCO,2020-06-26,2023-03-31,,press_release,https://niftyindices.com/Press_Release/ind_prs10062020.pdf,closed by ind_prs17022023_1.pdf,yurukatsu/nse-historical-membership,index_history/data/index_membership_history.csv,850da8ca193b289fc7471eee28362a7a058f8c2e,explicit_source
NIFTYSMALLCAP250,Nifty Smallcap 250,INDOSTAR,2019-03-29,2020-09-25,,press_release,https://niftyindices.com/Press_Release/ind_prs25022019.pdf,closed by ind_prs20082020.pdf,yurukatsu/nse-historical-membership,index_history/data/index_membership_history.csv,850da8ca193b289fc7471eee28362a7a058f8c2e,explicit_source
NIFTYSMALLCAP250,Nifty Smallcap 250,INFIBEAM,2016-04-01,2020-11-25,,snapshot_floor,,closed by ind_prs18112020.pdf,yurukatsu/nse-historical-membership,index_history/data/index_membership_history.csv,850da8ca193b289fc7471eee28362a7a058f8c2e,inferred_or_snapshot
NIFTYSMALLCAP250,Nifty Smallcap 250,INFIBEAM,2021-04-29,2024-03-28,,press_release,https://niftyindices.com/Press_Release/ind_prs22042021.pdf,closed by ind_prs28022024.pdf,yurukatsu/nse-historical-membership,index_history/data/index_membership_history.csv,850da8ca193b289fc7471eee28362a7a058f8c2e,explicit_source
NIFTYSMALLCAP250,Nifty Smallcap 250,INGERRAND,2016-04-01,2017-03-31,,snapshot_floor,,closed by ind_prs16022017.pdf,yurukatsu/nse-historical-membership,index_history/data/index_membership_history.csv,850da8ca193b289fc7471eee28362a7a058f8c2e,inferred_or_snapshot
NIFTYSMALLCAP250,Nifty Smallcap 250,INGERRAND,2017-09-29,2018-04-02,,press_release,https://niftyindices.com/Press_Release/ind_prs28082017.pdf,closed by ind_prs21022018.pdf,yurukatsu/nse-historical-membership,index_history/data/index_membership_history.csv,850da8ca193b289fc7471eee28362a7a058f8c2e,explicit_source
NIFTYSMALLCAP250,Nifty Smallcap 250,INGERRAND,2020-06-26,2022-03-31,,press_release,https://niftyindices.com/Press_Release/ind_prs10062020.pdf,closed by ind_prs24022022_1.pdf,yurukatsu/nse-historical-membership,index_history/data/index_membership_history.csv,850da8ca193b289fc7471eee28362a7a058f8c2e,explicit_source
NIFTYSMALLCAP250,Nifty Smallcap 250,INGERRAND,2023-03-31,2024-03-28,,press_release,https://niftyindices.com/Press_Release/ind_prs17022023_1.pdf,closed by ind_prs28022024.pdf,yurukatsu/nse-historical-membership,index_history/data/index_membership_history.csv,850da8ca193b289fc7471eee28362a7a058f8c2e,explicit_source
NIFTYSMALLCAP250,Nifty Smallcap 250,INOXINDIA,2024-09-30,2026-03-30,,press_release,https://niftyindices.com/Press_Release/ind_prs23082024.pdf,closed by ind_prs23022026.pdf,yurukatsu/nse-historical-membership,index_history/data/index_membership_history.csv,850da8ca193b289fc7471eee28362a7a058f8c2e,explicit_source
NIFTYSMALLCAP250,Nifty Smallcap 250,INOXINDIA,2026-09-30,,,NSE/Nifty press release,https://www.niftyindices.com/Press_Release/ind_prs10082026.pdf,Official event overlay: Semi-annual broad-market review,,,,official_event_overlay
NIFTYSMALLCAP250,Nifty Smallcap 250,INOXLEISUR,2016-04-01,2023-02-17,,snapshot_floor,,closed by ind_prs09022023_1.pdf,yurukatsu/nse-historical-membership,index_history/data/index_membership_history.csv,850da8ca193b289fc7471eee28362a7a058f8c2e,inferred_or_snapshot
NIFTYSMALLCAP250,Nifty Smallcap 250,INOXWIND,2017-03-31,2019-09-27,,press_release,https://niftyindices.com/Press_Release/ind_prs16022017.pdf,closed by ind_prs28082019.pdf,yurukatsu/nse-historical-membership,index_history/data/index_membership_history.csv,850da8ca193b289fc7471eee28362a7a058f8c2e,explicit_source
NIFTYSMALLCAP250,Nifty Smallcap 250,INOXWIND,2024-03-28,,,press_release,https://niftyindices.com/Press_Release/ind_prs28022024.pdf,,yurukatsu/nse-historical-membership,index_history/data/index_membership_history.csv,850da8ca193b289fc7471eee28362a7a058f8c2e,explicit_source
NIFTYSMALLCAP250,Nifty Smallcap 250,INTELLECT,2016-04-01,2020-09-25,,snapshot_floor,,closed by ind_prs20082020.pdf,yurukatsu/nse-historical-membership,index_history/data/index_membership_history.csv,850da8ca193b289fc7471eee28362a7a058f8c2e,inferred_or_snapshot
NIFTYSMALLCAP250,Nifty Smallcap 250,INTELLECT,2021-03-31,,,press_release,https://niftyindices.com/Press_Release/ind_prs23022021.pdf,,yurukatsu/nse-historical-membership,index_history/data/index_membership_history.csv,850da8ca193b289fc7471eee28362a7a058f8c2e,explicit_source
NIFTYSMALLCAP250,Nifty Smallcap 250,IOB,2018-04-02,2019-09-27,,press_release,https://niftyindices.com/Press_Release/ind_prs21022018.pdf,closed by ind_prs28082019.pdf,yurukatsu/nse-historical-membership,index_history/data/index_membership_history.csv,850da8ca193b289fc7471eee28362a7a058f8c2e,explicit_source
NIFTYSMALLCAP250,Nifty Smallcap 250,IOB,2020-09-25,2024-09-30,,press_release,https://niftyindices.com/Press_Release/ind_prs20082020.pdf,closed by ind_prs23082024.pdf,yurukatsu/nse-historical-membership,index_history/data/index_membership_history.csv,850da8ca193b289fc7471eee28362a7a058f8c2e,explicit_source
NIFTYSMALLCAP250,Nifty Smallcap 250,IOB,2025-03-28,2025-09-30,,press_release,https://niftyindices.com/Press_Release/ind_prs21022025.pdf,closed by ind_prs22082025.pdf,yurukatsu/nse-historical-membership,index_history/data/index_membership_history.csv,850da8ca193b289fc7471eee28362a7a058f8c2e,explicit_source
NIFTYSMALLCAP250,Nifty Smallcap 250,IOB,2026-03-30,2026-09-30,,press_release,https://niftyindices.com/Press_Release/ind_prs23022026.pdf,,yurukatsu/nse-historical-membership,index_history/data/index_membership_history.csv,850da8ca193b289fc7471eee28362a7a058f8c2e,explicit_source
NIFTYSMALLCAP250,Nifty Smallcap 250,IOLCP,2020-09-25,2022-03-31,,press_release,https://niftyindices.com/Press_Release/ind_prs20082020.pdf,closed by ind_prs24022022_1.pdf,yurukatsu/nse-historical-membership,index_history/data/index_membership_history.csv,850da8ca193b289fc7471eee28362a7a058f8c2e,explicit_source
NIFTYSMALLCAP250,Nifty Smallcap 250,IPAPPM,2016-04-01,2017-03-31,,snapshot_floor,,closed by ind_prs16022017.pdf,yurukatsu/nse-historical-membership,index_history/data/index_membership_history.csv,850da8ca193b289fc7471eee28362a7a058f8c2e,inferred_or_snapshot
NIFTYSMALLCAP250,Nifty Smallcap 250,IPCALAB,2018-04-02,2019-03-29,,press_release,https://niftyindices.com/Press_Release/ind_prs21022018.pdf,closed by ind_prs25022019.pdf,yurukatsu/nse-historical-membership,index_history/data/index_membership_history.csv,850da8ca193b289fc7471eee28362a7a058f8c2e,explicit_source
NIFTYSMALLCAP250,Nifty Smallcap 250,IRB,2018-09-28,2024-09-30,,press_release,https://niftyindices.com/Press_Release/ind_prs28082018.pdf,closed by ind_prs23082024.pdf,yurukatsu/nse-historical-membership,index_history/data/index_membership_history.csv,850da8ca193b289fc7471eee28362a7a058f8c2e,explicit_source
NIFTYSMALLCAP250,Nifty Smallcap 250,IRB,2026-03-30,,,press_release,https://niftyindices.com/Press_Release/ind_prs23022026.pdf,,yurukatsu/nse-historical-membership,index_history/data/index_membership_history.csv,850da8ca193b289fc7471eee28362a7a058f8c2e,explicit_source
NIFTYSMALLCAP250,Nifty Smallcap 250,IRCON,2019-03-29,2022-09-30,,press_release,https://niftyindices.com/Press_Release/ind_prs25022019.pdf,closed by ind_prs01092022.pdf,yurukatsu/nse-historical-membership,index_history/data/index_membership_history.csv,850da8ca193b289fc7471eee28362a7a058f8c2e,explicit_source
NIFTYSMALLCAP250,Nifty Smallcap 250,IRCON,2023-09-29,,,press_release,https://niftyindices.com/Press_Release/ind_prs17082023.pdf,,yurukatsu/nse-historical-membership,index_history/data/index_membership_history.csv,850da8ca193b289fc7471eee28362a7a058f8c2e,explicit_source
NIFTYSMALLCAP250,Nifty Smallcap 250,ISEC,2024-09-30,2025-03-21,,press_release,https://niftyindices.com/Press_Release/ind_prs23082024.pdf,closed by ind_prs17032025.pdf,yurukatsu/nse-historical-membership,index_history/data/index_membership_history.csv,850da8ca193b289fc7471eee28362a7a058f8c2e,explicit_source
NIFTYSMALLCAP250,Nifty Smallcap 250,ITDC,2017-09-29,2020-09-25,,press_release,https://niftyindices.com/Press_Release/ind_prs28082017.pdf,closed by ind_prs20082020.pdf,yurukatsu/nse-historical-membership,index_history/data/index_membership_history.csv,850da8ca193b289fc7471eee28362a7a058f8c2e,explicit_source
NIFTYSMALLCAP250,Nifty Smallcap 250,ITDCEM,2016-04-01,2020-06-26,,snapshot_floor,,closed by ind_prs10062020.pdf,yurukatsu/nse-historical-membership,index_history/data/index_membership_history.csv,850da8ca193b289fc7471eee28362a7a058f8c2e,inferred_or_snapshot
NIFTYSMALLCAP250,Nifty Smallcap 250,ITI,2017-09-29,2020-09-25,,press_release,https://niftyindices.com/Press_Release/ind_prs28082017.pdf,closed by ind_prs20082020.pdf,yurukatsu/nse-historical-membership,index_history/data/index_membership_history.csv,850da8ca193b289fc7471eee28362a7a058f8c2e,explicit_source
NIFTYSMALLCAP250,Nifty Smallcap 250,ITI,2022-03-31,,,press_release,https://niftyindices.com/Press_Release/ind_prs24022022_1.pdf,,yurukatsu/nse-historical-membership,index_history/data/index_membership_history.csv,850da8ca193b289fc7471eee28362a7a058f8c2e,explicit_source
NIFTYSMALLCAP250,Nifty Smallcap 250,J&KBANK,2016-04-01,2021-03-31,,snapshot_floor,,closed by ind_prs23022021.pdf,yurukatsu/nse-historical-membership,index_history/data/index_membership_history.csv,850da8ca193b289fc7471eee28362a7a058f8c2e,inferred_or_snapshot
NIFTYSMALLCAP250,Nifty Smallcap 250,J&KBANK,2024-03-28,,,press_release,https://niftyindices.com/Press_Release/ind_prs28022024.pdf,,yurukatsu/nse-historical-membership,index_history/data/index_membership_history.csv,850da8ca193b289fc7471eee28362a7a058f8c2e,explicit_source
NIFTYSMALLCAP250,Nifty Smallcap 250,JAGRAN,2017-09-29,2021-03-31,,press_release,https://niftyindices.com/Press_Release/ind_prs28082017.pdf,closed by ind_prs23022021.pdf,yurukatsu/nse-historical-membership,index_history/data/index_membership_history.csv,850da8ca193b289fc7471eee28362a7a058f8c2e,explicit_source
NIFTYSMALLCAP250,Nifty Smallcap 250,JAIBALAJI,2024-03-28,2024-09-30,,press_release,https://niftyindices.com/Press_Release/ind_prs28022024.pdf,closed by ind_prs23082024.pdf,yurukatsu/nse-historical-membership,index_history/data/index_membership_history.csv,850da8ca193b289fc7471eee28362a7a058f8c2e,explicit_source
NIFTYSMALLCAP250,Nifty Smallcap 250,JAICORPLTD,2016-04-01,2021-03-31,,snapshot_floor,,closed by ind_prs23022021.pdf,yurukatsu/nse-historical-membership,index_history/data/index_membership_history.csv,850da8ca193b289fc7471eee28362a7a058f8c2e,inferred_or_snapshot
NIFTYSMALLCAP250,Nifty Smallcap 250,JAINREC,2026-03-30,,,press_release,https://niftyindices.com/Press_Release/ind_prs23022026.pdf,,yurukatsu/nse-historical-membership,index_history/data/index_membership_history.csv,850da8ca193b289fc7471eee28362a7a058f8c2e,explicit_source
NIFTYSMALLCAP250,Nifty Smallcap 250,JAMNAAUTO,2019-03-29,2024-03-28,,press_release,https://niftyindices.com/Press_Release/ind_prs25022019.pdf,closed by ind_prs28022024.pdf,yurukatsu/nse-historical-membership,index_history/data/index_membership_history.csv,850da8ca193b289fc7471eee28362a7a058f8c2e,explicit_source
NIFTYSMALLCAP250,Nifty Smallcap 250,JBCHEPHARM,2016-04-01,2026-07-17,,snapshot_floor,,,yurukatsu/nse-historical-membership,index_history/data/index_membership_history.csv,850da8ca193b289fc7471eee28362a7a058f8c2e,inferred_or_snapshot
NIFTYSMALLCAP250,Nifty Smallcap 250,JBFIND,2016-04-01,2018-09-28,,snapshot_floor,,closed by ind_prs28082018.pdf,yurukatsu/nse-historical-membership,index_history/data/index_membership_history.csv,850da8ca193b289fc7471eee28362a7a058f8c2e,inferred_or_snapshot
NIFTYSMALLCAP250,Nifty Smallcap 250,JBMA,2022-09-30,,,press_release,https://niftyindices.com/Press_Release/ind_prs01092022.pdf,,yurukatsu/nse-historical-membership,index_history/data/index_membership_history.csv,850da8ca193b289fc7471eee28362a7a058f8c2e,explicit_source
NIFTYSMALLCAP250,Nifty Smallcap 250,JCHAC,2016-04-01,2019-03-29,,snapshot_floor,,closed by ind_prs25022019.pdf,yurukatsu/nse-historical-membership,index_history/data/index_membership_history.csv,850da8ca193b289fc7471eee28362a7a058f8c2e,inferred_or_snapshot
NIFTYSMALLCAP250,Nifty Smallcap 250,JCHAC,2019-09-27,2019-09-30,,press_release,https://niftyindices.com/Press_Release/ind_prs28082019.pdf,"inferred-exclude: not in NSE current snapshot, no PR found (closed at next semi-annual review)",yurukatsu/nse-historical-membership,index_history/data/index_membership_history.csv,850da8ca193b289fc7471eee28362a7a058f8c2e,explicit_source
NIFTYSMALLCAP250,Nifty Smallcap 250,JETAIRWAYS,2017-03-31,2019-09-24,,press_release,https://niftyindices.com/Press_Release/ind_prs16022017.pdf,closed by ind_prs17092019_1.pdf,yurukatsu/nse-historical-membership,index_history/data/index_membership_history.csv,850da8ca193b289fc7471eee28362a7a058f8c2e,explicit_source
NIFTYSMALLCAP250,Nifty Smallcap 250,JINDALPOLY,2016-04-01,2018-09-28,,snapshot_floor,,closed by ind_prs28082018.pdf,yurukatsu/nse-historical-membership,index_history/data/index_membership_history.csv,850da8ca193b289fc7471eee28362a7a058f8c2e,inferred_or_snapshot
NIFTYSMALLCAP250,Nifty Smallcap 250,JINDALSAW,2016-04-01,2016-04-29,,snapshot_floor,,closed by ind_prs22042016.pdf,yurukatsu/nse-historical-membership,index_history/data/index_membership_history.csv,850da8ca193b289fc7471eee28362a7a058f8c2e,inferred_or_snapshot
NIFTYSMALLCAP250,Nifty Smallcap 250,JINDALSAW,2017-09-29,2022-03-31,,press_release,https://niftyindices.com/Press_Release/ind_prs28082017.pdf,closed by ind_prs24022022_1.pdf,yurukatsu/nse-historical-membership,index_history/data/index_membership_history.csv,850da8ca193b289fc7471eee28362a7a058f8c2e,explicit_source
NIFTYSMALLCAP250,Nifty Smallcap 250,JINDALSAW,2023-09-29,,,press_release,https://niftyindices.com/Press_Release/ind_prs17082023.pdf,,yurukatsu/nse-historical-membership,index_history/data/index_membership_history.csv,850da8ca193b289fc7471eee28362a7a058f8c2e,explicit_source
NIFTYSMALLCAP250,Nifty Smallcap 250,JINDWORLD,2023-03-31,2023-09-29,,press_release,https://niftyindices.com/Press_Release/ind_prs17022023_1.pdf,closed by ind_prs17082023.pdf,yurukatsu/nse-historical-membership,index_history/data/index_membership_history.csv,850da8ca193b289fc7471eee28362a7a058f8c2e,explicit_source
NIFTYSMALLCAP250,Nifty Smallcap 250,JISLJALEQS,2016-04-01,2020-06-26,,snapshot_floor,,closed by ind_prs10062020.pdf,yurukatsu/nse-historical-membership,index_history/data/index_membership_history.csv,850da8ca193b289fc7471eee28362a7a058f8c2e,inferred_or_snapshot
NIFTYSMALLCAP250,Nifty Smallcap 250,JKCEMENT,2016-04-01,2020-06-26,,snapshot_floor,,closed by ind_prs10062020.pdf,yurukatsu/nse-historical-membership,index_history/data/index_membership_history.csv,850da8ca193b289fc7471eee28362a7a058f8c2e,inferred_or_snapshot
NIFTYSMALLCAP250,Nifty Smallcap 250,JKIL,2016-04-01,2019-03-29,,snapshot_floor,,closed by ind_prs25022019.pdf,yurukatsu/nse-historical-membership,index_history/data/index_membership_history.csv,850da8ca193b289fc7471eee28362a7a058f8c2e,inferred_or_snapshot
NIFTYSMALLCAP250,Nifty Smallcap 250,JKLAKSHMI,2016-04-01,2025-03-28,,snapshot_floor,,closed by ind_prs21022025.pdf,yurukatsu/nse-historical-membership,index_history/data/index_membership_history.csv,850da8ca193b289fc7471eee28362a7a058f8c2e,inferred_or_snapshot
NIFTYSMALLCAP250,Nifty Smallcap 250,JKPAPER,2019-03-29,2024-09-30,,press_release,https://niftyindices.com/Press_Release/ind_prs25022019.pdf,closed by ind_prs23082024.pdf,yurukatsu/nse-historical-membership,index_history/data/index_membership_history.csv,850da8ca193b289fc7471eee28362a7a058f8c2e,explicit_source
NIFTYSMALLCAP250,Nifty Smallcap 250,JKTYRE,2016-04-01,2022-03-31,,snapshot_floor,,closed by ind_prs24022022_1.pdf,yurukatsu/nse-historical-membership,index_history/data/index_membership_history.csv,850da8ca193b289fc7471eee28362a7a058f8c2e,inferred_or_snapshot
NIFTYSMALLCAP250,Nifty Smallcap 250,JKTYRE,2024-09-30,,,press_release,https://niftyindices.com/Press_Release/ind_prs23082024.pdf,,yurukatsu/nse-historical-membership,index_history/data/index_membership_history.csv,850da8ca193b289fc7471eee28362a7a058f8c2e,explicit_source
NIFTYSMALLCAP250,Nifty Smallcap 250,JMFINANCIL,2016-04-01,2017-09-29,,snapshot_floor,,closed by ind_prs28082017.pdf,yurukatsu/nse-historical-membership,index_history/data/index_membership_history.csv,850da8ca193b289fc7471eee28362a7a058f8c2e,inferred_or_snapshot
NIFTYSMALLCAP250,Nifty Smallcap 250,JMFINANCIL,2019-09-27,2020-09-25,,press_release,https://niftyindices.com/Press_Release/ind_prs28082019.pdf,closed by ind_prs20082020.pdf,yurukatsu/nse-historical-membership,index_history/data/index_membership_history.csv,850da8ca193b289fc7471eee28362a7a058f8c2e,explicit_source
NIFTYSMALLCAP250,Nifty Smallcap 250,JMFINANCIL,2021-09-30,,,press_release,https://niftyindices.com/Press_Release/ind_prs15092021.pdf,,yurukatsu/nse-historical-membership,index_history/data/index_membership_history.csv,850da8ca193b289fc7471eee28362a7a058f8c2e,explicit_source
NIFTYSMALLCAP250,Nifty Smallcap 250,JMTAUTOLTD,2016-04-01,2017-09-29,,snapshot_floor,,closed by ind_prs28082017.pdf,yurukatsu/nse-historical-membership,index_history/data/index_membership_history.csv,850da8ca193b289fc7471eee28362a7a058f8c2e,inferred_or_snapshot
NIFTYSMALLCAP250,Nifty Smallcap 250,JPASSOCIAT,2016-04-01,2019-09-27,,snapshot_floor,,closed by ind_prs28082019.pdf,yurukatsu/nse-historical-membership,index_history/data/index_membership_history.csv,850da8ca193b289fc7471eee28362a7a058f8c2e,inferred_or_snapshot
NIFTYSMALLCAP250,Nifty Smallcap 250,JPINFRATEC,2016-04-01,2017-03-31,,snapshot_floor,,closed by ind_prs16022017.pdf,yurukatsu/nse-historical-membership,index_history/data/index_membership_history.csv,850da8ca193b289fc7471eee28362a7a058f8c2e,inferred_or_snapshot
NIFTYSMALLCAP250,Nifty Smallcap 250,JPPOWER,2016-04-01,2017-03-31,,snapshot_floor,,closed by ind_prs16022017.pdf,yurukatsu/nse-historical-membership,index_history/data/index_membership_history.csv,850da8ca193b289fc7471eee28362a7a058f8c2e,inferred_or_snapshot
NIFTYSMALLCAP250,Nifty Smallcap 250,JPPOWER,2017-09-29,2019-03-29,,press_release,https://niftyindices.com/Press_Release/ind_prs28082017.pdf,closed by ind_prs25022019.pdf,yurukatsu/nse-historical-membership,index_history/data/index_membership_history.csv,850da8ca193b289fc7471eee28362a7a058f8c2e,explicit_source
NIFTYSMALLCAP250,Nifty Smallcap 250,JPPOWER,2024-09-30,,,press_release,https://niftyindices.com/Press_Release/ind_prs23082024.pdf,,yurukatsu/nse-historical-membership,index_history/data/index_membership_history.csv,850da8ca193b289fc7471eee28362a7a058f8c2e,explicit_source
NIFTYSMALLCAP250,Nifty Smallcap 250,JSL,2017-09-29,2023-09-29,,press_release,https://niftyindices.com/Press_Release/ind_prs28082017.pdf,closed by ind_prs17082023.pdf,yurukatsu/nse-historical-membership,index_history/data/index_membership_history.csv,850da8ca193b289fc7471eee28362a7a058f8c2e,explicit_source
NIFTYSMALLCAP250,Nifty Smallcap 250,JSLHISAR,2017-09-29,2022-05-31,,press_release,https://niftyindices.com/Press_Release/ind_prs28082017.pdf,closed by ind_prs24052022.pdf,yurukatsu/nse-historical-membership,index_history/data/index_membership_history.csv,850da8ca193b289fc7471eee28362a7a058f8c2e,explicit_source
NIFTYSMALLCAP250,Nifty Smallcap 250,JSWCEMENT,2025-12-31,,,press_release,https://niftyindices.com/Press_Release/ind_prs11122025.pdf,,yurukatsu/nse-historical-membership,index_history/data/index_membership_history.csv,850da8ca193b289fc7471eee28362a7a058f8c2e,explicit_source
NIFTYSMALLCAP250,Nifty Smallcap 250,JSWDULUX,2016-04-01,2026-09-30,,snapshot_floor,,,yurukatsu/nse-historical-membership,index_history/data/index_membership_history.csv,850da8ca193b289fc7471eee28362a7a058f8c2e,inferred_or_snapshot
NIFTYSMALLCAP250,Nifty Smallcap 250,JSWHL,2016-04-01,2017-03-31,,snapshot_floor,,closed by ind_prs16022017.pdf,yurukatsu/nse-historical-membership,index_history/data/index_membership_history.csv,850da8ca193b289fc7471eee28362a7a058f8c2e,inferred_or_snapshot
NIFTYSMALLCAP250,Nifty Smallcap 250,JSWHL,2025-03-28,2025-09-30,,press_release,https://niftyindices.com/Press_Release/ind_prs21022025.pdf,closed by ind_prs22082025.pdf,yurukatsu/nse-historical-membership,index_history/data/index_membership_history.csv,850da8ca193b289fc7471eee28362a7a058f8c2e,explicit_source
NIFTYSMALLCAP250,Nifty Smallcap 250,JTEKTINDIA,2020-09-14,2021-09-30,,press_release,https://niftyindices.com/Press_Release/ind_prs07092020.pdf,closed by ind_prs15092021.pdf,yurukatsu/nse-historical-membership,index_history/data/index_membership_history.csv,850da8ca193b289fc7471eee28362a7a058f8c2e,explicit_source
NIFTYSMALLCAP250,Nifty Smallcap 250,JUBLINGREA,2021-09-30,,,press_release,https://niftyindices.com/Press_Release/ind_prs15092021.pdf,,yurukatsu/nse-historical-membership,index_history/data/index_membership_history.csv,850da8ca193b289fc7471eee28362a7a058f8c2e,explicit_source
NIFTYSMALLCAP250,Nifty Smallcap 250,JUBLPHARMA,2021-09-30,2026-09-30,,press_release,https://niftyindices.com/Press_Release/ind_prs15092021.pdf,,yurukatsu/nse-historical-membership,index_history/data/index_membership_history.csv,850da8ca193b289fc7471eee28362a7a058f8c2e,explicit_source
NIFTYSMALLCAP250,Nifty Smallcap 250,JUSTDIAL,2017-03-31,2025-09-30,,press_release,https://niftyindices.com/Press_Release/ind_prs16022017.pdf,closed by ind_prs22082025.pdf,yurukatsu/nse-historical-membership,index_history/data/index_membership_history.csv,850da8ca193b289fc7471eee28362a7a058f8c2e,explicit_source
NIFTYSMALLCAP250,Nifty Smallcap 250,JWL,2024-03-28,,,press_release,https://niftyindices.com/Press_Release/ind_prs28022024.pdf,,yurukatsu/nse-historical-membership,index_history/data/index_membership_history.csv,850da8ca193b289fc7471eee28362a7a058f8c2e,explicit_source
NIFTYSMALLCAP250,Nifty Smallcap 250,JYOTHYLAB,2018-04-02,2026-03-30,,press_release,https://niftyindices.com/Press_Release/ind_prs21022018.pdf,closed by ind_prs23022026.pdf,yurukatsu/nse-historical-membership,index_history/data/index_membership_history.csv,850da8ca193b289fc7471eee28362a7a058f8c2e,explicit_source
NIFTYSMALLCAP250,Nifty Smallcap 250,JYOTICNC,2024-09-30,,,press_release,https://niftyindices.com/Press_Release/ind_prs23082024.pdf,,yurukatsu/nse-historical-membership,index_history/data/index_membership_history.csv,850da8ca193b289fc7471eee28362a7a058f8c2e,explicit_source
NIFTYSMALLCAP250,Nifty Smallcap 250,KAJARIACER,2018-09-28,2021-09-30,,press_release,https://niftyindices.com/Press_Release/ind_prs28082018.pdf,closed by ind_prs15092021.pdf,yurukatsu/nse-historical-membership,index_history/data/index_membership_history.csv,850da8ca193b289fc7471eee28362a7a058f8c2e,explicit_source
NIFTYSMALLCAP250,Nifty Smallcap 250,KAJARIACER,2024-09-30,,,press_release,https://niftyindices.com/Press_Release/ind_prs23082024.pdf,,yurukatsu/nse-historical-membership,index_history/data/index_membership_history.csv,850da8ca193b289fc7471eee28362a7a058f8c2e,explicit_source
NIFTYSMALLCAP250,Nifty Smallcap 250,KALYANKJIL,2021-09-30,2024-03-28,,press_release,https://niftyindices.com/Press_Release/ind_prs15092021.pdf,closed by ind_prs28022024.pdf,yurukatsu/nse-historical-membership,index_history/data/index_membership_history.csv,850da8ca193b289fc7471eee28362a7a058f8c2e,explicit_source
NIFTYSMALLCAP250,Nifty Smallcap 250,KANSAINER,2024-09-30,2025-09-30,,press_release,https://niftyindices.com/Press_Release/ind_prs23082024.pdf,closed by ind_prs22082025.pdf,yurukatsu/nse-historical-membership,index_history/data/index_membership_history.csv,850da8ca193b289fc7471eee28362a7a058f8c2e,explicit_source
NIFTYSMALLCAP250,Nifty Smallcap 250,KARURVYSYA,2018-09-28,,,press_release,https://niftyindices.com/Press_Release/ind_prs28082018.pdf,,yurukatsu/nse-historical-membership,index_history/data/index_membership_history.csv,850da8ca193b289fc7471eee28362a7a058f8c2e,explicit_source
NIFTYSMALLCAP250,Nifty Smallcap 250,KAYNES,2023-09-29,,,press_release,https://niftyindices.com/Press_Release/ind_prs17082023.pdf,,yurukatsu/nse-historical-membership,index_history/data/index_membership_history.csv,850da8ca193b289fc7471eee28362a7a058f8c2e,explicit_source
NIFTYSMALLCAP250,Nifty Smallcap 250,KEC,2016-04-01,,,snapshot_floor,,,yurukatsu/nse-historical-membership,index_history/data/index_membership_history.csv,850da8ca193b289fc7471eee28362a7a058f8c2e,inferred_or_snapshot
NIFTYSMALLCAP250,Nifty Smallcap 250,KEI,2019-03-29,2024-03-28,,press_release,https://niftyindices.com/Press_Release/ind_prs25022019.pdf,closed by ind_prs28022024.pdf,yurukatsu/nse-historical-membership,index_history/data/index_membership_history.csv,850da8ca193b289fc7471eee28362a7a058f8c2e,explicit_source
NIFTYSMALLCAP250,Nifty Smallcap 250,KENNAMET,2019-12-27,2020-06-26,,press_release,https://niftyindices.com/Press_Release/ind_prs19122019.pdf,closed by ind_prs10062020.pdf,yurukatsu/nse-historical-membership,index_history/data/index_membership_history.csv,850da8ca193b289fc7471eee28362a7a058f8c2e,explicit_source
NIFTYSMALLCAP250,Nifty Smallcap 250,KENNAMET,2023-03-31,2023-09-29,,press_release,https://niftyindices.com/Press_Release/ind_prs17022023_1.pdf,closed by ind_prs17082023.pdf,yurukatsu/nse-historical-membership,index_history/data/index_membership_history.csv,850da8ca193b289fc7471eee28362a7a058f8c2e,explicit_source
NIFTYSMALLCAP250,Nifty Smallcap 250,KESORAMIND,2016-04-01,2018-09-28,,snapshot_floor,,closed by ind_prs28082018.pdf,yurukatsu/nse-historical-membership,index_history/data/index_membership_history.csv,850da8ca193b289fc7471eee28362a7a058f8c2e,inferred_or_snapshot
NIFTYSMALLCAP250,Nifty Smallcap 250,KFINTECH,2023-03-31,,,press_release,https://niftyindices.com/Press_Release/ind_prs17022023_1.pdf,,yurukatsu/nse-historical-membership,index_history/data/index_membership_history.csv,850da8ca193b289fc7471eee28362a7a058f8c2e,explicit_source
NIFTYSMALLCAP250,Nifty Smallcap 250,KIMS,2022-03-31,,,press_release,https://niftyindices.com/Press_Release/ind_prs24022022_1.pdf,,yurukatsu/nse-historical-membership,index_history/data/index_membership_history.csv,850da8ca193b289fc7471eee28362a7a058f8c2e,explicit_source
NIFTYSMALLCAP250,Nifty Smallcap 250,KIRLFER,2023-09-29,2023-10-26,,press_release,https://niftyindices.com/Press_Release/ind_prs17082023.pdf,closed by ind_prs17102023.pdf,yurukatsu/nse-historical-membership,index_history/data/index_membership_history.csv,850da8ca193b289fc7471eee28362a7a058f8c2e,explicit_source
NIFTYSMALLCAP250,Nifty Smallcap 250,KIRLOSBROS,2024-09-30,2026-03-30,,press_release,https://niftyindices.com/Press_Release/ind_prs23082024.pdf,closed by ind_prs23022026.pdf,yurukatsu/nse-historical-membership,index_history/data/index_membership_history.csv,850da8ca193b289fc7471eee28362a7a058f8c2e,explicit_source
NIFTYSMALLCAP250,Nifty Smallcap 250,KIRLOSBROS,2026-09-30,,,NSE/Nifty press release,https://www.niftyindices.com/Press_Release/ind_prs10082026.pdf,Official event overlay: Semi-annual broad-market review,,,,official_event_overlay
NIFTYSMALLCAP250,Nifty Smallcap 250,KIRLOSENG,2019-03-29,2020-06-26,,press_release,https://niftyindices.com/Press_Release/ind_prs25022019.pdf,closed by ind_prs10062020.pdf,yurukatsu/nse-historical-membership,index_history/data/index_membership_history.csv,850da8ca193b289fc7471eee28362a7a058f8c2e,explicit_source
NIFTYSMALLCAP250,Nifty Smallcap 250,KIRLOSENG,2024-09-30,,,press_release,https://niftyindices.com/Press_Release/ind_prs23082024.pdf,,yurukatsu/nse-historical-membership,index_history/data/index_membership_history.csv,850da8ca193b289fc7471eee28362a7a058f8c2e,explicit_source
NIFTYSMALLCAP250,Nifty Smallcap 250,KITEX,2016-04-01,2018-09-28,,snapshot_floor,,closed by ind_prs28082018.pdf,yurukatsu/nse-historical-membership,index_history/data/index_membership_history.csv,850da8ca193b289fc7471eee28362a7a058f8c2e,inferred_or_snapshot
NIFTYSMALLCAP250,Nifty Smallcap 250,KNRCON,2017-03-31,2017-09-29,,press_release,https://niftyindices.com/Press_Release/ind_prs16022017.pdf,closed by ind_prs28082017.pdf,yurukatsu/nse-historical-membership,index_history/data/index_membership_history.csv,850da8ca193b289fc7471eee28362a7a058f8c2e,explicit_source
NIFTYSMALLCAP250,Nifty Smallcap 250,KNRCON,2018-04-02,2025-09-30,,press_release,https://niftyindices.com/Press_Release/ind_prs21022018.pdf,closed by ind_prs22082025.pdf,yurukatsu/nse-historical-membership,index_history/data/index_membership_history.csv,850da8ca193b289fc7471eee28362a7a058f8c2e,explicit_source
NIFTYSMALLCAP250,Nifty Smallcap 250,KOLTEPATIL,2016-04-01,2021-03-31,,snapshot_floor,,closed by ind_prs23022021.pdf,yurukatsu/nse-historical-membership,index_history/data/index_membership_history.csv,850da8ca193b289fc7471eee28362a7a058f8c2e,inferred_or_snapshot
NIFTYSMALLCAP250,Nifty Smallcap 250,KPIL,2016-04-01,,,snapshot_floor,,,yurukatsu/nse-historical-membership,index_history/data/index_membership_history.csv,850da8ca193b289fc7471eee28362a7a058f8c2e,inferred_or_snapshot
NIFTYSMALLCAP250,Nifty Smallcap 250,KPIT,2016-04-01,2018-09-28,,snapshot_floor,,closed by ind_prs31082018.pdf,yurukatsu/nse-historical-membership,index_history/data/index_membership_history.csv,850da8ca193b289fc7471eee28362a7a058f8c2e,inferred_or_snapshot
NIFTYSMALLCAP250,Nifty Smallcap 250,KPITTECH,2019-09-27,2020-09-14,,press_release,https://niftyindices.com/Press_Release/ind_prs28082019.pdf,closed by ind_prs07092020.pdf,yurukatsu/nse-historical-membership,index_history/data/index_membership_history.csv,850da8ca193b289fc7471eee28362a7a058f8c2e,explicit_source
NIFTYSMALLCAP250,Nifty Smallcap 250,KPITTECH,2021-03-31,2023-09-29,,press_release,https://niftyindices.com/Press_Release/ind_prs23022021.pdf,closed by ind_prs17082023.pdf,yurukatsu/nse-historical-membership,index_history/data/index_membership_history.csv,850da8ca193b289fc7471eee28362a7a058f8c2e,explicit_source
NIFTYSMALLCAP250,Nifty Smallcap 250,KPITTECH,2026-09-30,,,NSE/Nifty press release,https://www.niftyindices.com/Press_Release/ind_prs10082026.pdf,Official event overlay: Semi-annual broad-market review,,,,official_event_overlay
NIFTYSMALLCAP250,Nifty Smallcap 250,KPRMILL,2016-04-01,2020-09-25,,snapshot_floor,,closed by ind_prs20082020.pdf,yurukatsu/nse-historical-membership,index_history/data/index_membership_history.csv,850da8ca193b289fc7471eee28362a7a058f8c2e,inferred_or_snapshot
NIFTYSMALLCAP250,Nifty Smallcap 250,KPRMILL,2021-03-31,2022-09-30,,press_release,https://niftyindices.com/Press_Release/ind_prs23022021.pdf,closed by ind_prs01092022.pdf,yurukatsu/nse-historical-membership,index_history/data/index_membership_history.csv,850da8ca193b289fc7471eee28362a7a058f8c2e,explicit_source
NIFTYSMALLCAP250,Nifty Smallcap 250,KRBL,2016-04-01,2017-06-23,,snapshot_floor,,closed by ind_prs15062017.pdf,yurukatsu/nse-historical-membership,index_history/data/index_membership_history.csv,850da8ca193b289fc7471eee28362a7a058f8c2e,inferred_or_snapshot
NIFTYSMALLCAP250,Nifty Smallcap 250,KRBL,2020-06-26,2024-09-30,,press_release,https://niftyindices.com/Press_Release/ind_prs10062020.pdf,closed by ind_prs23082024.pdf,yurukatsu/nse-historical-membership,index_history/data/index_membership_history.csv,850da8ca193b289fc7471eee28362a7a058f8c2e,explicit_source
NIFTYSMALLCAP250,Nifty Smallcap 250,KSB,2020-06-26,2022-03-31,,press_release,https://niftyindices.com/Press_Release/ind_prs10062020.pdf,closed by ind_prs24022022_1.pdf,yurukatsu/nse-historical-membership,index_history/data/index_membership_history.csv,850da8ca193b289fc7471eee28362a7a058f8c2e,explicit_source
NIFTYSMALLCAP250,Nifty Smallcap 250,KSB,2023-03-31,2025-03-28,,press_release,https://niftyindices.com/Press_Release/ind_prs17022023_1.pdf,closed by ind_prs21022025.pdf,yurukatsu/nse-historical-membership,index_history/data/index_membership_history.csv,850da8ca193b289fc7471eee28362a7a058f8c2e,explicit_source
NIFTYSMALLCAP250,Nifty Smallcap 250,KSB,2025-09-30,2026-03-30,,press_release,https://niftyindices.com/Press_Release/ind_prs22082025.pdf,closed by ind_prs23022026.pdf,yurukatsu/nse-historical-membership,index_history/data/index_membership_history.csv,850da8ca193b289fc7471eee28362a7a058f8c2e,explicit_source
NIFTYSMALLCAP250,Nifty Smallcap 250,KSB,2026-09-30,,,NSE/Nifty press release,https://www.niftyindices.com/Press_Release/ind_prs10082026.pdf,Official event overlay: Semi-annual broad-market review,,,,official_event_overlay
NIFTYSMALLCAP250,Nifty Smallcap 250,KSBPUMPS,2016-04-01,2017-03-31,,snapshot_floor,,closed by ind_prs16022017.pdf,yurukatsu/nse-historical-membership,index_history/data/index_membership_history.csv,850da8ca193b289fc7471eee28362a7a058f8c2e,inferred_or_snapshot
NIFTYSMALLCAP250,Nifty Smallcap 250,KSCL,2016-04-01,2022-03-31,,snapshot_floor,,closed by ind_prs24022022_1.pdf,yurukatsu/nse-historical-membership,index_history/data/index_membership_history.csv,850da8ca193b289fc7471eee28362a7a058f8c2e,inferred_or_snapshot
NIFTYSMALLCAP250,Nifty Smallcap 250,KTKBANK,2016-04-01,2021-03-31,,snapshot_floor,,closed by ind_prs23022021.pdf,yurukatsu/nse-historical-membership,index_history/data/index_membership_history.csv,850da8ca193b289fc7471eee28362a7a058f8c2e,inferred_or_snapshot
NIFTYSMALLCAP250,Nifty Smallcap 250,KWALITY,2016-04-01,2018-09-28,,snapshot_floor,,closed by ind_prs28082018.pdf,yurukatsu/nse-historical-membership,index_history/data/index_membership_history.csv,850da8ca193b289fc7471eee28362a7a058f8c2e,inferred_or_snapshot
NIFTYSMALLCAP250,Nifty Smallcap 250,LAKSHVILAS,2016-04-01,2020-06-26,,snapshot_floor,,closed by ind_prs10062020.pdf,yurukatsu/nse-historical-membership,index_history/data/index_membership_history.csv,850da8ca193b289fc7471eee28362a7a058f8c2e,inferred_or_snapshot
NIFTYSMALLCAP250,Nifty Smallcap 250,LALPATHLAB,2018-04-02,2019-12-27,,press_release,https://niftyindices.com/Press_Release/ind_prs21022018.pdf,closed by ind_prs16122019.pdf,yurukatsu/nse-historical-membership,index_history/data/index_membership_history.csv,850da8ca193b289fc7471eee28362a7a058f8c2e,explicit_source
NIFTYSMALLCAP250,Nifty Smallcap 250,LALPATHLAB,2024-09-30,,,press_release,https://niftyindices.com/Press_Release/ind_prs23082024.pdf,,yurukatsu/nse-historical-membership,index_history/data/index_membership_history.csv,850da8ca193b289fc7471eee28362a7a058f8c2e,explicit_source
NIFTYSMALLCAP250,Nifty Smallcap 250,LAOPALA,2016-04-01,2017-03-31,,snapshot_floor,,closed by ind_prs16022017.pdf,yurukatsu/nse-historical-membership,index_history/data/index_membership_history.csv,850da8ca193b289fc7471eee28362a7a058f8c2e,inferred_or_snapshot
NIFTYSMALLCAP250,Nifty Smallcap 250,LAOPALA,2020-06-26,2022-03-31,,press_release,https://niftyindices.com/Press_Release/ind_prs10062020.pdf,closed by ind_prs24022022_1.pdf,yurukatsu/nse-historical-membership,index_history/data/index_membership_history.csv,850da8ca193b289fc7471eee28362a7a058f8c2e,explicit_source
NIFTYSMALLCAP250,Nifty Smallcap 250,LATENTVIEW,2022-03-31,2026-09-30,,press_release,https://niftyindices.com/Press_Release/ind_prs24022022_1.pdf,,yurukatsu/nse-historical-membership,index_history/data/index_membership_history.csv,850da8ca193b289fc7471eee28362a7a058f8c2e,explicit_source
NIFTYSMALLCAP250,Nifty Smallcap 250,LAURUSLABS,2017-05-26,2021-03-31,,press_release,https://niftyindices.com/Press_Release/ind_prs27042017.pdf,closed by ind_prs23022021.pdf,yurukatsu/nse-historical-membership,index_history/data/index_membership_history.csv,850da8ca193b289fc7471eee28362a7a058f8c2e,explicit_source
NIFTYSMALLCAP250,Nifty Smallcap 250,LAURUSLABS,2024-09-30,2026-03-30,,press_release,https://niftyindices.com/Press_Release/ind_prs23082024.pdf,closed by ind_prs23022026.pdf,yurukatsu/nse-historical-membership,index_history/data/index_membership_history.csv,850da8ca193b289fc7471eee28362a7a058f8c2e,explicit_source
NIFTYSMALLCAP250,Nifty Smallcap 250,LAXMIMACH,2016-04-01,2024-03-28,,snapshot_floor,,closed by ind_prs28022024.pdf,yurukatsu/nse-historical-membership,index_history/data/index_membership_history.csv,850da8ca193b289fc7471eee28362a7a058f8c2e,inferred_or_snapshot
NIFTYSMALLCAP250,Nifty Smallcap 250,LEMONTREE,2018-09-28,2022-03-31,,press_release,https://niftyindices.com/Press_Release/ind_prs28082018.pdf,closed by ind_prs24022022_1.pdf,yurukatsu/nse-historical-membership,index_history/data/index_membership_history.csv,850da8ca193b289fc7471eee28362a7a058f8c2e,explicit_source
NIFTYSMALLCAP250,Nifty Smallcap 250,LEMONTREE,2022-12-30,,,press_release,https://niftyindices.com/Press_Release/ind_prs06122022.pdf,,yurukatsu/nse-historical-membership,index_history/data/index_membership_history.csv,850da8ca193b289fc7471eee28362a7a058f8c2e,explicit_source
NIFTYSMALLCAP250,Nifty Smallcap 250,LINDEINDIA,2016-04-01,2017-03-31,,snapshot_floor,,closed by ind_prs16022017.pdf,yurukatsu/nse-historical-membership,index_history/data/index_membership_history.csv,850da8ca193b289fc7471eee28362a7a058f8c2e,inferred_or_snapshot
NIFTYSMALLCAP250,Nifty Smallcap 250,LINDEINDIA,2017-09-29,2018-04-02,,press_release,https://niftyindices.com/Press_Release/ind_prs28082017.pdf,closed by ind_prs21022018.pdf,yurukatsu/nse-historical-membership,index_history/data/index_membership_history.csv,850da8ca193b289fc7471eee28362a7a058f8c2e,explicit_source
NIFTYSMALLCAP250,Nifty Smallcap 250,LINDEINDIA,2018-09-28,2021-09-30,,press_release,https://niftyindices.com/Press_Release/ind_prs28082018.pdf,closed by ind_prs15092021.pdf,yurukatsu/nse-historical-membership,index_history/data/index_membership_history.csv,850da8ca193b289fc7471eee28362a7a058f8c2e,explicit_source
NIFTYSMALLCAP250,Nifty Smallcap 250,LITL,2016-04-01,2017-03-31,,snapshot_floor,,closed by ind_prs16022017.pdf,yurukatsu/nse-historical-membership,index_history/data/index_membership_history.csv,850da8ca193b289fc7471eee28362a7a058f8c2e,inferred_or_snapshot
NIFTYSMALLCAP250,Nifty Smallcap 250,LTFOODS,2025-03-28,,,press_release,https://niftyindices.com/Press_Release/ind_prs21022025.pdf,,yurukatsu/nse-historical-membership,index_history/data/index_membership_history.csv,850da8ca193b289fc7471eee28362a7a058f8c2e,explicit_source
NIFTYSMALLCAP250,Nifty Smallcap 250,LUXIND,2018-09-28,2024-03-28,,press_release,https://niftyindices.com/Press_Release/ind_prs28082018.pdf,closed by ind_prs28022024.pdf,yurukatsu/nse-historical-membership,index_history/data/index_membership_history.csv,850da8ca193b289fc7471eee28362a7a058f8c2e,explicit_source
NIFTYSMALLCAP250,Nifty Smallcap 250,LXCHEM,2021-09-30,2024-09-30,,press_release,https://niftyindices.com/Press_Release/ind_prs15092021.pdf,closed by ind_prs23082024.pdf,yurukatsu/nse-historical-membership,index_history/data/index_membership_history.csv,850da8ca193b289fc7471eee28362a7a058f8c2e,explicit_source
NIFTYSMALLCAP250,Nifty Smallcap 250,MAGMA,2016-04-01,2020-06-26,,snapshot_floor,,closed by ind_prs10062020.pdf,yurukatsu/nse-historical-membership,index_history/data/index_membership_history.csv,850da8ca193b289fc7471eee28362a7a058f8c2e,inferred_or_snapshot
NIFTYSMALLCAP250,Nifty Smallcap 250,MAHABANK,2019-03-29,2023-09-29,,press_release,https://niftyindices.com/Press_Release/ind_prs25022019.pdf,closed by ind_prs17082023.pdf,yurukatsu/nse-historical-membership,index_history/data/index_membership_history.csv,850da8ca193b289fc7471eee28362a7a058f8c2e,explicit_source
NIFTYSMALLCAP250,Nifty Smallcap 250,MAHINDCIE,2020-06-26,2020-09-25,,press_release,https://niftyindices.com/Press_Release/ind_prs10062020.pdf,closed by ind_prs20082020.pdf,yurukatsu/nse-historical-membership,index_history/data/index_membership_history.csv,850da8ca193b289fc7471eee28362a7a058f8c2e,explicit_source
NIFTYSMALLCAP250,Nifty Smallcap 250,MAHINDCIE,2020-11-25,2021-03-31,,press_release,https://niftyindices.com/Press_Release/ind_prs18112020.pdf,"inferred-exclude: not in NSE current snapshot, no PR found (closed at next semi-annual review)",yurukatsu/nse-historical-membership,index_history/data/index_membership_history.csv,850da8ca193b289fc7471eee28362a7a058f8c2e,explicit_source
NIFTYSMALLCAP250,Nifty Smallcap 250,MAHLIFE,2016-04-01,2017-03-31,,snapshot_floor,,closed by ind_prs16022017.pdf,yurukatsu/nse-historical-membership,index_history/data/index_membership_history.csv,850da8ca193b289fc7471eee28362a7a058f8c2e,inferred_or_snapshot
NIFTYSMALLCAP250,Nifty Smallcap 250,MAHLIFE,2022-09-30,2025-03-28,,press_release,https://niftyindices.com/Press_Release/ind_prs01092022.pdf,closed by ind_prs21022025.pdf,yurukatsu/nse-historical-membership,index_history/data/index_membership_history.csv,850da8ca193b289fc7471eee28362a7a058f8c2e,explicit_source
NIFTYSMALLCAP250,Nifty Smallcap 250,MAHLOG,2018-09-28,2023-09-29,,press_release,https://niftyindices.com/Press_Release/ind_prs28082018.pdf,closed by ind_prs17082023.pdf,yurukatsu/nse-historical-membership,index_history/data/index_membership_history.csv,850da8ca193b289fc7471eee28362a7a058f8c2e,explicit_source
NIFTYSMALLCAP250,Nifty Smallcap 250,MAHSCOOTER,2019-03-29,2021-09-30,,press_release,https://niftyindices.com/Press_Release/ind_prs25022019.pdf,closed by ind_prs15092021.pdf,yurukatsu/nse-historical-membership,index_history/data/index_membership_history.csv,850da8ca193b289fc7471eee28362a7a058f8c2e,explicit_source
NIFTYSMALLCAP250,Nifty Smallcap 250,MAHSCOOTER,2025-09-30,2026-03-30,,press_release,https://niftyindices.com/Press_Release/ind_prs22082025.pdf,closed by ind_prs23022026.pdf,yurukatsu/nse-historical-membership,index_history/data/index_membership_history.csv,850da8ca193b289fc7471eee28362a7a058f8c2e,explicit_source
NIFTYSMALLCAP250,Nifty Smallcap 250,MAHSEAMLES,2019-03-29,2021-09-30,,press_release,https://niftyindices.com/Press_Release/ind_prs25022019.pdf,closed by ind_prs15092021.pdf,yurukatsu/nse-historical-membership,index_history/data/index_membership_history.csv,850da8ca193b289fc7471eee28362a7a058f8c2e,explicit_source
NIFTYSMALLCAP250,Nifty Smallcap 250,MAHSEAMLES,2024-03-28,2026-03-30,,press_release,https://niftyindices.com/Press_Release/ind_prs28022024.pdf,closed by ind_prs23022026.pdf,yurukatsu/nse-historical-membership,index_history/data/index_membership_history.csv,850da8ca193b289fc7471eee28362a7a058f8c2e,explicit_source
NIFTYSMALLCAP250,Nifty Smallcap 250,MANAPPURAM,2016-04-01,2017-03-31,,snapshot_floor,,closed by ind_prs16022017.pdf,yurukatsu/nse-historical-membership,index_history/data/index_membership_history.csv,850da8ca193b289fc7471eee28362a7a058f8c2e,inferred_or_snapshot
NIFTYSMALLCAP250,Nifty Smallcap 250,MANAPPURAM,2022-09-30,,,press_release,https://niftyindices.com/Press_Release/ind_prs01092022.pdf,,yurukatsu/nse-historical-membership,index_history/data/index_membership_history.csv,850da8ca193b289fc7471eee28362a7a058f8c2e,explicit_source
NIFTYSMALLCAP250,Nifty Smallcap 250,MANPASAND,2016-04-01,2019-03-29,,snapshot_floor,,closed by ind_prs25022019.pdf,yurukatsu/nse-historical-membership,index_history/data/index_membership_history.csv,850da8ca193b289fc7471eee28362a7a058f8c2e,inferred_or_snapshot
NIFTYSMALLCAP250,Nifty Smallcap 250,MANYAVAR,2024-09-30,2026-03-30,,press_release,https://niftyindices.com/Press_Release/ind_prs23082024.pdf,closed by ind_prs23022026.pdf,yurukatsu/nse-historical-membership,index_history/data/index_membership_history.csv,850da8ca193b289fc7471eee28362a7a058f8c2e,explicit_source
NIFTYSMALLCAP250,Nifty Smallcap 250,MAPMYINDIA,2022-03-31,2026-09-30,,press_release,https://niftyindices.com/Press_Release/ind_prs24022022_1.pdf,,yurukatsu/nse-historical-membership,index_history/data/index_membership_history.csv,850da8ca193b289fc7471eee28362a7a058f8c2e,explicit_source
NIFTYSMALLCAP250,Nifty Smallcap 250,MARKSANS,2016-04-01,2018-09-28,,snapshot_floor,,closed by ind_prs28082018.pdf,yurukatsu/nse-historical-membership,index_history/data/index_membership_history.csv,850da8ca193b289fc7471eee28362a7a058f8c2e,inferred_or_snapshot
NIFTYSMALLCAP250,Nifty Smallcap 250,MASFIN,2018-04-02,2021-09-30,,press_release,https://niftyindices.com/Press_Release/ind_prs21022018.pdf,closed by ind_prs15092021.pdf,yurukatsu/nse-historical-membership,index_history/data/index_membership_history.csv,850da8ca193b289fc7471eee28362a7a058f8c2e,explicit_source
NIFTYSMALLCAP250,Nifty Smallcap 250,MASTEK,2021-09-30,2025-09-30,,press_release,https://niftyindices.com/Press_Release/ind_prs15092021.pdf,closed by ind_prs22082025.pdf,yurukatsu/nse-historical-membership,index_history/data/index_membership_history.csv,850da8ca193b289fc7471eee28362a7a058f8c2e,explicit_source
NIFTYSMALLCAP250,Nifty Smallcap 250,MAXINDIA,2017-03-31,2019-12-27,,press_release,https://niftyindices.com/Press_Release/ind_prs16022017.pdf,closed by ind_prs16122019.pdf,yurukatsu/nse-historical-membership,index_history/data/index_membership_history.csv,850da8ca193b289fc7471eee28362a7a058f8c2e,explicit_source
NIFTYSMALLCAP250,Nifty Smallcap 250,MAYURUNIQ,2016-04-01,2017-03-31,,snapshot_floor,,closed by ind_prs16022017.pdf,yurukatsu/nse-historical-membership,index_history/data/index_membership_history.csv,850da8ca193b289fc7471eee28362a7a058f8c2e,inferred_or_snapshot
NIFTYSMALLCAP250,Nifty Smallcap 250,MAZDOCK,2021-03-31,2023-09-29,,press_release,https://niftyindices.com/Press_Release/ind_prs23022021.pdf,closed by ind_prs17082023.pdf,yurukatsu/nse-historical-membership,index_history/data/index_membership_history.csv,850da8ca193b289fc7471eee28362a7a058f8c2e,explicit_source
NIFTYSMALLCAP250,Nifty Smallcap 250,MCLEODRUSS,2016-04-01,2019-03-29,,snapshot_floor,,closed by ind_prs25022019.pdf,yurukatsu/nse-historical-membership,index_history/data/index_membership_history.csv,850da8ca193b289fc7471eee28362a7a058f8c2e,inferred_or_snapshot
NIFTYSMALLCAP250,Nifty Smallcap 250,MCX,2019-09-27,2026-03-30,,press_release,https://niftyindices.com/Press_Release/ind_prs28082019.pdf,closed by ind_prs23022026.pdf,yurukatsu/nse-historical-membership,index_history/data/index_membership_history.csv,850da8ca193b289fc7471eee28362a7a058f8c2e,explicit_source
NIFTYSMALLCAP250,Nifty Smallcap 250,MEDANTA,2023-03-31,2024-09-30,,press_release,https://niftyindices.com/Press_Release/ind_prs17022023_1.pdf,closed by ind_prs23082024.pdf,yurukatsu/nse-historical-membership,index_history/data/index_membership_history.csv,850da8ca193b289fc7471eee28362a7a058f8c2e,explicit_source
NIFTYSMALLCAP250,Nifty Smallcap 250,MEDPLUS,2022-03-31,2024-09-30,,press_release,https://niftyindices.com/Press_Release/ind_prs24022022_1.pdf,closed by ind_prs23082024.pdf,yurukatsu/nse-historical-membership,index_history/data/index_membership_history.csv,850da8ca193b289fc7471eee28362a7a058f8c2e,explicit_source
NIFTYSMALLCAP250,Nifty Smallcap 250,MEESHO,2026-03-30,2026-09-30,,press_release,https://niftyindices.com/Press_Release/ind_prs23022026.pdf,,yurukatsu/nse-historical-membership,index_history/data/index_membership_history.csv,850da8ca193b289fc7471eee28362a7a058f8c2e,explicit_source
NIFTYSMALLCAP250,Nifty Smallcap 250,METROBRAND,2022-03-31,2023-03-31,,press_release,https://niftyindices.com/Press_Release/ind_prs24022022_1.pdf,closed by ind_prs17022023_1.pdf,yurukatsu/nse-historical-membership,index_history/data/index_membership_history.csv,850da8ca193b289fc7471eee28362a7a058f8c2e,explicit_source
NIFTYSMALLCAP250,Nifty Smallcap 250,METROPOLIS,2019-09-27,2020-09-25,,press_release,https://niftyindices.com/Press_Release/ind_prs28082019.pdf,closed by ind_prs20082020.pdf,yurukatsu/nse-historical-membership,index_history/data/index_membership_history.csv,850da8ca193b289fc7471eee28362a7a058f8c2e,explicit_source
NIFTYSMALLCAP250,Nifty Smallcap 250,METROPOLIS,2022-09-30,2026-03-30,,press_release,https://niftyindices.com/Press_Release/ind_prs01092022.pdf,closed by ind_prs23022026.pdf,yurukatsu/nse-historical-membership,index_history/data/index_membership_history.csv,850da8ca193b289fc7471eee28362a7a058f8c2e,explicit_source
NIFTYSMALLCAP250,Nifty Smallcap 250,MFL,2023-03-31,2023-09-30,,press_release,https://niftyindices.com/Press_Release/ind_prs17022023_1.pdf,"inferred-exclude: not in NSE current snapshot, no PR found (closed at next semi-annual review)",yurukatsu/nse-historical-membership,index_history/data/index_membership_history.csv,850da8ca193b289fc7471eee28362a7a058f8c2e,explicit_source
NIFTYSMALLCAP250,Nifty Smallcap 250,MGL,2017-03-31,2017-05-26,,press_release,https://niftyindices.com/Press_Release/ind_prs16022017.pdf,closed by ind_prs27042017.pdf,yurukatsu/nse-historical-membership,index_history/data/index_membership_history.csv,850da8ca193b289fc7471eee28362a7a058f8c2e,explicit_source
NIFTYSMALLCAP250,Nifty Smallcap 250,MGL,2022-03-31,,,press_release,https://niftyindices.com/Press_Release/ind_prs24022022_1.pdf,,yurukatsu/nse-historical-membership,index_history/data/index_membership_history.csv,850da8ca193b289fc7471eee28362a7a058f8c2e,explicit_source
NIFTYSMALLCAP250,Nifty Smallcap 250,MHRIL,2016-04-01,2024-09-30,,snapshot_floor,,closed by ind_prs23082024.pdf,yurukatsu/nse-historical-membership,index_history/data/index_membership_history.csv,850da8ca193b289fc7471eee28362a7a058f8c2e,inferred_or_snapshot
NIFTYSMALLCAP250,Nifty Smallcap 250,MIDHANI,2019-12-26,2022-03-31,,press_release,https://niftyindices.com/Press_Release/ind_prs18122019.pdf,closed by ind_prs24022022_1.pdf,yurukatsu/nse-historical-membership,index_history/data/index_membership_history.csv,850da8ca193b289fc7471eee28362a7a058f8c2e,explicit_source
NIFTYSMALLCAP250,Nifty Smallcap 250,MINDACORP,2017-03-31,2022-03-31,,press_release,https://niftyindices.com/Press_Release/ind_prs16022017.pdf,closed by ind_prs24022022_1.pdf,yurukatsu/nse-historical-membership,index_history/data/index_membership_history.csv,850da8ca193b289fc7471eee28362a7a058f8c2e,explicit_source
NIFTYSMALLCAP250,Nifty Smallcap 250,MINDACORP,2023-09-29,,,press_release,https://niftyindices.com/Press_Release/ind_prs17082023.pdf,,yurukatsu/nse-historical-membership,index_history/data/index_membership_history.csv,850da8ca193b289fc7471eee28362a7a058f8c2e,explicit_source
NIFTYSMALLCAP250,Nifty Smallcap 250,MMTC,2016-04-01,,,snapshot_floor,,,yurukatsu/nse-historical-membership,index_history/data/index_membership_history.csv,850da8ca193b289fc7471eee28362a7a058f8c2e,inferred_or_snapshot
NIFTYSMALLCAP250,Nifty Smallcap 250,MOIL,2016-04-01,2023-03-31,,snapshot_floor,,closed by ind_prs17022023_1.pdf,yurukatsu/nse-historical-membership,index_history/data/index_membership_history.csv,850da8ca193b289fc7471eee28362a7a058f8c2e,inferred_or_snapshot
NIFTYSMALLCAP250,Nifty Smallcap 250,MONSANTO,2016-04-01,2018-04-02,,snapshot_floor,,closed by ind_prs21022018.pdf,yurukatsu/nse-historical-membership,index_history/data/index_membership_history.csv,850da8ca193b289fc7471eee28362a7a058f8c2e,inferred_or_snapshot
NIFTYSMALLCAP250,Nifty Smallcap 250,MONSANTO,2018-09-28,2019-06-28,,press_release,https://niftyindices.com/Press_Release/ind_prs28082018.pdf,closed by ind_prs13062019.pdf,yurukatsu/nse-historical-membership,index_history/data/index_membership_history.csv,850da8ca193b289fc7471eee28362a7a058f8c2e,explicit_source
NIFTYSMALLCAP250,Nifty Smallcap 250,MOTILALOFS,2016-04-01,2017-03-31,,snapshot_floor,,closed by ind_prs16022017.pdf,yurukatsu/nse-historical-membership,index_history/data/index_membership_history.csv,850da8ca193b289fc7471eee28362a7a058f8c2e,inferred_or_snapshot
NIFTYSMALLCAP250,Nifty Smallcap 250,MOTILALOFS,2022-03-31,2025-03-28,,press_release,https://niftyindices.com/Press_Release/ind_prs24022022_1.pdf,closed by ind_prs21022025.pdf,yurukatsu/nse-historical-membership,index_history/data/index_membership_history.csv,850da8ca193b289fc7471eee28362a7a058f8c2e,explicit_source
NIFTYSMALLCAP250,Nifty Smallcap 250,MRPL,2021-03-31,2024-09-30,,press_release,https://niftyindices.com/Press_Release/ind_prs23022021.pdf,closed by ind_prs23082024.pdf,yurukatsu/nse-historical-membership,index_history/data/index_membership_history.csv,850da8ca193b289fc7471eee28362a7a058f8c2e,explicit_source
NIFTYSMALLCAP250,Nifty Smallcap 250,MRPL,2025-09-30,,,press_release,https://niftyindices.com/Press_Release/ind_prs22082025.pdf,,yurukatsu/nse-historical-membership,index_history/data/index_membership_history.csv,850da8ca193b289fc7471eee28362a7a058f8c2e,explicit_source
NIFTYSMALLCAP250,Nifty Smallcap 250,MSUMI,2025-09-30,,,NSE/Nifty official review,https://www.niftyindices.com/Press_Release/ind_prs22082025.pdf,Official review effective 2025-09-30 explicitly excludes MSUMI from Nifty Midcap 150 and includes MSUMI in Nifty Smallcap 250; MOTHERSON is a distinct security and is not an alias,yurukatsu/nse-historical-membership,index_history/data/index_membership_history.csv,850da8ca193b289fc7471eee28362a7a058f8c2e,explicit_source
NIFTYSMALLCAP250,Nifty Smallcap 250,MTARTECH,2022-04-07,2024-09-30,,press_release,https://niftyindices.com/Press_Release/ind_prs06042022.pdf,closed by ind_prs23082024.pdf,yurukatsu/nse-historical-membership,index_history/data/index_membership_history.csv,850da8ca193b289fc7471eee28362a7a058f8c2e,explicit_source
NIFTYSMALLCAP250,Nifty Smallcap 250,MTARTECH,2026-09-30,,,NSE/Nifty press release,https://www.niftyindices.com/Press_Release/ind_prs10082026.pdf,Official event overlay: Semi-annual broad-market review,,,,official_event_overlay
NIFTYSMALLCAP250,Nifty Smallcap 250,MTNL,2016-04-01,2018-09-28,,snapshot_floor,,closed by ind_prs28082018.pdf,yurukatsu/nse-historical-membership,index_history/data/index_membership_history.csv,850da8ca193b289fc7471eee28362a7a058f8c2e,inferred_or_snapshot
NIFTYSMALLCAP250,Nifty Smallcap 250,NAM-INDIA,2023-09-29,2024-09-30,,press_release,https://niftyindices.com/Press_Release/ind_prs17082023.pdf,closed by ind_prs23082024.pdf,yurukatsu/nse-historical-membership,index_history/data/index_membership_history.csv,850da8ca193b289fc7471eee28362a7a058f8c2e,explicit_source
NIFTYSMALLCAP250,Nifty Smallcap 250,NATCOPHARM,2023-03-31,,,press_release,https://niftyindices.com/Press_Release/ind_prs17022023_1.pdf,,yurukatsu/nse-historical-membership,index_history/data/index_membership_history.csv,850da8ca193b289fc7471eee28362a7a058f8c2e,explicit_source
NIFTYSMALLCAP250,Nifty Smallcap 250,NATIONALUM,2021-03-31,2021-09-30,,press_release,https://niftyindices.com/Press_Release/ind_prs23022021.pdf,closed by ind_prs15092021.pdf,yurukatsu/nse-historical-membership,index_history/data/index_membership_history.csv,850da8ca193b289fc7471eee28362a7a058f8c2e,explicit_source
NIFTYSMALLCAP250,Nifty Smallcap 250,NATIONALUM,2023-03-31,2025-03-28,,press_release,https://niftyindices.com/Press_Release/ind_prs17022023_1.pdf,closed by ind_prs21022025.pdf,yurukatsu/nse-historical-membership,index_history/data/index_membership_history.csv,850da8ca193b289fc7471eee28362a7a058f8c2e,explicit_source
NIFTYSMALLCAP250,Nifty Smallcap 250,NAVA,2025-03-28,,,press_release,https://niftyindices.com/Press_Release/ind_prs21022025.pdf,,yurukatsu/nse-historical-membership,index_history/data/index_membership_history.csv,850da8ca193b289fc7471eee28362a7a058f8c2e,explicit_source
NIFTYSMALLCAP250,Nifty Smallcap 250,NAVINFLUOR,2016-04-01,2020-09-25,,snapshot_floor,,closed by ind_prs20082020.pdf,yurukatsu/nse-historical-membership,index_history/data/index_membership_history.csv,850da8ca193b289fc7471eee28362a7a058f8c2e,inferred_or_snapshot
NIFTYSMALLCAP250,Nifty Smallcap 250,NAVINFLUOR,2024-03-28,,,press_release,https://niftyindices.com/Press_Release/ind_prs28022024.pdf,,yurukatsu/nse-historical-membership,index_history/data/index_membership_history.csv,850da8ca193b289fc7471eee28362a7a058f8c2e,explicit_source
NIFTYSMALLCAP250,Nifty Smallcap 250,NAVKARCORP,2016-04-01,2019-03-29,,snapshot_floor,,closed by ind_prs25022019.pdf,yurukatsu/nse-historical-membership,index_history/data/index_membership_history.csv,850da8ca193b289fc7471eee28362a7a058f8c2e,inferred_or_snapshot
NIFTYSMALLCAP250,Nifty Smallcap 250,NAVNETEDUL,2017-03-31,2018-04-02,,press_release,https://niftyindices.com/Press_Release/ind_prs16022017.pdf,closed by ind_prs21022018.pdf,yurukatsu/nse-historical-membership,index_history/data/index_membership_history.csv,850da8ca193b289fc7471eee28362a7a058f8c2e,explicit_source
NIFTYSMALLCAP250,Nifty Smallcap 250,NAVNETEDUL,2020-09-25,2021-03-31,,press_release,https://niftyindices.com/Press_Release/ind_prs20082020.pdf,closed by ind_prs23022021.pdf,yurukatsu/nse-historical-membership,index_history/data/index_membership_history.csv,850da8ca193b289fc7471eee28362a7a058f8c2e,explicit_source
NIFTYSMALLCAP250,Nifty Smallcap 250,NAZARA,2021-09-30,2024-03-28,,press_release,https://niftyindices.com/Press_Release/ind_prs15092021.pdf,closed by ind_prs28022024.pdf,yurukatsu/nse-historical-membership,index_history/data/index_membership_history.csv,850da8ca193b289fc7471eee28362a7a058f8c2e,explicit_source
NIFTYSMALLCAP250,Nifty Smallcap 250,NBCC,2020-06-26,,,press_release,https://niftyindices.com/Press_Release/ind_prs10062020.pdf,,yurukatsu/nse-historical-membership,index_history/data/index_membership_history.csv,850da8ca193b289fc7471eee28362a7a058f8c2e,explicit_source
NIFTYSMALLCAP250,Nifty Smallcap 250,NBVENTURES,2017-03-31,2020-09-25,,press_release,https://niftyindices.com/Press_Release/ind_prs16022017.pdf,closed by ind_prs20082020.pdf,yurukatsu/nse-historical-membership,index_history/data/index_membership_history.csv,850da8ca193b289fc7471eee28362a7a058f8c2e,explicit_source
NIFTYSMALLCAP250,Nifty Smallcap 250,NCC,2016-04-01,,,snapshot_floor,,,yurukatsu/nse-historical-membership,index_history/data/index_membership_history.csv,850da8ca193b289fc7471eee28362a7a058f8c2e,inferred_or_snapshot
NIFTYSMALLCAP250,Nifty Smallcap 250,NESCO,2018-04-02,2022-09-30,,press_release,https://niftyindices.com/Press_Release/ind_prs21022018.pdf,closed by ind_prs01092022.pdf,yurukatsu/nse-historical-membership,index_history/data/index_membership_history.csv,850da8ca193b289fc7471eee28362a7a058f8c2e,explicit_source
NIFTYSMALLCAP250,Nifty Smallcap 250,NETWEB,2024-09-30,,,press_release,https://niftyindices.com/Press_Release/ind_prs23082024.pdf,,yurukatsu/nse-historical-membership,index_history/data/index_membership_history.csv,850da8ca193b289fc7471eee28362a7a058f8c2e,explicit_source
NIFTYSMALLCAP250,Nifty Smallcap 250,NETWORK18,2017-03-31,2020-06-26,,press_release,https://niftyindices.com/Press_Release/ind_prs16022017.pdf,closed by ind_prs10062020.pdf,yurukatsu/nse-historical-membership,index_history/data/index_membership_history.csv,850da8ca193b289fc7471eee28362a7a058f8c2e,explicit_source
NIFTYSMALLCAP250,Nifty Smallcap 250,NETWORK18,2020-11-02,2025-09-30,,press_release,https://niftyindices.com/Press_Release/ind_prs26102020.pdf,closed by ind_prs22082025.pdf,yurukatsu/nse-historical-membership,index_history/data/index_membership_history.csv,850da8ca193b289fc7471eee28362a7a058f8c2e,explicit_source
NIFTYSMALLCAP250,Nifty Smallcap 250,NEULANDLAB,2025-03-28,,,press_release,https://niftyindices.com/Press_Release/ind_prs21022025.pdf,,yurukatsu/nse-historical-membership,index_history/data/index_membership_history.csv,850da8ca193b289fc7471eee28362a7a058f8c2e,explicit_source
NIFTYSMALLCAP250,Nifty Smallcap 250,NEWGEN,2024-09-30,2026-09-30,,press_release,https://niftyindices.com/Press_Release/ind_prs23082024.pdf,,yurukatsu/nse-historical-membership,index_history/data/index_membership_history.csv,850da8ca193b289fc7471eee28362a7a058f8c2e,explicit_source
NIFTYSMALLCAP250,Nifty Smallcap 250,NFL,2017-09-29,2022-03-31,,press_release,https://niftyindices.com/Press_Release/ind_prs28082017.pdf,closed by ind_prs24022022_1.pdf,yurukatsu/nse-historical-membership,index_history/data/index_membership_history.csv,850da8ca193b289fc7471eee28362a7a058f8c2e,explicit_source
NIFTYSMALLCAP250,Nifty Smallcap 250,NH,2018-04-02,2026-09-30,,press_release,https://niftyindices.com/Press_Release/ind_prs21022018.pdf,,yurukatsu/nse-historical-membership,index_history/data/index_membership_history.csv,850da8ca193b289fc7471eee28362a7a058f8c2e,explicit_source
NIFTYSMALLCAP250,Nifty Smallcap 250,NIACL,2026-09-30,,,NSE/Nifty press release,https://www.niftyindices.com/Press_Release/ind_prs10082026.pdf,Official event overlay: Semi-annual broad-market review,,,,official_event_overlay
NIFTYSMALLCAP250,Nifty Smallcap 250,NIITLTD,2022-09-30,2022-12-30,,press_release,https://niftyindices.com/Press_Release/ind_prs01092022.pdf,closed by ind_prs06122022.pdf,yurukatsu/nse-historical-membership,index_history/data/index_membership_history.csv,850da8ca193b289fc7471eee28362a7a058f8c2e,explicit_source
NIFTYSMALLCAP250,Nifty Smallcap 250,NILKAMAL,2016-04-01,2022-03-31,,snapshot_floor,,closed by ind_prs24022022_1.pdf,yurukatsu/nse-historical-membership,index_history/data/index_membership_history.csv,850da8ca193b289fc7471eee28362a7a058f8c2e,inferred_or_snapshot
NIFTYSMALLCAP250,Nifty Smallcap 250,NITINFIRE,2016-04-01,2017-09-29,,snapshot_floor,,closed by ind_prs28082017.pdf,yurukatsu/nse-historical-membership,index_history/data/index_membership_history.csv,850da8ca193b289fc7471eee28362a7a058f8c2e,inferred_or_snapshot
NIFTYSMALLCAP250,Nifty Smallcap 250,NIVABUPA,2025-03-28,2026-09-30,,press_release,https://niftyindices.com/Press_Release/ind_prs21022025.pdf,,yurukatsu/nse-historical-membership,index_history/data/index_membership_history.csv,850da8ca193b289fc7471eee28362a7a058f8c2e,explicit_source
NIFTYSMALLCAP250,Nifty Smallcap 250,NLCINDIA,2021-03-31,2024-09-30,,press_release,https://niftyindices.com/Press_Release/ind_prs23022021.pdf,closed by ind_prs23082024.pdf,yurukatsu/nse-historical-membership,index_history/data/index_membership_history.csv,850da8ca193b289fc7471eee28362a7a058f8c2e,explicit_source
NIFTYSMALLCAP250,Nifty Smallcap 250,NOCIL,2020-09-14,2023-09-29,,press_release,https://niftyindices.com/Press_Release/ind_prs07092020.pdf,closed by ind_prs17082023.pdf,yurukatsu/nse-historical-membership,index_history/data/index_membership_history.csv,850da8ca193b289fc7471eee28362a7a058f8c2e,explicit_source
NIFTYSMALLCAP250,Nifty Smallcap 250,NSLNISP,2023-04-28,,,press_release,https://niftyindices.com/Press_Release/ind_prs19042023_1.pdf,,yurukatsu/nse-historical-membership,index_history/data/index_membership_history.csv,850da8ca193b289fc7471eee28362a7a058f8c2e,explicit_source
NIFTYSMALLCAP250,Nifty Smallcap 250,NUVAMA,2024-03-28,,,press_release,https://niftyindices.com/Press_Release/ind_prs28022024.pdf,,yurukatsu/nse-historical-membership,index_history/data/index_membership_history.csv,850da8ca193b289fc7471eee28362a7a058f8c2e,explicit_source
NIFTYSMALLCAP250,Nifty Smallcap 250,NUVOCO,2022-09-30,2025-03-28,,press_release,https://niftyindices.com/Press_Release/ind_prs01092022.pdf,closed by ind_prs21022025.pdf,yurukatsu/nse-historical-membership,index_history/data/index_membership_history.csv,850da8ca193b289fc7471eee28362a7a058f8c2e,explicit_source
NIFTYSMALLCAP250,Nifty Smallcap 250,NUVOCO,2025-09-30,,,press_release,https://niftyindices.com/Press_Release/ind_prs22082025.pdf,,yurukatsu/nse-historical-membership,index_history/data/index_membership_history.csv,850da8ca193b289fc7471eee28362a7a058f8c2e,explicit_source
NIFTYSMALLCAP250,Nifty Smallcap 250,OCL,2016-04-01,2017-01-23,,snapshot_floor,,closed by ind_prs16012017.pdf,yurukatsu/nse-historical-membership,index_history/data/index_membership_history.csv,850da8ca193b289fc7471eee28362a7a058f8c2e,inferred_or_snapshot
NIFTYSMALLCAP250,Nifty Smallcap 250,OLAELEC,2025-09-30,,,press_release,https://niftyindices.com/Press_Release/ind_prs22082025.pdf,,yurukatsu/nse-historical-membership,index_history/data/index_membership_history.csv,850da8ca193b289fc7471eee28362a7a058f8c2e,explicit_source
NIFTYSMALLCAP250,Nifty Smallcap 250,OLECTRA,2022-09-30,,,press_release,https://niftyindices.com/Press_Release/ind_prs01092022.pdf,,yurukatsu/nse-historical-membership,index_history/data/index_membership_history.csv,850da8ca193b289fc7471eee28362a7a058f8c2e,explicit_source
NIFTYSMALLCAP250,Nifty Smallcap 250,OMAXE,2016-04-01,2021-03-31,,snapshot_floor,,closed by ind_prs23022021.pdf,yurukatsu/nse-historical-membership,index_history/data/index_membership_history.csv,850da8ca193b289fc7471eee28362a7a058f8c2e,inferred_or_snapshot
NIFTYSMALLCAP250,Nifty Smallcap 250,ONESOURCE,2025-09-30,,,press_release,https://niftyindices.com/Press_Release/ind_prs22082025.pdf,,yurukatsu/nse-historical-membership,index_history/data/index_membership_history.csv,850da8ca193b289fc7471eee28362a7a058f8c2e,explicit_source
NIFTYSMALLCAP250,Nifty Smallcap 250,ORIENTBANK,2016-04-01,2019-09-27,,snapshot_floor,,closed by ind_prs28082019.pdf,yurukatsu/nse-historical-membership,index_history/data/index_membership_history.csv,850da8ca193b289fc7471eee28362a7a058f8c2e,inferred_or_snapshot
NIFTYSMALLCAP250,Nifty Smallcap 250,ORIENTCEM,2016-04-01,2021-03-31,,snapshot_floor,,closed by ind_prs23022021.pdf,yurukatsu/nse-historical-membership,index_history/data/index_membership_history.csv,850da8ca193b289fc7471eee28362a7a058f8c2e,inferred_or_snapshot
NIFTYSMALLCAP250,Nifty Smallcap 250,ORIENTELEC,2019-03-29,2024-03-28,,press_release,https://niftyindices.com/Press_Release/ind_prs25022019.pdf,closed by ind_prs28022024.pdf,yurukatsu/nse-historical-membership,index_history/data/index_membership_history.csv,850da8ca193b289fc7471eee28362a7a058f8c2e,explicit_source
NIFTYSMALLCAP250,Nifty Smallcap 250,ORIENTREF,2019-09-27,2019-09-30,,press_release,https://niftyindices.com/Press_Release/ind_prs28082019.pdf,"inferred-exclude: not in NSE current snapshot, no PR found (closed at next semi-annual review)",yurukatsu/nse-historical-membership,index_history/data/index_membership_history.csv,850da8ca193b289fc7471eee28362a7a058f8c2e,explicit_source
NIFTYSMALLCAP250,Nifty Smallcap 250,ORISSAMINE,2016-04-01,2017-09-29,,snapshot_floor,,closed by ind_prs28082017.pdf,yurukatsu/nse-historical-membership,index_history/data/index_membership_history.csv,850da8ca193b289fc7471eee28362a7a058f8c2e,inferred_or_snapshot
NIFTYSMALLCAP250,Nifty Smallcap 250,PAPERPROD,2020-09-25,2020-09-30,,press_release,https://niftyindices.com/Press_Release/ind_prs20082020.pdf,"inferred-exclude: not in NSE current snapshot, no PR found (closed at next semi-annual review)",yurukatsu/nse-historical-membership,index_history/data/index_membership_history.csv,850da8ca193b289fc7471eee28362a7a058f8c2e,explicit_source
NIFTYSMALLCAP250,Nifty Smallcap 250,PARADEEP,2026-03-30,,,press_release,https://niftyindices.com/Press_Release/ind_prs23022026.pdf,,yurukatsu/nse-historical-membership,index_history/data/index_membership_history.csv,850da8ca193b289fc7471eee28362a7a058f8c2e,explicit_source
NIFTYSMALLCAP250,Nifty Smallcap 250,PARAGMILK,2017-03-31,2020-06-26,,press_release,https://niftyindices.com/Press_Release/ind_prs16022017.pdf,closed by ind_prs10062020.pdf,yurukatsu/nse-historical-membership,index_history/data/index_membership_history.csv,850da8ca193b289fc7471eee28362a7a058f8c2e,explicit_source
NIFTYSMALLCAP250,Nifty Smallcap 250,PCBL,2016-04-01,,,snapshot_floor,,,yurukatsu/nse-historical-membership,index_history/data/index_membership_history.csv,850da8ca193b289fc7471eee28362a7a058f8c2e,inferred_or_snapshot
NIFTYSMALLCAP250,Nifty Smallcap 250,PCJEWELLER,2019-03-29,2020-06-26,,press_release,https://niftyindices.com/Press_Release/ind_prs25022019.pdf,closed by ind_prs10062020.pdf,yurukatsu/nse-historical-membership,index_history/data/index_membership_history.csv,850da8ca193b289fc7471eee28362a7a058f8c2e,explicit_source
NIFTYSMALLCAP250,Nifty Smallcap 250,PEL,2024-09-30,2025-09-23,,press_release,https://niftyindices.com/Press_Release/ind_prs23082024.pdf,closed by ind_prs15092025_1.pdf,yurukatsu/nse-historical-membership,index_history/data/index_membership_history.csv,850da8ca193b289fc7471eee28362a7a058f8c2e,explicit_source
NIFTYSMALLCAP250,Nifty Smallcap 250,PERSISTENT,2017-03-31,2021-03-31,,press_release,https://niftyindices.com/Press_Release/ind_prs16022017.pdf,closed by ind_prs23022021.pdf,yurukatsu/nse-historical-membership,index_history/data/index_membership_history.csv,850da8ca193b289fc7471eee28362a7a058f8c2e,explicit_source
NIFTYSMALLCAP250,Nifty Smallcap 250,PFIZER,2024-09-30,2026-09-30,,press_release,https://niftyindices.com/Press_Release/ind_prs23082024.pdf,,yurukatsu/nse-historical-membership,index_history/data/index_membership_history.csv,850da8ca193b289fc7471eee28362a7a058f8c2e,explicit_source
NIFTYSMALLCAP250,Nifty Smallcap 250,PFOCUS,2026-07-17,,,NSE/Nifty press release,https://www.niftyindices.com/Press_Release/ind_prs13072026_1.pdf,Official event overlay: Replacement following amalgamation into Torrent,,,,official_event_overlay
NIFTYSMALLCAP250,Nifty Smallcap 250,PFS,2016-04-01,2019-03-29,,snapshot_floor,,closed by ind_prs25022019.pdf,yurukatsu/nse-historical-membership,index_history/data/index_membership_history.csv,850da8ca193b289fc7471eee28362a7a058f8c2e,inferred_or_snapshot
NIFTYSMALLCAP250,Nifty Smallcap 250,PGEL,2025-03-28,,,press_release,https://niftyindices.com/Press_Release/ind_prs21022025.pdf,,yurukatsu/nse-historical-membership,index_history/data/index_membership_history.csv,850da8ca193b289fc7471eee28362a7a058f8c2e,explicit_source
NIFTYSMALLCAP250,Nifty Smallcap 250,PGHL,2016-04-01,2021-03-31,,snapshot_floor,,closed by ind_prs23022021.pdf,yurukatsu/nse-historical-membership,index_history/data/index_membership_history.csv,850da8ca193b289fc7471eee28362a7a058f8c2e,inferred_or_snapshot
NIFTYSMALLCAP250,Nifty Smallcap 250,PGHL,2021-09-30,2023-03-31,,press_release,https://niftyindices.com/Press_Release/ind_prs15092021.pdf,closed by ind_prs17022023_1.pdf,yurukatsu/nse-historical-membership,index_history/data/index_membership_history.csv,850da8ca193b289fc7471eee28362a7a058f8c2e,explicit_source
NIFTYSMALLCAP250,Nifty Smallcap 250,PGHL,2023-09-29,2024-03-28,,press_release,https://niftyindices.com/Press_Release/ind_prs17082023.pdf,closed by ind_prs28022024.pdf,yurukatsu/nse-historical-membership,index_history/data/index_membership_history.csv,850da8ca193b289fc7471eee28362a7a058f8c2e,explicit_source
NIFTYSMALLCAP250,Nifty Smallcap 250,PHILIPCARB,2018-09-28,2018-09-30,,press_release,https://niftyindices.com/Press_Release/ind_prs28082018.pdf,"inferred-exclude: not in NSE current snapshot, no PR found (closed at next semi-annual review)",yurukatsu/nse-historical-membership,index_history/data/index_membership_history.csv,850da8ca193b289fc7471eee28362a7a058f8c2e,explicit_source
NIFTYSMALLCAP250,Nifty Smallcap 250,PINELABS,2026-03-30,,,press_release,https://niftyindices.com/Press_Release/ind_prs23022026.pdf,,yurukatsu/nse-historical-membership,index_history/data/index_membership_history.csv,850da8ca193b289fc7471eee28362a7a058f8c2e,explicit_source
NIFTYSMALLCAP250,Nifty Smallcap 250,PIRAMALFIN,2026-03-30,2026-09-30,,press_release,https://niftyindices.com/Press_Release/ind_prs23022026.pdf,,yurukatsu/nse-historical-membership,index_history/data/index_membership_history.csv,850da8ca193b289fc7471eee28362a7a058f8c2e,explicit_source
NIFTYSMALLCAP250,Nifty Smallcap 250,PNBHOUSING,2020-09-25,,,press_release,https://niftyindices.com/Press_Release/ind_prs20082020.pdf,,yurukatsu/nse-historical-membership,index_history/data/index_membership_history.csv,850da8ca193b289fc7471eee28362a7a058f8c2e,explicit_source
NIFTYSMALLCAP250,Nifty Smallcap 250,PNCINFRA,2016-04-01,2025-09-30,,snapshot_floor,,closed by ind_prs22082025.pdf,yurukatsu/nse-historical-membership,index_history/data/index_membership_history.csv,850da8ca193b289fc7471eee28362a7a058f8c2e,inferred_or_snapshot
NIFTYSMALLCAP250,Nifty Smallcap 250,POLARIS,2016-04-01,2018-02-05,,snapshot_floor,,closed by ind_prs08012018.pdf,yurukatsu/nse-historical-membership,index_history/data/index_membership_history.csv,850da8ca193b289fc7471eee28362a7a058f8c2e,inferred_or_snapshot
NIFTYSMALLCAP250,Nifty Smallcap 250,POLYCAB,2019-09-27,2019-12-27,,press_release,https://niftyindices.com/Press_Release/ind_prs28082019.pdf,closed by ind_prs16122019.pdf,yurukatsu/nse-historical-membership,index_history/data/index_membership_history.csv,850da8ca193b289fc7471eee28362a7a058f8c2e,explicit_source
NIFTYSMALLCAP250,Nifty Smallcap 250,POLYMED,2020-06-26,,,press_release,https://niftyindices.com/Press_Release/ind_prs10062020.pdf,,yurukatsu/nse-historical-membership,index_history/data/index_membership_history.csv,850da8ca193b289fc7471eee28362a7a058f8c2e,explicit_source
NIFTYSMALLCAP250,Nifty Smallcap 250,POLYPLEX,2020-09-25,2024-03-28,,press_release,https://niftyindices.com/Press_Release/ind_prs20082020.pdf,closed by ind_prs28022024.pdf,yurukatsu/nse-historical-membership,index_history/data/index_membership_history.csv,850da8ca193b289fc7471eee28362a7a058f8c2e,explicit_source
NIFTYSMALLCAP250,Nifty Smallcap 250,POONAWALLA,2021-09-30,2022-09-30,,press_release,https://niftyindices.com/Press_Release/ind_prs15092021.pdf,closed by ind_prs01092022.pdf,yurukatsu/nse-historical-membership,index_history/data/index_membership_history.csv,850da8ca193b289fc7471eee28362a7a058f8c2e,explicit_source
NIFTYSMALLCAP250,Nifty Smallcap 250,POONAWALLA,2025-03-28,,,press_release,https://niftyindices.com/Press_Release/ind_prs21022025.pdf,,yurukatsu/nse-historical-membership,index_history/data/index_membership_history.csv,850da8ca193b289fc7471eee28362a7a058f8c2e,explicit_source
NIFTYSMALLCAP250,Nifty Smallcap 250,POWERINDIA,2020-09-25,2024-09-30,,press_release,https://niftyindices.com/Press_Release/ind_prs20082020.pdf,closed by ind_prs23082024.pdf,yurukatsu/nse-historical-membership,index_history/data/index_membership_history.csv,850da8ca193b289fc7471eee28362a7a058f8c2e,explicit_source
NIFTYSMALLCAP250,Nifty Smallcap 250,PPLPHARMA,2023-02-17,,,press_release,https://niftyindices.com/Press_Release/ind_prs09022023_1.pdf,,yurukatsu/nse-historical-membership,index_history/data/index_membership_history.csv,850da8ca193b289fc7471eee28362a7a058f8c2e,explicit_source
NIFTYSMALLCAP250,Nifty Smallcap 250,PRAJIND,2016-04-01,2021-03-31,,snapshot_floor,,closed by ind_prs23022021.pdf,yurukatsu/nse-historical-membership,index_history/data/index_membership_history.csv,850da8ca193b289fc7471eee28362a7a058f8c2e,inferred_or_snapshot
NIFTYSMALLCAP250,Nifty Smallcap 250,PRAJIND,2021-09-30,2026-03-30,,press_release,https://niftyindices.com/Press_Release/ind_prs15092021.pdf,closed by ind_prs23022026.pdf,yurukatsu/nse-historical-membership,index_history/data/index_membership_history.csv,850da8ca193b289fc7471eee28362a7a058f8c2e,explicit_source
NIFTYSMALLCAP250,Nifty Smallcap 250,PRINCEPIPE,2021-03-31,2024-09-30,,press_release,https://niftyindices.com/Press_Release/ind_prs23022021.pdf,closed by ind_prs23082024.pdf,yurukatsu/nse-historical-membership,index_history/data/index_membership_history.csv,850da8ca193b289fc7471eee28362a7a058f8c2e,explicit_source
NIFTYSMALLCAP250,Nifty Smallcap 250,PRIVISCL,2022-03-31,2023-03-31,,press_release,https://niftyindices.com/Press_Release/ind_prs24022022_1.pdf,closed by ind_prs17022023_1.pdf,yurukatsu/nse-historical-membership,index_history/data/index_membership_history.csv,850da8ca193b289fc7471eee28362a7a058f8c2e,explicit_source
NIFTYSMALLCAP250,Nifty Smallcap 250,PRIVISCL,2026-09-30,,,NSE/Nifty press release,https://www.niftyindices.com/Press_Release/ind_prs10082026.pdf,Official event overlay: Semi-annual broad-market review,,,,official_event_overlay
NIFTYSMALLCAP250,Nifty Smallcap 250,PSPPROJECT,2020-09-14,2021-03-31,,press_release,https://niftyindices.com/Press_Release/ind_prs07092020.pdf,closed by ind_prs23022021.pdf,yurukatsu/nse-historical-membership,index_history/data/index_membership_history.csv,850da8ca193b289fc7471eee28362a7a058f8c2e,explicit_source
NIFTYSMALLCAP250,Nifty Smallcap 250,PTC,2016-04-01,2021-03-31,,snapshot_floor,,closed by ind_prs23022021.pdf,yurukatsu/nse-historical-membership,index_history/data/index_membership_history.csv,850da8ca193b289fc7471eee28362a7a058f8c2e,inferred_or_snapshot
NIFTYSMALLCAP250,Nifty Smallcap 250,PTCIL,2024-09-30,,,press_release,https://niftyindices.com/Press_Release/ind_prs23082024.pdf,,yurukatsu/nse-historical-membership,index_history/data/index_membership_history.csv,850da8ca193b289fc7471eee28362a7a058f8c2e,explicit_source
NIFTYSMALLCAP250,Nifty Smallcap 250,PUNJLLOYD,2016-04-01,2017-09-29,,snapshot_floor,,closed by ind_prs28082017.pdf,yurukatsu/nse-historical-membership,index_history/data/index_membership_history.csv,850da8ca193b289fc7471eee28362a7a058f8c2e,inferred_or_snapshot
NIFTYSMALLCAP250,Nifty Smallcap 250,PVR,2016-04-01,2020-03-27,,snapshot_floor,,closed by ind_prs19032020.pdf,yurukatsu/nse-historical-membership,index_history/data/index_membership_history.csv,850da8ca193b289fc7471eee28362a7a058f8c2e,inferred_or_snapshot
NIFTYSMALLCAP250,Nifty Smallcap 250,PVRINOX,2023-02-06,,,merger,https://www.nseindia.com/companies-listing/corporate-filings-actions,,yurukatsu/nse-historical-membership,index_history/data/index_membership_history.csv,850da8ca193b289fc7471eee28362a7a058f8c2e,explicit_source
NIFTYSMALLCAP250,Nifty Smallcap 250,PWL,2026-03-30,,,press_release,https://niftyindices.com/Press_Release/ind_prs23022026.pdf,,yurukatsu/nse-historical-membership,index_history/data/index_membership_history.csv,850da8ca193b289fc7471eee28362a7a058f8c2e,explicit_source
NIFTYSMALLCAP250,Nifty Smallcap 250,QUESS,2020-09-25,2025-04-11,,press_release,https://niftyindices.com/Press_Release/ind_prs20082020.pdf,closed by ind_prs04042025_2.pdf,yurukatsu/nse-historical-membership,index_history/data/index_membership_history.csv,850da8ca193b289fc7471eee28362a7a058f8c2e,explicit_source
NIFTYSMALLCAP250,Nifty Smallcap 250,RADICO,2016-04-01,2026-03-30,,snapshot_floor,,closed by ind_prs23022026.pdf,yurukatsu/nse-historical-membership,index_history/data/index_membership_history.csv,850da8ca193b289fc7471eee28362a7a058f8c2e,inferred_or_snapshot
NIFTYSMALLCAP250,Nifty Smallcap 250,RAILTEL,2021-09-30,2022-09-30,,press_release,https://niftyindices.com/Press_Release/ind_prs15092021.pdf,closed by ind_prs01092022.pdf,yurukatsu/nse-historical-membership,index_history/data/index_membership_history.csv,850da8ca193b289fc7471eee28362a7a058f8c2e,explicit_source
NIFTYSMALLCAP250,Nifty Smallcap 250,RAILTEL,2024-03-28,,,press_release,https://niftyindices.com/Press_Release/ind_prs28022024.pdf,,yurukatsu/nse-historical-membership,index_history/data/index_membership_history.csv,850da8ca193b289fc7471eee28362a7a058f8c2e,explicit_source
NIFTYSMALLCAP250,Nifty Smallcap 250,RAIN,2016-04-01,2024-03-28,,snapshot_floor,,closed by ind_prs28022024.pdf,yurukatsu/nse-historical-membership,index_history/data/index_membership_history.csv,850da8ca193b289fc7471eee28362a7a058f8c2e,inferred_or_snapshot
NIFTYSMALLCAP250,Nifty Smallcap 250,RAINBOW,2022-12-30,,,press_release,https://niftyindices.com/Press_Release/ind_prs22122022.pdf,,yurukatsu/nse-historical-membership,index_history/data/index_membership_history.csv,850da8ca193b289fc7471eee28362a7a058f8c2e,explicit_source
NIFTYSMALLCAP250,Nifty Smallcap 250,RAJESHEXPO,2024-03-28,2025-03-28,,press_release,https://niftyindices.com/Press_Release/ind_prs28022024.pdf,closed by ind_prs21022025.pdf,yurukatsu/nse-historical-membership,index_history/data/index_membership_history.csv,850da8ca193b289fc7471eee28362a7a058f8c2e,explicit_source
NIFTYSMALLCAP250,Nifty Smallcap 250,RALLIS,2016-04-01,2024-03-28,,snapshot_floor,,closed by ind_prs28022024.pdf,yurukatsu/nse-historical-membership,index_history/data/index_membership_history.csv,850da8ca193b289fc7471eee28362a7a058f8c2e,inferred_or_snapshot
NIFTYSMALLCAP250,Nifty Smallcap 250,RAMCOCEM,2024-09-30,,,press_release,https://niftyindices.com/Press_Release/ind_prs23082024.pdf,,yurukatsu/nse-historical-membership,index_history/data/index_membership_history.csv,850da8ca193b289fc7471eee28362a7a058f8c2e,explicit_source
NIFTYSMALLCAP250,Nifty Smallcap 250,RAMCOSYS,2016-04-01,2018-09-28,,snapshot_floor,,closed by ind_prs28082018.pdf,yurukatsu/nse-historical-membership,index_history/data/index_membership_history.csv,850da8ca193b289fc7471eee28362a7a058f8c2e,inferred_or_snapshot
NIFTYSMALLCAP250,Nifty Smallcap 250,RATNAMANI,2017-03-31,2017-09-29,,press_release,https://niftyindices.com/Press_Release/ind_prs16022017.pdf,closed by ind_prs28082017.pdf,yurukatsu/nse-historical-membership,index_history/data/index_membership_history.csv,850da8ca193b289fc7471eee28362a7a058f8c2e,explicit_source
NIFTYSMALLCAP250,Nifty Smallcap 250,RATNAMANI,2019-09-27,2025-03-28,,press_release,https://niftyindices.com/Press_Release/ind_prs28082019.pdf,closed by ind_prs21022025.pdf,yurukatsu/nse-historical-membership,index_history/data/index_membership_history.csv,850da8ca193b289fc7471eee28362a7a058f8c2e,explicit_source
NIFTYSMALLCAP250,Nifty Smallcap 250,RAYMOND,2016-04-01,2021-09-30,,snapshot_floor,,closed by ind_prs15092021.pdf,yurukatsu/nse-historical-membership,index_history/data/index_membership_history.csv,850da8ca193b289fc7471eee28362a7a058f8c2e,inferred_or_snapshot
NIFTYSMALLCAP250,Nifty Smallcap 250,RAYMOND,2022-09-30,2025-09-30,,press_release,https://niftyindices.com/Press_Release/ind_prs01092022.pdf,closed by ind_prs22082025.pdf,yurukatsu/nse-historical-membership,index_history/data/index_membership_history.csv,850da8ca193b289fc7471eee28362a7a058f8c2e,explicit_source
NIFTYSMALLCAP250,Nifty Smallcap 250,RAYMONDLSL,2025-03-21,2025-09-30,,press_release,https://niftyindices.com/Press_Release/ind_prs17032025.pdf,closed by ind_prs22082025.pdf,yurukatsu/nse-historical-membership,index_history/data/index_membership_history.csv,850da8ca193b289fc7471eee28362a7a058f8c2e,explicit_source
NIFTYSMALLCAP250,Nifty Smallcap 250,RBA,2021-04-29,2024-09-30,,press_release,https://niftyindices.com/Press_Release/ind_prs22042021.pdf,closed by ind_prs23082024.pdf,yurukatsu/nse-historical-membership,index_history/data/index_membership_history.csv,850da8ca193b289fc7471eee28362a7a058f8c2e,explicit_source
NIFTYSMALLCAP250,Nifty Smallcap 250,RBLBANK,2022-03-31,,,press_release,https://niftyindices.com/Press_Release/ind_prs24022022_1.pdf,,yurukatsu/nse-historical-membership,index_history/data/index_membership_history.csv,850da8ca193b289fc7471eee28362a7a058f8c2e,explicit_source
NIFTYSMALLCAP250,Nifty Smallcap 250,RCF,2016-04-01,2026-03-30,,snapshot_floor,,closed by ind_prs23022026.pdf,yurukatsu/nse-historical-membership,index_history/data/index_membership_history.csv,850da8ca193b289fc7471eee28362a7a058f8c2e,inferred_or_snapshot
NIFTYSMALLCAP250,Nifty Smallcap 250,RCOM,2018-04-02,2019-09-27,,press_release,https://niftyindices.com/Press_Release/ind_prs21022018.pdf,closed by ind_prs28082019.pdf,yurukatsu/nse-historical-membership,index_history/data/index_membership_history.csv,850da8ca193b289fc7471eee28362a7a058f8c2e,explicit_source
NIFTYSMALLCAP250,Nifty Smallcap 250,REDINGTON,2016-04-01,,,snapshot_floor,,,yurukatsu/nse-historical-membership,index_history/data/index_membership_history.csv,850da8ca193b289fc7471eee28362a7a058f8c2e,inferred_or_snapshot
NIFTYSMALLCAP250,Nifty Smallcap 250,RELAXO,2017-11-13,2019-03-29,,press_release,https://niftyindices.com/Press_Release/ind_prs03112017.pdf,closed by ind_prs25022019.pdf,yurukatsu/nse-historical-membership,index_history/data/index_membership_history.csv,850da8ca193b289fc7471eee28362a7a058f8c2e,explicit_source
NIFTYSMALLCAP250,Nifty Smallcap 250,RELCAPITAL,2019-09-27,2020-06-26,,press_release,https://niftyindices.com/Press_Release/ind_prs28082019.pdf,closed by ind_prs10062020.pdf,yurukatsu/nse-historical-membership,index_history/data/index_membership_history.csv,850da8ca193b289fc7471eee28362a7a058f8c2e,explicit_source
NIFTYSMALLCAP250,Nifty Smallcap 250,RELIGARE,2016-04-01,2018-09-28,,snapshot_floor,,closed by ind_prs28082018.pdf,yurukatsu/nse-historical-membership,index_history/data/index_membership_history.csv,850da8ca193b289fc7471eee28362a7a058f8c2e,inferred_or_snapshot
NIFTYSMALLCAP250,Nifty Smallcap 250,RELINFRA,2019-09-27,2020-06-26,,press_release,https://niftyindices.com/Press_Release/ind_prs28082019.pdf,closed by ind_prs10062020.pdf,yurukatsu/nse-historical-membership,index_history/data/index_membership_history.csv,850da8ca193b289fc7471eee28362a7a058f8c2e,explicit_source
NIFTYSMALLCAP250,Nifty Smallcap 250,RELINFRA,2025-09-23,2026-03-30,,press_release,https://niftyindices.com/Press_Release/ind_prs15092025_1.pdf,closed by ind_prs23022026.pdf,yurukatsu/nse-historical-membership,index_history/data/index_membership_history.csv,850da8ca193b289fc7471eee28362a7a058f8c2e,explicit_source
NIFTYSMALLCAP250,Nifty Smallcap 250,RENUKA,2016-04-01,2020-09-25,,snapshot_floor,,closed by ind_prs20082020.pdf,yurukatsu/nse-historical-membership,index_history/data/index_membership_history.csv,850da8ca193b289fc7471eee28362a7a058f8c2e,inferred_or_snapshot
NIFTYSMALLCAP250,Nifty Smallcap 250,RENUKA,2022-03-31,2025-09-30,,press_release,https://niftyindices.com/Press_Release/ind_prs24022022_1.pdf,closed by ind_prs22082025.pdf,yurukatsu/nse-historical-membership,index_history/data/index_membership_history.csv,850da8ca193b289fc7471eee28362a7a058f8c2e,explicit_source
NIFTYSMALLCAP250,Nifty Smallcap 250,REPCOHOME,2016-04-01,2020-09-14,,snapshot_floor,,closed by ind_prs07092020.pdf,yurukatsu/nse-historical-membership,index_history/data/index_membership_history.csv,850da8ca193b289fc7471eee28362a7a058f8c2e,inferred_or_snapshot
NIFTYSMALLCAP250,Nifty Smallcap 250,RESPONIND,2019-12-26,2020-06-26,,press_release,https://niftyindices.com/Press_Release/ind_prs18122019.pdf,closed by ind_prs10062020.pdf,yurukatsu/nse-historical-membership,index_history/data/index_membership_history.csv,850da8ca193b289fc7471eee28362a7a058f8c2e,explicit_source
NIFTYSMALLCAP250,Nifty Smallcap 250,RESPONIND,2021-03-31,2021-09-30,,press_release,https://niftyindices.com/Press_Release/ind_prs23022021.pdf,closed by ind_prs15092021.pdf,yurukatsu/nse-historical-membership,index_history/data/index_membership_history.csv,850da8ca193b289fc7471eee28362a7a058f8c2e,explicit_source
NIFTYSMALLCAP250,Nifty Smallcap 250,RHFL,2018-04-02,2019-09-27,,press_release,https://niftyindices.com/Press_Release/ind_prs21022018.pdf,closed by ind_prs28082019.pdf,yurukatsu/nse-historical-membership,index_history/data/index_membership_history.csv,850da8ca193b289fc7471eee28362a7a058f8c2e,explicit_source
NIFTYSMALLCAP250,Nifty Smallcap 250,RHIM,2016-04-01,,,snapshot_floor,,,yurukatsu/nse-historical-membership,index_history/data/index_membership_history.csv,850da8ca193b289fc7471eee28362a7a058f8c2e,inferred_or_snapshot
NIFTYSMALLCAP250,Nifty Smallcap 250,RIIL,2016-04-01,2017-09-29,,snapshot_floor,,closed by ind_prs28082017.pdf,yurukatsu/nse-historical-membership,index_history/data/index_membership_history.csv,850da8ca193b289fc7471eee28362a7a058f8c2e,inferred_or_snapshot
NIFTYSMALLCAP250,Nifty Smallcap 250,RITES,2018-12-28,,,press_release,https://niftyindices.com/Press_Release/ind_prs14122018.pdf,,yurukatsu/nse-historical-membership,index_history/data/index_membership_history.csv,850da8ca193b289fc7471eee28362a7a058f8c2e,explicit_source
NIFTYSMALLCAP250,Nifty Smallcap 250,RKFORGE,2016-04-01,2019-09-27,,snapshot_floor,,closed by ind_prs28082019.pdf,yurukatsu/nse-historical-membership,index_history/data/index_membership_history.csv,850da8ca193b289fc7471eee28362a7a058f8c2e,inferred_or_snapshot
NIFTYSMALLCAP250,Nifty Smallcap 250,RKFORGE,2024-03-28,,,press_release,https://niftyindices.com/Press_Release/ind_prs28022024.pdf,,yurukatsu/nse-historical-membership,index_history/data/index_membership_history.csv,850da8ca193b289fc7471eee28362a7a058f8c2e,explicit_source
NIFTYSMALLCAP250,Nifty Smallcap 250,RNAVAL,2016-04-01,2019-03-29,,snapshot_floor,,closed by ind_prs25022019.pdf,yurukatsu/nse-historical-membership,index_history/data/index_membership_history.csv,850da8ca193b289fc7471eee28362a7a058f8c2e,inferred_or_snapshot
NIFTYSMALLCAP250,Nifty Smallcap 250,ROLTA,2016-04-01,2017-09-29,,snapshot_floor,,closed by ind_prs28082017.pdf,yurukatsu/nse-historical-membership,index_history/data/index_membership_history.csv,850da8ca193b289fc7471eee28362a7a058f8c2e,inferred_or_snapshot
NIFTYSMALLCAP250,Nifty Smallcap 250,ROSSARI,2021-03-31,2024-03-28,,press_release,https://niftyindices.com/Press_Release/ind_prs23022021.pdf,closed by ind_prs28022024.pdf,yurukatsu/nse-historical-membership,index_history/data/index_membership_history.csv,850da8ca193b289fc7471eee28362a7a058f8c2e,explicit_source
NIFTYSMALLCAP250,Nifty Smallcap 250,ROUTE,2021-03-31,2025-09-30,,press_release,https://niftyindices.com/Press_Release/ind_prs23022021.pdf,closed by ind_prs22082025.pdf,yurukatsu/nse-historical-membership,index_history/data/index_membership_history.csv,850da8ca193b289fc7471eee28362a7a058f8c2e,explicit_source
NIFTYSMALLCAP250,Nifty Smallcap 250,RPOWER,2019-09-27,2020-06-26,,press_release,https://niftyindices.com/Press_Release/ind_prs28082019.pdf,closed by ind_prs10062020.pdf,yurukatsu/nse-historical-membership,index_history/data/index_membership_history.csv,850da8ca193b289fc7471eee28362a7a058f8c2e,explicit_source
NIFTYSMALLCAP250,Nifty Smallcap 250,RPOWER,2025-03-28,,,press_release,https://niftyindices.com/Press_Release/ind_prs21022025.pdf,,yurukatsu/nse-historical-membership,index_history/data/index_membership_history.csv,850da8ca193b289fc7471eee28362a7a058f8c2e,explicit_source
NIFTYSMALLCAP250,Nifty Smallcap 250,RRKABEL,2024-03-28,,,press_release,https://niftyindices.com/Press_Release/ind_prs28022024.pdf,,yurukatsu/nse-historical-membership,index_history/data/index_membership_history.csv,850da8ca193b289fc7471eee28362a7a058f8c2e,explicit_source
NIFTYSMALLCAP250,Nifty Smallcap 250,RTNINDIA,2022-03-31,2025-09-30,,press_release,https://niftyindices.com/Press_Release/ind_prs24022022_1.pdf,closed by ind_prs22082025.pdf,yurukatsu/nse-historical-membership,index_history/data/index_membership_history.csv,850da8ca193b289fc7471eee28362a7a058f8c2e,explicit_source
NIFTYSMALLCAP250,Nifty Smallcap 250,RTNPOWER,2016-04-01,2018-09-28,,snapshot_floor,,closed by ind_prs28082018.pdf,yurukatsu/nse-historical-membership,index_history/data/index_membership_history.csv,850da8ca193b289fc7471eee28362a7a058f8c2e,inferred_or_snapshot
NIFTYSMALLCAP250,Nifty Smallcap 250,RUBICON,2026-09-30,,,NSE/Nifty press release,https://www.niftyindices.com/Press_Release/ind_prs10082026.pdf,Official event overlay: Semi-annual broad-market review,,,,official_event_overlay
NIFTYSMALLCAP250,Nifty Smallcap 250,RUCHISOYA,2016-04-01,2017-09-29,,snapshot_floor,,closed by ind_prs28082017.pdf,yurukatsu/nse-historical-membership,index_history/data/index_membership_history.csv,850da8ca193b289fc7471eee28362a7a058f8c2e,inferred_or_snapshot
NIFTYSMALLCAP250,Nifty Smallcap 250,RUPA,2017-09-29,2019-09-27,,press_release,https://niftyindices.com/Press_Release/ind_prs28082017.pdf,closed by ind_prs28082019.pdf,yurukatsu/nse-historical-membership,index_history/data/index_membership_history.csv,850da8ca193b289fc7471eee28362a7a058f8c2e,explicit_source
NIFTYSMALLCAP250,Nifty Smallcap 250,RUSTOMJEE,2023-03-31,2023-09-29,,press_release,https://niftyindices.com/Press_Release/ind_prs17022023_1.pdf,closed by ind_prs17082023.pdf,yurukatsu/nse-historical-membership,index_history/data/index_membership_history.csv,850da8ca193b289fc7471eee28362a7a058f8c2e,explicit_source
NIFTYSMALLCAP250,Nifty Smallcap 250,RVNL,2019-09-27,2023-09-29,,press_release,https://niftyindices.com/Press_Release/ind_prs28082019.pdf,closed by ind_prs17082023.pdf,yurukatsu/nse-historical-membership,index_history/data/index_membership_history.csv,850da8ca193b289fc7471eee28362a7a058f8c2e,explicit_source
NIFTYSMALLCAP250,Nifty Smallcap 250,SADBHAV,2017-03-31,2020-09-25,,press_release,https://niftyindices.com/Press_Release/ind_prs16022017.pdf,closed by ind_prs20082020.pdf,yurukatsu/nse-historical-membership,index_history/data/index_membership_history.csv,850da8ca193b289fc7471eee28362a7a058f8c2e,explicit_source
NIFTYSMALLCAP250,Nifty Smallcap 250,SADBHIN,2018-04-02,2019-03-29,,press_release,https://niftyindices.com/Press_Release/ind_prs21022018.pdf,closed by ind_prs25022019.pdf,yurukatsu/nse-historical-membership,index_history/data/index_membership_history.csv,850da8ca193b289fc7471eee28362a7a058f8c2e,explicit_source
NIFTYSMALLCAP250,Nifty Smallcap 250,SAFARI,2023-09-29,2024-09-30,,press_release,https://niftyindices.com/Press_Release/ind_prs17082023.pdf,closed by ind_prs23082024.pdf,yurukatsu/nse-historical-membership,index_history/data/index_membership_history.csv,850da8ca193b289fc7471eee28362a7a058f8c2e,explicit_source
NIFTYSMALLCAP250,Nifty Smallcap 250,SAGILITY,2025-03-28,,,press_release,https://niftyindices.com/Press_Release/ind_prs21022025.pdf,,yurukatsu/nse-historical-membership,index_history/data/index_membership_history.csv,850da8ca193b289fc7471eee28362a7a058f8c2e,explicit_source
NIFTYSMALLCAP250,Nifty Smallcap 250,SAILIFE,2025-03-28,,,press_release,https://niftyindices.com/Press_Release/ind_prs21022025.pdf,,yurukatsu/nse-historical-membership,index_history/data/index_membership_history.csv,850da8ca193b289fc7471eee28362a7a058f8c2e,explicit_source
NIFTYSMALLCAP250,Nifty Smallcap 250,SAMMAANCAP,2021-09-30,,,press_release,https://niftyindices.com/Press_Release/ind_prs15092021.pdf,,yurukatsu/nse-historical-membership,index_history/data/index_membership_history.csv,850da8ca193b289fc7471eee28362a7a058f8c2e,explicit_source
NIFTYSMALLCAP250,Nifty Smallcap 250,SANOFI,2023-03-31,2025-03-28,,press_release,https://niftyindices.com/Press_Release/ind_prs17022023_1.pdf,closed by ind_prs21022025.pdf,yurukatsu/nse-historical-membership,index_history/data/index_membership_history.csv,850da8ca193b289fc7471eee28362a7a058f8c2e,explicit_source
NIFTYSMALLCAP250,Nifty Smallcap 250,SANSERA,2026-09-30,,,NSE/Nifty press release,https://www.niftyindices.com/Press_Release/ind_prs10082026.pdf,Official event overlay: Semi-annual broad-market review,,,,official_event_overlay
NIFTYSMALLCAP250,Nifty Smallcap 250,SAPPHIRE,2022-03-31,2026-09-30,,press_release,https://niftyindices.com/Press_Release/ind_prs24022022_1.pdf,,yurukatsu/nse-historical-membership,index_history/data/index_membership_history.csv,850da8ca193b289fc7471eee28362a7a058f8c2e,explicit_source
NIFTYSMALLCAP250,Nifty Smallcap 250,SARDAEN,2025-03-28,,,press_release,https://niftyindices.com/Press_Release/ind_prs21022025.pdf,,yurukatsu/nse-historical-membership,index_history/data/index_membership_history.csv,850da8ca193b289fc7471eee28362a7a058f8c2e,explicit_source
NIFTYSMALLCAP250,Nifty Smallcap 250,SAREGAMA,2022-03-31,2022-12-30,,press_release,https://niftyindices.com/Press_Release/ind_prs24022022_1.pdf,closed by ind_prs22122022.pdf,yurukatsu/nse-historical-membership,index_history/data/index_membership_history.csv,850da8ca193b289fc7471eee28362a7a058f8c2e,explicit_source
NIFTYSMALLCAP250,Nifty Smallcap 250,SAREGAMA,2023-09-29,2026-09-30,,press_release,https://niftyindices.com/Press_Release/ind_prs17082023.pdf,,yurukatsu/nse-historical-membership,index_history/data/index_membership_history.csv,850da8ca193b289fc7471eee28362a7a058f8c2e,explicit_source
NIFTYSMALLCAP250,Nifty Smallcap 250,SBFC,2024-03-28,2026-09-30,,press_release,https://niftyindices.com/Press_Release/ind_prs28022024.pdf,,yurukatsu/nse-historical-membership,index_history/data/index_membership_history.csv,850da8ca193b289fc7471eee28362a7a058f8c2e,explicit_source
NIFTYSMALLCAP250,Nifty Smallcap 250,SCHAEFFLER,2018-09-28,2019-12-27,,press_release,https://niftyindices.com/Press_Release/ind_prs28082018.pdf,closed by ind_prs16122019.pdf,yurukatsu/nse-historical-membership,index_history/data/index_membership_history.csv,850da8ca193b289fc7471eee28362a7a058f8c2e,explicit_source
NIFTYSMALLCAP250,Nifty Smallcap 250,SCHNEIDER,2016-04-01,2018-04-02,,snapshot_floor,,closed by ind_prs21022018.pdf,yurukatsu/nse-historical-membership,index_history/data/index_membership_history.csv,850da8ca193b289fc7471eee28362a7a058f8c2e,inferred_or_snapshot
NIFTYSMALLCAP250,Nifty Smallcap 250,SCHNEIDER,2020-06-26,2022-03-31,,press_release,https://niftyindices.com/Press_Release/ind_prs10062020.pdf,closed by ind_prs24022022_1.pdf,yurukatsu/nse-historical-membership,index_history/data/index_membership_history.csv,850da8ca193b289fc7471eee28362a7a058f8c2e,explicit_source
NIFTYSMALLCAP250,Nifty Smallcap 250,SCHNEIDER,2024-03-28,,,press_release,https://niftyindices.com/Press_Release/ind_prs28022024.pdf,,yurukatsu/nse-historical-membership,index_history/data/index_membership_history.csv,850da8ca193b289fc7471eee28362a7a058f8c2e,explicit_source
NIFTYSMALLCAP250,Nifty Smallcap 250,SCI,2016-04-01,2019-09-27,,snapshot_floor,,closed by ind_prs28082019.pdf,yurukatsu/nse-historical-membership,index_history/data/index_membership_history.csv,850da8ca193b289fc7471eee28362a7a058f8c2e,inferred_or_snapshot
NIFTYSMALLCAP250,Nifty Smallcap 250,SCI,2020-06-26,2022-12-30,,press_release,https://niftyindices.com/Press_Release/ind_prs10062020.pdf,closed by ind_prs06122022.pdf,yurukatsu/nse-historical-membership,index_history/data/index_membership_history.csv,850da8ca193b289fc7471eee28362a7a058f8c2e,explicit_source
NIFTYSMALLCAP250,Nifty Smallcap 250,SCI,2024-09-30,,,press_release,https://niftyindices.com/Press_Release/ind_prs23082024.pdf,,yurukatsu/nse-historical-membership,index_history/data/index_membership_history.csv,850da8ca193b289fc7471eee28362a7a058f8c2e,explicit_source
NIFTYSMALLCAP250,Nifty Smallcap 250,SEQUENT,2016-04-01,2017-03-31,,snapshot_floor,,closed by ind_prs16022017.pdf,yurukatsu/nse-historical-membership,index_history/data/index_membership_history.csv,850da8ca193b289fc7471eee28362a7a058f8c2e,inferred_or_snapshot
NIFTYSMALLCAP250,Nifty Smallcap 250,SEQUENT,2020-06-26,2022-09-30,,press_release,https://niftyindices.com/Press_Release/ind_prs10062020.pdf,closed by ind_prs01092022.pdf,yurukatsu/nse-historical-membership,index_history/data/index_membership_history.csv,850da8ca193b289fc7471eee28362a7a058f8c2e,explicit_source
NIFTYSMALLCAP250,Nifty Smallcap 250,SFCL,2016-04-01,2017-01-23,,snapshot_floor,,closed by ind_prs16012017.pdf,yurukatsu/nse-historical-membership,index_history/data/index_membership_history.csv,850da8ca193b289fc7471eee28362a7a058f8c2e,inferred_or_snapshot
NIFTYSMALLCAP250,Nifty Smallcap 250,SFL,2017-06-23,2018-09-28,,press_release,https://niftyindices.com/Press_Release/ind_prs15062017.pdf,closed by ind_prs28082018.pdf,yurukatsu/nse-historical-membership,index_history/data/index_membership_history.csv,850da8ca193b289fc7471eee28362a7a058f8c2e,explicit_source
NIFTYSMALLCAP250,Nifty Smallcap 250,SFL,2018-12-28,2020-09-25,,press_release,https://niftyindices.com/Press_Release/ind_prs14122018.pdf,closed by ind_prs20082020.pdf,yurukatsu/nse-historical-membership,index_history/data/index_membership_history.csv,850da8ca193b289fc7471eee28362a7a058f8c2e,explicit_source
NIFTYSMALLCAP250,Nifty Smallcap 250,SFL,2021-03-31,2023-03-31,,press_release,https://niftyindices.com/Press_Release/ind_prs23022021.pdf,closed by ind_prs17022023_1.pdf,yurukatsu/nse-historical-membership,index_history/data/index_membership_history.csv,850da8ca193b289fc7471eee28362a7a058f8c2e,explicit_source
NIFTYSMALLCAP250,Nifty Smallcap 250,SFL,2023-09-29,2024-03-28,,press_release,https://niftyindices.com/Press_Release/ind_prs17082023.pdf,closed by ind_prs28022024.pdf,yurukatsu/nse-historical-membership,index_history/data/index_membership_history.csv,850da8ca193b289fc7471eee28362a7a058f8c2e,explicit_source
NIFTYSMALLCAP250,Nifty Smallcap 250,SHANKARA,2018-04-02,2019-09-27,,press_release,https://niftyindices.com/Press_Release/ind_prs21022018.pdf,closed by ind_prs28082019.pdf,yurukatsu/nse-historical-membership,index_history/data/index_membership_history.csv,850da8ca193b289fc7471eee28362a7a058f8c2e,explicit_source
NIFTYSMALLCAP250,Nifty Smallcap 250,SHARDACROP,2016-04-01,2018-04-02,,snapshot_floor,,closed by ind_prs21022018.pdf,yurukatsu/nse-historical-membership,index_history/data/index_membership_history.csv,850da8ca193b289fc7471eee28362a7a058f8c2e,inferred_or_snapshot
NIFTYSMALLCAP250,Nifty Smallcap 250,SHARDACROP,2019-03-29,2019-09-27,,press_release,https://niftyindices.com/Press_Release/ind_prs25022019.pdf,closed by ind_prs28082019.pdf,yurukatsu/nse-historical-membership,index_history/data/index_membership_history.csv,850da8ca193b289fc7471eee28362a7a058f8c2e,explicit_source
NIFTYSMALLCAP250,Nifty Smallcap 250,SHARDACROP,2021-03-31,2022-03-31,,press_release,https://niftyindices.com/Press_Release/ind_prs23022021.pdf,closed by ind_prs24022022_1.pdf,yurukatsu/nse-historical-membership,index_history/data/index_membership_history.csv,850da8ca193b289fc7471eee28362a7a058f8c2e,explicit_source
NIFTYSMALLCAP250,Nifty Smallcap 250,SHARDACROP,2022-09-30,2024-03-28,,press_release,https://niftyindices.com/Press_Release/ind_prs01092022.pdf,closed by ind_prs28022024.pdf,yurukatsu/nse-historical-membership,index_history/data/index_membership_history.csv,850da8ca193b289fc7471eee28362a7a058f8c2e,explicit_source
NIFTYSMALLCAP250,Nifty Smallcap 250,SHILPAMED,2016-04-01,2018-04-02,,snapshot_floor,,closed by ind_prs21022018.pdf,yurukatsu/nse-historical-membership,index_history/data/index_membership_history.csv,850da8ca193b289fc7471eee28362a7a058f8c2e,inferred_or_snapshot
NIFTYSMALLCAP250,Nifty Smallcap 250,SHILPAMED,2018-09-28,2020-06-26,,press_release,https://niftyindices.com/Press_Release/ind_prs31082018.pdf,closed by ind_prs10062020.pdf,yurukatsu/nse-historical-membership,index_history/data/index_membership_history.csv,850da8ca193b289fc7471eee28362a7a058f8c2e,explicit_source
NIFTYSMALLCAP250,Nifty Smallcap 250,SHILPAMED,2020-09-25,2023-03-31,,press_release,https://niftyindices.com/Press_Release/ind_prs20082020.pdf,closed by ind_prs17022023_1.pdf,yurukatsu/nse-historical-membership,index_history/data/index_membership_history.csv,850da8ca193b289fc7471eee28362a7a058f8c2e,explicit_source
NIFTYSMALLCAP250,Nifty Smallcap 250,SHILPI,2017-03-31,2017-11-13,,press_release,https://niftyindices.com/Press_Release/ind_prs16022017.pdf,closed by ind_prs03112017.pdf,yurukatsu/nse-historical-membership,index_history/data/index_membership_history.csv,850da8ca193b289fc7471eee28362a7a058f8c2e,explicit_source
NIFTYSMALLCAP250,Nifty Smallcap 250,SHK,2016-04-29,2020-06-26,,press_release,https://niftyindices.com/Press_Release/ind_prs22042016.pdf,closed by ind_prs10062020.pdf,yurukatsu/nse-historical-membership,index_history/data/index_membership_history.csv,850da8ca193b289fc7471eee28362a7a058f8c2e,explicit_source
NIFTYSMALLCAP250,Nifty Smallcap 250,SHOPERSTOP,2016-04-01,2017-03-31,,snapshot_floor,,closed by ind_prs16022017.pdf,yurukatsu/nse-historical-membership,index_history/data/index_membership_history.csv,850da8ca193b289fc7471eee28362a7a058f8c2e,inferred_or_snapshot
NIFTYSMALLCAP250,Nifty Smallcap 250,SHOPERSTOP,2017-09-29,2021-09-30,,press_release,https://niftyindices.com/Press_Release/ind_prs28082017.pdf,closed by ind_prs15092021.pdf,yurukatsu/nse-historical-membership,index_history/data/index_membership_history.csv,850da8ca193b289fc7471eee28362a7a058f8c2e,explicit_source
NIFTYSMALLCAP250,Nifty Smallcap 250,SHOPERSTOP,2022-09-30,2024-03-28,,press_release,https://niftyindices.com/Press_Release/ind_prs16092022.pdf,closed by ind_prs28022024.pdf,yurukatsu/nse-historical-membership,index_history/data/index_membership_history.csv,850da8ca193b289fc7471eee28362a7a058f8c2e,explicit_source
NIFTYSMALLCAP250,Nifty Smallcap 250,SHRIPISTON,2026-09-30,,,NSE/Nifty press release,https://www.niftyindices.com/Press_Release/ind_prs10082026.pdf,Official event overlay: Semi-annual broad-market review,,,,official_event_overlay
NIFTYSMALLCAP250,Nifty Smallcap 250,SHRIRAMCIT,2021-03-31,2022-08-08,,press_release,https://niftyindices.com/Press_Release/ind_prs23022021.pdf,closed by ind_prs11072022.pdf,yurukatsu/nse-historical-membership,index_history/data/index_membership_history.csv,850da8ca193b289fc7471eee28362a7a058f8c2e,explicit_source
NIFTYSMALLCAP250,Nifty Smallcap 250,SHYAMMETL,2022-03-31,,,press_release,https://niftyindices.com/Press_Release/ind_prs24022022_1.pdf,,yurukatsu/nse-historical-membership,index_history/data/index_membership_history.csv,850da8ca193b289fc7471eee28362a7a058f8c2e,explicit_source
NIFTYSMALLCAP250,Nifty Smallcap 250,SIGNATURE,2024-03-28,,,press_release,https://niftyindices.com/Press_Release/ind_prs28022024.pdf,,yurukatsu/nse-historical-membership,index_history/data/index_membership_history.csv,850da8ca193b289fc7471eee28362a7a058f8c2e,explicit_source
NIFTYSMALLCAP250,Nifty Smallcap 250,SIMPLEXINF,2016-04-01,2017-03-31,,snapshot_floor,,closed by ind_prs16022017.pdf,yurukatsu/nse-historical-membership,index_history/data/index_membership_history.csv,850da8ca193b289fc7471eee28362a7a058f8c2e,inferred_or_snapshot
NIFTYSMALLCAP250,Nifty Smallcap 250,SINTEX,2016-04-01,2017-03-31,,snapshot_floor,,closed by ind_prs16022017.pdf,yurukatsu/nse-historical-membership,index_history/data/index_membership_history.csv,850da8ca193b289fc7471eee28362a7a058f8c2e,inferred_or_snapshot
NIFTYSMALLCAP250,Nifty Smallcap 250,SIS,2018-04-02,2023-03-31,,press_release,https://niftyindices.com/Press_Release/ind_prs21022018.pdf,closed by ind_prs17022023_1.pdf,yurukatsu/nse-historical-membership,index_history/data/index_membership_history.csv,850da8ca193b289fc7471eee28362a7a058f8c2e,explicit_source
NIFTYSMALLCAP250,Nifty Smallcap 250,SITINET,2016-04-01,2017-03-31,,snapshot_floor,,closed by ind_prs16022017.pdf,yurukatsu/nse-historical-membership,index_history/data/index_membership_history.csv,850da8ca193b289fc7471eee28362a7a058f8c2e,inferred_or_snapshot
NIFTYSMALLCAP250,Nifty Smallcap 250,SJVN,2021-09-30,2024-03-28,,press_release,https://niftyindices.com/Press_Release/ind_prs15092021.pdf,closed by ind_prs28022024.pdf,yurukatsu/nse-historical-membership,index_history/data/index_membership_history.csv,850da8ca193b289fc7471eee28362a7a058f8c2e,explicit_source
NIFTYSMALLCAP250,Nifty Smallcap 250,SJVN,2026-09-30,,,NSE/Nifty press release,https://www.niftyindices.com/Press_Release/ind_prs10082026.pdf,Official event overlay: Semi-annual broad-market review,,,,official_event_overlay
NIFTYSMALLCAP250,Nifty Smallcap 250,SKFINDIA,2025-03-28,2025-12-31,,press_release,https://niftyindices.com/Press_Release/ind_prs21022025.pdf,closed by ind_prs11122025.pdf,yurukatsu/nse-historical-membership,index_history/data/index_membership_history.csv,850da8ca193b289fc7471eee28362a7a058f8c2e,explicit_source
NIFTYSMALLCAP250,Nifty Smallcap 250,SMLISUZU,2016-04-01,2018-09-28,,snapshot_floor,,closed by ind_prs28082018.pdf,yurukatsu/nse-historical-membership,index_history/data/index_membership_history.csv,850da8ca193b289fc7471eee28362a7a058f8c2e,inferred_or_snapshot
NIFTYSMALLCAP250,Nifty Smallcap 250,SNOWMAN,2016-04-01,2018-04-02,,snapshot_floor,,closed by ind_prs21022018.pdf,yurukatsu/nse-historical-membership,index_history/data/index_membership_history.csv,850da8ca193b289fc7471eee28362a7a058f8c2e,inferred_or_snapshot
NIFTYSMALLCAP250,Nifty Smallcap 250,SOBHA,2016-04-01,,,snapshot_floor,,,yurukatsu/nse-historical-membership,index_history/data/index_membership_history.csv,850da8ca193b289fc7471eee28362a7a058f8c2e,inferred_or_snapshot
NIFTYSMALLCAP250,Nifty Smallcap 250,SOLARA,2020-09-25,2022-09-30,,press_release,https://niftyindices.com/Press_Release/ind_prs20082020.pdf,closed by ind_prs01092022.pdf,yurukatsu/nse-historical-membership,index_history/data/index_membership_history.csv,850da8ca193b289fc7471eee28362a7a058f8c2e,explicit_source
NIFTYSMALLCAP250,Nifty Smallcap 250,SOMANYCERA,2016-04-01,2018-04-02,,snapshot_floor,,closed by ind_prs21022018.pdf,yurukatsu/nse-historical-membership,index_history/data/index_membership_history.csv,850da8ca193b289fc7471eee28362a7a058f8c2e,inferred_or_snapshot
NIFTYSMALLCAP250,Nifty Smallcap 250,SONACOMS,2026-03-30,,,press_release,https://niftyindices.com/Press_Release/ind_prs23022026.pdf,,yurukatsu/nse-historical-membership,index_history/data/index_membership_history.csv,850da8ca193b289fc7471eee28362a7a058f8c2e,explicit_source
NIFTYSMALLCAP250,Nifty Smallcap 250,SONATSOFTW,2016-04-01,2026-09-30,,snapshot_floor,,,yurukatsu/nse-historical-membership,index_history/data/index_membership_history.csv,850da8ca193b289fc7471eee28362a7a058f8c2e,inferred_or_snapshot
NIFTYSMALLCAP250,Nifty Smallcap 250,SOUTHBANK,2016-04-01,2021-03-31,,snapshot_floor,,closed by ind_prs23022021.pdf,yurukatsu/nse-historical-membership,index_history/data/index_membership_history.csv,850da8ca193b289fc7471eee28362a7a058f8c2e,inferred_or_snapshot
NIFTYSMALLCAP250,Nifty Smallcap 250,SPANDANA,2019-12-27,2020-09-14,,press_release,https://niftyindices.com/Press_Release/ind_prs16122019.pdf,closed by ind_prs07092020.pdf,yurukatsu/nse-historical-membership,index_history/data/index_membership_history.csv,850da8ca193b289fc7471eee28362a7a058f8c2e,explicit_source
NIFTYSMALLCAP250,Nifty Smallcap 250,SPANDANA,2021-03-31,2022-03-31,,press_release,https://niftyindices.com/Press_Release/ind_prs23022021.pdf,closed by ind_prs24022022_1.pdf,yurukatsu/nse-historical-membership,index_history/data/index_membership_history.csv,850da8ca193b289fc7471eee28362a7a058f8c2e,explicit_source
NIFTYSMALLCAP250,Nifty Smallcap 250,SPARC,2019-09-27,2025-03-28,,press_release,https://niftyindices.com/Press_Release/ind_prs28082019.pdf,closed by ind_prs21022025.pdf,yurukatsu/nse-historical-membership,index_history/data/index_membership_history.csv,850da8ca193b289fc7471eee28362a7a058f8c2e,explicit_source
NIFTYSMALLCAP250,Nifty Smallcap 250,SPICEJET,2019-12-27,2022-09-30,,press_release,https://niftyindices.com/Press_Release/ind_prs16122019.pdf,closed by ind_prs01092022.pdf,yurukatsu/nse-historical-membership,index_history/data/index_membership_history.csv,850da8ca193b289fc7471eee28362a7a058f8c2e,explicit_source
NIFTYSMALLCAP250,Nifty Smallcap 250,SPLPETRO,2026-03-30,2026-09-30,,press_release,https://niftyindices.com/Press_Release/ind_prs23022026.pdf,,yurukatsu/nse-historical-membership,index_history/data/index_membership_history.csv,850da8ca193b289fc7471eee28362a7a058f8c2e,explicit_source
NIFTYSMALLCAP250,Nifty Smallcap 250,SPTL,2018-04-02,2019-09-27,,press_release,https://niftyindices.com/Press_Release/ind_prs21022018.pdf,closed by ind_prs28082019.pdf,yurukatsu/nse-historical-membership,index_history/data/index_membership_history.csv,850da8ca193b289fc7471eee28362a7a058f8c2e,explicit_source
NIFTYSMALLCAP250,Nifty Smallcap 250,SREINFRA,2016-04-01,2019-09-27,,snapshot_floor,,closed by ind_prs28082019.pdf,yurukatsu/nse-historical-membership,index_history/data/index_membership_history.csv,850da8ca193b289fc7471eee28362a7a058f8c2e,inferred_or_snapshot
NIFTYSMALLCAP250,Nifty Smallcap 250,STAR,2018-09-28,2022-09-30,,press_release,https://niftyindices.com/Press_Release/ind_prs28082018.pdf,closed by ind_prs01092022.pdf,yurukatsu/nse-historical-membership,index_history/data/index_membership_history.csv,850da8ca193b289fc7471eee28362a7a058f8c2e,explicit_source
NIFTYSMALLCAP250,Nifty Smallcap 250,STARCEMENT,2017-11-20,2022-03-31,,press_release,https://niftyindices.com/Press_Release/ind_prs10112017.pdf,closed by ind_prs24022022_1.pdf,yurukatsu/nse-historical-membership,index_history/data/index_membership_history.csv,850da8ca193b289fc7471eee28362a7a058f8c2e,explicit_source
NIFTYSMALLCAP250,Nifty Smallcap 250,STARHEALTH,2025-09-30,,,press_release,https://niftyindices.com/Press_Release/ind_prs22082025.pdf,,yurukatsu/nse-historical-membership,index_history/data/index_membership_history.csv,850da8ca193b289fc7471eee28362a7a058f8c2e,explicit_source
NIFTYSMALLCAP250,Nifty Smallcap 250,STCINDIA,2016-04-01,2017-09-29,,snapshot_floor,,closed by ind_prs28082017.pdf,yurukatsu/nse-historical-membership,index_history/data/index_membership_history.csv,850da8ca193b289fc7471eee28362a7a058f8c2e,inferred_or_snapshot
NIFTYSMALLCAP250,Nifty Smallcap 250,STLTECH,2016-04-01,2024-09-30,,snapshot_floor,,closed by ind_prs23082024.pdf,yurukatsu/nse-historical-membership,index_history/data/index_membership_history.csv,850da8ca193b289fc7471eee28362a7a058f8c2e,inferred_or_snapshot
NIFTYSMALLCAP250,Nifty Smallcap 250,STLTECH,2026-09-30,,,NSE/Nifty press release,https://www.niftyindices.com/Press_Release/ind_prs10082026.pdf,Official event overlay: Semi-annual broad-market review,,,,official_event_overlay
NIFTYSMALLCAP250,Nifty Smallcap 250,STRTECH,2017-03-31,2018-04-02,,press_release,https://niftyindices.com/Press_Release/ind_prs16022017.pdf,closed by ind_prs21022018.pdf,yurukatsu/nse-historical-membership,index_history/data/index_membership_history.csv,850da8ca193b289fc7471eee28362a7a058f8c2e,explicit_source
NIFTYSMALLCAP250,Nifty Smallcap 250,STRTECH,2020-06-26,2020-09-30,,press_release,https://niftyindices.com/Press_Release/ind_prs10062020.pdf,"inferred-exclude: not in NSE current snapshot, no PR found (closed at next semi-annual review)",yurukatsu/nse-historical-membership,index_history/data/index_membership_history.csv,850da8ca193b289fc7471eee28362a7a058f8c2e,explicit_source
NIFTYSMALLCAP250,Nifty Smallcap 250,SUDARSCHEM,2017-03-31,2023-03-31,,press_release,https://niftyindices.com/Press_Release/ind_prs16022017.pdf,closed by ind_prs17022023_1.pdf,yurukatsu/nse-historical-membership,index_history/data/index_membership_history.csv,850da8ca193b289fc7471eee28362a7a058f8c2e,explicit_source
NIFTYSMALLCAP250,Nifty Smallcap 250,SUMICHEM,2024-09-30,,,press_release,https://niftyindices.com/Press_Release/ind_prs23082024.pdf,,yurukatsu/nse-historical-membership,index_history/data/index_membership_history.csv,850da8ca193b289fc7471eee28362a7a058f8c2e,explicit_source
NIFTYSMALLCAP250,Nifty Smallcap 250,SUNCLAYLTD,2019-04-15,2020-06-26,,press_release,https://niftyindices.com/Press_Release/ind_prs08042019.pdf,closed by ind_prs10062020.pdf,yurukatsu/nse-historical-membership,index_history/data/index_membership_history.csv,850da8ca193b289fc7471eee28362a7a058f8c2e,explicit_source
NIFTYSMALLCAP250,Nifty Smallcap 250,SUNCLAYLTD,2021-03-31,2021-09-30,,press_release,https://niftyindices.com/Press_Release/ind_prs23022021.pdf,closed by ind_prs15092021.pdf,yurukatsu/nse-historical-membership,index_history/data/index_membership_history.csv,850da8ca193b289fc7471eee28362a7a058f8c2e,explicit_source
NIFTYSMALLCAP250,Nifty Smallcap 250,SUNDRMFAST,2016-04-01,2017-09-29,,snapshot_floor,,closed by ind_prs28082017.pdf,yurukatsu/nse-historical-membership,index_history/data/index_membership_history.csv,850da8ca193b289fc7471eee28362a7a058f8c2e,inferred_or_snapshot
NIFTYSMALLCAP250,Nifty Smallcap 250,SUNDRMFAST,2025-04-11,2026-03-30,,press_release,https://niftyindices.com/Press_Release/ind_prs04042025_2.pdf,closed by ind_prs23022026.pdf,yurukatsu/nse-historical-membership,index_history/data/index_membership_history.csv,850da8ca193b289fc7471eee28362a7a058f8c2e,explicit_source
NIFTYSMALLCAP250,Nifty Smallcap 250,SUNTECK,2016-04-01,2024-09-30,,snapshot_floor,,closed by ind_prs23082024.pdf,yurukatsu/nse-historical-membership,index_history/data/index_membership_history.csv,850da8ca193b289fc7471eee28362a7a058f8c2e,inferred_or_snapshot
NIFTYSMALLCAP250,Nifty Smallcap 250,SUNTV,2025-09-30,,,press_release,https://niftyindices.com/Press_Release/ind_prs22082025.pdf,,yurukatsu/nse-historical-membership,index_history/data/index_membership_history.csv,850da8ca193b289fc7471eee28362a7a058f8c2e,explicit_source
NIFTYSMALLCAP250,Nifty Smallcap 250,SUPPETRO,2017-09-29,2018-04-02,,press_release,https://niftyindices.com/Press_Release/ind_prs28082017.pdf,closed by ind_prs21022018.pdf,yurukatsu/nse-historical-membership,index_history/data/index_membership_history.csv,850da8ca193b289fc7471eee28362a7a058f8c2e,explicit_source
NIFTYSMALLCAP250,Nifty Smallcap 250,SUPPETRO,2020-09-25,2022-04-07,,press_release,https://niftyindices.com/Press_Release/ind_prs20082020.pdf,closed by ind_prs06042022.pdf,yurukatsu/nse-historical-membership,index_history/data/index_membership_history.csv,850da8ca193b289fc7471eee28362a7a058f8c2e,explicit_source
NIFTYSMALLCAP250,Nifty Smallcap 250,SUPRAJIT,2016-04-01,2017-03-31,,snapshot_floor,,closed by ind_prs16022017.pdf,yurukatsu/nse-historical-membership,index_history/data/index_membership_history.csv,850da8ca193b289fc7471eee28362a7a058f8c2e,inferred_or_snapshot
NIFTYSMALLCAP250,Nifty Smallcap 250,SUPRAJIT,2017-09-29,2018-04-02,,press_release,https://niftyindices.com/Press_Release/ind_prs28082017.pdf,closed by ind_prs21022018.pdf,yurukatsu/nse-historical-membership,index_history/data/index_membership_history.csv,850da8ca193b289fc7471eee28362a7a058f8c2e,explicit_source
NIFTYSMALLCAP250,Nifty Smallcap 250,SUPRAJIT,2019-03-29,2024-03-28,,press_release,https://niftyindices.com/Press_Release/ind_prs25022019.pdf,closed by ind_prs28022024.pdf,yurukatsu/nse-historical-membership,index_history/data/index_membership_history.csv,850da8ca193b289fc7471eee28362a7a058f8c2e,explicit_source
NIFTYSMALLCAP250,Nifty Smallcap 250,SUVEN,2016-04-01,2020-01-16,,snapshot_floor,,closed by ind_prs09012020.pdf,yurukatsu/nse-historical-membership,index_history/data/index_membership_history.csv,850da8ca193b289fc7471eee28362a7a058f8c2e,inferred_or_snapshot
NIFTYSMALLCAP250,Nifty Smallcap 250,SUVENPHAR,2020-09-25,2021-03-31,,press_release,https://niftyindices.com/Press_Release/ind_prs20082020.pdf,closed by ind_prs23022021.pdf,yurukatsu/nse-historical-membership,index_history/data/index_membership_history.csv,850da8ca193b289fc7471eee28362a7a058f8c2e,explicit_source
NIFTYSMALLCAP250,Nifty Smallcap 250,SUVENPHAR,2022-03-31,2022-09-30,,press_release,https://niftyindices.com/Press_Release/ind_prs24022022_1.pdf,"inferred-exclude: not in NSE current snapshot, no PR found (closed at next semi-annual review)",yurukatsu/nse-historical-membership,index_history/data/index_membership_history.csv,850da8ca193b289fc7471eee28362a7a058f8c2e,explicit_source
NIFTYSMALLCAP250,Nifty Smallcap 250,SUZLON,2018-09-28,2024-03-28,,press_release,https://niftyindices.com/Press_Release/ind_prs28082018.pdf,closed by ind_prs28022024.pdf,yurukatsu/nse-historical-membership,index_history/data/index_membership_history.csv,850da8ca193b289fc7471eee28362a7a058f8c2e,explicit_source
NIFTYSMALLCAP250,Nifty Smallcap 250,SWANCORP,2016-04-01,,,snapshot_floor,,,yurukatsu/nse-historical-membership,index_history/data/index_membership_history.csv,850da8ca193b289fc7471eee28362a7a058f8c2e,inferred_or_snapshot
NIFTYSMALLCAP250,Nifty Smallcap 250,SWANENERGY,2016-04-01,2021-09-30,,snapshot_floor,,closed by ind_prs15092021.pdf,yurukatsu/nse-historical-membership,index_history/data/index_membership_history.csv,850da8ca193b289fc7471eee28362a7a058f8c2e,inferred_or_snapshot
NIFTYSMALLCAP250,Nifty Smallcap 250,SWANENERGY,2022-09-30,2023-03-31,,press_release,https://niftyindices.com/Press_Release/ind_prs01092022.pdf,"inferred-exclude: not in NSE current snapshot, no PR found (closed at next semi-annual review)",yurukatsu/nse-historical-membership,index_history/data/index_membership_history.csv,850da8ca193b289fc7471eee28362a7a058f8c2e,explicit_source
NIFTYSMALLCAP250,Nifty Smallcap 250,SWARAJENG,2020-09-14,2021-03-31,,press_release,https://niftyindices.com/Press_Release/ind_prs07092020.pdf,closed by ind_prs23022021.pdf,yurukatsu/nse-historical-membership,index_history/data/index_membership_history.csv,850da8ca193b289fc7471eee28362a7a058f8c2e,explicit_source
NIFTYSMALLCAP250,Nifty Smallcap 250,SWSOLAR,2020-03-27,2025-09-30,,press_release,https://niftyindices.com/Press_Release/ind_prs18022020.pdf,closed by ind_prs22082025.pdf,yurukatsu/nse-historical-membership,index_history/data/index_membership_history.csv,850da8ca193b289fc7471eee28362a7a058f8c2e,explicit_source
NIFTYSMALLCAP250,Nifty Smallcap 250,SYMPHONY,2021-03-31,2023-03-31,,press_release,https://niftyindices.com/Press_Release/ind_prs23022021.pdf,closed by ind_prs17022023_1.pdf,yurukatsu/nse-historical-membership,index_history/data/index_membership_history.csv,850da8ca193b289fc7471eee28362a7a058f8c2e,explicit_source
NIFTYSMALLCAP250,Nifty Smallcap 250,SYMPHONY,2023-09-29,2024-03-28,,press_release,https://niftyindices.com/Press_Release/ind_prs17082023.pdf,closed by ind_prs28022024.pdf,yurukatsu/nse-historical-membership,index_history/data/index_membership_history.csv,850da8ca193b289fc7471eee28362a7a058f8c2e,explicit_source
NIFTYSMALLCAP250,Nifty Smallcap 250,SYNDIBANK,2018-04-02,2019-12-27,,press_release,https://niftyindices.com/Press_Release/ind_prs21022018.pdf,closed by ind_prs16122019.pdf,yurukatsu/nse-historical-membership,index_history/data/index_membership_history.csv,850da8ca193b289fc7471eee28362a7a058f8c2e,explicit_source
NIFTYSMALLCAP250,Nifty Smallcap 250,SYNGENE,2026-03-30,,,press_release,https://niftyindices.com/Press_Release/ind_prs23022026.pdf,,yurukatsu/nse-historical-membership,index_history/data/index_membership_history.csv,850da8ca193b289fc7471eee28362a7a058f8c2e,explicit_source
NIFTYSMALLCAP250,Nifty Smallcap 250,SYRMA,2023-09-29,,,press_release,https://niftyindices.com/Press_Release/ind_prs17082023.pdf,,yurukatsu/nse-historical-membership,index_history/data/index_membership_history.csv,850da8ca193b289fc7471eee28362a7a058f8c2e,explicit_source
NIFTYSMALLCAP250,Nifty Smallcap 250,TAKE,2016-04-01,2020-09-25,,snapshot_floor,,closed by ind_prs20082020.pdf,yurukatsu/nse-historical-membership,index_history/data/index_membership_history.csv,850da8ca193b289fc7471eee28362a7a058f8c2e,inferred_or_snapshot
NIFTYSMALLCAP250,Nifty Smallcap 250,TANLA,2021-03-31,2025-09-30,,press_release,https://niftyindices.com/Press_Release/ind_prs23022021.pdf,closed by ind_prs22082025.pdf,yurukatsu/nse-historical-membership,index_history/data/index_membership_history.csv,850da8ca193b289fc7471eee28362a7a058f8c2e,explicit_source
NIFTYSMALLCAP250,Nifty Smallcap 250,TARIL,2025-03-28,,,press_release,https://niftyindices.com/Press_Release/ind_prs21022025.pdf,,yurukatsu/nse-historical-membership,index_history/data/index_membership_history.csv,850da8ca193b289fc7471eee28362a7a058f8c2e,explicit_source
NIFTYSMALLCAP250,Nifty Smallcap 250,TASTYBITE,2019-12-27,2022-03-31,,press_release,https://niftyindices.com/Press_Release/ind_prs19122019.pdf,closed by ind_prs24022022_1.pdf,yurukatsu/nse-historical-membership,index_history/data/index_membership_history.csv,850da8ca193b289fc7471eee28362a7a058f8c2e,explicit_source
NIFTYSMALLCAP250,Nifty Smallcap 250,TATACHEM,2025-03-28,,,press_release,https://niftyindices.com/Press_Release/ind_prs21022025.pdf,,yurukatsu/nse-historical-membership,index_history/data/index_membership_history.csv,850da8ca193b289fc7471eee28362a7a058f8c2e,explicit_source
NIFTYSMALLCAP250,Nifty Smallcap 250,TATACOFFEE,2016-04-01,2019-09-27,,snapshot_floor,,closed by ind_prs28082019.pdf,yurukatsu/nse-historical-membership,index_history/data/index_membership_history.csv,850da8ca193b289fc7471eee28362a7a058f8c2e,inferred_or_snapshot
NIFTYSMALLCAP250,Nifty Smallcap 250,TATACOFFEE,2020-09-14,2020-09-30,,press_release,https://niftyindices.com/Press_Release/ind_prs07092020.pdf,"inferred-exclude: not in NSE current snapshot, no PR found (closed at next semi-annual review)",yurukatsu/nse-historical-membership,index_history/data/index_membership_history.csv,850da8ca193b289fc7471eee28362a7a058f8c2e,explicit_source
NIFTYSMALLCAP250,Nifty Smallcap 250,TATAELXSI,2017-03-31,2021-03-31,,press_release,https://niftyindices.com/Press_Release/ind_prs16022017.pdf,closed by ind_prs23022021.pdf,yurukatsu/nse-historical-membership,index_history/data/index_membership_history.csv,850da8ca193b289fc7471eee28362a7a058f8c2e,explicit_source
NIFTYSMALLCAP250,Nifty Smallcap 250,TATAELXSI,2026-09-30,,,NSE/Nifty press release,https://www.niftyindices.com/Press_Release/ind_prs10082026.pdf,Official event overlay: Semi-annual broad-market review,,,,official_event_overlay
NIFTYSMALLCAP250,Nifty Smallcap 250,TATAINVEST,2017-03-31,2021-09-30,,press_release,https://niftyindices.com/Press_Release/ind_prs16022017.pdf,closed by ind_prs15092021.pdf,yurukatsu/nse-historical-membership,index_history/data/index_membership_history.csv,850da8ca193b289fc7471eee28362a7a058f8c2e,explicit_source
NIFTYSMALLCAP250,Nifty Smallcap 250,TATAINVEST,2022-03-31,2024-09-30,,press_release,https://niftyindices.com/Press_Release/ind_prs24022022_1.pdf,closed by ind_prs23082024.pdf,yurukatsu/nse-historical-membership,index_history/data/index_membership_history.csv,850da8ca193b289fc7471eee28362a7a058f8c2e,explicit_source
NIFTYSMALLCAP250,Nifty Smallcap 250,TATASPONGE,2016-04-01,2019-03-29,,snapshot_floor,,closed by ind_prs25022019.pdf,yurukatsu/nse-historical-membership,index_history/data/index_membership_history.csv,850da8ca193b289fc7471eee28362a7a058f8c2e,inferred_or_snapshot
NIFTYSMALLCAP250,Nifty Smallcap 250,TATASTLBSL,2020-01-16,2021-04-29,,press_release,https://niftyindices.com/Press_Release/ind_prs09012020.pdf,closed by ind_prs22042021.pdf,yurukatsu/nse-historical-membership,index_history/data/index_membership_history.csv,850da8ca193b289fc7471eee28362a7a058f8c2e,explicit_source
NIFTYSMALLCAP250,Nifty Smallcap 250,TATASTLLP,2021-09-30,2022-09-30,,press_release,https://niftyindices.com/Press_Release/ind_prs15092021.pdf,closed by ind_prs01092022.pdf,yurukatsu/nse-historical-membership,index_history/data/index_membership_history.csv,850da8ca193b289fc7471eee28362a7a058f8c2e,explicit_source
NIFTYSMALLCAP250,Nifty Smallcap 250,TATATECH,2026-03-30,,,press_release,https://niftyindices.com/Press_Release/ind_prs23022026.pdf,,yurukatsu/nse-historical-membership,index_history/data/index_membership_history.csv,850da8ca193b289fc7471eee28362a7a058f8c2e,explicit_source
NIFTYSMALLCAP250,Nifty Smallcap 250,TBOTEK,2024-09-30,,,press_release,https://niftyindices.com/Press_Release/ind_prs23082024.pdf,,yurukatsu/nse-historical-membership,index_history/data/index_membership_history.csv,850da8ca193b289fc7471eee28362a7a058f8c2e,explicit_source
NIFTYSMALLCAP250,Nifty Smallcap 250,TCI,2016-04-01,2016-04-29,,snapshot_floor,,closed by ind_prs22042016.pdf,yurukatsu/nse-historical-membership,index_history/data/index_membership_history.csv,850da8ca193b289fc7471eee28362a7a058f8c2e,inferred_or_snapshot
NIFTYSMALLCAP250,Nifty Smallcap 250,TCI,2022-09-30,2023-09-29,,press_release,https://niftyindices.com/Press_Release/ind_prs01092022.pdf,closed by ind_prs17082023.pdf,yurukatsu/nse-historical-membership,index_history/data/index_membership_history.csv,850da8ca193b289fc7471eee28362a7a058f8c2e,explicit_source
NIFTYSMALLCAP250,Nifty Smallcap 250,TCIEXP,2019-09-27,2023-09-29,,press_release,https://niftyindices.com/Press_Release/ind_prs28082019.pdf,closed by ind_prs17082023.pdf,yurukatsu/nse-historical-membership,index_history/data/index_membership_history.csv,850da8ca193b289fc7471eee28362a7a058f8c2e,explicit_source
NIFTYSMALLCAP250,Nifty Smallcap 250,TCNSBRANDS,2019-03-29,2023-09-29,,press_release,https://niftyindices.com/Press_Release/ind_prs25022019.pdf,closed by ind_prs17082023.pdf,yurukatsu/nse-historical-membership,index_history/data/index_membership_history.csv,850da8ca193b289fc7471eee28362a7a058f8c2e,explicit_source
NIFTYSMALLCAP250,Nifty Smallcap 250,TDPOWERSYS,2026-09-30,,,NSE/Nifty press release,https://www.niftyindices.com/Press_Release/ind_prs10082026.pdf,Official event overlay: Semi-annual broad-market review,,,,official_event_overlay
NIFTYSMALLCAP250,Nifty Smallcap 250,TEAMLEASE,2018-09-28,2024-03-28,,press_release,https://niftyindices.com/Press_Release/ind_prs28082018.pdf,closed by ind_prs28022024.pdf,yurukatsu/nse-historical-membership,index_history/data/index_membership_history.csv,850da8ca193b289fc7471eee28362a7a058f8c2e,explicit_source
NIFTYSMALLCAP250,Nifty Smallcap 250,TECHNO,2016-04-01,2018-08-08,,snapshot_floor,,closed by ind_prs01082018.pdf,yurukatsu/nse-historical-membership,index_history/data/index_membership_history.csv,850da8ca193b289fc7471eee28362a7a058f8c2e,inferred_or_snapshot
NIFTYSMALLCAP250,Nifty Smallcap 250,TECHNOE,2019-09-27,2020-06-26,,press_release,https://niftyindices.com/Press_Release/ind_prs28082019.pdf,closed by ind_prs10062020.pdf,yurukatsu/nse-historical-membership,index_history/data/index_membership_history.csv,850da8ca193b289fc7471eee28362a7a058f8c2e,explicit_source
NIFTYSMALLCAP250,Nifty Smallcap 250,TECHNOE,2024-09-30,,,press_release,https://niftyindices.com/Press_Release/ind_prs23082024.pdf,,yurukatsu/nse-historical-membership,index_history/data/index_membership_history.csv,850da8ca193b289fc7471eee28362a7a058f8c2e,explicit_source
NIFTYSMALLCAP250,Nifty Smallcap 250,TEGA,2026-03-30,,,press_release,https://niftyindices.com/Press_Release/ind_prs23022026.pdf,,yurukatsu/nse-historical-membership,index_history/data/index_membership_history.csv,850da8ca193b289fc7471eee28362a7a058f8c2e,explicit_source
NIFTYSMALLCAP250,Nifty Smallcap 250,TEJASNET,2022-09-30,,,press_release,https://niftyindices.com/Press_Release/ind_prs01092022.pdf,,yurukatsu/nse-historical-membership,index_history/data/index_membership_history.csv,850da8ca193b289fc7471eee28362a7a058f8c2e,explicit_source
NIFTYSMALLCAP250,Nifty Smallcap 250,TENNIND,2026-03-30,,,press_release,https://niftyindices.com/Press_Release/ind_prs23022026.pdf,,yurukatsu/nse-historical-membership,index_history/data/index_membership_history.csv,850da8ca193b289fc7471eee28362a7a058f8c2e,explicit_source
NIFTYSMALLCAP250,Nifty Smallcap 250,TEXRAIL,2016-04-01,2019-03-29,,snapshot_floor,,closed by ind_prs25022019.pdf,yurukatsu/nse-historical-membership,index_history/data/index_membership_history.csv,850da8ca193b289fc7471eee28362a7a058f8c2e,inferred_or_snapshot
NIFTYSMALLCAP250,Nifty Smallcap 250,THANGAMAYL,2026-09-30,,,NSE/Nifty press release,https://www.niftyindices.com/Press_Release/ind_prs10082026.pdf,Official event overlay: Semi-annual broad-market review,,,,official_event_overlay
NIFTYSMALLCAP250,Nifty Smallcap 250,THELEELA,2025-09-30,2026-09-30,,press_release,https://niftyindices.com/Press_Release/ind_prs22082025.pdf,,yurukatsu/nse-historical-membership,index_history/data/index_membership_history.csv,850da8ca193b289fc7471eee28362a7a058f8c2e,explicit_source
NIFTYSMALLCAP250,Nifty Smallcap 250,THYROCARE,2017-03-31,2023-03-31,,press_release,https://niftyindices.com/Press_Release/ind_prs16022017.pdf,closed by ind_prs17022023_1.pdf,yurukatsu/nse-historical-membership,index_history/data/index_membership_history.csv,850da8ca193b289fc7471eee28362a7a058f8c2e,explicit_source
NIFTYSMALLCAP250,Nifty Smallcap 250,TIDEWATER,2016-04-01,2017-09-29,,snapshot_floor,,closed by ind_prs28082017.pdf,yurukatsu/nse-historical-membership,index_history/data/index_membership_history.csv,850da8ca193b289fc7471eee28362a7a058f8c2e,inferred_or_snapshot
NIFTYSMALLCAP250,Nifty Smallcap 250,TIINDIA,2018-06-29,2020-09-25,,press_release,https://niftyindices.com/Press_Release/ind_prs24052018.pdf,closed by ind_prs20082020.pdf,yurukatsu/nse-historical-membership,index_history/data/index_membership_history.csv,850da8ca193b289fc7471eee28362a7a058f8c2e,explicit_source
NIFTYSMALLCAP250,Nifty Smallcap 250,TIMETECHNO,2017-09-29,2020-09-25,,press_release,https://niftyindices.com/Press_Release/ind_prs28082017.pdf,closed by ind_prs20082020.pdf,yurukatsu/nse-historical-membership,index_history/data/index_membership_history.csv,850da8ca193b289fc7471eee28362a7a058f8c2e,explicit_source
NIFTYSMALLCAP250,Nifty Smallcap 250,TIMKEN,2016-04-01,2023-03-31,,snapshot_floor,,closed by ind_prs17022023_1.pdf,yurukatsu/nse-historical-membership,index_history/data/index_membership_history.csv,850da8ca193b289fc7471eee28362a7a058f8c2e,inferred_or_snapshot
NIFTYSMALLCAP250,Nifty Smallcap 250,TIMKEN,2025-03-28,,,press_release,https://niftyindices.com/Press_Release/ind_prs21022025.pdf,,yurukatsu/nse-historical-membership,index_history/data/index_membership_history.csv,850da8ca193b289fc7471eee28362a7a058f8c2e,explicit_source
NIFTYSMALLCAP250,Nifty Smallcap 250,TITAGARH,2024-03-28,,,press_release,https://niftyindices.com/Press_Release/ind_prs28022024.pdf,,yurukatsu/nse-historical-membership,index_history/data/index_membership_history.csv,850da8ca193b289fc7471eee28362a7a058f8c2e,explicit_source
NIFTYSMALLCAP250,Nifty Smallcap 250,TMB,2023-03-31,2023-09-29,,press_release,https://niftyindices.com/Press_Release/ind_prs17022023_1.pdf,closed by ind_prs17082023.pdf,yurukatsu/nse-historical-membership,index_history/data/index_membership_history.csv,850da8ca193b289fc7471eee28362a7a058f8c2e,explicit_source
NIFTYSMALLCAP250,Nifty Smallcap 250,TMB,2024-03-28,2024-09-30,,press_release,https://niftyindices.com/Press_Release/ind_prs28022024.pdf,closed by ind_prs23082024.pdf,yurukatsu/nse-historical-membership,index_history/data/index_membership_history.csv,850da8ca193b289fc7471eee28362a7a058f8c2e,explicit_source
NIFTYSMALLCAP250,Nifty Smallcap 250,TNPL,2016-04-01,2019-09-27,,snapshot_floor,,closed by ind_prs28082019.pdf,yurukatsu/nse-historical-membership,index_history/data/index_membership_history.csv,850da8ca193b289fc7471eee28362a7a058f8c2e,inferred_or_snapshot
NIFTYSMALLCAP250,Nifty Smallcap 250,TRAVELFOOD,2026-03-30,2026-09-30,,press_release,https://niftyindices.com/Press_Release/ind_prs23022026.pdf,,yurukatsu/nse-historical-membership,index_history/data/index_membership_history.csv,850da8ca193b289fc7471eee28362a7a058f8c2e,explicit_source
NIFTYSMALLCAP250,Nifty Smallcap 250,TRIDENT,2016-04-01,2022-03-31,,snapshot_floor,,closed by ind_prs24022022_1.pdf,yurukatsu/nse-historical-membership,index_history/data/index_membership_history.csv,850da8ca193b289fc7471eee28362a7a058f8c2e,inferred_or_snapshot
NIFTYSMALLCAP250,Nifty Smallcap 250,TRIDENT,2024-03-28,,,press_release,https://niftyindices.com/Press_Release/ind_prs28022024.pdf,,yurukatsu/nse-historical-membership,index_history/data/index_membership_history.csv,850da8ca193b289fc7471eee28362a7a058f8c2e,explicit_source
NIFTYSMALLCAP250,Nifty Smallcap 250,TRITURBINE,2016-04-01,2017-09-29,,snapshot_floor,,closed by ind_prs28082017.pdf,yurukatsu/nse-historical-membership,index_history/data/index_membership_history.csv,850da8ca193b289fc7471eee28362a7a058f8c2e,inferred_or_snapshot
NIFTYSMALLCAP250,Nifty Smallcap 250,TRITURBINE,2019-03-29,2019-09-27,,press_release,https://niftyindices.com/Press_Release/ind_prs25022019.pdf,closed by ind_prs28082019.pdf,yurukatsu/nse-historical-membership,index_history/data/index_membership_history.csv,850da8ca193b289fc7471eee28362a7a058f8c2e,explicit_source
NIFTYSMALLCAP250,Nifty Smallcap 250,TRITURBINE,2019-12-27,2020-06-26,,press_release,https://niftyindices.com/Press_Release/ind_prs16122019.pdf,closed by ind_prs10062020.pdf,yurukatsu/nse-historical-membership,index_history/data/index_membership_history.csv,850da8ca193b289fc7471eee28362a7a058f8c2e,explicit_source
NIFTYSMALLCAP250,Nifty Smallcap 250,TRITURBINE,2021-03-31,,,press_release,https://niftyindices.com/Press_Release/ind_prs23022021.pdf,,yurukatsu/nse-historical-membership,index_history/data/index_membership_history.csv,850da8ca193b289fc7471eee28362a7a058f8c2e,explicit_source
NIFTYSMALLCAP250,Nifty Smallcap 250,TRIVENI,2022-05-31,2026-03-30,,press_release,https://niftyindices.com/Press_Release/ind_prs24052022.pdf,closed by ind_prs23022026.pdf,yurukatsu/nse-historical-membership,index_history/data/index_membership_history.csv,850da8ca193b289fc7471eee28362a7a058f8c2e,explicit_source
NIFTYSMALLCAP250,Nifty Smallcap 250,TTKPRESTIG,2018-09-28,2019-09-27,,press_release,https://niftyindices.com/Press_Release/ind_prs28082018.pdf,closed by ind_prs17092019.pdf,yurukatsu/nse-historical-membership,index_history/data/index_membership_history.csv,850da8ca193b289fc7471eee28362a7a058f8c2e,explicit_source
NIFTYSMALLCAP250,Nifty Smallcap 250,TTKPRESTIG,2022-03-31,2024-03-28,,press_release,https://niftyindices.com/Press_Release/ind_prs24022022_1.pdf,closed by ind_prs28022024.pdf,yurukatsu/nse-historical-membership,index_history/data/index_membership_history.csv,850da8ca193b289fc7471eee28362a7a058f8c2e,explicit_source
NIFTYSMALLCAP250,Nifty Smallcap 250,TTML,2021-09-30,2022-03-31,,press_release,https://niftyindices.com/Press_Release/ind_prs15092021.pdf,closed by ind_prs24022022_1.pdf,yurukatsu/nse-historical-membership,index_history/data/index_membership_history.csv,850da8ca193b289fc7471eee28362a7a058f8c2e,explicit_source
NIFTYSMALLCAP250,Nifty Smallcap 250,TTML,2023-09-29,,,press_release,https://niftyindices.com/Press_Release/ind_prs17082023.pdf,,yurukatsu/nse-historical-membership,index_history/data/index_membership_history.csv,850da8ca193b289fc7471eee28362a7a058f8c2e,explicit_source
NIFTYSMALLCAP250,Nifty Smallcap 250,TV18BRDCST,2019-03-29,2024-10-16,,press_release,https://niftyindices.com/Press_Release/ind_prs25022019.pdf,closed by ind_prs10102024.pdf,yurukatsu/nse-historical-membership,index_history/data/index_membership_history.csv,850da8ca193b289fc7471eee28362a7a058f8c2e,explicit_source
NIFTYSMALLCAP250,Nifty Smallcap 250,TVSSCS,2024-03-28,2025-03-28,,press_release,https://niftyindices.com/Press_Release/ind_prs28022024.pdf,closed by ind_prs21022025.pdf,yurukatsu/nse-historical-membership,index_history/data/index_membership_history.csv,850da8ca193b289fc7471eee28362a7a058f8c2e,explicit_source
NIFTYSMALLCAP250,Nifty Smallcap 250,TVSSRICHAK,2016-04-01,2019-03-29,,snapshot_floor,,closed by ind_prs25022019.pdf,yurukatsu/nse-historical-membership,index_history/data/index_membership_history.csv,850da8ca193b289fc7471eee28362a7a058f8c2e,inferred_or_snapshot
NIFTYSMALLCAP250,Nifty Smallcap 250,TVTODAY,2016-04-29,2021-03-31,,press_release,https://niftyindices.com/Press_Release/ind_prs22042016.pdf,closed by ind_prs23022021.pdf,yurukatsu/nse-historical-membership,index_history/data/index_membership_history.csv,850da8ca193b289fc7471eee28362a7a058f8c2e,explicit_source
NIFTYSMALLCAP250,Nifty Smallcap 250,UCOBANK,2016-04-01,2019-09-27,,snapshot_floor,,closed by ind_prs28082019.pdf,yurukatsu/nse-historical-membership,index_history/data/index_membership_history.csv,850da8ca193b289fc7471eee28362a7a058f8c2e,inferred_or_snapshot
NIFTYSMALLCAP250,Nifty Smallcap 250,UCOBANK,2020-09-25,2022-09-30,,press_release,https://niftyindices.com/Press_Release/ind_prs20082020.pdf,closed by ind_prs01092022.pdf,yurukatsu/nse-historical-membership,index_history/data/index_membership_history.csv,850da8ca193b289fc7471eee28362a7a058f8c2e,explicit_source
NIFTYSMALLCAP250,Nifty Smallcap 250,UCOBANK,2022-12-30,2025-09-30,,press_release,https://niftyindices.com/Press_Release/ind_prs06122022.pdf,closed by ind_prs22082025.pdf,yurukatsu/nse-historical-membership,index_history/data/index_membership_history.csv,850da8ca193b289fc7471eee28362a7a058f8c2e,explicit_source
NIFTYSMALLCAP250,Nifty Smallcap 250,UCOBANK,2026-03-30,,,press_release,https://niftyindices.com/Press_Release/ind_prs23022026.pdf,,yurukatsu/nse-historical-membership,index_history/data/index_membership_history.csv,850da8ca193b289fc7471eee28362a7a058f8c2e,explicit_source
NIFTYSMALLCAP250,Nifty Smallcap 250,UFLEX,2016-04-01,2023-09-29,,snapshot_floor,,closed by ind_prs17082023.pdf,yurukatsu/nse-historical-membership,index_history/data/index_membership_history.csv,850da8ca193b289fc7471eee28362a7a058f8c2e,inferred_or_snapshot
NIFTYSMALLCAP250,Nifty Smallcap 250,UJJIVAN,2017-01-23,2022-03-31,,press_release,https://niftyindices.com/Press_Release/ind_prs16012017.pdf,closed by ind_prs24022022_1.pdf,yurukatsu/nse-historical-membership,index_history/data/index_membership_history.csv,850da8ca193b289fc7471eee28362a7a058f8c2e,explicit_source
NIFTYSMALLCAP250,Nifty Smallcap 250,UJJIVANSFB,2020-06-26,2022-03-31,,press_release,https://niftyindices.com/Press_Release/ind_prs10062020.pdf,closed by ind_prs24022022_1.pdf,yurukatsu/nse-historical-membership,index_history/data/index_membership_history.csv,850da8ca193b289fc7471eee28362a7a058f8c2e,explicit_source
NIFTYSMALLCAP250,Nifty Smallcap 250,UJJIVANSFB,2023-09-29,2025-03-28,,press_release,https://niftyindices.com/Press_Release/ind_prs17082023.pdf,closed by ind_prs21022025.pdf,yurukatsu/nse-historical-membership,index_history/data/index_membership_history.csv,850da8ca193b289fc7471eee28362a7a058f8c2e,explicit_source
NIFTYSMALLCAP250,Nifty Smallcap 250,UNICHEMLAB,2016-04-01,2019-03-29,,snapshot_floor,,closed by ind_prs25022019.pdf,yurukatsu/nse-historical-membership,index_history/data/index_membership_history.csv,850da8ca193b289fc7471eee28362a7a058f8c2e,inferred_or_snapshot
NIFTYSMALLCAP250,Nifty Smallcap 250,UNITECH,2016-04-01,2018-09-28,,snapshot_floor,,closed by ind_prs28082018.pdf,yurukatsu/nse-historical-membership,index_history/data/index_membership_history.csv,850da8ca193b289fc7471eee28362a7a058f8c2e,inferred_or_snapshot
NIFTYSMALLCAP250,Nifty Smallcap 250,UNITEDBNK,2017-09-29,2018-04-02,,press_release,https://niftyindices.com/Press_Release/ind_prs28082017.pdf,closed by ind_prs21022018.pdf,yurukatsu/nse-historical-membership,index_history/data/index_membership_history.csv,850da8ca193b289fc7471eee28362a7a058f8c2e,explicit_source
NIFTYSMALLCAP250,Nifty Smallcap 250,UNOMINDA,2017-03-31,2020-06-26,,press_release,https://niftyindices.com/Press_Release/ind_prs16022017.pdf,closed by ind_prs10062020.pdf,yurukatsu/nse-historical-membership,index_history/data/index_membership_history.csv,850da8ca193b289fc7471eee28362a7a058f8c2e,explicit_source
NIFTYSMALLCAP250,Nifty Smallcap 250,URBANCO,2026-03-30,,,press_release,https://niftyindices.com/Press_Release/ind_prs23022026.pdf,,yurukatsu/nse-historical-membership,index_history/data/index_membership_history.csv,850da8ca193b289fc7471eee28362a7a058f8c2e,explicit_source
NIFTYSMALLCAP250,Nifty Smallcap 250,USHAMART,2023-09-29,,,press_release,https://niftyindices.com/Press_Release/ind_prs17082023.pdf,,yurukatsu/nse-historical-membership,index_history/data/index_membership_history.csv,850da8ca193b289fc7471eee28362a7a058f8c2e,explicit_source
NIFTYSMALLCAP250,Nifty Smallcap 250,UTIAMC,2021-03-31,,,press_release,https://niftyindices.com/Press_Release/ind_prs23022021.pdf,,yurukatsu/nse-historical-membership,index_history/data/index_membership_history.csv,850da8ca193b289fc7471eee28362a7a058f8c2e,explicit_source
NIFTYSMALLCAP250,Nifty Smallcap 250,VAIBHAVGBL,2019-09-24,2021-09-30,,press_release,https://niftyindices.com/Press_Release/ind_prs17092019_1.pdf,closed by ind_prs15092021.pdf,yurukatsu/nse-historical-membership,index_history/data/index_membership_history.csv,850da8ca193b289fc7471eee28362a7a058f8c2e,explicit_source
NIFTYSMALLCAP250,Nifty Smallcap 250,VAIBHAVGBL,2022-03-31,2024-09-30,,press_release,https://niftyindices.com/Press_Release/ind_prs24022022_1.pdf,closed by ind_prs23082024.pdf,yurukatsu/nse-historical-membership,index_history/data/index_membership_history.csv,850da8ca193b289fc7471eee28362a7a058f8c2e,explicit_source
NIFTYSMALLCAP250,Nifty Smallcap 250,VAKRANGEE,2019-03-29,2022-09-30,,press_release,https://niftyindices.com/Press_Release/ind_prs25022019.pdf,closed by ind_prs01092022.pdf,yurukatsu/nse-historical-membership,index_history/data/index_membership_history.csv,850da8ca193b289fc7471eee28362a7a058f8c2e,explicit_source
NIFTYSMALLCAP250,Nifty Smallcap 250,VALIANTORG,2021-03-31,2022-03-31,,press_release,https://niftyindices.com/Press_Release/ind_prs23022021.pdf,closed by ind_prs24022022_1.pdf,yurukatsu/nse-historical-membership,index_history/data/index_membership_history.csv,850da8ca193b289fc7471eee28362a7a058f8c2e,explicit_source
NIFTYSMALLCAP250,Nifty Smallcap 250,VARROC,2020-06-26,2025-03-28,,press_release,https://niftyindices.com/Press_Release/ind_prs10062020.pdf,closed by ind_prs21022025.pdf,yurukatsu/nse-historical-membership,index_history/data/index_membership_history.csv,850da8ca193b289fc7471eee28362a7a058f8c2e,explicit_source
NIFTYSMALLCAP250,Nifty Smallcap 250,VBL,2017-05-26,2017-09-29,,press_release,https://niftyindices.com/Press_Release/ind_prs27042017.pdf,closed by ind_prs28082017.pdf,yurukatsu/nse-historical-membership,index_history/data/index_membership_history.csv,850da8ca193b289fc7471eee28362a7a058f8c2e,explicit_source
NIFTYSMALLCAP250,Nifty Smallcap 250,VEDPOWER,2026-09-30,,,NSE/Nifty press release,https://www.niftyindices.com/Press_Release/ind_prs10082026.pdf,Official event overlay: Semi-annual broad-market review,,,,official_event_overlay
NIFTYSMALLCAP250,Nifty Smallcap 250,VENKEYS,2018-09-28,2022-09-30,,press_release,https://niftyindices.com/Press_Release/ind_prs28082018.pdf,closed by ind_prs01092022.pdf,yurukatsu/nse-historical-membership,index_history/data/index_membership_history.csv,850da8ca193b289fc7471eee28362a7a058f8c2e,explicit_source
NIFTYSMALLCAP250,Nifty Smallcap 250,VENTIVE,2025-09-30,2026-03-30,,press_release,https://niftyindices.com/Press_Release/ind_prs22082025.pdf,closed by ind_prs23022026.pdf,yurukatsu/nse-historical-membership,index_history/data/index_membership_history.csv,850da8ca193b289fc7471eee28362a7a058f8c2e,explicit_source
NIFTYSMALLCAP250,Nifty Smallcap 250,VESUVIUS,2017-09-29,2018-04-02,,press_release,https://niftyindices.com/Press_Release/ind_prs28082017.pdf,closed by ind_prs21022018.pdf,yurukatsu/nse-historical-membership,index_history/data/index_membership_history.csv,850da8ca193b289fc7471eee28362a7a058f8c2e,explicit_source
NIFTYSMALLCAP250,Nifty Smallcap 250,VESUVIUS,2020-06-26,2020-09-25,,press_release,https://niftyindices.com/Press_Release/ind_prs10062020.pdf,closed by ind_prs20082020.pdf,yurukatsu/nse-historical-membership,index_history/data/index_membership_history.csv,850da8ca193b289fc7471eee28362a7a058f8c2e,explicit_source
NIFTYSMALLCAP250,Nifty Smallcap 250,VGUARD,2016-04-01,2017-09-29,,snapshot_floor,,closed by ind_prs28082017.pdf,yurukatsu/nse-historical-membership,index_history/data/index_membership_history.csv,850da8ca193b289fc7471eee28362a7a058f8c2e,inferred_or_snapshot
NIFTYSMALLCAP250,Nifty Smallcap 250,VGUARD,2021-09-30,2026-03-30,,press_release,https://niftyindices.com/Press_Release/ind_prs15092021.pdf,closed by ind_prs23022026.pdf,yurukatsu/nse-historical-membership,index_history/data/index_membership_history.csv,850da8ca193b289fc7471eee28362a7a058f8c2e,explicit_source
NIFTYSMALLCAP250,Nifty Smallcap 250,VIJAYA,2022-03-31,,,press_release,https://niftyindices.com/Press_Release/ind_prs24022022_1.pdf,,yurukatsu/nse-historical-membership,index_history/data/index_membership_history.csv,850da8ca193b289fc7471eee28362a7a058f8c2e,explicit_source
NIFTYSMALLCAP250,Nifty Smallcap 250,VIJAYABANK,2016-04-01,2017-09-29,,snapshot_floor,,closed by ind_prs28082017.pdf,yurukatsu/nse-historical-membership,index_history/data/index_membership_history.csv,850da8ca193b289fc7471eee28362a7a058f8c2e,inferred_or_snapshot
NIFTYSMALLCAP250,Nifty Smallcap 250,VIJAYABANK,2018-04-02,2019-01-28,,press_release,https://niftyindices.com/Press_Release/ind_prs21022018.pdf,closed by ind_prs21012019.pdf,yurukatsu/nse-historical-membership,index_history/data/index_membership_history.csv,850da8ca193b289fc7471eee28362a7a058f8c2e,explicit_source
NIFTYSMALLCAP250,Nifty Smallcap 250,VINATIORGA,2016-04-01,2019-09-27,,snapshot_floor,,closed by ind_prs28082019.pdf,yurukatsu/nse-historical-membership,index_history/data/index_membership_history.csv,850da8ca193b289fc7471eee28362a7a058f8c2e,inferred_or_snapshot
NIFTYSMALLCAP250,Nifty Smallcap 250,VINATIORGA,2024-09-30,2025-03-28,,press_release,https://niftyindices.com/Press_Release/ind_prs23082024.pdf,closed by ind_prs21022025.pdf,yurukatsu/nse-historical-membership,index_history/data/index_membership_history.csv,850da8ca193b289fc7471eee28362a7a058f8c2e,explicit_source
NIFTYSMALLCAP250,Nifty Smallcap 250,VIPIND,2016-04-01,2025-03-28,,snapshot_floor,,closed by ind_prs21022025.pdf,yurukatsu/nse-historical-membership,index_history/data/index_membership_history.csv,850da8ca193b289fc7471eee28362a7a058f8c2e,inferred_or_snapshot
NIFTYSMALLCAP250,Nifty Smallcap 250,VISL,2026-09-30,,,NSE/Nifty press release,https://www.niftyindices.com/Press_Release/ind_prs10082026.pdf,Official event overlay: Semi-annual broad-market review,,,,official_event_overlay
NIFTYSMALLCAP250,Nifty Smallcap 250,VMART,2018-09-28,2024-03-28,,press_release,https://niftyindices.com/Press_Release/ind_prs28082018.pdf,closed by ind_prs28022024.pdf,yurukatsu/nse-historical-membership,index_history/data/index_membership_history.csv,850da8ca193b289fc7471eee28362a7a058f8c2e,explicit_source
NIFTYSMALLCAP250,Nifty Smallcap 250,VOGL,2026-09-30,,,NSE/Nifty press release,https://www.niftyindices.com/Press_Release/ind_prs10082026.pdf,Official event overlay: Semi-annual broad-market review,,,,official_event_overlay
NIFTYSMALLCAP250,Nifty Smallcap 250,VRLLOG,2016-04-01,2021-03-31,,snapshot_floor,,closed by ind_prs23022021.pdf,yurukatsu/nse-historical-membership,index_history/data/index_membership_history.csv,850da8ca193b289fc7471eee28362a7a058f8c2e,inferred_or_snapshot
NIFTYSMALLCAP250,Nifty Smallcap 250,VSTIND,2016-04-01,2017-09-29,,snapshot_floor,,closed by ind_prs28082017.pdf,yurukatsu/nse-historical-membership,index_history/data/index_membership_history.csv,850da8ca193b289fc7471eee28362a7a058f8c2e,inferred_or_snapshot
NIFTYSMALLCAP250,Nifty Smallcap 250,VSTIND,2019-03-29,2021-09-30,,press_release,https://niftyindices.com/Press_Release/ind_prs25022019.pdf,closed by ind_prs15092021.pdf,yurukatsu/nse-historical-membership,index_history/data/index_membership_history.csv,850da8ca193b289fc7471eee28362a7a058f8c2e,explicit_source
NIFTYSMALLCAP250,Nifty Smallcap 250,VTL,2018-04-02,,,press_release,https://niftyindices.com/Press_Release/ind_prs21022018.pdf,,yurukatsu/nse-historical-membership,index_history/data/index_membership_history.csv,850da8ca193b289fc7471eee28362a7a058f8c2e,explicit_source
NIFTYSMALLCAP250,Nifty Smallcap 250,WABAG,2016-04-01,2020-06-26,,snapshot_floor,,closed by ind_prs10062020.pdf,yurukatsu/nse-historical-membership,index_history/data/index_membership_history.csv,850da8ca193b289fc7471eee28362a7a058f8c2e,inferred_or_snapshot
NIFTYSMALLCAP250,Nifty Smallcap 250,WELCORP,2016-04-01,,,snapshot_floor,,,yurukatsu/nse-historical-membership,index_history/data/index_membership_history.csv,850da8ca193b289fc7471eee28362a7a058f8c2e,inferred_or_snapshot
NIFTYSMALLCAP250,Nifty Smallcap 250,WELSPUNIND,2018-04-02,2018-09-30,,press_release,https://niftyindices.com/Press_Release/ind_prs21022018.pdf,"inferred-exclude: not in NSE current snapshot, no PR found (closed at next semi-annual review)",yurukatsu/nse-historical-membership,index_history/data/index_membership_history.csv,850da8ca193b289fc7471eee28362a7a058f8c2e,explicit_source
NIFTYSMALLCAP250,Nifty Smallcap 250,WELSPUNLIV,2016-04-01,,,snapshot_floor,,,yurukatsu/nse-historical-membership,index_history/data/index_membership_history.csv,850da8ca193b289fc7471eee28362a7a058f8c2e,inferred_or_snapshot
NIFTYSMALLCAP250,Nifty Smallcap 250,WESTLIFE,2019-12-27,2025-09-30,,press_release,https://niftyindices.com/Press_Release/ind_prs16122019.pdf,closed by ind_prs22082025.pdf,yurukatsu/nse-historical-membership,index_history/data/index_membership_history.csv,850da8ca193b289fc7471eee28362a7a058f8c2e,explicit_source
NIFTYSMALLCAP250,Nifty Smallcap 250,WHIRLPOOL,2024-03-28,,,press_release,https://niftyindices.com/Press_Release/ind_prs28022024.pdf,,yurukatsu/nse-historical-membership,index_history/data/index_membership_history.csv,850da8ca193b289fc7471eee28362a7a058f8c2e,explicit_source
NIFTYSMALLCAP250,Nifty Smallcap 250,WOCKPHARMA,2018-09-28,2023-03-31,,press_release,https://niftyindices.com/Press_Release/ind_prs28082018.pdf,closed by ind_prs17022023_1.pdf,yurukatsu/nse-historical-membership,index_history/data/index_membership_history.csv,850da8ca193b289fc7471eee28362a7a058f8c2e,explicit_source
NIFTYSMALLCAP250,Nifty Smallcap 250,WOCKPHARMA,2025-03-28,,,press_release,https://niftyindices.com/Press_Release/ind_prs21022025.pdf,,yurukatsu/nse-historical-membership,index_history/data/index_membership_history.csv,850da8ca193b289fc7471eee28362a7a058f8c2e,explicit_source
NIFTYSMALLCAP250,Nifty Smallcap 250,WONDERLA,2016-04-01,2017-09-29,,snapshot_floor,,closed by ind_prs28082017.pdf,yurukatsu/nse-historical-membership,index_history/data/index_membership_history.csv,850da8ca193b289fc7471eee28362a7a058f8c2e,inferred_or_snapshot
NIFTYSMALLCAP250,Nifty Smallcap 250,ZEEL,2024-09-30,,,press_release,https://niftyindices.com/Press_Release/ind_prs23082024.pdf,,yurukatsu/nse-historical-membership,index_history/data/index_membership_history.csv,850da8ca193b289fc7471eee28362a7a058f8c2e,explicit_source
NIFTYSMALLCAP250,Nifty Smallcap 250,ZEELEARN,2016-04-01,2018-09-28,,snapshot_floor,,closed by ind_prs28082018.pdf,yurukatsu/nse-historical-membership,index_history/data/index_membership_history.csv,850da8ca193b289fc7471eee28362a7a058f8c2e,inferred_or_snapshot
NIFTYSMALLCAP250,Nifty Smallcap 250,ZENSARTECH,2016-04-01,2018-04-02,,snapshot_floor,,closed by ind_prs21022018.pdf,yurukatsu/nse-historical-membership,index_history/data/index_membership_history.csv,850da8ca193b289fc7471eee28362a7a058f8c2e,inferred_or_snapshot
NIFTYSMALLCAP250,Nifty Smallcap 250,ZENSARTECH,2018-09-28,,,press_release,https://niftyindices.com/Press_Release/ind_prs28082018.pdf,,yurukatsu/nse-historical-membership,index_history/data/index_membership_history.csv,850da8ca193b289fc7471eee28362a7a058f8c2e,explicit_source
NIFTYSMALLCAP250,Nifty Smallcap 250,ZENTEC,2025-03-28,,,press_release,https://niftyindices.com/Press_Release/ind_prs21022025.pdf,,yurukatsu/nse-historical-membership,index_history/data/index_membership_history.csv,850da8ca193b289fc7471eee28362a7a058f8c2e,explicit_source
NIFTYSMALLCAP250,Nifty Smallcap 250,ZFCVINDIA,2021-03-31,2021-09-30,,press_release,https://niftyindices.com/Press_Release/ind_prs23022021.pdf,closed by ind_prs15092021.pdf,yurukatsu/nse-historical-membership,index_history/data/index_membership_history.csv,850da8ca193b289fc7471eee28362a7a058f8c2e,explicit_source
NIFTYSMALLCAP250,Nifty Smallcap 250,ZFCVINDIA,2025-03-28,,,press_release,https://niftyindices.com/Press_Release/ind_prs21022025.pdf,,yurukatsu/nse-historical-membership,index_history/data/index_membership_history.csv,850da8ca193b289fc7471eee28362a7a058f8c2e,explicit_source
NIFTYSMALLCAP250,Nifty Smallcap 250,ZYDUSWELL,2016-04-01,2017-09-29,,snapshot_floor,,closed by ind_prs28082017.pdf,yurukatsu/nse-historical-membership,index_history/data/index_membership_history.csv,850da8ca193b289fc7471eee28362a7a058f8c2e,inferred_or_snapshot
NIFTYSMALLCAP250,Nifty Smallcap 250,ZYDUSWELL,2018-09-28,2020-09-25,,press_release,https://niftyindices.com/Press_Release/ind_prs28082018.pdf,closed by ind_prs20082020.pdf,yurukatsu/nse-historical-membership,index_history/data/index_membership_history.csv,850da8ca193b289fc7471eee28362a7a058f8c2e,explicit_source
NIFTYSMALLCAP250,Nifty Smallcap 250,ZYDUSWELL,2022-03-31,2024-03-28,,press_release,https://niftyindices.com/Press_Release/ind_prs24022022_1.pdf,closed by ind_prs28022024.pdf,yurukatsu/nse-historical-membership,index_history/data/index_membership_history.csv,850da8ca193b289fc7471eee28362a7a058f8c2e,explicit_source
NIFTYSMALLCAP250,Nifty Smallcap 250,ZYDUSWELL,2026-03-30,,,press_release,https://niftyindices.com/Press_Release/ind_prs23022026.pdf,,yurukatsu/nse-historical-membership,index_history/data/index_membership_history.csv,850da8ca193b289fc7471eee28362a7a058f8c2e,explicit_source
