index,event_announcement_date,effective_date,action,symbol,source_url,source_type,confidence,notes,canonical_effect
NIFTYMICROCAP250,2025-08-22,2025-09-30,REMOVE,WONDERLA,https://niftyindices.com/Press_Release/ind_prs22082025.pdf,NSE/Nifty press release,OFFICIAL_PRIMARY,Parsed from official 2025-08-22 broad-market review release,REAL
NIFTYMICROCAP250,2025-08-22,2025-09-30,REMOVE,VENUSPIPES,https://niftyindices.com/Press_Release/ind_prs22082025.pdf,NSE/Nifty press release,OFFICIAL_PRIMARY,Parsed from official 2025-08-22 broad-market review release,REAL
NIFTYMICROCAP250,2025-08-22,2025-09-30,REMOVE,VENTIVE,https://niftyindices.com/Press_Release/ind_prs22082025.pdf,NSE/Nifty press release,OFFICIAL_PRIMARY,Parsed from official 2025-08-22 broad-market review release,REAL
NIFTYMICROCAP250,2025-08-22,2025-09-30,REMOVE,TIRUMALCHM,https://niftyindices.com/Press_Release/ind_prs22082025.pdf,NSE/Nifty press release,OFFICIAL_PRIMARY,Parsed from official 2025-08-22 broad-market review release,REAL
NIFTYMICROCAP250,2025-08-22,2025-09-30,REMOVE,TIIL,https://niftyindices.com/Press_Release/ind_prs22082025.pdf,NSE/Nifty press release,OFFICIAL_PRIMARY,Parsed from official 2025-08-22 broad-market review release,REAL
NIFTYMICROCAP250,2025-08-22,2025-09-30,REMOVE,SUPRAJIT,https://niftyindices.com/Press_Release/ind_prs22082025.pdf,NSE/Nifty press release,OFFICIAL_PRIMARY,Parsed from official 2025-08-22 broad-market review release,REAL
NIFTYMICROCAP250,2025-08-22,2025-09-30,REMOVE,SULA,https://niftyindices.com/Press_Release/ind_prs22082025.pdf,NSE/Nifty press release,OFFICIAL_PRIMARY,Parsed from official 2025-08-22 broad-market review release,REAL
NIFTYMICROCAP250,2025-08-22,2025-09-30,REMOVE,STYLAMIND,https://niftyindices.com/Press_Release/ind_prs22082025.pdf,NSE/Nifty press release,OFFICIAL_PRIMARY,Parsed from official 2025-08-22 broad-market review release,REAL
NIFTYMICROCAP250,2025-08-22,2025-09-30,REMOVE,SPANDANA,https://niftyindices.com/Press_Release/ind_prs22082025.pdf,NSE/Nifty press release,OFFICIAL_PRIMARY,Parsed from official 2025-08-22 broad-market review release,REAL
NIFTYMICROCAP250,2025-08-22,2025-09-30,REMOVE,SHOPERSTOP,https://niftyindices.com/Press_Release/ind_prs22082025.pdf,NSE/Nifty press release,OFFICIAL_PRIMARY,Parsed from official 2025-08-22 broad-market review release,REAL
NIFTYMICROCAP250,2025-08-22,2025-09-30,REMOVE,SBCL,https://niftyindices.com/Press_Release/ind_prs22082025.pdf,NSE/Nifty press release,OFFICIAL_PRIMARY,Parsed from official 2025-08-22 broad-market review release,REAL
NIFTYMICROCAP250,2025-08-22,2025-09-30,REMOVE,ROSSARI,https://niftyindices.com/Press_Release/ind_prs22082025.pdf,NSE/Nifty press release,OFFICIAL_PRIMARY,Parsed from official 2025-08-22 broad-market review release,REAL
NIFTYMICROCAP250,2025-08-22,2025-09-30,REMOVE,RESPONIND,https://niftyindices.com/Press_Release/ind_prs22082025.pdf,NSE/Nifty press release,OFFICIAL_PRIMARY,Parsed from official 2025-08-22 broad-market review release,REAL
NIFTYMICROCAP250,2025-08-22,2025-09-30,REMOVE,REDTAPE,https://niftyindices.com/Press_Release/ind_prs22082025.pdf,NSE/Nifty press release,OFFICIAL_PRIMARY,Parsed from official 2025-08-22 broad-market review release,REAL
NIFTYMICROCAP250,2025-08-22,2025-09-30,REMOVE,PAISALO,https://niftyindices.com/Press_Release/ind_prs22082025.pdf,NSE/Nifty press release,OFFICIAL_PRIMARY,Parsed from official 2025-08-22 broad-market review release,REAL
NIFTYMICROCAP250,2025-08-22,2025-09-30,REMOVE,ORISSAMINE,https://niftyindices.com/Press_Release/ind_prs22082025.pdf,NSE/Nifty press release,OFFICIAL_PRIMARY,Parsed from official 2025-08-22 broad-market review release,REAL
NIFTYMICROCAP250,2025-08-22,2025-09-30,REMOVE,NUVOCO,https://niftyindices.com/Press_Release/ind_prs22082025.pdf,NSE/Nifty press release,OFFICIAL_PRIMARY,Parsed from official 2025-08-22 broad-market review release,REAL
NIFTYMICROCAP250,2025-08-22,2025-09-30,REMOVE,NOCIL,https://niftyindices.com/Press_Release/ind_prs22082025.pdf,NSE/Nifty press release,OFFICIAL_PRIMARY,Parsed from official 2025-08-22 broad-market review release,REAL
NIFTYMICROCAP250,2025-08-22,2025-09-30,REMOVE,MAHSCOOTER,https://niftyindices.com/Press_Release/ind_prs22082025.pdf,NSE/Nifty press release,OFFICIAL_PRIMARY,Parsed from official 2025-08-22 broad-market review release,REAL
NIFTYMICROCAP250,2025-08-22,2025-09-30,REMOVE,KSB,https://niftyindices.com/Press_Release/ind_prs22082025.pdf,NSE/Nifty press release,OFFICIAL_PRIMARY,Parsed from official 2025-08-22 broad-market review release,REAL
NIFTYMICROCAP250,2025-08-22,2025-09-30,REMOVE,JTLIND,https://niftyindices.com/Press_Release/ind_prs22082025.pdf,NSE/Nifty press release,OFFICIAL_PRIMARY,Parsed from official 2025-08-22 broad-market review release,REAL
NIFTYMICROCAP250,2025-08-22,2025-09-30,REMOVE,JAICORPLTD,https://niftyindices.com/Press_Release/ind_prs22082025.pdf,NSE/Nifty press release,OFFICIAL_PRIMARY,Parsed from official 2025-08-22 broad-market review release,REAL
NIFTYMICROCAP250,2025-08-22,2025-09-30,REMOVE,HEIDELBERG,https://niftyindices.com/Press_Release/ind_prs22082025.pdf,NSE/Nifty press release,OFFICIAL_PRIMARY,Parsed from official 2025-08-22 broad-market review release,REAL
NIFTYMICROCAP250,2025-08-22,2025-09-30,REMOVE,HATHWAY,https://niftyindices.com/Press_Release/ind_prs22082025.pdf,NSE/Nifty press release,OFFICIAL_PRIMARY,Parsed from official 2025-08-22 broad-market review release,REAL
NIFTYMICROCAP250,2025-08-22,2025-09-30,REMOVE,GREENPLY,https://niftyindices.com/Press_Release/ind_prs22082025.pdf,NSE/Nifty press release,OFFICIAL_PRIMARY,Parsed from official 2025-08-22 broad-market review release,REAL
NIFTYMICROCAP250,2025-08-22,2025-09-30,REMOVE,GOPAL,https://niftyindices.com/Press_Release/ind_prs22082025.pdf,NSE/Nifty press release,OFFICIAL_PRIMARY,Parsed from official 2025-08-22 broad-market review release,REAL
NIFTYMICROCAP250,2025-08-22,2025-09-30,REMOVE,FORCEMOT,https://niftyindices.com/Press_Release/ind_prs22082025.pdf,NSE/Nifty press release,OFFICIAL_PRIMARY,Parsed from official 2025-08-22 broad-market review release,REAL
NIFTYMICROCAP250,2025-08-22,2025-09-30,REMOVE,FCL,https://niftyindices.com/Press_Release/ind_prs22082025.pdf,NSE/Nifty press release,OFFICIAL_PRIMARY,Parsed from official 2025-08-22 broad-market review release,REAL
NIFTYMICROCAP250,2025-08-22,2025-09-30,REMOVE,DCXINDIA,https://niftyindices.com/Press_Release/ind_prs22082025.pdf,NSE/Nifty press release,OFFICIAL_PRIMARY,Parsed from official 2025-08-22 broad-market review release,REAL
NIFTYMICROCAP250,2025-08-22,2025-09-30,REMOVE,CHOICEIN,https://niftyindices.com/Press_Release/ind_prs22082025.pdf,NSE/Nifty press release,OFFICIAL_PRIMARY,Parsed from official 2025-08-22 broad-market review release,REAL
NIFTYMICROCAP250,2025-08-22,2025-09-30,REMOVE,CHEMPLASTS,https://niftyindices.com/Press_Release/ind_prs22082025.pdf,NSE/Nifty press release,OFFICIAL_PRIMARY,Parsed from official 2025-08-22 broad-market review release,REAL
NIFTYMICROCAP250,2025-08-22,2025-09-30,REMOVE,BOROLTD,https://niftyindices.com/Press_Release/ind_prs22082025.pdf,NSE/Nifty press release,OFFICIAL_PRIMARY,Parsed from official 2025-08-22 broad-market review release,REAL
NIFTYMICROCAP250,2025-08-22,2025-09-30,REMOVE,BOMDYEING,https://niftyindices.com/Press_Release/ind_prs22082025.pdf,NSE/Nifty press release,OFFICIAL_PRIMARY,Parsed from official 2025-08-22 broad-market review release,REAL
NIFTYMICROCAP250,2025-08-22,2025-09-30,REMOVE,BLUEJET,https://niftyindices.com/Press_Release/ind_prs22082025.pdf,NSE/Nifty press release,OFFICIAL_PRIMARY,Parsed from official 2025-08-22 broad-market review release,REAL
NIFTYMICROCAP250,2025-08-22,2025-09-30,REMOVE,BEPL,https://niftyindices.com/Press_Release/ind_prs22082025.pdf,NSE/Nifty press release,OFFICIAL_PRIMARY,Parsed from official 2025-08-22 broad-market review release,REAL
NIFTYMICROCAP250,2025-08-22,2025-09-30,REMOVE,BANSALWIRE,https://niftyindices.com/Press_Release/ind_prs22082025.pdf,NSE/Nifty press release,OFFICIAL_PRIMARY,Parsed from official 2025-08-22 broad-market review release,REAL
NIFTYMICROCAP250,2025-08-22,2025-09-30,REMOVE,BAJAJHIND,https://niftyindices.com/Press_Release/ind_prs22082025.pdf,NSE/Nifty press release,OFFICIAL_PRIMARY,Parsed from official 2025-08-22 broad-market review release,REAL
NIFTYMICROCAP250,2025-08-22,2025-09-30,REMOVE,AKZOINDIA,https://niftyindices.com/Press_Release/ind_prs22082025.pdf,NSE/Nifty press release,OFFICIAL_PRIMARY,Parsed from official 2025-08-22 broad-market review release,REAL
NIFTYMICROCAP250,2025-08-22,2025-09-30,REMOVE,AVL,https://niftyindices.com/Press_Release/ind_prs22082025.pdf,NSE/Nifty press release,OFFICIAL_PRIMARY,Parsed from official 2025-08-22 broad-market review release,REAL
NIFTYSMALLCAP250,2025-08-22,2025-09-30,REMOVE,WESTLIFE,https://niftyindices.com/Press_Release/ind_prs22082025.pdf,NSE/Nifty press release,OFFICIAL_PRIMARY,Parsed from official 2025-08-22 broad-market review release,REAL
NIFTYSMALLCAP250,2025-08-22,2025-09-30,REMOVE,UCOBANK,https://niftyindices.com/Press_Release/ind_prs22082025.pdf,NSE/Nifty press release,OFFICIAL_PRIMARY,Parsed from official 2025-08-22 broad-market review release,REAL
NIFTYSMALLCAP250,2025-08-22,2025-09-30,REMOVE,TANLA,https://niftyindices.com/Press_Release/ind_prs22082025.pdf,NSE/Nifty press release,OFFICIAL_PRIMARY,Parsed from official 2025-08-22 broad-market review release,REAL
NIFTYSMALLCAP250,2025-08-22,2025-09-30,REMOVE,SWSOLAR,https://niftyindices.com/Press_Release/ind_prs22082025.pdf,NSE/Nifty press release,OFFICIAL_PRIMARY,Parsed from official 2025-08-22 broad-market review release,REAL
NIFTYSMALLCAP250,2025-08-22,2025-09-30,REMOVE,RENUKA,https://niftyindices.com/Press_Release/ind_prs22082025.pdf,NSE/Nifty press release,OFFICIAL_PRIMARY,Parsed from official 2025-08-22 broad-market review release,REAL
NIFTYSMALLCAP250,2025-08-22,2025-09-30,REMOVE,ROUTE,https://niftyindices.com/Press_Release/ind_prs22082025.pdf,NSE/Nifty press release,OFFICIAL_PRIMARY,Parsed from official 2025-08-22 broad-market review release,REAL
NIFTYSMALLCAP250,2025-08-22,2025-09-30,REMOVE,RAYMOND,https://niftyindices.com/Press_Release/ind_prs22082025.pdf,NSE/Nifty press release,OFFICIAL_PRIMARY,Parsed from official 2025-08-22 broad-market review release,REAL
NIFTYSMALLCAP250,2025-08-22,2025-09-30,REMOVE,RAYMONDLSL,https://niftyindices.com/Press_Release/ind_prs22082025.pdf,NSE/Nifty press release,OFFICIAL_PRIMARY,Parsed from official 2025-08-22 broad-market review release,REAL
NIFTYSMALLCAP250,2025-08-22,2025-09-30,REMOVE,RTNINDIA,https://niftyindices.com/Press_Release/ind_prs22082025.pdf,NSE/Nifty press release,OFFICIAL_PRIMARY,Parsed from official 2025-08-22 broad-market review release,REAL
NIFTYSMALLCAP250,2025-08-22,2025-09-30,REMOVE,PNCINFRA,https://niftyindices.com/Press_Release/ind_prs22082025.pdf,NSE/Nifty press release,OFFICIAL_PRIMARY,Parsed from official 2025-08-22 broad-market review release,REAL
NIFTYSMALLCAP250,2025-08-22,2025-09-30,REMOVE,NETWORK18,https://niftyindices.com/Press_Release/ind_prs22082025.pdf,NSE/Nifty press release,OFFICIAL_PRIMARY,Parsed from official 2025-08-22 broad-market review release,REAL
NIFTYSMALLCAP250,2025-08-22,2025-09-30,REMOVE,MASTEK,https://niftyindices.com/Press_Release/ind_prs22082025.pdf,NSE/Nifty press release,OFFICIAL_PRIMARY,Parsed from official 2025-08-22 broad-market review release,REAL
NIFTYSMALLCAP250,2025-08-22,2025-09-30,REMOVE,KNRCON,https://niftyindices.com/Press_Release/ind_prs22082025.pdf,NSE/Nifty press release,OFFICIAL_PRIMARY,Parsed from official 2025-08-22 broad-market review release,REAL
NIFTYSMALLCAP250,2025-08-22,2025-09-30,REMOVE,KANSAINER,https://niftyindices.com/Press_Release/ind_prs22082025.pdf,NSE/Nifty press release,OFFICIAL_PRIMARY,Parsed from official 2025-08-22 broad-market review release,REAL
NIFTYSMALLCAP250,2025-08-22,2025-09-30,REMOVE,JUSTDIAL,https://niftyindices.com/Press_Release/ind_prs22082025.pdf,NSE/Nifty press release,OFFICIAL_PRIMARY,Parsed from official 2025-08-22 broad-market review release,REAL
NIFTYSMALLCAP250,2025-08-22,2025-09-30,REMOVE,JSWHL,https://niftyindices.com/Press_Release/ind_prs22082025.pdf,NSE/Nifty press release,OFFICIAL_PRIMARY,Parsed from official 2025-08-22 broad-market review release,REAL
NIFTYSMALLCAP250,2025-08-22,2025-09-30,REMOVE,IOB,https://niftyindices.com/Press_Release/ind_prs22082025.pdf,NSE/Nifty press release,OFFICIAL_PRIMARY,Parsed from official 2025-08-22 broad-market review release,REAL
NIFTYSMALLCAP250,2025-08-22,2025-09-30,REMOVE,IDBI,https://niftyindices.com/Press_Release/ind_prs22082025.pdf,NSE/Nifty press release,OFFICIAL_PRIMARY,Parsed from official 2025-08-22 broad-market review release,REAL
NIFTYSMALLCAP250,2025-08-22,2025-09-30,REMOVE,GPPL,https://niftyindices.com/Press_Release/ind_prs22082025.pdf,NSE/Nifty press release,OFFICIAL_PRIMARY,Parsed from official 2025-08-22 broad-market review release,REAL
NIFTYSMALLCAP250,2025-08-22,2025-09-30,REMOVE,GNFC,https://niftyindices.com/Press_Release/ind_prs22082025.pdf,NSE/Nifty press release,OFFICIAL_PRIMARY,Parsed from official 2025-08-22 broad-market review release,REAL
NIFTYSMALLCAP250,2025-08-22,2025-09-30,REMOVE,GODFRYPHLP,https://niftyindices.com/Press_Release/ind_prs22082025.pdf,NSE/Nifty press release,OFFICIAL_PRIMARY,Parsed from official 2025-08-22 broad-market review release,REAL
NIFTYSMALLCAP250,2025-08-22,2025-09-30,REMOVE,FACT,https://niftyindices.com/Press_Release/ind_prs22082025.pdf,NSE/Nifty press release,OFFICIAL_PRIMARY,Parsed from official 2025-08-22 broad-market review release,REAL
NIFTYSMALLCAP250,2025-08-22,2025-09-30,REMOVE,ALIVUS,https://niftyindices.com/Press_Release/ind_prs22082025.pdf,NSE/Nifty press release,OFFICIAL_PRIMARY,Parsed from official 2025-08-22 broad-market review release,REAL
NIFTYMIDCAP150,2025-08-22,2025-09-30,REMOVE,SUNTV,https://niftyindices.com/Press_Release/ind_prs22082025.pdf,NSE/Nifty press release,OFFICIAL_PRIMARY,Parsed from official 2025-08-22 broad-market review release,REAL
NIFTYMIDCAP150,2025-08-22,2025-09-30,REMOVE,STARHEALTH,https://niftyindices.com/Press_Release/ind_prs22082025.pdf,NSE/Nifty press release,OFFICIAL_PRIMARY,Parsed from official 2025-08-22 broad-market review release,REAL
NIFTYMIDCAP150,2025-08-22,2025-09-30,REMOVE,SOLARINDS,https://niftyindices.com/Press_Release/ind_prs22082025.pdf,NSE/Nifty press release,OFFICIAL_PRIMARY,Parsed from official 2025-08-22 broad-market review release,REAL
NIFTYMIDCAP150,2025-08-22,2025-09-30,REMOVE,OLAELEC,https://niftyindices.com/Press_Release/ind_prs22082025.pdf,NSE/Nifty press release,OFFICIAL_PRIMARY,Parsed from official 2025-08-22 broad-market review release,REAL
NIFTYMIDCAP150,2025-08-22,2025-09-30,REMOVE,MSUMI,https://niftyindices.com/Press_Release/ind_prs22082025.pdf,NSE/Nifty press release,OFFICIAL_PRIMARY,Parsed from official 2025-08-22 broad-market review release,REAL
NIFTYMIDCAP150,2025-08-22,2025-09-30,REMOVE,MAZDOCK,https://niftyindices.com/Press_Release/ind_prs22082025.pdf,NSE/Nifty press release,OFFICIAL_PRIMARY,Parsed from official 2025-08-22 broad-market review release,REAL
NIFTYMIDCAP150,2025-08-22,2025-09-30,REMOVE,MAXHEALTH,https://niftyindices.com/Press_Release/ind_prs22082025.pdf,NSE/Nifty press release,OFFICIAL_PRIMARY,Parsed from official 2025-08-22 broad-market review release,REAL
NIFTYMIDCAP150,2025-08-22,2025-09-30,REMOVE,MRPL,https://niftyindices.com/Press_Release/ind_prs22082025.pdf,NSE/Nifty press release,OFFICIAL_PRIMARY,Parsed from official 2025-08-22 broad-market review release,REAL
NIFTYMIDCAP150,2025-08-22,2025-09-30,REMOVE,HINDZINC,https://niftyindices.com/Press_Release/ind_prs22082025.pdf,NSE/Nifty press release,OFFICIAL_PRIMARY,Parsed from official 2025-08-22 broad-market review release,REAL
NIFTYMIDCAP150,2025-08-22,2025-09-30,REMOVE,GLAND,https://niftyindices.com/Press_Release/ind_prs22082025.pdf,NSE/Nifty press release,OFFICIAL_PRIMARY,Parsed from official 2025-08-22 broad-market review release,REAL
NIFTYMIDCAP150,2025-08-22,2025-09-30,REMOVE,EMAMILTD,https://niftyindices.com/Press_Release/ind_prs22082025.pdf,NSE/Nifty press release,OFFICIAL_PRIMARY,Parsed from official 2025-08-22 broad-market review release,REAL
NIFTYMIDCAP150,2025-08-22,2025-09-30,REMOVE,BANDHANBNK,https://niftyindices.com/Press_Release/ind_prs22082025.pdf,NSE/Nifty press release,OFFICIAL_PRIMARY,Parsed from official 2025-08-22 broad-market review release,REAL
NIFTYMIDCAP150,2025-08-22,2025-09-30,REMOVE,ABFRL,https://niftyindices.com/Press_Release/ind_prs22082025.pdf,NSE/Nifty press release,OFFICIAL_PRIMARY,Parsed from official 2025-08-22 broad-market review release,REAL
NIFTYNEXT50,2025-08-22,2025-09-30,REMOVE,SWIGGY,https://niftyindices.com/Press_Release/ind_prs22082025.pdf,NSE/Nifty press release,OFFICIAL_PRIMARY,Parsed from official 2025-08-22 broad-market review release,REAL
NIFTYNEXT50,2025-08-22,2025-09-30,REMOVE,INDIGO,https://niftyindices.com/Press_Release/ind_prs22082025.pdf,NSE/Nifty press release,OFFICIAL_PRIMARY,Parsed from official 2025-08-22 broad-market review release,REAL
NIFTYNEXT50,2025-08-22,2025-09-30,REMOVE,ICICIPRULI,https://niftyindices.com/Press_Release/ind_prs22082025.pdf,NSE/Nifty press release,OFFICIAL_PRIMARY,Parsed from official 2025-08-22 broad-market review release,REAL
NIFTYNEXT50,2025-08-22,2025-09-30,REMOVE,DABUR,https://niftyindices.com/Press_Release/ind_prs22082025.pdf,NSE/Nifty press release,OFFICIAL_PRIMARY,Parsed from official 2025-08-22 broad-market review release,REAL
NIFTY50,2025-08-22,2025-09-30,REMOVE,INDUSINDBK,https://niftyindices.com/Press_Release/ind_prs22082025.pdf,NSE/Nifty press release,OFFICIAL_PRIMARY,Parsed from official 2025-08-22 broad-market review release,REAL
NIFTY50,2025-08-22,2025-09-30,REMOVE,HEROMOTOCO,https://niftyindices.com/Press_Release/ind_prs22082025.pdf,NSE/Nifty press release,OFFICIAL_PRIMARY,Parsed from official 2025-08-22 broad-market review release,REAL
NIFTY50,2025-08-22,2025-09-30,ADD,INDIGO,https://niftyindices.com/Press_Release/ind_prs22082025.pdf,NSE/Nifty press release,OFFICIAL_PRIMARY,Parsed from official 2025-08-22 broad-market review release,REAL
NIFTY50,2025-08-22,2025-09-30,ADD,MAXHEALTH,https://niftyindices.com/Press_Release/ind_prs22082025.pdf,NSE/Nifty press release,OFFICIAL_PRIMARY,Parsed from official 2025-08-22 broad-market review release,REAL
NIFTYNEXT50,2025-08-22,2025-09-30,ADD,HINDZINC,https://niftyindices.com/Press_Release/ind_prs22082025.pdf,NSE/Nifty press release,OFFICIAL_PRIMARY,Parsed from official 2025-08-22 broad-market review release,REAL
NIFTYNEXT50,2025-08-22,2025-09-30,ADD,MAZDOCK,https://niftyindices.com/Press_Release/ind_prs22082025.pdf,NSE/Nifty press release,OFFICIAL_PRIMARY,Parsed from official 2025-08-22 broad-market review release,REAL
NIFTYNEXT50,2025-08-22,2025-09-30,ADD,ENRIN,https://niftyindices.com/Press_Release/ind_prs22082025.pdf,NSE/Nifty press release,OFFICIAL_PRIMARY,Parsed from official 2025-08-22 broad-market review release,REAL
NIFTYNEXT50,2025-08-22,2025-09-30,ADD,SOLARINDS,https://niftyindices.com/Press_Release/ind_prs22082025.pdf,NSE/Nifty press release,OFFICIAL_PRIMARY,Parsed from official 2025-08-22 broad-market review release,REAL
NIFTYMIDCAP150,2025-08-22,2025-09-30,ADD,DABUR,https://niftyindices.com/Press_Release/ind_prs22082025.pdf,NSE/Nifty press release,OFFICIAL_PRIMARY,Parsed from official 2025-08-22 broad-market review release,REAL
NIFTYMIDCAP150,2025-08-22,2025-09-30,ADD,FACT,https://niftyindices.com/Press_Release/ind_prs22082025.pdf,NSE/Nifty press release,OFFICIAL_PRIMARY,Parsed from official 2025-08-22 broad-market review release,REAL
NIFTYMIDCAP150,2025-08-22,2025-09-30,ADD,GODFRYPHLP,https://niftyindices.com/Press_Release/ind_prs22082025.pdf,NSE/Nifty press release,OFFICIAL_PRIMARY,Parsed from official 2025-08-22 broad-market review release,REAL
NIFTYMIDCAP150,2025-08-22,2025-09-30,ADD,HEROMOTOCO,https://niftyindices.com/Press_Release/ind_prs22082025.pdf,NSE/Nifty press release,OFFICIAL_PRIMARY,Parsed from official 2025-08-22 broad-market review release,REAL
NIFTYMIDCAP150,2025-08-22,2025-09-30,ADD,HEXT,https://niftyindices.com/Press_Release/ind_prs22082025.pdf,NSE/Nifty press release,OFFICIAL_PRIMARY,Parsed from official 2025-08-22 broad-market review release,REAL
NIFTYMIDCAP150,2025-08-22,2025-09-30,ADD,ICICIPRULI,https://niftyindices.com/Press_Release/ind_prs22082025.pdf,NSE/Nifty press release,OFFICIAL_PRIMARY,Parsed from official 2025-08-22 broad-market review release,REAL
NIFTYMIDCAP150,2025-08-22,2025-09-30,ADD,IDBI,https://niftyindices.com/Press_Release/ind_prs22082025.pdf,NSE/Nifty press release,OFFICIAL_PRIMARY,Parsed from official 2025-08-22 broad-market review release,REAL
NIFTYMIDCAP150,2025-08-22,2025-09-30,ADD,IOB,https://niftyindices.com/Press_Release/ind_prs22082025.pdf,NSE/Nifty press release,OFFICIAL_PRIMARY,Parsed from official 2025-08-22 broad-market review release,REAL
NIFTYMIDCAP150,2025-08-22,2025-09-30,ADD,INDUSINDBK,https://niftyindices.com/Press_Release/ind_prs22082025.pdf,NSE/Nifty press release,OFFICIAL_PRIMARY,Parsed from official 2025-08-22 broad-market review release,REAL
NIFTYMIDCAP150,2025-08-22,2025-09-30,ADD,ITCHOTELS,https://niftyindices.com/Press_Release/ind_prs22082025.pdf,NSE/Nifty press release,OFFICIAL_PRIMARY,Parsed from official 2025-08-22 broad-market review release,REAL
NIFTYMIDCAP150,2025-08-22,2025-09-30,ADD,PGHH,https://niftyindices.com/Press_Release/ind_prs22082025.pdf,NSE/Nifty press release,OFFICIAL_PRIMARY,Parsed from official 2025-08-22 broad-market review release,REAL
NIFTYMIDCAP150,2025-08-22,2025-09-30,ADD,SWIGGY,https://niftyindices.com/Press_Release/ind_prs22082025.pdf,NSE/Nifty press release,OFFICIAL_PRIMARY,Parsed from official 2025-08-22 broad-market review release,REAL
NIFTYMIDCAP150,2025-08-22,2025-09-30,ADD,UCOBANK,https://niftyindices.com/Press_Release/ind_prs22082025.pdf,NSE/Nifty press release,OFFICIAL_PRIMARY,Parsed from official 2025-08-22 broad-market review release,REAL
NIFTYSMALLCAP250,2025-08-22,2025-09-30,ADD,ABFRL,https://niftyindices.com/Press_Release/ind_prs22082025.pdf,NSE/Nifty press release,OFFICIAL_PRIMARY,Parsed from official 2025-08-22 broad-market review release,REAL
NIFTYSMALLCAP250,2025-08-22,2025-09-30,ADD,ABLBL,https://niftyindices.com/Press_Release/ind_prs22082025.pdf,NSE/Nifty press release,OFFICIAL_PRIMARY,Parsed from official 2025-08-22 broad-market review release,REAL
NIFTYSMALLCAP250,2025-08-22,2025-09-30,ADD,AEGISVOPAK,https://niftyindices.com/Press_Release/ind_prs22082025.pdf,NSE/Nifty press release,OFFICIAL_PRIMARY,Parsed from official 2025-08-22 broad-market review release,REAL
NIFTYSMALLCAP250,2025-08-22,2025-09-30,ADD,AKZOINDIA,https://niftyindices.com/Press_Release/ind_prs22082025.pdf,NSE/Nifty press release,OFFICIAL_PRIMARY,Parsed from official 2025-08-22 broad-market review release,REAL
NIFTYSMALLCAP250,2025-08-22,2025-09-30,ADD,ATHERENERG,https://niftyindices.com/Press_Release/ind_prs22082025.pdf,NSE/Nifty press release,OFFICIAL_PRIMARY,Parsed from official 2025-08-22 broad-market review release,REAL
NIFTYSMALLCAP250,2025-08-22,2025-09-30,ADD,BANDHANBNK,https://niftyindices.com/Press_Release/ind_prs22082025.pdf,NSE/Nifty press release,OFFICIAL_PRIMARY,Parsed from official 2025-08-22 broad-market review release,REAL
NIFTYSMALLCAP250,2025-08-22,2025-09-30,ADD,BLUEJET,https://niftyindices.com/Press_Release/ind_prs22082025.pdf,NSE/Nifty press release,OFFICIAL_PRIMARY,Parsed from official 2025-08-22 broad-market review release,REAL
NIFTYSMALLCAP250,2025-08-22,2025-09-30,ADD,CHOICEIN,https://niftyindices.com/Press_Release/ind_prs22082025.pdf,NSE/Nifty press release,OFFICIAL_PRIMARY,Parsed from official 2025-08-22 broad-market review release,REAL
NIFTYSMALLCAP250,2025-08-22,2025-09-30,ADD,AGARWALEYE,https://niftyindices.com/Press_Release/ind_prs22082025.pdf,NSE/Nifty press release,OFFICIAL_PRIMARY,Parsed from official 2025-08-22 broad-market review release,REAL
NIFTYSMALLCAP250,2025-08-22,2025-09-30,ADD,EMAMILTD,https://niftyindices.com/Press_Release/ind_prs22082025.pdf,NSE/Nifty press release,OFFICIAL_PRIMARY,Parsed from official 2025-08-22 broad-market review release,REAL
NIFTYSMALLCAP250,2025-08-22,2025-09-30,ADD,FORCEMOT,https://niftyindices.com/Press_Release/ind_prs22082025.pdf,NSE/Nifty press release,OFFICIAL_PRIMARY,Parsed from official 2025-08-22 broad-market review release,REAL
NIFTYSMALLCAP250,2025-08-22,2025-09-30,ADD,GLAND,https://niftyindices.com/Press_Release/ind_prs22082025.pdf,NSE/Nifty press release,OFFICIAL_PRIMARY,Parsed from official 2025-08-22 broad-market review release,REAL
NIFTYSMALLCAP250,2025-08-22,2025-09-30,ADD,KSB,https://niftyindices.com/Press_Release/ind_prs22082025.pdf,NSE/Nifty press release,OFFICIAL_PRIMARY,Parsed from official 2025-08-22 broad-market review release,REAL
NIFTYSMALLCAP250,2025-08-22,2025-09-30,ADD,MAHSCOOTER,https://niftyindices.com/Press_Release/ind_prs22082025.pdf,NSE/Nifty press release,OFFICIAL_PRIMARY,Parsed from official 2025-08-22 broad-market review release,REAL
NIFTYSMALLCAP250,2025-08-22,2025-09-30,ADD,MRPL,https://niftyindices.com/Press_Release/ind_prs22082025.pdf,NSE/Nifty press release,OFFICIAL_PRIMARY,Parsed from official 2025-08-22 broad-market review release,REAL
NIFTYSMALLCAP250,2025-08-22,2025-09-30,ADD,MSUMI,https://niftyindices.com/Press_Release/ind_prs22082025.pdf,NSE/Nifty press release,OFFICIAL_PRIMARY,Parsed from official 2025-08-22 broad-market review release,REAL
NIFTYSMALLCAP250,2025-08-22,2025-09-30,ADD,NUVOCO,https://niftyindices.com/Press_Release/ind_prs22082025.pdf,NSE/Nifty press release,OFFICIAL_PRIMARY,Parsed from official 2025-08-22 broad-market review release,REAL
NIFTYSMALLCAP250,2025-08-22,2025-09-30,ADD,OLAELEC,https://niftyindices.com/Press_Release/ind_prs22082025.pdf,NSE/Nifty press release,OFFICIAL_PRIMARY,Parsed from official 2025-08-22 broad-market review release,REAL
NIFTYSMALLCAP250,2025-08-22,2025-09-30,ADD,ONESOURCE,https://niftyindices.com/Press_Release/ind_prs22082025.pdf,NSE/Nifty press release,OFFICIAL_PRIMARY,Parsed from official 2025-08-22 broad-market review release,REAL
NIFTYSMALLCAP250,2025-08-22,2025-09-30,ADD,THELEELA,https://niftyindices.com/Press_Release/ind_prs22082025.pdf,NSE/Nifty press release,OFFICIAL_PRIMARY,Parsed from official 2025-08-22 broad-market review release,REAL
NIFTYSMALLCAP250,2025-08-22,2025-09-30,ADD,STARHEALTH,https://niftyindices.com/Press_Release/ind_prs22082025.pdf,NSE/Nifty press release,OFFICIAL_PRIMARY,Parsed from official 2025-08-22 broad-market review release,REAL
NIFTYSMALLCAP250,2025-08-22,2025-09-30,ADD,SUNTV,https://niftyindices.com/Press_Release/ind_prs22082025.pdf,NSE/Nifty press release,OFFICIAL_PRIMARY,Parsed from official 2025-08-22 broad-market review release,REAL
NIFTYSMALLCAP250,2025-08-22,2025-09-30,ADD,VENTIVE,https://niftyindices.com/Press_Release/ind_prs22082025.pdf,NSE/Nifty press release,OFFICIAL_PRIMARY,Parsed from official 2025-08-22 broad-market review release,REAL
NIFTYMICROCAP250,2025-08-22,2025-09-30,ADD,AJAXENGG,https://niftyindices.com/Press_Release/ind_prs22082025.pdf,NSE/Nifty press release,OFFICIAL_PRIMARY,Parsed from official 2025-08-22 broad-market review release,REAL
NIFTYMICROCAP250,2025-08-22,2025-09-30,ADD,ALIVUS,https://niftyindices.com/Press_Release/ind_prs22082025.pdf,NSE/Nifty press release,OFFICIAL_PRIMARY,Parsed from official 2025-08-22 broad-market review release,REAL
NIFTYMICROCAP250,2025-08-22,2025-09-30,ADD,ANURAS,https://niftyindices.com/Press_Release/ind_prs22082025.pdf,NSE/Nifty press release,OFFICIAL_PRIMARY,Parsed from official 2025-08-22 broad-market review release,REAL
NIFTYMICROCAP250,2025-08-22,2025-09-30,ADD,BAJAJELEC,https://niftyindices.com/Press_Release/ind_prs22082025.pdf,NSE/Nifty press release,OFFICIAL_PRIMARY,Parsed from official 2025-08-22 broad-market review release,REAL
NIFTYMICROCAP250,2025-08-22,2025-09-30,ADD,BELRISE,https://niftyindices.com/Press_Release/ind_prs22082025.pdf,NSE/Nifty press release,OFFICIAL_PRIMARY,Parsed from official 2025-08-22 broad-market review release,REAL
NIFTYMICROCAP250,2025-08-22,2025-09-30,ADD,DHANUKA,https://niftyindices.com/Press_Release/ind_prs22082025.pdf,NSE/Nifty press release,OFFICIAL_PRIMARY,Parsed from official 2025-08-22 broad-market review release,REAL
NIFTYMICROCAP250,2025-08-22,2025-09-30,ADD,DIACABS,https://niftyindices.com/Press_Release/ind_prs22082025.pdf,NSE/Nifty press release,OFFICIAL_PRIMARY,Parsed from official 2025-08-22 broad-market review release,REAL
NIFTYMICROCAP250,2025-08-22,2025-09-30,ADD,GALLANTT,https://niftyindices.com/Press_Release/ind_prs22082025.pdf,NSE/Nifty press release,OFFICIAL_PRIMARY,Parsed from official 2025-08-22 broad-market review release,REAL
NIFTYMICROCAP250,2025-08-22,2025-09-30,ADD,GNFC,https://niftyindices.com/Press_Release/ind_prs22082025.pdf,NSE/Nifty press release,OFFICIAL_PRIMARY,Parsed from official 2025-08-22 broad-market review release,REAL
NIFTYMICROCAP250,2025-08-22,2025-09-30,ADD,GPPL,https://niftyindices.com/Press_Release/ind_prs22082025.pdf,NSE/Nifty press release,OFFICIAL_PRIMARY,Parsed from official 2025-08-22 broad-market review release,REAL
NIFTYMICROCAP250,2025-08-22,2025-09-30,ADD,JUSTDIAL,https://niftyindices.com/Press_Release/ind_prs22082025.pdf,NSE/Nifty press release,OFFICIAL_PRIMARY,Parsed from official 2025-08-22 broad-market review release,REAL
NIFTYMICROCAP250,2025-08-22,2025-09-30,ADD,KNRCON,https://niftyindices.com/Press_Release/ind_prs22082025.pdf,NSE/Nifty press release,OFFICIAL_PRIMARY,Parsed from official 2025-08-22 broad-market review release,REAL
NIFTYMICROCAP250,2025-08-22,2025-09-30,ADD,KRN,https://niftyindices.com/Press_Release/ind_prs22082025.pdf,NSE/Nifty press release,OFFICIAL_PRIMARY,Parsed from official 2025-08-22 broad-market review release,REAL
NIFTYMICROCAP250,2025-08-22,2025-09-30,ADD,LUMAXTECH,https://niftyindices.com/Press_Release/ind_prs22082025.pdf,NSE/Nifty press release,OFFICIAL_PRIMARY,Parsed from official 2025-08-22 broad-market review release,REAL
NIFTYMICROCAP250,2025-08-22,2025-09-30,ADD,MANORAMA,https://niftyindices.com/Press_Release/ind_prs22082025.pdf,NSE/Nifty press release,OFFICIAL_PRIMARY,Parsed from official 2025-08-22 broad-market review release,REAL
NIFTYMICROCAP250,2025-08-22,2025-09-30,ADD,MASTEK,https://niftyindices.com/Press_Release/ind_prs22082025.pdf,NSE/Nifty press release,OFFICIAL_PRIMARY,Parsed from official 2025-08-22 broad-market review release,REAL
NIFTYMICROCAP250,2025-08-22,2025-09-30,ADD,NETWORK18,https://niftyindices.com/Press_Release/ind_prs22082025.pdf,NSE/Nifty press release,OFFICIAL_PRIMARY,Parsed from official 2025-08-22 broad-market review release,REAL
NIFTYMICROCAP250,2025-08-22,2025-09-30,ADD,OSWALPUMPS,https://niftyindices.com/Press_Release/ind_prs22082025.pdf,NSE/Nifty press release,OFFICIAL_PRIMARY,Parsed from official 2025-08-22 broad-market review release,REAL
NIFTYMICROCAP250,2025-08-22,2025-09-30,ADD,PNCINFRA,https://niftyindices.com/Press_Release/ind_prs22082025.pdf,NSE/Nifty press release,OFFICIAL_PRIMARY,Parsed from official 2025-08-22 broad-market review release,REAL
NIFTYMICROCAP250,2025-08-22,2025-09-30,ADD,PRIVISCL,https://niftyindices.com/Press_Release/ind_prs22082025.pdf,NSE/Nifty press release,OFFICIAL_PRIMARY,Parsed from official 2025-08-22 broad-market review release,REAL
NIFTYMICROCAP250,2025-08-22,2025-09-30,ADD,PURVA,https://niftyindices.com/Press_Release/ind_prs22082025.pdf,NSE/Nifty press release,OFFICIAL_PRIMARY,Parsed from official 2025-08-22 broad-market review release,REAL
NIFTYMICROCAP250,2025-08-22,2025-09-30,ADD,QUESS,https://niftyindices.com/Press_Release/ind_prs22082025.pdf,NSE/Nifty press release,OFFICIAL_PRIMARY,Parsed from official 2025-08-22 broad-market review release,REAL
NIFTYMICROCAP250,2025-08-22,2025-09-30,ADD,RTNINDIA,https://niftyindices.com/Press_Release/ind_prs22082025.pdf,NSE/Nifty press release,OFFICIAL_PRIMARY,Parsed from official 2025-08-22 broad-market review release,REAL
NIFTYMICROCAP250,2025-08-22,2025-09-30,ADD,RAYMONDLSL,https://niftyindices.com/Press_Release/ind_prs22082025.pdf,NSE/Nifty press release,OFFICIAL_PRIMARY,Parsed from official 2025-08-22 broad-market review release,REAL
NIFTYMICROCAP250,2025-08-22,2025-09-30,ADD,RELAXO,https://niftyindices.com/Press_Release/ind_prs22082025.pdf,NSE/Nifty press release,OFFICIAL_PRIMARY,Parsed from official 2025-08-22 broad-market review release,REAL
NIFTYMICROCAP250,2025-08-22,2025-09-30,ADD,ROUTE,https://niftyindices.com/Press_Release/ind_prs22082025.pdf,NSE/Nifty press release,OFFICIAL_PRIMARY,Parsed from official 2025-08-22 broad-market review release,REAL
NIFTYMICROCAP250,2025-08-22,2025-09-30,ADD,SANDUMA,https://niftyindices.com/Press_Release/ind_prs22082025.pdf,NSE/Nifty press release,OFFICIAL_PRIMARY,Parsed from official 2025-08-22 broad-market review release,REAL
NIFTYMICROCAP250,2025-08-22,2025-09-30,ADD,SHARDAMOTR,https://niftyindices.com/Press_Release/ind_prs22082025.pdf,NSE/Nifty press release,OFFICIAL_PRIMARY,Parsed from official 2025-08-22 broad-market review release,REAL
NIFTYMICROCAP250,2025-08-22,2025-09-30,ADD,RENUKA,https://niftyindices.com/Press_Release/ind_prs22082025.pdf,NSE/Nifty press release,OFFICIAL_PRIMARY,Parsed from official 2025-08-22 broad-market review release,REAL
NIFTYMICROCAP250,2025-08-22,2025-09-30,ADD,SKYGOLD,https://niftyindices.com/Press_Release/ind_prs22082025.pdf,NSE/Nifty press release,OFFICIAL_PRIMARY,Parsed from official 2025-08-22 broad-market review release,REAL
NIFTYMICROCAP250,2025-08-22,2025-09-30,ADD,SWSOLAR,https://niftyindices.com/Press_Release/ind_prs22082025.pdf,NSE/Nifty press release,OFFICIAL_PRIMARY,Parsed from official 2025-08-22 broad-market review release,REAL
NIFTYMICROCAP250,2025-08-22,2025-09-30,ADD,STYRENIX,https://niftyindices.com/Press_Release/ind_prs22082025.pdf,NSE/Nifty press release,OFFICIAL_PRIMARY,Parsed from official 2025-08-22 broad-market review release,REAL
NIFTYMICROCAP250,2025-08-22,2025-09-30,ADD,SUNDARMHLD,https://niftyindices.com/Press_Release/ind_prs22082025.pdf,NSE/Nifty press release,OFFICIAL_PRIMARY,Parsed from official 2025-08-22 broad-market review release,REAL
NIFTYMICROCAP250,2025-08-22,2025-09-30,ADD,TANLA,https://niftyindices.com/Press_Release/ind_prs22082025.pdf,NSE/Nifty press release,OFFICIAL_PRIMARY,Parsed from official 2025-08-22 broad-market review release,REAL
NIFTYMICROCAP250,2025-08-22,2025-09-30,ADD,THYROCARE,https://niftyindices.com/Press_Release/ind_prs22082025.pdf,NSE/Nifty press release,OFFICIAL_PRIMARY,Parsed from official 2025-08-22 broad-market review release,REAL
NIFTYMICROCAP250,2025-08-22,2025-09-30,ADD,V2RETAIL,https://niftyindices.com/Press_Release/ind_prs22082025.pdf,NSE/Nifty press release,OFFICIAL_PRIMARY,Parsed from official 2025-08-22 broad-market review release,REAL
NIFTYMICROCAP250,2025-08-22,2025-09-30,ADD,VINATIORGA,https://niftyindices.com/Press_Release/ind_prs22082025.pdf,NSE/Nifty press release,OFFICIAL_PRIMARY,Parsed from official 2025-08-22 broad-market review release,REAL
NIFTYMICROCAP250,2025-08-22,2025-09-30,ADD,WAAREERTL,https://niftyindices.com/Press_Release/ind_prs22082025.pdf,NSE/Nifty press release,OFFICIAL_PRIMARY,Parsed from official 2025-08-22 broad-market review release,REAL
NIFTYMICROCAP250,2025-08-22,2025-09-30,ADD,WESTLIFE,https://niftyindices.com/Press_Release/ind_prs22082025.pdf,NSE/Nifty press release,OFFICIAL_PRIMARY,Parsed from official 2025-08-22 broad-market review release,REAL
NIFTYNEXT50,2026-02-23,2026-03-30,REMOVE,BAJAJHFL,https://www.niftyindices.com/Press_Release/ind_prs23022026.pdf,NSE/Nifty press release,OFFICIAL_PRIMARY,Semi-annual broad-market review; exact constituent change listed in official 2026-02-23 review release,REAL
NIFTYNEXT50,2026-02-23,2026-03-30,REMOVE,HAVELLS,https://www.niftyindices.com/Press_Release/ind_prs23022026.pdf,NSE/Nifty press release,OFFICIAL_PRIMARY,Semi-annual broad-market review; exact constituent change listed in official 2026-02-23 review release,REAL
NIFTYNEXT50,2026-02-23,2026-03-30,REMOVE,ICICIGI,https://www.niftyindices.com/Press_Release/ind_prs23022026.pdf,NSE/Nifty press release,OFFICIAL_PRIMARY,Semi-annual broad-market review; exact constituent change listed in official 2026-02-23 review release,REAL
NIFTYNEXT50,2026-02-23,2026-03-30,REMOVE,NAUKRI,https://www.niftyindices.com/Press_Release/ind_prs23022026.pdf,NSE/Nifty press release,OFFICIAL_PRIMARY,Semi-annual broad-market review; exact constituent change listed in official 2026-02-23 review release,REAL
NIFTYNEXT50,2026-02-23,2026-03-30,REMOVE,JSWENERGY,https://www.niftyindices.com/Press_Release/ind_prs23022026.pdf,NSE/Nifty press release,OFFICIAL_PRIMARY,Semi-annual broad-market review; exact constituent change listed in official 2026-02-23 review release,REAL
NIFTYNEXT50,2026-02-23,2026-03-30,REMOVE,LICI,https://www.niftyindices.com/Press_Release/ind_prs23022026.pdf,NSE/Nifty press release,OFFICIAL_PRIMARY,Semi-annual broad-market review; exact constituent change listed in official 2026-02-23 review release,REAL
NIFTYMIDCAP150,2026-02-23,2026-03-30,REMOVE,CUMMINSIND,https://www.niftyindices.com/Press_Release/ind_prs23022026.pdf,NSE/Nifty press release,OFFICIAL_PRIMARY,Semi-annual broad-market review; exact constituent change listed in official 2026-02-23 review release,REAL
NIFTYMIDCAP150,2026-02-23,2026-03-30,REMOVE,DEEPAKNTR,https://www.niftyindices.com/Press_Release/ind_prs23022026.pdf,NSE/Nifty press release,OFFICIAL_PRIMARY,Semi-annual broad-market review; exact constituent change listed in official 2026-02-23 review release,REAL
NIFTYMIDCAP150,2026-02-23,2026-03-30,REMOVE,FACT,https://www.niftyindices.com/Press_Release/ind_prs23022026.pdf,NSE/Nifty press release,OFFICIAL_PRIMARY,Semi-annual broad-market review; exact constituent change listed in official 2026-02-23 review release,REAL
NIFTYMIDCAP150,2026-02-23,2026-03-30,REMOVE,GUJGASLTD,https://www.niftyindices.com/Press_Release/ind_prs23022026.pdf,NSE/Nifty press release,OFFICIAL_PRIMARY,Semi-annual broad-market review; exact constituent change listed in official 2026-02-23 review release,REAL
NIFTYMIDCAP150,2026-02-23,2026-03-30,REMOVE,HDFCAMC,https://www.niftyindices.com/Press_Release/ind_prs23022026.pdf,NSE/Nifty press release,OFFICIAL_PRIMARY,Semi-annual broad-market review; exact constituent change listed in official 2026-02-23 review release,REAL
NIFTYMIDCAP150,2026-02-23,2026-03-30,REMOVE,IDBI,https://www.niftyindices.com/Press_Release/ind_prs23022026.pdf,NSE/Nifty press release,OFFICIAL_PRIMARY,Semi-annual broad-market review; exact constituent change listed in official 2026-02-23 review release,REAL
NIFTYMIDCAP150,2026-02-23,2026-03-30,REMOVE,IOB,https://www.niftyindices.com/Press_Release/ind_prs23022026.pdf,NSE/Nifty press release,OFFICIAL_PRIMARY,Semi-annual broad-market review; exact constituent change listed in official 2026-02-23 review release,REAL
NIFTYMIDCAP150,2026-02-23,2026-03-30,REMOVE,IGL,https://www.niftyindices.com/Press_Release/ind_prs23022026.pdf,NSE/Nifty press release,OFFICIAL_PRIMARY,Semi-annual broad-market review; exact constituent change listed in official 2026-02-23 review release,REAL
NIFTYMIDCAP150,2026-02-23,2026-03-30,REMOVE,IRB,https://www.niftyindices.com/Press_Release/ind_prs23022026.pdf,NSE/Nifty press release,OFFICIAL_PRIMARY,Semi-annual broad-market review; exact constituent change listed in official 2026-02-23 review release,REAL
NIFTYMIDCAP150,2026-02-23,2026-03-30,REMOVE,MUTHOOTFIN,https://www.niftyindices.com/Press_Release/ind_prs23022026.pdf,NSE/Nifty press release,OFFICIAL_PRIMARY,Semi-annual broad-market review; exact constituent change listed in official 2026-02-23 review release,REAL
NIFTYMIDCAP150,2026-02-23,2026-03-30,REMOVE,PGHH,https://www.niftyindices.com/Press_Release/ind_prs23022026.pdf,NSE/Nifty press release,OFFICIAL_PRIMARY,Semi-annual broad-market review; exact constituent change listed in official 2026-02-23 review release,REAL
NIFTYMIDCAP150,2026-02-23,2026-03-30,REMOVE,SONACOMS,https://www.niftyindices.com/Press_Release/ind_prs23022026.pdf,NSE/Nifty press release,OFFICIAL_PRIMARY,Semi-annual broad-market review; exact constituent change listed in official 2026-02-23 review release,REAL
NIFTYMIDCAP150,2026-02-23,2026-03-30,REMOVE,SYNGENE,https://www.niftyindices.com/Press_Release/ind_prs23022026.pdf,NSE/Nifty press release,OFFICIAL_PRIMARY,Semi-annual broad-market review; exact constituent change listed in official 2026-02-23 review release,REAL
NIFTYMIDCAP150,2026-02-23,2026-03-30,REMOVE,TATATECH,https://www.niftyindices.com/Press_Release/ind_prs23022026.pdf,NSE/Nifty press release,OFFICIAL_PRIMARY,Semi-annual broad-market review; exact constituent change listed in official 2026-02-23 review release,REAL
NIFTYMIDCAP150,2026-02-23,2026-03-30,REMOVE,UCOBANK,https://www.niftyindices.com/Press_Release/ind_prs23022026.pdf,NSE/Nifty press release,OFFICIAL_PRIMARY,Semi-annual broad-market review; exact constituent change listed in official 2026-02-23 review release,REAL
NIFTYMIDCAP150,2026-02-23,2026-03-30,REMOVE,UNIONBANK,https://www.niftyindices.com/Press_Release/ind_prs23022026.pdf,NSE/Nifty press release,OFFICIAL_PRIMARY,Semi-annual broad-market review; exact constituent change listed in official 2026-02-23 review release,REAL
NIFTYSMALLCAP250,2026-02-23,2026-03-30,REMOVE,AKUMS,https://www.niftyindices.com/Press_Release/ind_prs23022026.pdf,NSE/Nifty press release,OFFICIAL_PRIMARY,Semi-annual broad-market review; exact constituent change listed in official 2026-02-23 review release,REAL
NIFTYSMALLCAP250,2026-02-23,2026-03-30,REMOVE,APLLTD,https://www.niftyindices.com/Press_Release/ind_prs23022026.pdf,NSE/Nifty press release,OFFICIAL_PRIMARY,Semi-annual broad-market review; exact constituent change listed in official 2026-02-23 review release,REAL
NIFTYSMALLCAP250,2026-02-23,2026-03-30,REMOVE,ALKYLAMINE,https://www.niftyindices.com/Press_Release/ind_prs23022026.pdf,NSE/Nifty press release,OFFICIAL_PRIMARY,Semi-annual broad-market review; exact constituent change listed in official 2026-02-23 review release,REAL
NIFTYSMALLCAP250,2026-02-23,2026-03-30,REMOVE,ALOKINDS,https://www.niftyindices.com/Press_Release/ind_prs23022026.pdf,NSE/Nifty press release,OFFICIAL_PRIMARY,Semi-annual broad-market review; exact constituent change listed in official 2026-02-23 review release,REAL
NIFTYSMALLCAP250,2026-02-23,2026-03-30,REMOVE,ASTRAZEN,https://www.niftyindices.com/Press_Release/ind_prs23022026.pdf,NSE/Nifty press release,OFFICIAL_PRIMARY,Semi-annual broad-market review; exact constituent change listed in official 2026-02-23 review release,REAL
NIFTYSMALLCAP250,2026-02-23,2026-03-30,REMOVE,AIIL,https://www.niftyindices.com/Press_Release/ind_prs23022026.pdf,NSE/Nifty press release,OFFICIAL_PRIMARY,Semi-annual broad-market review; exact constituent change listed in official 2026-02-23 review release,REAL
NIFTYSMALLCAP250,2026-02-23,2026-03-30,REMOVE,BASF,https://www.niftyindices.com/Press_Release/ind_prs23022026.pdf,NSE/Nifty press release,OFFICIAL_PRIMARY,Semi-annual broad-market review; exact constituent change listed in official 2026-02-23 review release,REAL
NIFTYSMALLCAP250,2026-02-23,2026-03-30,REMOVE,CAMPUS,https://www.niftyindices.com/Press_Release/ind_prs23022026.pdf,NSE/Nifty press release,OFFICIAL_PRIMARY,Semi-annual broad-market review; exact constituent change listed in official 2026-02-23 review release,REAL
NIFTYSMALLCAP250,2026-02-23,2026-03-30,REMOVE,CENTURYPLY,https://www.niftyindices.com/Press_Release/ind_prs23022026.pdf,NSE/Nifty press release,OFFICIAL_PRIMARY,Semi-annual broad-market review; exact constituent change listed in official 2026-02-23 review release,REAL
NIFTYSMALLCAP250,2026-02-23,2026-03-30,REMOVE,CERA,https://www.niftyindices.com/Press_Release/ind_prs23022026.pdf,NSE/Nifty press release,OFFICIAL_PRIMARY,Semi-annual broad-market review; exact constituent change listed in official 2026-02-23 review release,REAL
NIFTYSMALLCAP250,2026-02-23,2026-03-30,REMOVE,AGARWALEYE,https://www.niftyindices.com/Press_Release/ind_prs23022026.pdf,NSE/Nifty press release,OFFICIAL_PRIMARY,Semi-annual broad-market review; exact constituent change listed in official 2026-02-23 review release,REAL
NIFTYSMALLCAP250,2026-02-23,2026-03-30,REMOVE,FINPIPE,https://www.niftyindices.com/Press_Release/ind_prs23022026.pdf,NSE/Nifty press release,OFFICIAL_PRIMARY,Semi-annual broad-market review; exact constituent change listed in official 2026-02-23 review release,REAL
NIFTYSMALLCAP250,2026-02-23,2026-03-30,REMOVE,GODREJAGRO,https://www.niftyindices.com/Press_Release/ind_prs23022026.pdf,NSE/Nifty press release,OFFICIAL_PRIMARY,Semi-annual broad-market review; exact constituent change listed in official 2026-02-23 review release,REAL
NIFTYSMALLCAP250,2026-02-23,2026-03-30,REMOVE,HAPPSTMNDS,https://www.niftyindices.com/Press_Release/ind_prs23022026.pdf,NSE/Nifty press release,OFFICIAL_PRIMARY,Semi-annual broad-market review; exact constituent change listed in official 2026-02-23 review release,REAL
NIFTYSMALLCAP250,2026-02-23,2026-03-30,REMOVE,INOXINDIA,https://www.niftyindices.com/Press_Release/ind_prs23022026.pdf,NSE/Nifty press release,OFFICIAL_PRIMARY,Semi-annual broad-market review; exact constituent change listed in official 2026-02-23 review release,REAL
NIFTYSMALLCAP250,2026-02-23,2026-03-30,REMOVE,JYOTHYLAB,https://www.niftyindices.com/Press_Release/ind_prs23022026.pdf,NSE/Nifty press release,OFFICIAL_PRIMARY,Semi-annual broad-market review; exact constituent change listed in official 2026-02-23 review release,REAL
NIFTYSMALLCAP250,2026-02-23,2026-03-30,REMOVE,KIRLOSBROS,https://www.niftyindices.com/Press_Release/ind_prs23022026.pdf,NSE/Nifty press release,OFFICIAL_PRIMARY,Semi-annual broad-market review; exact constituent change listed in official 2026-02-23 review release,REAL
NIFTYSMALLCAP250,2026-02-23,2026-03-30,REMOVE,KSB,https://www.niftyindices.com/Press_Release/ind_prs23022026.pdf,NSE/Nifty press release,OFFICIAL_PRIMARY,Semi-annual broad-market review; exact constituent change listed in official 2026-02-23 review release,REAL
NIFTYSMALLCAP250,2026-02-23,2026-03-30,REMOVE,LAURUSLABS,https://www.niftyindices.com/Press_Release/ind_prs23022026.pdf,NSE/Nifty press release,OFFICIAL_PRIMARY,Semi-annual broad-market review; exact constituent change listed in official 2026-02-23 review release,REAL
NIFTYSMALLCAP250,2026-02-23,2026-03-30,REMOVE,MAHSCOOTER,https://www.niftyindices.com/Press_Release/ind_prs23022026.pdf,NSE/Nifty press release,OFFICIAL_PRIMARY,Semi-annual broad-market review; exact constituent change listed in official 2026-02-23 review release,REAL
NIFTYSMALLCAP250,2026-02-23,2026-03-30,REMOVE,MAHSEAMLES,https://www.niftyindices.com/Press_Release/ind_prs23022026.pdf,NSE/Nifty press release,OFFICIAL_PRIMARY,Semi-annual broad-market review; exact constituent change listed in official 2026-02-23 review release,REAL
NIFTYSMALLCAP250,2026-02-23,2026-03-30,REMOVE,METROPOLIS,https://www.niftyindices.com/Press_Release/ind_prs23022026.pdf,NSE/Nifty press release,OFFICIAL_PRIMARY,Semi-annual broad-market review; exact constituent change listed in official 2026-02-23 review release,REAL
NIFTYSMALLCAP250,2026-02-23,2026-03-30,REMOVE,MCX,https://www.niftyindices.com/Press_Release/ind_prs23022026.pdf,NSE/Nifty press release,OFFICIAL_PRIMARY,Semi-annual broad-market review; exact constituent change listed in official 2026-02-23 review release,REAL
NIFTYSMALLCAP250,2026-02-23,2026-03-30,REMOVE,PRAJIND,https://www.niftyindices.com/Press_Release/ind_prs23022026.pdf,NSE/Nifty press release,OFFICIAL_PRIMARY,Semi-annual broad-market review; exact constituent change listed in official 2026-02-23 review release,REAL
NIFTYSMALLCAP250,2026-02-23,2026-03-30,REMOVE,RADICO,https://www.niftyindices.com/Press_Release/ind_prs23022026.pdf,NSE/Nifty press release,OFFICIAL_PRIMARY,Semi-annual broad-market review; exact constituent change listed in official 2026-02-23 review release,REAL
NIFTYSMALLCAP250,2026-02-23,2026-03-30,REMOVE,RCF,https://www.niftyindices.com/Press_Release/ind_prs23022026.pdf,NSE/Nifty press release,OFFICIAL_PRIMARY,Semi-annual broad-market review; exact constituent change listed in official 2026-02-23 review release,REAL
NIFTYSMALLCAP250,2026-02-23,2026-03-30,REMOVE,RELINFRA,https://www.niftyindices.com/Press_Release/ind_prs23022026.pdf,NSE/Nifty press release,OFFICIAL_PRIMARY,Semi-annual broad-market review; exact constituent change listed in official 2026-02-23 review release,REAL
NIFTYSMALLCAP250,2026-02-23,2026-03-30,REMOVE,SUNDRMFAST,https://www.niftyindices.com/Press_Release/ind_prs23022026.pdf,NSE/Nifty press release,OFFICIAL_PRIMARY,Semi-annual broad-market review; exact constituent change listed in official 2026-02-23 review release,REAL
NIFTYSMALLCAP250,2026-02-23,2026-03-30,REMOVE,TRIVENI,https://www.niftyindices.com/Press_Release/ind_prs23022026.pdf,NSE/Nifty press release,OFFICIAL_PRIMARY,Semi-annual broad-market review; exact constituent change listed in official 2026-02-23 review release,REAL
NIFTYSMALLCAP250,2026-02-23,2026-03-30,REMOVE,DBREALTY,https://www.niftyindices.com/Press_Release/ind_prs23022026.pdf,NSE/Nifty press release,OFFICIAL_PRIMARY,Semi-annual broad-market review; exact constituent change listed in official 2026-02-23 review release,REAL
NIFTYSMALLCAP250,2026-02-23,2026-03-30,REMOVE,MANYAVAR,https://www.niftyindices.com/Press_Release/ind_prs23022026.pdf,NSE/Nifty press release,OFFICIAL_PRIMARY,Semi-annual broad-market review; exact constituent change listed in official 2026-02-23 review release,REAL
NIFTYSMALLCAP250,2026-02-23,2026-03-30,REMOVE,VENTIVE,https://www.niftyindices.com/Press_Release/ind_prs23022026.pdf,NSE/Nifty press release,OFFICIAL_PRIMARY,Semi-annual broad-market review; exact constituent change listed in official 2026-02-23 review release,REAL
NIFTYSMALLCAP250,2026-02-23,2026-03-30,REMOVE,VGUARD,https://www.niftyindices.com/Press_Release/ind_prs23022026.pdf,NSE/Nifty press release,OFFICIAL_PRIMARY,Semi-annual broad-market review; exact constituent change listed in official 2026-02-23 review release,REAL
NIFTYMICROCAP250,2026-02-23,2026-03-30,REMOVE,ACUTAAS,https://www.niftyindices.com/Press_Release/ind_prs23022026.pdf,NSE/Nifty press release,OFFICIAL_PRIMARY,Semi-annual broad-market review; exact constituent change listed in official 2026-02-23 review release,REAL
NIFTYMICROCAP250,2026-02-23,2026-03-30,REMOVE,AGI,https://www.niftyindices.com/Press_Release/ind_prs23022026.pdf,NSE/Nifty press release,OFFICIAL_PRIMARY,Semi-annual broad-market review; exact constituent change listed in official 2026-02-23 review release,REAL
NIFTYMICROCAP250,2026-02-23,2026-03-30,REMOVE,AJAXENGG,https://www.niftyindices.com/Press_Release/ind_prs23022026.pdf,NSE/Nifty press release,OFFICIAL_PRIMARY,Semi-annual broad-market review; exact constituent change listed in official 2026-02-23 review release,REAL
NIFTYMICROCAP250,2026-02-23,2026-03-30,REMOVE,ALLCARGO,https://www.niftyindices.com/Press_Release/ind_prs23022026.pdf,NSE/Nifty press release,OFFICIAL_PRIMARY,Semi-annual broad-market review; exact constituent change listed in official 2026-02-23 review release,REAL
NIFTYMICROCAP250,2026-02-23,2026-03-30,REMOVE,ABDL,https://www.niftyindices.com/Press_Release/ind_prs23022026.pdf,NSE/Nifty press release,OFFICIAL_PRIMARY,Semi-annual broad-market review; exact constituent change listed in official 2026-02-23 review release,REAL
NIFTYMICROCAP250,2026-02-23,2026-03-30,REMOVE,ANURAS,https://www.niftyindices.com/Press_Release/ind_prs23022026.pdf,NSE/Nifty press release,OFFICIAL_PRIMARY,Semi-annual broad-market review; exact constituent change listed in official 2026-02-23 review release,REAL
NIFTYMICROCAP250,2026-02-23,2026-03-30,REMOVE,PARKHOTELS,https://www.niftyindices.com/Press_Release/ind_prs23022026.pdf,NSE/Nifty press release,OFFICIAL_PRIMARY,Semi-annual broad-market review; exact constituent change listed in official 2026-02-23 review release,REAL
NIFTYMICROCAP250,2026-02-23,2026-03-30,REMOVE,BELRISE,https://www.niftyindices.com/Press_Release/ind_prs23022026.pdf,NSE/Nifty press release,OFFICIAL_PRIMARY,Semi-annual broad-market review; exact constituent change listed in official 2026-02-23 review release,REAL
NIFTYMICROCAP250,2026-02-23,2026-03-30,REMOVE,BBL,https://www.niftyindices.com/Press_Release/ind_prs23022026.pdf,NSE/Nifty press release,OFFICIAL_PRIMARY,Semi-annual broad-market review; exact constituent change listed in official 2026-02-23 review release,REAL
NIFTYMICROCAP250,2026-02-23,2026-03-30,REMOVE,BOSCH-HCIL,https://www.niftyindices.com/Press_Release/ind_prs23022026.pdf,NSE/Nifty press release,OFFICIAL_PRIMARY,Semi-annual broad-market review; exact constituent change listed in official 2026-02-23 review release,REAL
NIFTYMICROCAP250,2026-02-23,2026-03-30,REMOVE,CARTRADE,https://www.niftyindices.com/Press_Release/ind_prs23022026.pdf,NSE/Nifty press release,OFFICIAL_PRIMARY,Semi-annual broad-market review; exact constituent change listed in official 2026-02-23 review release,REAL
NIFTYMICROCAP250,2026-02-23,2026-03-30,REMOVE,CEIGALL,https://www.niftyindices.com/Press_Release/ind_prs23022026.pdf,NSE/Nifty press release,OFFICIAL_PRIMARY,Semi-annual broad-market review; exact constituent change listed in official 2026-02-23 review release,REAL
NIFTYMICROCAP250,2026-02-23,2026-03-30,REMOVE,CEMPRO,https://www.niftyindices.com/Press_Release/ind_prs23022026.pdf,NSE/Nifty press release,OFFICIAL_PRIMARY,Semi-annual broad-market review; exact constituent change listed in official 2026-02-23 review release,REAL
NIFTYMICROCAP250,2026-02-23,2026-03-30,REMOVE,CYIENTDLM,https://www.niftyindices.com/Press_Release/ind_prs23022026.pdf,NSE/Nifty press release,OFFICIAL_PRIMARY,Semi-annual broad-market review; exact constituent change listed in official 2026-02-23 review release,REAL
NIFTYMICROCAP250,2026-02-23,2026-03-30,REMOVE,DHANUKA,https://www.niftyindices.com/Press_Release/ind_prs23022026.pdf,NSE/Nifty press release,OFFICIAL_PRIMARY,Semi-annual broad-market review; exact constituent change listed in official 2026-02-23 review release,REAL
NIFTYMICROCAP250,2026-02-23,2026-03-30,REMOVE,DCAL,https://www.niftyindices.com/Press_Release/ind_prs23022026.pdf,NSE/Nifty press release,OFFICIAL_PRIMARY,Semi-annual broad-market review; exact constituent change listed in official 2026-02-23 review release,REAL
NIFTYMICROCAP250,2026-02-23,2026-03-30,REMOVE,DODLA,https://www.niftyindices.com/Press_Release/ind_prs23022026.pdf,NSE/Nifty press release,OFFICIAL_PRIMARY,Semi-annual broad-market review; exact constituent change listed in official 2026-02-23 review release,REAL
NIFTYMICROCAP250,2026-02-23,2026-03-30,REMOVE,EASEMYTRIP,https://www.niftyindices.com/Press_Release/ind_prs23022026.pdf,NSE/Nifty press release,OFFICIAL_PRIMARY,Semi-annual broad-market review; exact constituent change listed in official 2026-02-23 review release,REAL
NIFTYMICROCAP250,2026-02-23,2026-03-30,REMOVE,EMUDHRA,https://www.niftyindices.com/Press_Release/ind_prs23022026.pdf,NSE/Nifty press release,OFFICIAL_PRIMARY,Semi-annual broad-market review; exact constituent change listed in official 2026-02-23 review release,REAL
NIFTYMICROCAP250,2026-02-23,2026-03-30,REMOVE,EPIGRAL,https://www.niftyindices.com/Press_Release/ind_prs23022026.pdf,NSE/Nifty press release,OFFICIAL_PRIMARY,Semi-annual broad-market review; exact constituent change listed in official 2026-02-23 review release,REAL
NIFTYMICROCAP250,2026-02-23,2026-03-30,REMOVE,FDC,https://www.niftyindices.com/Press_Release/ind_prs23022026.pdf,NSE/Nifty press release,OFFICIAL_PRIMARY,Semi-annual broad-market review; exact constituent change listed in official 2026-02-23 review release,REAL
NIFTYMICROCAP250,2026-02-23,2026-03-30,REMOVE,FINEORG,https://www.niftyindices.com/Press_Release/ind_prs23022026.pdf,NSE/Nifty press release,OFFICIAL_PRIMARY,Semi-annual broad-market review; exact constituent change listed in official 2026-02-23 review release,REAL
NIFTYMICROCAP250,2026-02-23,2026-03-30,REMOVE,GRINFRA,https://www.niftyindices.com/Press_Release/ind_prs23022026.pdf,NSE/Nifty press release,OFFICIAL_PRIMARY,Semi-annual broad-market review; exact constituent change listed in official 2026-02-23 review release,REAL
NIFTYMICROCAP250,2026-02-23,2026-03-30,REMOVE,GABRIEL,https://www.niftyindices.com/Press_Release/ind_prs23022026.pdf,NSE/Nifty press release,OFFICIAL_PRIMARY,Semi-annual broad-market review; exact constituent change listed in official 2026-02-23 review release,REAL
NIFTYMICROCAP250,2026-02-23,2026-03-30,REMOVE,GALLANTT,https://www.niftyindices.com/Press_Release/ind_prs23022026.pdf,NSE/Nifty press release,OFFICIAL_PRIMARY,Semi-annual broad-market review; exact constituent change listed in official 2026-02-23 review release,REAL
NIFTYMICROCAP250,2026-02-23,2026-03-30,REMOVE,GANESHHOU,https://www.niftyindices.com/Press_Release/ind_prs23022026.pdf,NSE/Nifty press release,OFFICIAL_PRIMARY,Semi-annual broad-market review; exact constituent change listed in official 2026-02-23 review release,REAL
NIFTYMICROCAP250,2026-02-23,2026-03-30,REMOVE,GANECOS,https://www.niftyindices.com/Press_Release/ind_prs23022026.pdf,NSE/Nifty press release,OFFICIAL_PRIMARY,Semi-annual broad-market review; exact constituent change listed in official 2026-02-23 review release,REAL
NIFTYMICROCAP250,2026-02-23,2026-03-30,REMOVE,GARFIBRES,https://www.niftyindices.com/Press_Release/ind_prs23022026.pdf,NSE/Nifty press release,OFFICIAL_PRIMARY,Semi-annual broad-market review; exact constituent change listed in official 2026-02-23 review release,REAL
NIFTYMICROCAP250,2026-02-23,2026-03-30,REMOVE,GATEWAY,https://www.niftyindices.com/Press_Release/ind_prs23022026.pdf,NSE/Nifty press release,OFFICIAL_PRIMARY,Semi-annual broad-market review; exact constituent change listed in official 2026-02-23 review release,REAL
NIFTYMICROCAP250,2026-02-23,2026-03-30,REMOVE,GREENPANEL,https://www.niftyindices.com/Press_Release/ind_prs23022026.pdf,NSE/Nifty press release,OFFICIAL_PRIMARY,Semi-annual broad-market review; exact constituent change listed in official 2026-02-23 review release,REAL
NIFTYMICROCAP250,2026-02-23,2026-03-30,REMOVE,GULFOILLUB,https://www.niftyindices.com/Press_Release/ind_prs23022026.pdf,NSE/Nifty press release,OFFICIAL_PRIMARY,Semi-annual broad-market review; exact constituent change listed in official 2026-02-23 review release,REAL
NIFTYMICROCAP250,2026-02-23,2026-03-30,REMOVE,HIKAL,https://www.niftyindices.com/Press_Release/ind_prs23022026.pdf,NSE/Nifty press release,OFFICIAL_PRIMARY,Semi-annual broad-market review; exact constituent change listed in official 2026-02-23 review release,REAL
NIFTYMICROCAP250,2026-02-23,2026-03-30,REMOVE,IMAGICAA,https://www.niftyindices.com/Press_Release/ind_prs23022026.pdf,NSE/Nifty press release,OFFICIAL_PRIMARY,Semi-annual broad-market review; exact constituent change listed in official 2026-02-23 review release,REAL
NIFTYMICROCAP250,2026-02-23,2026-03-30,REMOVE,INGERRAND,https://www.niftyindices.com/Press_Release/ind_prs23022026.pdf,NSE/Nifty press release,OFFICIAL_PRIMARY,Semi-annual broad-market review; exact constituent change listed in official 2026-02-23 review release,REAL
NIFTYMICROCAP250,2026-02-23,2026-03-30,REMOVE,INNOVACAP,https://www.niftyindices.com/Press_Release/ind_prs23022026.pdf,NSE/Nifty press release,OFFICIAL_PRIMARY,Semi-annual broad-market review; exact constituent change listed in official 2026-02-23 review release,REAL
NIFTYMICROCAP250,2026-02-23,2026-03-30,REMOVE,ISGEC,https://www.niftyindices.com/Press_Release/ind_prs23022026.pdf,NSE/Nifty press release,OFFICIAL_PRIMARY,Semi-annual broad-market review; exact constituent change listed in official 2026-02-23 review release,REAL
NIFTYMICROCAP250,2026-02-23,2026-03-30,REMOVE,JKIL,https://www.niftyindices.com/Press_Release/ind_prs23022026.pdf,NSE/Nifty press release,OFFICIAL_PRIMARY,Semi-annual broad-market review; exact constituent change listed in official 2026-02-23 review release,REAL
NIFTYMICROCAP250,2026-02-23,2026-03-30,REMOVE,JISLJALEQS,https://www.niftyindices.com/Press_Release/ind_prs23022026.pdf,NSE/Nifty press release,OFFICIAL_PRIMARY,Semi-annual broad-market review; exact constituent change listed in official 2026-02-23 review release,REAL
NIFTYMICROCAP250,2026-02-23,2026-03-30,REMOVE,JINDWORLD,https://www.niftyindices.com/Press_Release/ind_prs23022026.pdf,NSE/Nifty press release,OFFICIAL_PRIMARY,Semi-annual broad-market review; exact constituent change listed in official 2026-02-23 review release,REAL
NIFTYMICROCAP250,2026-02-23,2026-03-30,REMOVE,KSL,https://www.niftyindices.com/Press_Release/ind_prs23022026.pdf,NSE/Nifty press release,OFFICIAL_PRIMARY,Semi-annual broad-market review; exact constituent change listed in official 2026-02-23 review release,REAL
NIFTYMICROCAP250,2026-02-23,2026-03-30,REMOVE,LMW,https://www.niftyindices.com/Press_Release/ind_prs23022026.pdf,NSE/Nifty press release,OFFICIAL_PRIMARY,Semi-annual broad-market review; exact constituent change listed in official 2026-02-23 review release,REAL
NIFTYMICROCAP250,2026-02-23,2026-03-30,REMOVE,LUXIND,https://www.niftyindices.com/Press_Release/ind_prs23022026.pdf,NSE/Nifty press release,OFFICIAL_PRIMARY,Semi-annual broad-market review; exact constituent change listed in official 2026-02-23 review release,REAL
NIFTYMICROCAP250,2026-02-23,2026-03-30,REMOVE,MAHLIFE,https://www.niftyindices.com/Press_Release/ind_prs23022026.pdf,NSE/Nifty press release,OFFICIAL_PRIMARY,Semi-annual broad-market review; exact constituent change listed in official 2026-02-23 review release,REAL
NIFTYMICROCAP250,2026-02-23,2026-03-30,REMOVE,MANINFRA,https://www.niftyindices.com/Press_Release/ind_prs23022026.pdf,NSE/Nifty press release,OFFICIAL_PRIMARY,Semi-annual broad-market review; exact constituent change listed in official 2026-02-23 review release,REAL
NIFTYMICROCAP250,2026-02-23,2026-03-30,REMOVE,MAXESTATES,https://www.niftyindices.com/Press_Release/ind_prs23022026.pdf,NSE/Nifty press release,OFFICIAL_PRIMARY,Semi-annual broad-market review; exact constituent change listed in official 2026-02-23 review release,REAL
NIFTYMICROCAP250,2026-02-23,2026-03-30,REMOVE,ORCHPHARMA,https://www.niftyindices.com/Press_Release/ind_prs23022026.pdf,NSE/Nifty press release,OFFICIAL_PRIMARY,Semi-annual broad-market review; exact constituent change listed in official 2026-02-23 review release,REAL
NIFTYMICROCAP250,2026-02-23,2026-03-30,REMOVE,PARADEEP,https://www.niftyindices.com/Press_Release/ind_prs23022026.pdf,NSE/Nifty press release,OFFICIAL_PRIMARY,Semi-annual broad-market review; exact constituent change listed in official 2026-02-23 review release,REAL
NIFTYMICROCAP250,2026-02-23,2026-03-30,REMOVE,PATELENG,https://www.niftyindices.com/Press_Release/ind_prs23022026.pdf,NSE/Nifty press release,OFFICIAL_PRIMARY,Semi-annual broad-market review; exact constituent change listed in official 2026-02-23 review release,REAL
NIFTYMICROCAP250,2026-02-23,2026-03-30,REMOVE,POLYPLEX,https://www.niftyindices.com/Press_Release/ind_prs23022026.pdf,NSE/Nifty press release,OFFICIAL_PRIMARY,Semi-annual broad-market review; exact constituent change listed in official 2026-02-23 review release,REAL
NIFTYMICROCAP250,2026-02-23,2026-03-30,REMOVE,PRINCEPIPE,https://www.niftyindices.com/Press_Release/ind_prs23022026.pdf,NSE/Nifty press release,OFFICIAL_PRIMARY,Semi-annual broad-market review; exact constituent change listed in official 2026-02-23 review release,REAL
NIFTYMICROCAP250,2026-02-23,2026-03-30,REMOVE,RATNAMANI,https://www.niftyindices.com/Press_Release/ind_prs23022026.pdf,NSE/Nifty press release,OFFICIAL_PRIMARY,Semi-annual broad-market review; exact constituent change listed in official 2026-02-23 review release,REAL
NIFTYMICROCAP250,2026-02-23,2026-03-30,REMOVE,SANOFICONR,https://www.niftyindices.com/Press_Release/ind_prs23022026.pdf,NSE/Nifty press release,OFFICIAL_PRIMARY,Semi-annual broad-market review; exact constituent change listed in official 2026-02-23 review release,REAL
NIFTYMICROCAP250,2026-02-23,2026-03-30,REMOVE,SANOFI,https://www.niftyindices.com/Press_Release/ind_prs23022026.pdf,NSE/Nifty press release,OFFICIAL_PRIMARY,Semi-annual broad-market review; exact constituent change listed in official 2026-02-23 review release,REAL
NIFTYMICROCAP250,2026-02-23,2026-03-30,REMOVE,SHARDAMOTR,https://www.niftyindices.com/Press_Release/ind_prs23022026.pdf,NSE/Nifty press release,OFFICIAL_PRIMARY,Semi-annual broad-market review; exact constituent change listed in official 2026-02-23 review release,REAL
NIFTYMICROCAP250,2026-02-23,2026-03-30,REMOVE,SUNFLAG,https://www.niftyindices.com/Press_Release/ind_prs23022026.pdf,NSE/Nifty press release,OFFICIAL_PRIMARY,Semi-annual broad-market review; exact constituent change listed in official 2026-02-23 review release,REAL
NIFTYMICROCAP250,2026-02-23,2026-03-30,REMOVE,SYMPHONY,https://www.niftyindices.com/Press_Release/ind_prs23022026.pdf,NSE/Nifty press release,OFFICIAL_PRIMARY,Semi-annual broad-market review; exact constituent change listed in official 2026-02-23 review release,REAL
NIFTYMICROCAP250,2026-02-23,2026-03-30,REMOVE,TEAMLEASE,https://www.niftyindices.com/Press_Release/ind_prs23022026.pdf,NSE/Nifty press release,OFFICIAL_PRIMARY,Semi-annual broad-market review; exact constituent change listed in official 2026-02-23 review release,REAL
NIFTYMICROCAP250,2026-02-23,2026-03-30,REMOVE,TEGA,https://www.niftyindices.com/Press_Release/ind_prs23022026.pdf,NSE/Nifty press release,OFFICIAL_PRIMARY,Semi-annual broad-market review; exact constituent change listed in official 2026-02-23 review release,REAL
NIFTYMICROCAP250,2026-02-23,2026-03-30,REMOVE,UNIMECH,https://www.niftyindices.com/Press_Release/ind_prs23022026.pdf,NSE/Nifty press release,OFFICIAL_PRIMARY,Semi-annual broad-market review; exact constituent change listed in official 2026-02-23 review release,REAL
NIFTYMICROCAP250,2026-02-23,2026-03-30,REMOVE,VESUVIUS,https://www.niftyindices.com/Press_Release/ind_prs23022026.pdf,NSE/Nifty press release,OFFICIAL_PRIMARY,Semi-annual broad-market review; exact constituent change listed in official 2026-02-23 review release,REAL
NIFTYMICROCAP250,2026-02-23,2026-03-30,REMOVE,VINATIORGA,https://www.niftyindices.com/Press_Release/ind_prs23022026.pdf,NSE/Nifty press release,OFFICIAL_PRIMARY,Official 2026-02-23 review uses historical symbol VINATIORGA,REAL
NIFTYMICROCAP250,2026-02-23,2026-03-30,REMOVE,VSTIND,https://www.niftyindices.com/Press_Release/ind_prs23022026.pdf,NSE/Nifty press release,OFFICIAL_PRIMARY,Semi-annual broad-market review; exact constituent change listed in official 2026-02-23 review release,REAL
NIFTYMICROCAP250,2026-02-23,2026-03-30,REMOVE,ZYDUSWELL,https://www.niftyindices.com/Press_Release/ind_prs23022026.pdf,NSE/Nifty press release,OFFICIAL_PRIMARY,Semi-annual broad-market review; exact constituent change listed in official 2026-02-23 review release,REAL
NIFTYNEXT50,2026-02-23,2026-03-30,ADD,CUMMINSIND,https://www.niftyindices.com/Press_Release/ind_prs23022026.pdf,NSE/Nifty press release,OFFICIAL_PRIMARY,Semi-annual broad-market review; exact constituent change listed in official 2026-02-23 review release,REAL
NIFTYNEXT50,2026-02-23,2026-03-30,ADD,HDFCAMC,https://www.niftyindices.com/Press_Release/ind_prs23022026.pdf,NSE/Nifty press release,OFFICIAL_PRIMARY,Semi-annual broad-market review; exact constituent change listed in official 2026-02-23 review release,REAL
NIFTYNEXT50,2026-02-23,2026-03-30,ADD,MUTHOOTFIN,https://www.niftyindices.com/Press_Release/ind_prs23022026.pdf,NSE/Nifty press release,OFFICIAL_PRIMARY,Semi-annual broad-market review; exact constituent change listed in official 2026-02-23 review release,REAL
NIFTYNEXT50,2026-02-23,2026-03-30,ADD,TATACAP,https://www.niftyindices.com/Press_Release/ind_prs23022026.pdf,NSE/Nifty press release,OFFICIAL_PRIMARY,Semi-annual broad-market review; exact constituent change listed in official 2026-02-23 review release,REAL
NIFTYNEXT50,2026-02-23,2026-03-30,ADD,TMCV,https://www.niftyindices.com/Press_Release/ind_prs23022026.pdf,NSE/Nifty press release,OFFICIAL_PRIMARY,Semi-annual broad-market review; exact constituent change listed in official 2026-02-23 review release,REAL
NIFTYNEXT50,2026-02-23,2026-03-30,ADD,UNIONBANK,https://www.niftyindices.com/Press_Release/ind_prs23022026.pdf,NSE/Nifty press release,OFFICIAL_PRIMARY,Semi-annual broad-market review; exact constituent change listed in official 2026-02-23 review release,REAL
NIFTYMIDCAP150,2026-02-23,2026-03-30,ADD,ANTHEM,https://www.niftyindices.com/Press_Release/ind_prs23022026.pdf,NSE/Nifty press release,OFFICIAL_PRIMARY,Semi-annual broad-market review; exact constituent change listed in official 2026-02-23 review release,REAL
NIFTYMIDCAP150,2026-02-23,2026-03-30,ADD,AIIL,https://www.niftyindices.com/Press_Release/ind_prs23022026.pdf,NSE/Nifty press release,OFFICIAL_PRIMARY,Semi-annual broad-market review; exact constituent change listed in official 2026-02-23 review release,REAL
NIFTYMIDCAP150,2026-02-23,2026-03-30,ADD,BAJAJHFL,https://www.niftyindices.com/Press_Release/ind_prs23022026.pdf,NSE/Nifty press release,OFFICIAL_PRIMARY,Semi-annual broad-market review; exact constituent change listed in official 2026-02-23 review release,REAL
NIFTYMIDCAP150,2026-02-23,2026-03-30,ADD,GROWW,https://www.niftyindices.com/Press_Release/ind_prs23022026.pdf,NSE/Nifty press release,OFFICIAL_PRIMARY,Semi-annual broad-market review; exact constituent change listed in official 2026-02-23 review release,REAL
NIFTYMIDCAP150,2026-02-23,2026-03-30,ADD,HAVELLS,https://www.niftyindices.com/Press_Release/ind_prs23022026.pdf,NSE/Nifty press release,OFFICIAL_PRIMARY,Semi-annual broad-market review; exact constituent change listed in official 2026-02-23 review release,REAL
NIFTYMIDCAP150,2026-02-23,2026-03-30,ADD,HDBFS,https://www.niftyindices.com/Press_Release/ind_prs23022026.pdf,NSE/Nifty press release,OFFICIAL_PRIMARY,Semi-annual broad-market review; exact constituent change listed in official 2026-02-23 review release,REAL
NIFTYMIDCAP150,2026-02-23,2026-03-30,ADD,ICICIGI,https://www.niftyindices.com/Press_Release/ind_prs23022026.pdf,NSE/Nifty press release,OFFICIAL_PRIMARY,Semi-annual broad-market review; exact constituent change listed in official 2026-02-23 review release,REAL
NIFTYMIDCAP150,2026-02-23,2026-03-30,ADD,ICICIAMC,https://www.niftyindices.com/Press_Release/ind_prs23022026.pdf,NSE/Nifty press release,OFFICIAL_PRIMARY,Semi-annual broad-market review; exact constituent change listed in official 2026-02-23 review release,REAL
NIFTYMIDCAP150,2026-02-23,2026-03-30,ADD,NAUKRI,https://www.niftyindices.com/Press_Release/ind_prs23022026.pdf,NSE/Nifty press release,OFFICIAL_PRIMARY,Semi-annual broad-market review; exact constituent change listed in official 2026-02-23 review release,REAL
NIFTYMIDCAP150,2026-02-23,2026-03-30,ADD,JSWENERGY,https://www.niftyindices.com/Press_Release/ind_prs23022026.pdf,NSE/Nifty press release,OFFICIAL_PRIMARY,Semi-annual broad-market review; exact constituent change listed in official 2026-02-23 review release,REAL
NIFTYMIDCAP150,2026-02-23,2026-03-30,ADD,LAURUSLABS,https://www.niftyindices.com/Press_Release/ind_prs23022026.pdf,NSE/Nifty press release,OFFICIAL_PRIMARY,Semi-annual broad-market review; exact constituent change listed in official 2026-02-23 review release,REAL
NIFTYMIDCAP150,2026-02-23,2026-03-30,ADD,LENSKART,https://www.niftyindices.com/Press_Release/ind_prs23022026.pdf,NSE/Nifty press release,OFFICIAL_PRIMARY,Semi-annual broad-market review; exact constituent change listed in official 2026-02-23 review release,REAL
NIFTYMIDCAP150,2026-02-23,2026-03-30,ADD,LGEINDIA,https://www.niftyindices.com/Press_Release/ind_prs23022026.pdf,NSE/Nifty press release,OFFICIAL_PRIMARY,Semi-annual broad-market review; exact constituent change listed in official 2026-02-23 review release,REAL
NIFTYMIDCAP150,2026-02-23,2026-03-30,ADD,LICI,https://www.niftyindices.com/Press_Release/ind_prs23022026.pdf,NSE/Nifty press release,OFFICIAL_PRIMARY,Semi-annual broad-market review; exact constituent change listed in official 2026-02-23 review release,REAL
NIFTYMIDCAP150,2026-02-23,2026-03-30,ADD,MCX,https://www.niftyindices.com/Press_Release/ind_prs23022026.pdf,NSE/Nifty press release,OFFICIAL_PRIMARY,Semi-annual broad-market review; exact constituent change listed in official 2026-02-23 review release,REAL
NIFTYMIDCAP150,2026-02-23,2026-03-30,ADD,RADICO,https://www.niftyindices.com/Press_Release/ind_prs23022026.pdf,NSE/Nifty press release,OFFICIAL_PRIMARY,Semi-annual broad-market review; exact constituent change listed in official 2026-02-23 review release,REAL
NIFTYSMALLCAP250,2026-02-23,2026-03-30,ADD,ACUTAAS,https://www.niftyindices.com/Press_Release/ind_prs23022026.pdf,NSE/Nifty press release,OFFICIAL_PRIMARY,Semi-annual broad-market review; exact constituent change listed in official 2026-02-23 review release,REAL
NIFTYSMALLCAP250,2026-02-23,2026-03-30,ADD,CPPLUS,https://www.niftyindices.com/Press_Release/ind_prs23022026.pdf,NSE/Nifty press release,OFFICIAL_PRIMARY,Semi-annual broad-market review; exact constituent change listed in official 2026-02-23 review release,REAL
NIFTYSMALLCAP250,2026-02-23,2026-03-30,ADD,ABDL,https://www.niftyindices.com/Press_Release/ind_prs23022026.pdf,NSE/Nifty press release,OFFICIAL_PRIMARY,Semi-annual broad-market review; exact constituent change listed in official 2026-02-23 review release,REAL
NIFTYSMALLCAP250,2026-02-23,2026-03-30,ADD,ANURAS,https://www.niftyindices.com/Press_Release/ind_prs23022026.pdf,NSE/Nifty press release,OFFICIAL_PRIMARY,Semi-annual broad-market review; exact constituent change listed in official 2026-02-23 review release,REAL
NIFTYSMALLCAP250,2026-02-23,2026-03-30,ADD,BELRISE,https://www.niftyindices.com/Press_Release/ind_prs23022026.pdf,NSE/Nifty press release,OFFICIAL_PRIMARY,Semi-annual broad-market review; exact constituent change listed in official 2026-02-23 review release,REAL
NIFTYSMALLCAP250,2026-02-23,2026-03-30,ADD,CANHLIFE,https://www.niftyindices.com/Press_Release/ind_prs23022026.pdf,NSE/Nifty press release,OFFICIAL_PRIMARY,Semi-annual broad-market review; exact constituent change listed in official 2026-02-23 review release,REAL
NIFTYSMALLCAP250,2026-02-23,2026-03-30,ADD,CARTRADE,https://www.niftyindices.com/Press_Release/ind_prs23022026.pdf,NSE/Nifty press release,OFFICIAL_PRIMARY,Semi-annual broad-market review; exact constituent change listed in official 2026-02-23 review release,REAL
NIFTYSMALLCAP250,2026-02-23,2026-03-30,ADD,CEMPRO,https://www.niftyindices.com/Press_Release/ind_prs23022026.pdf,NSE/Nifty press release,OFFICIAL_PRIMARY,Semi-annual broad-market review; exact constituent change listed in official 2026-02-23 review release,REAL
NIFTYSMALLCAP250,2026-02-23,2026-03-30,ADD,DEEPAKNTR,https://www.niftyindices.com/Press_Release/ind_prs23022026.pdf,NSE/Nifty press release,OFFICIAL_PRIMARY,Semi-annual broad-market review; exact constituent change listed in official 2026-02-23 review release,REAL
NIFTYSMALLCAP250,2026-02-23,2026-03-30,ADD,EMMVEE,https://www.niftyindices.com/Press_Release/ind_prs23022026.pdf,NSE/Nifty press release,OFFICIAL_PRIMARY,Semi-annual broad-market review; exact constituent change listed in official 2026-02-23 review release,REAL
NIFTYSMALLCAP250,2026-02-23,2026-03-30,ADD,FACT,https://www.niftyindices.com/Press_Release/ind_prs23022026.pdf,NSE/Nifty press release,OFFICIAL_PRIMARY,Semi-annual broad-market review; exact constituent change listed in official 2026-02-23 review release,REAL
NIFTYSMALLCAP250,2026-02-23,2026-03-30,ADD,GABRIEL,https://www.niftyindices.com/Press_Release/ind_prs23022026.pdf,NSE/Nifty press release,OFFICIAL_PRIMARY,Semi-annual broad-market review; exact constituent change listed in official 2026-02-23 review release,REAL
NIFTYSMALLCAP250,2026-02-23,2026-03-30,ADD,GALLANTT,https://www.niftyindices.com/Press_Release/ind_prs23022026.pdf,NSE/Nifty press release,OFFICIAL_PRIMARY,Semi-annual broad-market review; exact constituent change listed in official 2026-02-23 review release,REAL
NIFTYSMALLCAP250,2026-02-23,2026-03-30,ADD,IDBI,https://www.niftyindices.com/Press_Release/ind_prs23022026.pdf,NSE/Nifty press release,OFFICIAL_PRIMARY,Semi-annual broad-market review; exact constituent change listed in official 2026-02-23 review release,REAL
NIFTYSMALLCAP250,2026-02-23,2026-03-30,ADD,IOB,https://www.niftyindices.com/Press_Release/ind_prs23022026.pdf,NSE/Nifty press release,OFFICIAL_PRIMARY,Semi-annual broad-market review; exact constituent change listed in official 2026-02-23 review release,REAL
NIFTYSMALLCAP250,2026-02-23,2026-03-30,ADD,IGL,https://www.niftyindices.com/Press_Release/ind_prs23022026.pdf,NSE/Nifty press release,OFFICIAL_PRIMARY,Semi-annual broad-market review; exact constituent change listed in official 2026-02-23 review release,REAL
NIFTYSMALLCAP250,2026-02-23,2026-03-30,ADD,IRB,https://www.niftyindices.com/Press_Release/ind_prs23022026.pdf,NSE/Nifty press release,OFFICIAL_PRIMARY,Semi-annual broad-market review; exact constituent change listed in official 2026-02-23 review release,REAL
NIFTYSMALLCAP250,2026-02-23,2026-03-30,ADD,JAINREC,https://www.niftyindices.com/Press_Release/ind_prs23022026.pdf,NSE/Nifty press release,OFFICIAL_PRIMARY,Semi-annual broad-market review; exact constituent change listed in official 2026-02-23 review release,REAL
NIFTYSMALLCAP250,2026-02-23,2026-03-30,ADD,MEESHO,https://www.niftyindices.com/Press_Release/ind_prs23022026.pdf,NSE/Nifty press release,OFFICIAL_PRIMARY,Semi-annual broad-market review; exact constituent change listed in official 2026-02-23 review release,REAL
NIFTYSMALLCAP250,2026-02-23,2026-03-30,ADD,PARADEEP,https://www.niftyindices.com/Press_Release/ind_prs23022026.pdf,NSE/Nifty press release,OFFICIAL_PRIMARY,Semi-annual broad-market review; exact constituent change listed in official 2026-02-23 review release,REAL
NIFTYSMALLCAP250,2026-02-23,2026-03-30,ADD,PWL,https://www.niftyindices.com/Press_Release/ind_prs23022026.pdf,NSE/Nifty press release,OFFICIAL_PRIMARY,Semi-annual broad-market review; exact constituent change listed in official 2026-02-23 review release,REAL
NIFTYSMALLCAP250,2026-02-23,2026-03-30,ADD,PINELABS,https://www.niftyindices.com/Press_Release/ind_prs23022026.pdf,NSE/Nifty press release,OFFICIAL_PRIMARY,Semi-annual broad-market review; exact constituent change listed in official 2026-02-23 review release,REAL
NIFTYSMALLCAP250,2026-02-23,2026-03-30,ADD,PIRAMALFIN,https://www.niftyindices.com/Press_Release/ind_prs23022026.pdf,NSE/Nifty press release,OFFICIAL_PRIMARY,Semi-annual broad-market review; exact constituent change listed in official 2026-02-23 review release,REAL
NIFTYSMALLCAP250,2026-02-23,2026-03-30,ADD,SONACOMS,https://www.niftyindices.com/Press_Release/ind_prs23022026.pdf,NSE/Nifty press release,OFFICIAL_PRIMARY,Semi-annual broad-market review; exact constituent change listed in official 2026-02-23 review release,REAL
NIFTYSMALLCAP250,2026-02-23,2026-03-30,ADD,SPLPETRO,https://www.niftyindices.com/Press_Release/ind_prs23022026.pdf,NSE/Nifty press release,OFFICIAL_PRIMARY,Semi-annual broad-market review; exact constituent change listed in official 2026-02-23 review release,REAL
NIFTYSMALLCAP250,2026-02-23,2026-03-30,ADD,SYNGENE,https://www.niftyindices.com/Press_Release/ind_prs23022026.pdf,NSE/Nifty press release,OFFICIAL_PRIMARY,Semi-annual broad-market review; exact constituent change listed in official 2026-02-23 review release,REAL
NIFTYSMALLCAP250,2026-02-23,2026-03-30,ADD,TATATECH,https://www.niftyindices.com/Press_Release/ind_prs23022026.pdf,NSE/Nifty press release,OFFICIAL_PRIMARY,Semi-annual broad-market review; exact constituent change listed in official 2026-02-23 review release,REAL
NIFTYSMALLCAP250,2026-02-23,2026-03-30,ADD,TEGA,https://www.niftyindices.com/Press_Release/ind_prs23022026.pdf,NSE/Nifty press release,OFFICIAL_PRIMARY,Semi-annual broad-market review; exact constituent change listed in official 2026-02-23 review release,REAL
NIFTYSMALLCAP250,2026-02-23,2026-03-30,ADD,TENNIND,https://www.niftyindices.com/Press_Release/ind_prs23022026.pdf,NSE/Nifty press release,OFFICIAL_PRIMARY,Semi-annual broad-market review; exact constituent change listed in official 2026-02-23 review release,REAL
NIFTYSMALLCAP250,2026-02-23,2026-03-30,ADD,TRAVELFOOD,https://www.niftyindices.com/Press_Release/ind_prs23022026.pdf,NSE/Nifty press release,OFFICIAL_PRIMARY,Semi-annual broad-market review; exact constituent change listed in official 2026-02-23 review release,REAL
NIFTYSMALLCAP250,2026-02-23,2026-03-30,ADD,UCOBANK,https://www.niftyindices.com/Press_Release/ind_prs23022026.pdf,NSE/Nifty press release,OFFICIAL_PRIMARY,Semi-annual broad-market review; exact constituent change listed in official 2026-02-23 review release,REAL
NIFTYSMALLCAP250,2026-02-23,2026-03-30,ADD,URBANCO,https://www.niftyindices.com/Press_Release/ind_prs23022026.pdf,NSE/Nifty press release,OFFICIAL_PRIMARY,Semi-annual broad-market review; exact constituent change listed in official 2026-02-23 review release,REAL
NIFTYSMALLCAP250,2026-02-23,2026-03-30,ADD,ZYDUSWELL,https://www.niftyindices.com/Press_Release/ind_prs23022026.pdf,NSE/Nifty press release,OFFICIAL_PRIMARY,Semi-annual broad-market review; exact constituent change listed in official 2026-02-23 review release,REAL
NIFTYMICROCAP250,2026-02-23,2026-03-30,ADD,AVL,https://www.niftyindices.com/Press_Release/ind_prs23022026.pdf,NSE/Nifty press release,OFFICIAL_PRIMARY,Semi-annual broad-market review; exact constituent change listed in official 2026-02-23 review release,REAL
NIFTYMICROCAP250,2026-02-23,2026-03-30,ADD,AEQUS,https://www.niftyindices.com/Press_Release/ind_prs23022026.pdf,NSE/Nifty press release,OFFICIAL_PRIMARY,Semi-annual broad-market review; exact constituent change listed in official 2026-02-23 review release,REAL
NIFTYMICROCAP250,2026-02-23,2026-03-30,ADD,AKUMS,https://www.niftyindices.com/Press_Release/ind_prs23022026.pdf,NSE/Nifty press release,OFFICIAL_PRIMARY,Semi-annual broad-market review; exact constituent change listed in official 2026-02-23 review release,REAL
NIFTYMICROCAP250,2026-02-23,2026-03-30,ADD,APLLTD,https://www.niftyindices.com/Press_Release/ind_prs23022026.pdf,NSE/Nifty press release,OFFICIAL_PRIMARY,Semi-annual broad-market review; exact constituent change listed in official 2026-02-23 review release,REAL
NIFTYMICROCAP250,2026-02-23,2026-03-30,ADD,ALKYLAMINE,https://www.niftyindices.com/Press_Release/ind_prs23022026.pdf,NSE/Nifty press release,OFFICIAL_PRIMARY,Semi-annual broad-market review; exact constituent change listed in official 2026-02-23 review release,REAL
NIFTYMICROCAP250,2026-02-23,2026-03-30,ADD,ALOKINDS,https://www.niftyindices.com/Press_Release/ind_prs23022026.pdf,NSE/Nifty press release,OFFICIAL_PRIMARY,Semi-annual broad-market review; exact constituent change listed in official 2026-02-23 review release,REAL
NIFTYMICROCAP250,2026-02-23,2026-03-30,ADD,APOLLO,https://www.niftyindices.com/Press_Release/ind_prs23022026.pdf,NSE/Nifty press release,OFFICIAL_PRIMARY,Semi-annual broad-market review; exact constituent change listed in official 2026-02-23 review release,REAL
NIFTYMICROCAP250,2026-02-23,2026-03-30,ADD,ASHAPURMIN,https://www.niftyindices.com/Press_Release/ind_prs23022026.pdf,NSE/Nifty press release,OFFICIAL_PRIMARY,Semi-annual broad-market review; exact constituent change listed in official 2026-02-23 review release,REAL
NIFTYMICROCAP250,2026-02-23,2026-03-30,ADD,ATLANTAELE,https://www.niftyindices.com/Press_Release/ind_prs23022026.pdf,NSE/Nifty press release,OFFICIAL_PRIMARY,Semi-annual broad-market review; exact constituent change listed in official 2026-02-23 review release,REAL
NIFTYMICROCAP250,2026-02-23,2026-03-30,ADD,AXISCADES,https://www.niftyindices.com/Press_Release/ind_prs23022026.pdf,NSE/Nifty press release,OFFICIAL_PRIMARY,Semi-annual broad-market review; exact constituent change listed in official 2026-02-23 review release,REAL
NIFTYMICROCAP250,2026-02-23,2026-03-30,ADD,BBOX,https://www.niftyindices.com/Press_Release/ind_prs23022026.pdf,NSE/Nifty press release,OFFICIAL_PRIMARY,Semi-annual broad-market review; exact constituent change listed in official 2026-02-23 review release,REAL
NIFTYMICROCAP250,2026-02-23,2026-03-30,ADD,BLUESTONE,https://www.niftyindices.com/Press_Release/ind_prs23022026.pdf,NSE/Nifty press release,OFFICIAL_PRIMARY,Semi-annual broad-market review; exact constituent change listed in official 2026-02-23 review release,REAL
NIFTYMICROCAP250,2026-02-23,2026-03-30,ADD,CAMPUS,https://www.niftyindices.com/Press_Release/ind_prs23022026.pdf,NSE/Nifty press release,OFFICIAL_PRIMARY,Semi-annual broad-market review; exact constituent change listed in official 2026-02-23 review release,REAL
NIFTYMICROCAP250,2026-02-23,2026-03-30,ADD,CRAMC,https://www.niftyindices.com/Press_Release/ind_prs23022026.pdf,NSE/Nifty press release,OFFICIAL_PRIMARY,Semi-annual broad-market review; exact constituent change listed in official 2026-02-23 review release,REAL
NIFTYMICROCAP250,2026-02-23,2026-03-30,ADD,CAPILLARY,https://www.niftyindices.com/Press_Release/ind_prs23022026.pdf,NSE/Nifty press release,OFFICIAL_PRIMARY,Semi-annual broad-market review; exact constituent change listed in official 2026-02-23 review release,REAL
NIFTYMICROCAP250,2026-02-23,2026-03-30,ADD,CENTURYPLY,https://www.niftyindices.com/Press_Release/ind_prs23022026.pdf,NSE/Nifty press release,OFFICIAL_PRIMARY,Semi-annual broad-market review; exact constituent change listed in official 2026-02-23 review release,REAL
NIFTYMICROCAP250,2026-02-23,2026-03-30,ADD,CERA,https://www.niftyindices.com/Press_Release/ind_prs23022026.pdf,NSE/Nifty press release,OFFICIAL_PRIMARY,Semi-annual broad-market review; exact constituent change listed in official 2026-02-23 review release,REAL
NIFTYMICROCAP250,2026-02-23,2026-03-30,ADD,CORONA,https://www.niftyindices.com/Press_Release/ind_prs23022026.pdf,NSE/Nifty press release,OFFICIAL_PRIMARY,Semi-annual broad-market review; exact constituent change listed in official 2026-02-23 review release,REAL
NIFTYMICROCAP250,2026-02-23,2026-03-30,ADD,CRIZAC,https://www.niftyindices.com/Press_Release/ind_prs23022026.pdf,NSE/Nifty press release,OFFICIAL_PRIMARY,Semi-annual broad-market review; exact constituent change listed in official 2026-02-23 review release,REAL
NIFTYMICROCAP250,2026-02-23,2026-03-30,ADD,CUPID,https://www.niftyindices.com/Press_Release/ind_prs23022026.pdf,NSE/Nifty press release,OFFICIAL_PRIMARY,Semi-annual broad-market review; exact constituent change listed in official 2026-02-23 review release,REAL
NIFTYMICROCAP250,2026-02-23,2026-03-30,ADD,AGARWALEYE,https://www.niftyindices.com/Press_Release/ind_prs23022026.pdf,NSE/Nifty press release,OFFICIAL_PRIMARY,Semi-annual broad-market review; exact constituent change listed in official 2026-02-23 review release,REAL
NIFTYMICROCAP250,2026-02-23,2026-03-30,ADD,ELLEN,https://www.niftyindices.com/Press_Release/ind_prs23022026.pdf,NSE/Nifty press release,OFFICIAL_PRIMARY,Semi-annual broad-market review; exact constituent change listed in official 2026-02-23 review release,REAL
NIFTYMICROCAP250,2026-02-23,2026-03-30,ADD,FEDFINA,https://www.niftyindices.com/Press_Release/ind_prs23022026.pdf,NSE/Nifty press release,OFFICIAL_PRIMARY,Semi-annual broad-market review; exact constituent change listed in official 2026-02-23 review release,REAL
NIFTYMICROCAP250,2026-02-23,2026-03-30,ADD,FINPIPE,https://www.niftyindices.com/Press_Release/ind_prs23022026.pdf,NSE/Nifty press release,OFFICIAL_PRIMARY,Semi-annual broad-market review; exact constituent change listed in official 2026-02-23 review release,REAL
NIFTYMICROCAP250,2026-02-23,2026-03-30,ADD,UTLSOLAR,https://www.niftyindices.com/Press_Release/ind_prs23022026.pdf,NSE/Nifty press release,OFFICIAL_PRIMARY,Semi-annual broad-market review; exact constituent change listed in official 2026-02-23 review release,REAL
NIFTYMICROCAP250,2026-02-23,2026-03-30,ADD,GODREJAGRO,https://www.niftyindices.com/Press_Release/ind_prs23022026.pdf,NSE/Nifty press release,OFFICIAL_PRIMARY,Semi-annual broad-market review; exact constituent change listed in official 2026-02-23 review release,REAL
NIFTYMICROCAP250,2026-02-23,2026-03-30,ADD,GOKULAGRO,https://www.niftyindices.com/Press_Release/ind_prs23022026.pdf,NSE/Nifty press release,OFFICIAL_PRIMARY,Semi-annual broad-market review; exact constituent change listed in official 2026-02-23 review release,REAL
NIFTYMICROCAP250,2026-02-23,2026-03-30,ADD,HAPPSTMNDS,https://www.niftyindices.com/Press_Release/ind_prs23022026.pdf,NSE/Nifty press release,OFFICIAL_PRIMARY,Semi-annual broad-market review; exact constituent change listed in official 2026-02-23 review release,REAL
NIFTYMICROCAP250,2026-02-23,2026-03-30,ADD,INOXINDIA,https://www.niftyindices.com/Press_Release/ind_prs23022026.pdf,NSE/Nifty press release,OFFICIAL_PRIMARY,Semi-annual broad-market review; exact constituent change listed in official 2026-02-23 review release,REAL
NIFTYMICROCAP250,2026-02-23,2026-03-30,ADD,JAYNECOIND,https://www.niftyindices.com/Press_Release/ind_prs23022026.pdf,NSE/Nifty press release,OFFICIAL_PRIMARY,Semi-annual broad-market review; exact constituent change listed in official 2026-02-23 review release,REAL
NIFTYMICROCAP250,2026-02-23,2026-03-30,ADD,JSLL,https://www.niftyindices.com/Press_Release/ind_prs23022026.pdf,NSE/Nifty press release,OFFICIAL_PRIMARY,Semi-annual broad-market review; exact constituent change listed in official 2026-02-23 review release,REAL
NIFTYMICROCAP250,2026-02-23,2026-03-30,ADD,JLHL,https://www.niftyindices.com/Press_Release/ind_prs23022026.pdf,NSE/Nifty press release,OFFICIAL_PRIMARY,Semi-annual broad-market review; exact constituent change listed in official 2026-02-23 review release,REAL
NIFTYMICROCAP250,2026-02-23,2026-03-30,ADD,JYOTHYLAB,https://www.niftyindices.com/Press_Release/ind_prs23022026.pdf,NSE/Nifty press release,OFFICIAL_PRIMARY,Semi-annual broad-market review; exact constituent change listed in official 2026-02-23 review release,REAL
NIFTYMICROCAP250,2026-02-23,2026-03-30,ADD,KIRLOSBROS,https://www.niftyindices.com/Press_Release/ind_prs23022026.pdf,NSE/Nifty press release,OFFICIAL_PRIMARY,Semi-annual broad-market review; exact constituent change listed in official 2026-02-23 review release,REAL
NIFTYMICROCAP250,2026-02-23,2026-03-30,ADD,KSB,https://www.niftyindices.com/Press_Release/ind_prs23022026.pdf,NSE/Nifty press release,OFFICIAL_PRIMARY,Semi-annual broad-market review; exact constituent change listed in official 2026-02-23 review release,REAL
NIFTYMICROCAP250,2026-02-23,2026-03-30,ADD,MAHSCOOTER,https://www.niftyindices.com/Press_Release/ind_prs23022026.pdf,NSE/Nifty press release,OFFICIAL_PRIMARY,Semi-annual broad-market review; exact constituent change listed in official 2026-02-23 review release,REAL
NIFTYMICROCAP250,2026-02-23,2026-03-30,ADD,MAHSEAMLES,https://www.niftyindices.com/Press_Release/ind_prs23022026.pdf,NSE/Nifty press release,OFFICIAL_PRIMARY,Semi-annual broad-market review; exact constituent change listed in official 2026-02-23 review release,REAL
NIFTYMICROCAP250,2026-02-23,2026-03-30,ADD,METROPOLIS,https://www.niftyindices.com/Press_Release/ind_prs23022026.pdf,NSE/Nifty press release,OFFICIAL_PRIMARY,Semi-annual broad-market review; exact constituent change listed in official 2026-02-23 review release,REAL
NIFTYMICROCAP250,2026-02-23,2026-03-30,ADD,ORKLAINDIA,https://www.niftyindices.com/Press_Release/ind_prs23022026.pdf,NSE/Nifty press release,OFFICIAL_PRIMARY,Semi-annual broad-market review; exact constituent change listed in official 2026-02-23 review release,REAL
NIFTYMICROCAP250,2026-02-23,2026-03-30,ADD,PARKHOSPS,https://www.niftyindices.com/Press_Release/ind_prs23022026.pdf,NSE/Nifty press release,OFFICIAL_PRIMARY,Semi-annual broad-market review; exact constituent change listed in official 2026-02-23 review release,REAL
NIFTYMICROCAP250,2026-02-23,2026-03-30,ADD,PICCADIL,https://www.niftyindices.com/Press_Release/ind_prs23022026.pdf,NSE/Nifty press release,OFFICIAL_PRIMARY,Semi-annual broad-market review; exact constituent change listed in official 2026-02-23 review release,REAL
NIFTYMICROCAP250,2026-02-23,2026-03-30,ADD,PRAJIND,https://www.niftyindices.com/Press_Release/ind_prs23022026.pdf,NSE/Nifty press release,OFFICIAL_PRIMARY,Semi-annual broad-market review; exact constituent change listed in official 2026-02-23 review release,REAL
NIFTYMICROCAP250,2026-02-23,2026-03-30,ADD,PFOCUS,https://www.niftyindices.com/Press_Release/ind_prs23022026.pdf,NSE/Nifty press release,OFFICIAL_PRIMARY,Semi-annual broad-market review; exact constituent change listed in official 2026-02-23 review release,REAL
NIFTYMICROCAP250,2026-02-23,2026-03-30,ADD,QPOWER,https://www.niftyindices.com/Press_Release/ind_prs23022026.pdf,NSE/Nifty press release,OFFICIAL_PRIMARY,Semi-annual broad-market review; exact constituent change listed in official 2026-02-23 review release,REAL
NIFTYMICROCAP250,2026-02-23,2026-03-30,ADD,RCF,https://www.niftyindices.com/Press_Release/ind_prs23022026.pdf,NSE/Nifty press release,OFFICIAL_PRIMARY,Semi-annual broad-market review; exact constituent change listed in official 2026-02-23 review release,REAL
NIFTYMICROCAP250,2026-02-23,2026-03-30,ADD,REDTAPE,https://www.niftyindices.com/Press_Release/ind_prs23022026.pdf,NSE/Nifty press release,OFFICIAL_PRIMARY,Semi-annual broad-market review; exact constituent change listed in official 2026-02-23 review release,REAL
NIFTYMICROCAP250,2026-02-23,2026-03-30,ADD,RUBICON,https://www.niftyindices.com/Press_Release/ind_prs23022026.pdf,NSE/Nifty press release,OFFICIAL_PRIMARY,Semi-annual broad-market review; exact constituent change listed in official 2026-02-23 review release,REAL
NIFTYMICROCAP250,2026-02-23,2026-03-30,ADD,SAATVIKGL,https://www.niftyindices.com/Press_Release/ind_prs23022026.pdf,NSE/Nifty press release,OFFICIAL_PRIMARY,Semi-annual broad-market review; exact constituent change listed in official 2026-02-23 review release,REAL
NIFTYMICROCAP250,2026-02-23,2026-03-30,ADD,STYL,https://www.niftyindices.com/Press_Release/ind_prs23022026.pdf,NSE/Nifty press release,OFFICIAL_PRIMARY,Semi-annual broad-market review; exact constituent change listed in official 2026-02-23 review release,REAL
NIFTYMICROCAP250,2026-02-23,2026-03-30,ADD,SKFINDUS,https://www.niftyindices.com/Press_Release/ind_prs23022026.pdf,NSE/Nifty press release,OFFICIAL_PRIMARY,Semi-annual broad-market review; exact constituent change listed in official 2026-02-23 review release,REAL
NIFTYMICROCAP250,2026-02-23,2026-03-30,ADD,SKFINDIA,https://www.niftyindices.com/Press_Release/ind_prs23022026.pdf,NSE/Nifty press release,OFFICIAL_PRIMARY,Semi-annual broad-market review; exact constituent change listed in official 2026-02-23 review release,REAL
NIFTYMICROCAP250,2026-02-23,2026-03-30,ADD,SMARTWORKS,https://www.niftyindices.com/Press_Release/ind_prs23022026.pdf,NSE/Nifty press release,OFFICIAL_PRIMARY,Semi-annual broad-market review; exact constituent change listed in official 2026-02-23 review release,REAL
NIFTYMICROCAP250,2026-02-23,2026-03-30,ADD,SMLMAH,https://www.niftyindices.com/Press_Release/ind_prs23022026.pdf,NSE/Nifty press release,OFFICIAL_PRIMARY,Semi-annual broad-market review; exact constituent change listed in official 2026-02-23 review release,REAL
NIFTYMICROCAP250,2026-02-23,2026-03-30,ADD,LOTUSDEV,https://www.niftyindices.com/Press_Release/ind_prs23022026.pdf,NSE/Nifty press release,OFFICIAL_PRIMARY,Semi-annual broad-market review; exact constituent change listed in official 2026-02-23 review release,REAL
NIFTYMICROCAP250,2026-02-23,2026-03-30,ADD,SUDEEPPHRM,https://www.niftyindices.com/Press_Release/ind_prs23022026.pdf,NSE/Nifty press release,OFFICIAL_PRIMARY,Semi-annual broad-market review; exact constituent change listed in official 2026-02-23 review release,REAL
NIFTYMICROCAP250,2026-02-23,2026-03-30,ADD,TMB,https://www.niftyindices.com/Press_Release/ind_prs23022026.pdf,NSE/Nifty press release,OFFICIAL_PRIMARY,Semi-annual broad-market review; exact constituent change listed in official 2026-02-23 review release,REAL
NIFTYMICROCAP250,2026-02-23,2026-03-30,ADD,TRIVENI,https://www.niftyindices.com/Press_Release/ind_prs23022026.pdf,NSE/Nifty press release,OFFICIAL_PRIMARY,Semi-annual broad-market review; exact constituent change listed in official 2026-02-23 review release,REAL
NIFTYMICROCAP250,2026-02-23,2026-03-30,ADD,DBREALTY,https://www.niftyindices.com/Press_Release/ind_prs23022026.pdf,NSE/Nifty press release,OFFICIAL_PRIMARY,Semi-annual broad-market review; exact constituent change listed in official 2026-02-23 review release,REAL
NIFTYMICROCAP250,2026-02-23,2026-03-30,ADD,MANYAVAR,https://www.niftyindices.com/Press_Release/ind_prs23022026.pdf,NSE/Nifty press release,OFFICIAL_PRIMARY,Semi-annual broad-market review; exact constituent change listed in official 2026-02-23 review release,REAL
NIFTYMICROCAP250,2026-02-23,2026-03-30,ADD,VGUARD,https://www.niftyindices.com/Press_Release/ind_prs23022026.pdf,NSE/Nifty press release,OFFICIAL_PRIMARY,Semi-annual broad-market review; exact constituent change listed in official 2026-02-23 review release,REAL
NIFTYMICROCAP250,2026-02-23,2026-03-30,ADD,VIKRAMSOLR,https://www.niftyindices.com/Press_Release/ind_prs23022026.pdf,NSE/Nifty press release,OFFICIAL_PRIMARY,Semi-annual broad-market review; exact constituent change listed in official 2026-02-23 review release,REAL
NIFTYMICROCAP250,2026-02-23,2026-03-30,ADD,WAKEFIT,https://www.niftyindices.com/Press_Release/ind_prs23022026.pdf,NSE/Nifty press release,OFFICIAL_PRIMARY,Semi-annual broad-market review; exact constituent change listed in official 2026-02-23 review release,REAL
NIFTYMICROCAP250,2026-02-23,2026-03-30,ADD,WEWORK,https://www.niftyindices.com/Press_Release/ind_prs23022026.pdf,NSE/Nifty press release,OFFICIAL_PRIMARY,Semi-annual broad-market review; exact constituent change listed in official 2026-02-23 review release,REAL
NIFTYNEXT50,2026-04-23,2026-04-30,ADD,DUMMYVEDL1,https://www.niftyindices.com/Press_Release/ind_prs23042026.pdf,NSE/Nifty press release,OFFICIAL_PRIMARY,Vedanta demerger placeholder; zero price; excluded from canonical membership,DUMMY
NIFTYNEXT50,2026-04-23,2026-04-30,ADD,DUMMYVEDL2,https://www.niftyindices.com/Press_Release/ind_prs23042026.pdf,NSE/Nifty press release,OFFICIAL_PRIMARY,Vedanta demerger placeholder; zero price; excluded from canonical membership,DUMMY
NIFTYNEXT50,2026-04-23,2026-04-30,ADD,DUMMYVEDL3,https://www.niftyindices.com/Press_Release/ind_prs23042026.pdf,NSE/Nifty press release,OFFICIAL_PRIMARY,Vedanta demerger placeholder; zero price; excluded from canonical membership,DUMMY
NIFTYNEXT50,2026-04-23,2026-04-30,ADD,DUMMYVEDL4,https://www.niftyindices.com/Press_Release/ind_prs23042026.pdf,NSE/Nifty press release,OFFICIAL_PRIMARY,Vedanta demerger placeholder; zero price; excluded from canonical membership,DUMMY
NIFTYSMALLCAP250,2026-05-04,2026-05-12,REMOVE,GSPL,https://www.niftyindices.com/Press_Release/ind_prs04052026.pdf,NSE/Nifty press release,OFFICIAL_PRIMARY,Replacement,REAL
NIFTYMICROCAP250,2026-05-04,2026-05-12,REMOVE,CIEINDIA,https://www.niftyindices.com/Press_Release/ind_prs04052026.pdf,NSE/Nifty press release,OFFICIAL_PRIMARY,Replacement,REAL
NIFTYMICROCAP250,2026-05-04,2026-05-12,ADD,RATNAMANI,https://www.niftyindices.com/Press_Release/ind_prs04052026.pdf,NSE/Nifty press release,OFFICIAL_PRIMARY,Replacement,REAL
NIFTYSMALLCAP250,2026-05-04,2026-05-12,ADD,CIEINDIA,https://www.niftyindices.com/Press_Release/ind_prs04052026.pdf,NSE/Nifty press release,OFFICIAL_PRIMARY,Replacement,REAL
NIFTYMICROCAP250,2026-05-08,2026-05-15,REMOVE,CIGNITITEC,https://www.niftyindices.com/Press_Release/ind_prs08052026.pdf,NSE/Nifty press release,OFFICIAL_PRIMARY,Amalgamation into Coforge,REAL
NIFTYMICROCAP250,2026-05-08,2026-05-15,ADD,SANOFICONR,https://www.niftyindices.com/Press_Release/ind_prs08052026.pdf,NSE/Nifty press release,OFFICIAL_PRIMARY,Replacement after Cigniti amalgamation,REAL
NIFTYNEXT50,2026-06-11,2026-06-15,ADD,VEDPOWER,https://nsearchives.nseindia.com/content/circulars/CML74668.pdf,NSE listing circular,OFFICIAL_PRIMARY,Real-symbol identity transition from the DUMMY demerger placeholder; admitted to trading on NSE effective 2026-06-15,REAL
NIFTYNEXT50,2026-06-11,2026-06-15,ADD,VISL,https://nsearchives.nseindia.com/content/circulars/CML74664.pdf,NSE listing circular,OFFICIAL_PRIMARY,Real-symbol identity transition from the DUMMY demerger placeholder; admitted to trading on NSE effective 2026-06-15,REAL
NIFTYNEXT50,2026-06-11,2026-06-15,ADD,VAML,https://nsearchives.nseindia.com/content/circulars/CML74659.pdf,NSE listing circular,OFFICIAL_PRIMARY,Real-symbol identity transition from the DUMMY demerger placeholder; admitted to trading on NSE effective 2026-06-15,REAL
NIFTYNEXT50,2026-06-11,2026-06-15,ADD,VOGL,https://nsearchives.nseindia.com/content/circulars/CML74666.pdf,NSE listing circular,OFFICIAL_PRIMARY,Real-symbol identity transition from the DUMMY demerger placeholder; admitted to trading on NSE effective 2026-06-15,REAL
NIFTYNEXT50,2026-06-17,2026-06-19,REMOVE,VISL,https://www.niftyindices.com/Press_Release/ind_prs17062026.pdf,NSE/Nifty press release,OFFICIAL_PRIMARY,Vedanta demerger entity excluded after listing,REAL
NIFTYNEXT50,2026-06-17,2026-06-19,REMOVE,VEDPOWER,https://www.niftyindices.com/Press_Release/ind_prs17062026.pdf,NSE/Nifty press release,OFFICIAL_PRIMARY,Vedanta demerger entity excluded after listing,REAL
NIFTYNEXT50,2026-06-19,2026-06-23,REMOVE,VAML,https://www.niftyindices.com/Press_Release/ind_prs19062026.pdf,NSE/Nifty press release,OFFICIAL_PRIMARY,Vedanta demerger entity excluded after listing,REAL
NIFTYNEXT50,2026-06-22,2026-06-24,REMOVE,VOGL,https://www.niftyindices.com/Press_Release/ind_prs22062026.pdf,NSE/Nifty press release,OFFICIAL_PRIMARY,Vedanta demerger entity excluded after listing,REAL
NIFTYSMALLCAP250,2026-07-13,2026-07-17,REMOVE,JBCHEPHARM,https://www.niftyindices.com/Press_Release/ind_prs13072026_1.pdf,NSE/Nifty press release,OFFICIAL_PRIMARY,Replacement following amalgamation into Torrent,REAL
NIFTYMICROCAP250,2026-07-13,2026-07-17,REMOVE,PFOCUS,https://www.niftyindices.com/Press_Release/ind_prs13072026_1.pdf,NSE/Nifty press release,OFFICIAL_PRIMARY,Replacement following amalgamation into Torrent,REAL
NIFTYMICROCAP250,2026-07-13,2026-07-17,ADD,GRINDWELL,https://www.niftyindices.com/Press_Release/ind_prs13072026_1.pdf,NSE/Nifty press release,OFFICIAL_PRIMARY,Replacement following amalgamation into Torrent,REAL
NIFTYSMALLCAP250,2026-07-13,2026-07-17,ADD,PFOCUS,https://www.niftyindices.com/Press_Release/ind_prs13072026_1.pdf,NSE/Nifty press release,OFFICIAL_PRIMARY,Replacement following amalgamation into Torrent,REAL
NIFTYMICROCAP250,2026-07-17,2026-07-22,ADD,DUMMYTRVN,https://www.niftyindices.com/Press_Release/ind_prs17072026.pdf,NSE/Nifty press release,OFFICIAL_PRIMARY,Triveni demerger placeholder; zero price; excluded from canonical membership,DUMMY
NIFTYMICROCAP250,2026-07-20,2026-07-22,REMOVE,DUMMYALCAR,https://www.niftyindices.com/Press_Release/ind_prs20072026.pdf,NSE/Nifty press release,OFFICIAL_PRIMARY,Allcargo Global demerger placeholder removed,DUMMY
NIFTYMICROCAP250,2026-07-28,2026-07-31,ADD,DUMMYINXGN,https://www.niftyindices.com/Press_Release/ind_prs28072026_1.pdf,NSE/Nifty press release,OFFICIAL_PRIMARY,Inox Green demerger placeholder; zero price; excluded from canonical membership,DUMMY
NIFTYMICROCAP250,2026-08-26,2026-09-02,ADD,DUMMYINGL1,https://www.niftyindices.com/Press_Release/ind_prs26082026_1.pdf,NSE/Nifty press release,OFFICIAL_PRIMARY,India Glycols demerger placeholder; excluded from canonical membership,DUMMY
NIFTYMICROCAP250,2026-08-26,2026-09-02,ADD,DUMMYINGL2,https://www.niftyindices.com/Press_Release/ind_prs26082026_1.pdf,NSE/Nifty press release,OFFICIAL_PRIMARY,India Glycols demerger placeholder; excluded from canonical membership,DUMMY
NIFTYSMALLCAP250,2026-09-03,2026-09-07,ADD,DUMMYHEG,https://www.niftyindices.com/Press_Release/ind_prs03092026.pdf,NSE/Nifty press release,OFFICIAL_PRIMARY,HEG Graphite demerger placeholder; zero price; excluded from canonical membership,DUMMY
NIFTYSMALLCAP250,2026-08-10,2026-09-30,REMOVE,TRAVELFOOD,https://www.niftyindices.com/Press_Release/ind_prs10082026.pdf,NSE/Nifty press release,OFFICIAL_PRIMARY,Semi-annual broad-market review,REAL
NIFTYSMALLCAP250,2026-08-10,2026-09-30,REMOVE,THELEELA,https://www.niftyindices.com/Press_Release/ind_prs10082026.pdf,NSE/Nifty press release,OFFICIAL_PRIMARY,Semi-annual broad-market review,REAL
NIFTYSMALLCAP250,2026-08-10,2026-09-30,REMOVE,SPLPETRO,https://www.niftyindices.com/Press_Release/ind_prs10082026.pdf,NSE/Nifty press release,OFFICIAL_PRIMARY,Semi-annual broad-market review,REAL
NIFTYSMALLCAP250,2026-08-10,2026-09-30,REMOVE,SONATSOFTW,https://www.niftyindices.com/Press_Release/ind_prs10082026.pdf,NSE/Nifty press release,OFFICIAL_PRIMARY,Semi-annual broad-market review,REAL
NIFTYSMALLCAP250,2026-08-10,2026-09-30,REMOVE,SBFC,https://www.niftyindices.com/Press_Release/ind_prs10082026.pdf,NSE/Nifty press release,OFFICIAL_PRIMARY,Semi-annual broad-market review,REAL
NIFTYSMALLCAP250,2026-08-10,2026-09-30,REMOVE,SAREGAMA,https://www.niftyindices.com/Press_Release/ind_prs10082026.pdf,NSE/Nifty press release,OFFICIAL_PRIMARY,Semi-annual broad-market review,REAL
NIFTYSMALLCAP250,2026-08-10,2026-09-30,REMOVE,SAPPHIRE,https://www.niftyindices.com/Press_Release/ind_prs10082026.pdf,NSE/Nifty press release,OFFICIAL_PRIMARY,Semi-annual broad-market review,REAL
NIFTYSMALLCAP250,2026-08-10,2026-09-30,REMOVE,PIRAMALFIN,https://www.niftyindices.com/Press_Release/ind_prs10082026.pdf,NSE/Nifty press release,OFFICIAL_PRIMARY,Semi-annual broad-market review,REAL
NIFTYSMALLCAP250,2026-08-10,2026-09-30,REMOVE,PFIZER,https://www.niftyindices.com/Press_Release/ind_prs10082026.pdf,NSE/Nifty press release,OFFICIAL_PRIMARY,Semi-annual broad-market review,REAL
NIFTYSMALLCAP250,2026-08-10,2026-09-30,REMOVE,NIVABUPA,https://www.niftyindices.com/Press_Release/ind_prs10082026.pdf,NSE/Nifty press release,OFFICIAL_PRIMARY,Semi-annual broad-market review,REAL
NIFTYSMALLCAP250,2026-08-10,2026-09-30,REMOVE,NH,https://www.niftyindices.com/Press_Release/ind_prs10082026.pdf,NSE/Nifty press release,OFFICIAL_PRIMARY,Semi-annual broad-market review,REAL
NIFTYSMALLCAP250,2026-08-10,2026-09-30,REMOVE,NEWGEN,https://www.niftyindices.com/Press_Release/ind_prs10082026.pdf,NSE/Nifty press release,OFFICIAL_PRIMARY,Semi-annual broad-market review,REAL
NIFTYSMALLCAP250,2026-08-10,2026-09-30,REMOVE,MEESHO,https://www.niftyindices.com/Press_Release/ind_prs10082026.pdf,NSE/Nifty press release,OFFICIAL_PRIMARY,Semi-annual broad-market review,REAL
NIFTYSMALLCAP250,2026-08-10,2026-09-30,REMOVE,MAPMYINDIA,https://www.niftyindices.com/Press_Release/ind_prs10082026.pdf,NSE/Nifty press release,OFFICIAL_PRIMARY,Semi-annual broad-market review,REAL
NIFTYSMALLCAP250,2026-08-10,2026-09-30,REMOVE,LATENTVIEW,https://www.niftyindices.com/Press_Release/ind_prs10082026.pdf,NSE/Nifty press release,OFFICIAL_PRIMARY,Semi-annual broad-market review,REAL
NIFTYSMALLCAP250,2026-08-10,2026-09-30,REMOVE,JUBLPHARMA,https://www.niftyindices.com/Press_Release/ind_prs10082026.pdf,NSE/Nifty press release,OFFICIAL_PRIMARY,Semi-annual broad-market review,REAL
NIFTYSMALLCAP250,2026-08-10,2026-09-30,REMOVE,JSWDULUX,https://www.niftyindices.com/Press_Release/ind_prs10082026.pdf,NSE/Nifty press release,OFFICIAL_PRIMARY,Semi-annual broad-market review,REAL
NIFTYSMALLCAP250,2026-08-10,2026-09-30,REMOVE,IOB,https://www.niftyindices.com/Press_Release/ind_prs10082026.pdf,NSE/Nifty press release,OFFICIAL_PRIMARY,Semi-annual broad-market review,REAL
NIFTYSMALLCAP250,2026-08-10,2026-09-30,REMOVE,INDGN,https://www.niftyindices.com/Press_Release/ind_prs10082026.pdf,NSE/Nifty press release,OFFICIAL_PRIMARY,Semi-annual broad-market review,REAL
NIFTYSMALLCAP250,2026-08-10,2026-09-30,REMOVE,HINDCOPPER,https://www.niftyindices.com/Press_Release/ind_prs10082026.pdf,NSE/Nifty press release,OFFICIAL_PRIMARY,Semi-annual broad-market review,REAL
NIFTYSMALLCAP250,2026-08-10,2026-09-30,REMOVE,GODIGIT,https://www.niftyindices.com/Press_Release/ind_prs10082026.pdf,NSE/Nifty press release,OFFICIAL_PRIMARY,Semi-annual broad-market review,REAL
NIFTYSMALLCAP250,2026-08-10,2026-09-30,REMOVE,FACT,https://www.niftyindices.com/Press_Release/ind_prs10082026.pdf,NSE/Nifty press release,OFFICIAL_PRIMARY,Semi-annual broad-market review,REAL
NIFTYSMALLCAP250,2026-08-10,2026-09-30,REMOVE,ERIS,https://www.niftyindices.com/Press_Release/ind_prs10082026.pdf,NSE/Nifty press release,OFFICIAL_PRIMARY,Semi-annual broad-market review,REAL
NIFTYSMALLCAP250,2026-08-10,2026-09-30,REMOVE,DCMSHRIRAM,https://www.niftyindices.com/Press_Release/ind_prs10082026.pdf,NSE/Nifty press release,OFFICIAL_PRIMARY,Semi-annual broad-market review,REAL
NIFTYSMALLCAP250,2026-08-10,2026-09-30,REMOVE,CHALET,https://www.niftyindices.com/Press_Release/ind_prs10082026.pdf,NSE/Nifty press release,OFFICIAL_PRIMARY,Semi-annual broad-market review,REAL
NIFTYSMALLCAP250,2026-08-10,2026-09-30,REMOVE,BLUEJET,https://www.niftyindices.com/Press_Release/ind_prs10082026.pdf,NSE/Nifty press release,OFFICIAL_PRIMARY,Semi-annual broad-market review,REAL
NIFTYSMALLCAP250,2026-08-10,2026-09-30,REMOVE,BLUEDART,https://www.niftyindices.com/Press_Release/ind_prs10082026.pdf,NSE/Nifty press release,OFFICIAL_PRIMARY,Semi-annual broad-market review,REAL
NIFTYSMALLCAP250,2026-08-10,2026-09-30,REMOVE,BIKAJI,https://www.niftyindices.com/Press_Release/ind_prs10082026.pdf,NSE/Nifty press release,OFFICIAL_PRIMARY,Semi-annual broad-market review,REAL
NIFTYSMALLCAP250,2026-08-10,2026-09-30,REMOVE,BBTC,https://www.niftyindices.com/Press_Release/ind_prs10082026.pdf,NSE/Nifty press release,OFFICIAL_PRIMARY,Semi-annual broad-market review,REAL
NIFTYSMALLCAP250,2026-08-10,2026-09-30,REMOVE,BAYERCROP,https://www.niftyindices.com/Press_Release/ind_prs10082026.pdf,NSE/Nifty press release,OFFICIAL_PRIMARY,Semi-annual broad-market review,REAL
NIFTYSMALLCAP250,2026-08-10,2026-09-30,REMOVE,ASTERDM,https://www.niftyindices.com/Press_Release/ind_prs10082026.pdf,NSE/Nifty press release,OFFICIAL_PRIMARY,Semi-annual broad-market review,REAL
NIFTYSMALLCAP250,2026-08-10,2026-09-30,REMOVE,ABLBL,https://www.niftyindices.com/Press_Release/ind_prs10082026.pdf,NSE/Nifty press release,OFFICIAL_PRIMARY,Semi-annual broad-market review,REAL
NIFTYSMALLCAP250,2026-08-10,2026-09-30,REMOVE,ABFRL,https://www.niftyindices.com/Press_Release/ind_prs10082026.pdf,NSE/Nifty press release,OFFICIAL_PRIMARY,Semi-annual broad-market review,REAL
NIFTYNEXT50,2026-08-10,2026-09-30,REMOVE,UNITDSPR,https://www.niftyindices.com/Press_Release/ind_prs10082026.pdf,NSE/Nifty press release,OFFICIAL_PRIMARY,Semi-annual broad-market review,REAL
NIFTYNEXT50,2026-08-10,2026-09-30,REMOVE,SHREECEM,https://www.niftyindices.com/Press_Release/ind_prs10082026.pdf,NSE/Nifty press release,OFFICIAL_PRIMARY,Semi-annual broad-market review,REAL
NIFTYNEXT50,2026-08-10,2026-09-30,REMOVE,RECLTD,https://www.niftyindices.com/Press_Release/ind_prs10082026.pdf,NSE/Nifty press release,OFFICIAL_PRIMARY,Semi-annual broad-market review,REAL
NIFTYNEXT50,2026-08-10,2026-09-30,REMOVE,LODHA,https://www.niftyindices.com/Press_Release/ind_prs10082026.pdf,NSE/Nifty press release,OFFICIAL_PRIMARY,Semi-annual broad-market review,REAL
NIFTYNEXT50,2026-08-10,2026-09-30,REMOVE,INDHOTEL,https://www.niftyindices.com/Press_Release/ind_prs10082026.pdf,NSE/Nifty press release,OFFICIAL_PRIMARY,Semi-annual broad-market review,REAL
NIFTYMIDCAP150,2026-08-10,2026-09-30,REMOVE,TATAELXSI,https://www.niftyindices.com/Press_Release/ind_prs10082026.pdf,NSE/Nifty press release,OFFICIAL_PRIMARY,Semi-annual broad-market review,REAL
NIFTYMIDCAP150,2026-08-10,2026-09-30,REMOVE,SJVN,https://www.niftyindices.com/Press_Release/ind_prs10082026.pdf,NSE/Nifty press release,OFFICIAL_PRIMARY,Semi-annual broad-market review,REAL
NIFTYMIDCAP150,2026-08-10,2026-09-30,REMOVE,POWERINDIA,https://www.niftyindices.com/Press_Release/ind_prs10082026.pdf,NSE/Nifty press release,OFFICIAL_PRIMARY,Semi-annual broad-market review,REAL
NIFTYMIDCAP150,2026-08-10,2026-09-30,REMOVE,POLYCAB,https://www.niftyindices.com/Press_Release/ind_prs10082026.pdf,NSE/Nifty press release,OFFICIAL_PRIMARY,Semi-annual broad-market review,REAL
NIFTYMIDCAP150,2026-08-10,2026-09-30,REMOVE,NIACL,https://www.niftyindices.com/Press_Release/ind_prs10082026.pdf,NSE/Nifty press release,OFFICIAL_PRIMARY,Semi-annual broad-market review,REAL
NIFTYMIDCAP150,2026-08-10,2026-09-30,REMOVE,KPITTECH,https://www.niftyindices.com/Press_Release/ind_prs10082026.pdf,NSE/Nifty press release,OFFICIAL_PRIMARY,Semi-annual broad-market review,REAL
NIFTYMIDCAP150,2026-08-10,2026-09-30,REMOVE,IDEA,https://www.niftyindices.com/Press_Release/ind_prs10082026.pdf,NSE/Nifty press release,OFFICIAL_PRIMARY,Semi-annual broad-market review,REAL
NIFTYMIDCAP150,2026-08-10,2026-09-30,REMOVE,HONAUT,https://www.niftyindices.com/Press_Release/ind_prs10082026.pdf,NSE/Nifty press release,OFFICIAL_PRIMARY,Semi-annual broad-market review,REAL
NIFTYMIDCAP150,2026-08-10,2026-09-30,REMOVE,BSE,https://www.niftyindices.com/Press_Release/ind_prs10082026.pdf,NSE/Nifty press release,OFFICIAL_PRIMARY,Semi-annual broad-market review,REAL
NIFTYMIDCAP150,2026-08-10,2026-09-30,REMOVE,AWL,https://www.niftyindices.com/Press_Release/ind_prs10082026.pdf,NSE/Nifty press release,OFFICIAL_PRIMARY,Semi-annual broad-market review,REAL
NIFTYMIDCAP150,2026-08-10,2026-09-30,REMOVE,APOLLOTYRE,https://www.niftyindices.com/Press_Release/ind_prs10082026.pdf,NSE/Nifty press release,OFFICIAL_PRIMARY,Semi-annual broad-market review,REAL
NIFTYMIDCAP150,2026-08-10,2026-09-30,REMOVE,ACC,https://www.niftyindices.com/Press_Release/ind_prs10082026.pdf,NSE/Nifty press release,OFFICIAL_PRIMARY,Semi-annual broad-market review,REAL
NIFTYMIDCAP150,2026-08-10,2026-09-30,REMOVE,3MINDIA,https://www.niftyindices.com/Press_Release/ind_prs10082026.pdf,NSE/Nifty press release,OFFICIAL_PRIMARY,Semi-annual broad-market review,REAL
NIFTYMICROCAP250,2026-08-10,2026-09-30,REMOVE,VARROC,https://www.niftyindices.com/Press_Release/ind_prs10082026.pdf,NSE/Nifty press release,OFFICIAL_PRIMARY,Semi-annual broad-market review,REAL
NIFTYMICROCAP250,2026-08-10,2026-09-30,REMOVE,TSFINV,https://www.niftyindices.com/Press_Release/ind_prs10082026.pdf,NSE/Nifty press release,OFFICIAL_PRIMARY,Semi-annual broad-market review,REAL
NIFTYMICROCAP250,2026-08-10,2026-09-30,REMOVE,TRIVENI,https://www.niftyindices.com/Press_Release/ind_prs10082026.pdf,NSE/Nifty press release,OFFICIAL_PRIMARY,Semi-annual broad-market review,REAL
NIFTYMICROCAP250,2026-08-10,2026-09-30,REMOVE,THANGAMAYL,https://www.niftyindices.com/Press_Release/ind_prs10082026.pdf,NSE/Nifty press release,OFFICIAL_PRIMARY,Semi-annual broad-market review,REAL
NIFTYMICROCAP250,2026-08-10,2026-09-30,REMOVE,TDPOWERSYS,https://www.niftyindices.com/Press_Release/ind_prs10082026.pdf,NSE/Nifty press release,OFFICIAL_PRIMARY,Semi-annual broad-market review,REAL
NIFTYMICROCAP250,2026-08-10,2026-09-30,REMOVE,STYRENIX,https://www.niftyindices.com/Press_Release/ind_prs10082026.pdf,NSE/Nifty press release,OFFICIAL_PRIMARY,Semi-annual broad-market review,REAL
NIFTYMICROCAP250,2026-08-10,2026-09-30,REMOVE,STYL,https://www.niftyindices.com/Press_Release/ind_prs10082026.pdf,NSE/Nifty press release,OFFICIAL_PRIMARY,Semi-annual broad-market review,REAL
NIFTYMICROCAP250,2026-08-10,2026-09-30,REMOVE,STLTECH,https://www.niftyindices.com/Press_Release/ind_prs10082026.pdf,NSE/Nifty press release,OFFICIAL_PRIMARY,Semi-annual broad-market review,REAL
NIFTYMICROCAP250,2026-08-10,2026-09-30,REMOVE,STARCEMENT,https://www.niftyindices.com/Press_Release/ind_prs10082026.pdf,NSE/Nifty press release,OFFICIAL_PRIMARY,Semi-annual broad-market review,REAL
NIFTYMICROCAP250,2026-08-10,2026-09-30,REMOVE,SMARTWORKS,https://www.niftyindices.com/Press_Release/ind_prs10082026.pdf,NSE/Nifty press release,OFFICIAL_PRIMARY,Semi-annual broad-market review,REAL
NIFTYMICROCAP250,2026-08-10,2026-09-30,REMOVE,SKFINDUS,https://www.niftyindices.com/Press_Release/ind_prs10082026.pdf,NSE/Nifty press release,OFFICIAL_PRIMARY,Semi-annual broad-market review,REAL
NIFTYMICROCAP250,2026-08-10,2026-09-30,REMOVE,SKFINDIA,https://www.niftyindices.com/Press_Release/ind_prs10082026.pdf,NSE/Nifty press release,OFFICIAL_PRIMARY,Semi-annual broad-market review,REAL
NIFTYMICROCAP250,2026-08-10,2026-09-30,REMOVE,SHRIPISTON,https://www.niftyindices.com/Press_Release/ind_prs10082026.pdf,NSE/Nifty press release,OFFICIAL_PRIMARY,Semi-annual broad-market review,REAL
NIFTYMICROCAP250,2026-08-10,2026-09-30,REMOVE,SANSERA,https://www.niftyindices.com/Press_Release/ind_prs10082026.pdf,NSE/Nifty press release,OFFICIAL_PRIMARY,Semi-annual broad-market review,REAL
NIFTYMICROCAP250,2026-08-10,2026-09-30,REMOVE,SANOFICONR,https://www.niftyindices.com/Press_Release/ind_prs10082026.pdf,NSE/Nifty press release,OFFICIAL_PRIMARY,Semi-annual broad-market review,REAL
NIFTYMICROCAP250,2026-08-10,2026-09-30,REMOVE,SAATVIKGL,https://www.niftyindices.com/Press_Release/ind_prs10082026.pdf,NSE/Nifty press release,OFFICIAL_PRIMARY,Semi-annual broad-market review,REAL
NIFTYMICROCAP250,2026-08-10,2026-09-30,REMOVE,RUBICON,https://www.niftyindices.com/Press_Release/ind_prs10082026.pdf,NSE/Nifty press release,OFFICIAL_PRIMARY,Semi-annual broad-market review,REAL
NIFTYMICROCAP250,2026-08-10,2026-09-30,REMOVE,RTNINDIA,https://www.niftyindices.com/Press_Release/ind_prs10082026.pdf,NSE/Nifty press release,OFFICIAL_PRIMARY,Semi-annual broad-market review,REAL
NIFTYMICROCAP250,2026-08-10,2026-09-30,REMOVE,REDTAPE,https://www.niftyindices.com/Press_Release/ind_prs10082026.pdf,NSE/Nifty press release,OFFICIAL_PRIMARY,Semi-annual broad-market review,REAL
NIFTYMICROCAP250,2026-08-10,2026-09-30,REMOVE,PRUDENT,https://www.niftyindices.com/Press_Release/ind_prs10082026.pdf,NSE/Nifty press release,OFFICIAL_PRIMARY,Semi-annual broad-market review,REAL
NIFTYMICROCAP250,2026-08-10,2026-09-30,REMOVE,PRSMJOHNSN,https://www.niftyindices.com/Press_Release/ind_prs10082026.pdf,NSE/Nifty press release,OFFICIAL_PRIMARY,Semi-annual broad-market review,REAL
NIFTYMICROCAP250,2026-08-10,2026-09-30,REMOVE,PRIVISCL,https://www.niftyindices.com/Press_Release/ind_prs10082026.pdf,NSE/Nifty press release,OFFICIAL_PRIMARY,Semi-annual broad-market review,REAL
NIFTYMICROCAP250,2026-08-10,2026-09-30,REMOVE,ORKLAINDIA,https://www.niftyindices.com/Press_Release/ind_prs10082026.pdf,NSE/Nifty press release,OFFICIAL_PRIMARY,Semi-annual broad-market review,REAL
NIFTYMICROCAP250,2026-08-10,2026-09-30,REMOVE,ORIENTCEM,https://www.niftyindices.com/Press_Release/ind_prs10082026.pdf,NSE/Nifty press release,OFFICIAL_PRIMARY,Semi-annual broad-market review,REAL
NIFTYMICROCAP250,2026-08-10,2026-09-30,REMOVE,OPTIEMUS,https://www.niftyindices.com/Press_Release/ind_prs10082026.pdf,NSE/Nifty press release,OFFICIAL_PRIMARY,Semi-annual broad-market review,REAL
NIFTYMICROCAP250,2026-08-10,2026-09-30,REMOVE,NESCO,https://www.niftyindices.com/Press_Release/ind_prs10082026.pdf,NSE/Nifty press release,OFFICIAL_PRIMARY,Semi-annual broad-market review,REAL
NIFTYMICROCAP250,2026-08-10,2026-09-30,REMOVE,MTARTECH,https://www.niftyindices.com/Press_Release/ind_prs10082026.pdf,NSE/Nifty press release,OFFICIAL_PRIMARY,Semi-annual broad-market review,REAL
NIFTYMICROCAP250,2026-08-10,2026-09-30,REMOVE,MAHSEAMLES,https://www.niftyindices.com/Press_Release/ind_prs10082026.pdf,NSE/Nifty press release,OFFICIAL_PRIMARY,Semi-annual broad-market review,REAL
NIFTYMICROCAP250,2026-08-10,2026-09-30,REMOVE,MAHSCOOTER,https://www.niftyindices.com/Press_Release/ind_prs10082026.pdf,NSE/Nifty press release,OFFICIAL_PRIMARY,Semi-annual broad-market review,REAL
NIFTYMICROCAP250,2026-08-10,2026-09-30,REMOVE,KSB,https://www.niftyindices.com/Press_Release/ind_prs10082026.pdf,NSE/Nifty press release,OFFICIAL_PRIMARY,Semi-annual broad-market review,REAL
NIFTYMICROCAP250,2026-08-10,2026-09-30,REMOVE,KIRLOSBROS,https://www.niftyindices.com/Press_Release/ind_prs10082026.pdf,NSE/Nifty press release,OFFICIAL_PRIMARY,Semi-annual broad-market review,REAL
NIFTYMICROCAP250,2026-08-10,2026-09-30,REMOVE,JLHL,https://www.niftyindices.com/Press_Release/ind_prs10082026.pdf,NSE/Nifty press release,OFFICIAL_PRIMARY,Semi-annual broad-market review,REAL
NIFTYMICROCAP250,2026-08-10,2026-09-30,REMOVE,JKLAKSHMI,https://www.niftyindices.com/Press_Release/ind_prs10082026.pdf,NSE/Nifty press release,OFFICIAL_PRIMARY,Semi-annual broad-market review,REAL
NIFTYMICROCAP250,2026-08-10,2026-09-30,REMOVE,INOXINDIA,https://www.niftyindices.com/Press_Release/ind_prs10082026.pdf,NSE/Nifty press release,OFFICIAL_PRIMARY,Semi-annual broad-market review,REAL
NIFTYMICROCAP250,2026-08-10,2026-09-30,REMOVE,INOXGREEN,https://www.niftyindices.com/Press_Release/ind_prs10082026.pdf,NSE/Nifty press release,OFFICIAL_PRIMARY,Semi-annual broad-market review,REAL
NIFTYMICROCAP250,2026-08-10,2026-09-30,REMOVE,INDIASHLTR,https://www.niftyindices.com/Press_Release/ind_prs10082026.pdf,NSE/Nifty press release,OFFICIAL_PRIMARY,Semi-annual broad-market review,REAL
NIFTYMICROCAP250,2026-08-10,2026-09-30,REMOVE,HEMIPROP,https://www.niftyindices.com/Press_Release/ind_prs10082026.pdf,NSE/Nifty press release,OFFICIAL_PRIMARY,Semi-annual broad-market review,REAL
NIFTYMICROCAP250,2026-08-10,2026-09-30,REMOVE,GMMPFAUDLR,https://www.niftyindices.com/Press_Release/ind_prs10082026.pdf,NSE/Nifty press release,OFFICIAL_PRIMARY,Semi-annual broad-market review,REAL
NIFTYMICROCAP250,2026-08-10,2026-09-30,REMOVE,GHCL,https://www.niftyindices.com/Press_Release/ind_prs10082026.pdf,NSE/Nifty press release,OFFICIAL_PRIMARY,Semi-annual broad-market review,REAL
NIFTYMICROCAP250,2026-08-10,2026-09-30,REMOVE,EUREKAFORB,https://www.niftyindices.com/Press_Release/ind_prs10082026.pdf,NSE/Nifty press release,OFFICIAL_PRIMARY,Semi-annual broad-market review,REAL
NIFTYMICROCAP250,2026-08-10,2026-09-30,REMOVE,ETHOSLTD,https://www.niftyindices.com/Press_Release/ind_prs10082026.pdf,NSE/Nifty press release,OFFICIAL_PRIMARY,Semi-annual broad-market review,REAL
NIFTYMICROCAP250,2026-08-10,2026-09-30,REMOVE,CUPID,https://www.niftyindices.com/Press_Release/ind_prs10082026.pdf,NSE/Nifty press release,OFFICIAL_PRIMARY,Semi-annual broad-market review,REAL
NIFTYMICROCAP250,2026-08-10,2026-09-30,REMOVE,CRIZAC,https://www.niftyindices.com/Press_Release/ind_prs10082026.pdf,NSE/Nifty press release,OFFICIAL_PRIMARY,Semi-annual broad-market review,REAL
NIFTYMICROCAP250,2026-08-10,2026-09-30,REMOVE,CORONA,https://www.niftyindices.com/Press_Release/ind_prs10082026.pdf,NSE/Nifty press release,OFFICIAL_PRIMARY,Semi-annual broad-market review,REAL
NIFTYMICROCAP250,2026-08-10,2026-09-30,REMOVE,CENTURYPLY,https://www.niftyindices.com/Press_Release/ind_prs10082026.pdf,NSE/Nifty press release,OFFICIAL_PRIMARY,Semi-annual broad-market review,REAL
NIFTYMICROCAP250,2026-08-10,2026-09-30,REMOVE,BBOX,https://www.niftyindices.com/Press_Release/ind_prs10082026.pdf,NSE/Nifty press release,OFFICIAL_PRIMARY,Semi-annual broad-market review,REAL
NIFTYMICROCAP250,2026-08-10,2026-09-30,REMOVE,BAJAJELEC,https://www.niftyindices.com/Press_Release/ind_prs10082026.pdf,NSE/Nifty press release,OFFICIAL_PRIMARY,Semi-annual broad-market review,REAL
NIFTYMICROCAP250,2026-08-10,2026-09-30,REMOVE,AZAD,https://www.niftyindices.com/Press_Release/ind_prs10082026.pdf,NSE/Nifty press release,OFFICIAL_PRIMARY,Semi-annual broad-market review,REAL
NIFTYMICROCAP250,2026-08-10,2026-09-30,REMOVE,AWFIS,https://www.niftyindices.com/Press_Release/ind_prs10082026.pdf,NSE/Nifty press release,OFFICIAL_PRIMARY,Semi-annual broad-market review,REAL
NIFTYMICROCAP250,2026-08-10,2026-09-30,REMOVE,AVANTIFEED,https://www.niftyindices.com/Press_Release/ind_prs10082026.pdf,NSE/Nifty press release,OFFICIAL_PRIMARY,Semi-annual broad-market review,REAL
NIFTYMICROCAP250,2026-08-10,2026-09-30,REMOVE,ASKAUTOLTD,https://www.niftyindices.com/Press_Release/ind_prs10082026.pdf,NSE/Nifty press release,OFFICIAL_PRIMARY,Semi-annual broad-market review,REAL
NIFTYMICROCAP250,2026-08-10,2026-09-30,REMOVE,APLLTD,https://www.niftyindices.com/Press_Release/ind_prs10082026.pdf,NSE/Nifty press release,OFFICIAL_PRIMARY,Semi-annual broad-market review,REAL
NIFTYMICROCAP250,2026-08-10,2026-09-30,REMOVE,ANUP,https://www.niftyindices.com/Press_Release/ind_prs10082026.pdf,NSE/Nifty press release,OFFICIAL_PRIMARY,Semi-annual broad-market review,REAL
NIFTYMICROCAP250,2026-08-10,2026-09-30,REMOVE,ALOKINDS,https://www.niftyindices.com/Press_Release/ind_prs10082026.pdf,NSE/Nifty press release,OFFICIAL_PRIMARY,Semi-annual broad-market review,REAL
NIFTYMICROCAP250,2026-08-10,2026-09-30,REMOVE,ALIVUS,https://www.niftyindices.com/Press_Release/ind_prs10082026.pdf,NSE/Nifty press release,OFFICIAL_PRIMARY,Semi-annual broad-market review,REAL
NIFTYMICROCAP250,2026-08-10,2026-09-30,REMOVE,AHLUCONT,https://www.niftyindices.com/Press_Release/ind_prs10082026.pdf,NSE/Nifty press release,OFFICIAL_PRIMARY,Semi-annual broad-market review,REAL
NIFTYMICROCAP250,2026-08-10,2026-09-30,REMOVE,AGARWALEYE,https://www.niftyindices.com/Press_Release/ind_prs10082026.pdf,NSE/Nifty press release,OFFICIAL_PRIMARY,Semi-annual broad-market review,REAL
NIFTYMICROCAP250,2026-08-10,2026-09-30,REMOVE,AETHER,https://www.niftyindices.com/Press_Release/ind_prs10082026.pdf,NSE/Nifty press release,OFFICIAL_PRIMARY,Semi-annual broad-market review,REAL
NIFTYMICROCAP250,2026-08-10,2026-09-30,REMOVE,AARTIDRUGS,https://www.niftyindices.com/Press_Release/ind_prs10082026.pdf,NSE/Nifty press release,OFFICIAL_PRIMARY,Semi-annual broad-market review,REAL
NIFTY50,2026-08-10,2026-09-30,REMOVE,WIPRO,https://www.niftyindices.com/Press_Release/ind_prs10082026.pdf,NSE/Nifty press release,OFFICIAL_PRIMARY,Semi-annual broad-market review,REAL
NIFTY50,2026-08-10,2026-09-30,ADD,BSE,https://www.niftyindices.com/Press_Release/ind_prs10082026.pdf,NSE/Nifty press release,OFFICIAL_PRIMARY,Semi-annual broad-market review,REAL
NIFTYMICROCAP250,2026-08-10,2026-09-30,ADD,ABFRL,https://www.niftyindices.com/Press_Release/ind_prs10082026.pdf,NSE/Nifty press release,OFFICIAL_PRIMARY,Semi-annual broad-market review,REAL
NIFTYMICROCAP250,2026-08-10,2026-09-30,ADD,ABLBL,https://www.niftyindices.com/Press_Release/ind_prs10082026.pdf,NSE/Nifty press release,OFFICIAL_PRIMARY,Semi-annual broad-market review,REAL
NIFTYMICROCAP250,2026-08-10,2026-09-30,ADD,AEROFLEX,https://www.niftyindices.com/Press_Release/ind_prs10082026.pdf,NSE/Nifty press release,OFFICIAL_PRIMARY,Semi-annual broad-market review,REAL
NIFTYMICROCAP250,2026-08-10,2026-09-30,ADD,AMAGI,https://www.niftyindices.com/Press_Release/ind_prs10082026.pdf,NSE/Nifty press release,OFFICIAL_PRIMARY,Semi-annual broad-market review,REAL
NIFTYMICROCAP250,2026-08-10,2026-09-30,ADD,BAJAJCON,https://www.niftyindices.com/Press_Release/ind_prs10082026.pdf,NSE/Nifty press release,OFFICIAL_PRIMARY,Semi-annual broad-market review,REAL
NIFTYMICROCAP250,2026-08-10,2026-09-30,ADD,BLUEJET,https://www.niftyindices.com/Press_Release/ind_prs10082026.pdf,NSE/Nifty press release,OFFICIAL_PRIMARY,Semi-annual broad-market review,REAL
NIFTYMICROCAP250,2026-08-10,2026-09-30,ADD,CEIGALL,https://www.niftyindices.com/Press_Release/ind_prs10082026.pdf,NSE/Nifty press release,OFFICIAL_PRIMARY,Semi-annual broad-market review,REAL
NIFTYMICROCAP250,2026-08-10,2026-09-30,ADD,CENTUM,https://www.niftyindices.com/Press_Release/ind_prs10082026.pdf,NSE/Nifty press release,OFFICIAL_PRIMARY,Semi-annual broad-market review,REAL
NIFTYMICROCAP250,2026-08-10,2026-09-30,ADD,CHALET,https://www.niftyindices.com/Press_Release/ind_prs10082026.pdf,NSE/Nifty press release,OFFICIAL_PRIMARY,Semi-annual broad-market review,REAL
NIFTYMICROCAP250,2026-08-10,2026-09-30,ADD,CMRGREEN,https://www.niftyindices.com/Press_Release/ind_prs10082026.pdf,NSE/Nifty press release,OFFICIAL_PRIMARY,Semi-annual broad-market review,REAL
NIFTYMICROCAP250,2026-08-10,2026-09-30,ADD,E2E,https://www.niftyindices.com/Press_Release/ind_prs10082026.pdf,NSE/Nifty press release,OFFICIAL_PRIMARY,Semi-annual broad-market review,REAL
NIFTYMICROCAP250,2026-08-10,2026-09-30,ADD,EBGNG,https://www.niftyindices.com/Press_Release/ind_prs10082026.pdf,NSE/Nifty press release,OFFICIAL_PRIMARY,Semi-annual broad-market review,REAL
NIFTYMICROCAP250,2026-08-10,2026-09-30,ADD,ERIS,https://www.niftyindices.com/Press_Release/ind_prs10082026.pdf,NSE/Nifty press release,OFFICIAL_PRIMARY,Semi-annual broad-market review,REAL
NIFTYMICROCAP250,2026-08-10,2026-09-30,ADD,GENUSPOWER,https://www.niftyindices.com/Press_Release/ind_prs10082026.pdf,NSE/Nifty press release,OFFICIAL_PRIMARY,Semi-annual broad-market review,REAL
NIFTYMICROCAP250,2026-08-10,2026-09-30,ADD,GOLDIAM,https://www.niftyindices.com/Press_Release/ind_prs10082026.pdf,NSE/Nifty press release,OFFICIAL_PRIMARY,Semi-annual broad-market review,REAL
NIFTYMICROCAP250,2026-08-10,2026-09-30,ADD,GUJALKALI,https://www.niftyindices.com/Press_Release/ind_prs10082026.pdf,NSE/Nifty press release,OFFICIAL_PRIMARY,Semi-annual broad-market review,REAL
NIFTYMICROCAP250,2026-08-10,2026-09-30,ADD,HAPPYFORGE,https://www.niftyindices.com/Press_Release/ind_prs10082026.pdf,NSE/Nifty press release,OFFICIAL_PRIMARY,Semi-annual broad-market review,REAL
NIFTYMICROCAP250,2026-08-10,2026-09-30,ADD,INDGN,https://www.niftyindices.com/Press_Release/ind_prs10082026.pdf,NSE/Nifty press release,OFFICIAL_PRIMARY,Semi-annual broad-market review,REAL
NIFTYMICROCAP250,2026-08-10,2026-09-30,ADD,JUBLPHARMA,https://www.niftyindices.com/Press_Release/ind_prs10082026.pdf,NSE/Nifty press release,OFFICIAL_PRIMARY,Semi-annual broad-market review,REAL
NIFTYMICROCAP250,2026-08-10,2026-09-30,ADD,KISSHT,https://www.niftyindices.com/Press_Release/ind_prs10082026.pdf,NSE/Nifty press release,OFFICIAL_PRIMARY,Semi-annual broad-market review,REAL
NIFTYMICROCAP250,2026-08-10,2026-09-30,ADD,KMEW,https://www.niftyindices.com/Press_Release/ind_prs10082026.pdf,NSE/Nifty press release,OFFICIAL_PRIMARY,Semi-annual broad-market review,REAL
NIFTYMICROCAP250,2026-08-10,2026-09-30,ADD,KWIL,https://www.niftyindices.com/Press_Release/ind_prs10082026.pdf,NSE/Nifty press release,OFFICIAL_PRIMARY,Semi-annual broad-market review,REAL
NIFTYMICROCAP250,2026-08-10,2026-09-30,ADD,LATENTVIEW,https://www.niftyindices.com/Press_Release/ind_prs10082026.pdf,NSE/Nifty press release,OFFICIAL_PRIMARY,Semi-annual broad-market review,REAL
NIFTYMICROCAP250,2026-08-10,2026-09-30,ADD,LUMAXIND,https://www.niftyindices.com/Press_Release/ind_prs10082026.pdf,NSE/Nifty press release,OFFICIAL_PRIMARY,Semi-annual broad-market review,REAL
NIFTYMICROCAP250,2026-08-10,2026-09-30,ADD,MAPMYINDIA,https://www.niftyindices.com/Press_Release/ind_prs10082026.pdf,NSE/Nifty press release,OFFICIAL_PRIMARY,Semi-annual broad-market review,REAL
NIFTYMICROCAP250,2026-08-10,2026-09-30,ADD,MBAPL,https://www.niftyindices.com/Press_Release/ind_prs10082026.pdf,NSE/Nifty press release,OFFICIAL_PRIMARY,Semi-annual broad-market review,REAL
NIFTYMICROCAP250,2026-08-10,2026-09-30,ADD,NEPHROPLUS,https://www.niftyindices.com/Press_Release/ind_prs10082026.pdf,NSE/Nifty press release,OFFICIAL_PRIMARY,Semi-annual broad-market review,REAL
NIFTYMICROCAP250,2026-08-10,2026-09-30,ADD,NEWGEN,https://www.niftyindices.com/Press_Release/ind_prs10082026.pdf,NSE/Nifty press release,OFFICIAL_PRIMARY,Semi-annual broad-market review,REAL
NIFTYMICROCAP250,2026-08-10,2026-09-30,ADD,NIVABUPA,https://www.niftyindices.com/Press_Release/ind_prs10082026.pdf,NSE/Nifty press release,OFFICIAL_PRIMARY,Semi-annual broad-market review,REAL
NIFTYMICROCAP250,2026-08-10,2026-09-30,ADD,NORTHARC,https://www.niftyindices.com/Press_Release/ind_prs10082026.pdf,NSE/Nifty press release,OFFICIAL_PRIMARY,Semi-annual broad-market review,REAL
NIFTYMICROCAP250,2026-08-10,2026-09-30,ADD,OMNI,https://www.niftyindices.com/Press_Release/ind_prs10082026.pdf,NSE/Nifty press release,OFFICIAL_PRIMARY,Semi-annual broad-market review,REAL
NIFTYMICROCAP250,2026-08-10,2026-09-30,ADD,PAISALO,https://www.niftyindices.com/Press_Release/ind_prs10082026.pdf,NSE/Nifty press release,OFFICIAL_PRIMARY,Semi-annual broad-market review,REAL
NIFTYMICROCAP250,2026-08-10,2026-09-30,ADD,PDSL,https://www.niftyindices.com/Press_Release/ind_prs10082026.pdf,NSE/Nifty press release,OFFICIAL_PRIMARY,Semi-annual broad-market review,REAL
NIFTYMICROCAP250,2026-08-10,2026-09-30,ADD,PGHL,https://www.niftyindices.com/Press_Release/ind_prs10082026.pdf,NSE/Nifty press release,OFFICIAL_PRIMARY,Semi-annual broad-market review,REAL
NIFTYMICROCAP250,2026-08-10,2026-09-30,ADD,POWERICA,https://www.niftyindices.com/Press_Release/ind_prs10082026.pdf,NSE/Nifty press release,OFFICIAL_PRIMARY,Semi-annual broad-market review,REAL
NIFTYMICROCAP250,2026-08-10,2026-09-30,ADD,PRECWIRE,https://www.niftyindices.com/Press_Release/ind_prs10082026.pdf,NSE/Nifty press release,OFFICIAL_PRIMARY,Semi-annual broad-market review,REAL
NIFTYMICROCAP250,2026-08-10,2026-09-30,ADD,RESPONIND,https://www.niftyindices.com/Press_Release/ind_prs10082026.pdf,NSE/Nifty press release,OFFICIAL_PRIMARY,Semi-annual broad-market review,REAL
NIFTYMICROCAP250,2026-08-10,2026-09-30,ADD,SAPPHIRE,https://www.niftyindices.com/Press_Release/ind_prs10082026.pdf,NSE/Nifty press release,OFFICIAL_PRIMARY,Semi-annual broad-market review,REAL
NIFTYMICROCAP250,2026-08-10,2026-09-30,ADD,SAREGAMA,https://www.niftyindices.com/Press_Release/ind_prs10082026.pdf,NSE/Nifty press release,OFFICIAL_PRIMARY,Semi-annual broad-market review,REAL
NIFTYMICROCAP250,2026-08-10,2026-09-30,ADD,SBFC,https://www.niftyindices.com/Press_Release/ind_prs10082026.pdf,NSE/Nifty press release,OFFICIAL_PRIMARY,Semi-annual broad-market review,REAL
NIFTYMICROCAP250,2026-08-10,2026-09-30,ADD,SEDEMAC,https://www.niftyindices.com/Press_Release/ind_prs10082026.pdf,NSE/Nifty press release,OFFICIAL_PRIMARY,Semi-annual broad-market review,REAL
NIFTYMICROCAP250,2026-08-10,2026-09-30,ADD,SENORES,https://www.niftyindices.com/Press_Release/ind_prs10082026.pdf,NSE/Nifty press release,OFFICIAL_PRIMARY,Semi-annual broad-market review,REAL
NIFTYMICROCAP250,2026-08-10,2026-09-30,ADD,SGMART,https://www.niftyindices.com/Press_Release/ind_prs10082026.pdf,NSE/Nifty press release,OFFICIAL_PRIMARY,Semi-annual broad-market review,REAL
NIFTYMICROCAP250,2026-08-10,2026-09-30,ADD,SHADOWFAX,https://www.niftyindices.com/Press_Release/ind_prs10082026.pdf,NSE/Nifty press release,OFFICIAL_PRIMARY,Semi-annual broad-market review,REAL
NIFTYMICROCAP250,2026-08-10,2026-09-30,ADD,SHILCTECH,https://www.niftyindices.com/Press_Release/ind_prs10082026.pdf,NSE/Nifty press release,OFFICIAL_PRIMARY,Semi-annual broad-market review,REAL
NIFTYMICROCAP250,2026-08-10,2026-09-30,ADD,SHREEJISPG,https://www.niftyindices.com/Press_Release/ind_prs10082026.pdf,NSE/Nifty press release,OFFICIAL_PRIMARY,Semi-annual broad-market review,REAL
NIFTYMICROCAP250,2026-08-10,2026-09-30,ADD,SIGMAADV,https://www.niftyindices.com/Press_Release/ind_prs10082026.pdf,NSE/Nifty press release,OFFICIAL_PRIMARY,Semi-annual broad-market review,REAL
NIFTYMICROCAP250,2026-08-10,2026-09-30,ADD,SJS,https://www.niftyindices.com/Press_Release/ind_prs10082026.pdf,NSE/Nifty press release,OFFICIAL_PRIMARY,Semi-annual broad-market review,REAL
NIFTYMICROCAP250,2026-08-10,2026-09-30,ADD,SONATSOFTW,https://www.niftyindices.com/Press_Release/ind_prs10082026.pdf,NSE/Nifty press release,OFFICIAL_PRIMARY,Semi-annual broad-market review,REAL
NIFTYMICROCAP250,2026-08-10,2026-09-30,ADD,SPLPETRO,https://www.niftyindices.com/Press_Release/ind_prs10082026.pdf,NSE/Nifty press release,OFFICIAL_PRIMARY,Semi-annual broad-market review,REAL
NIFTYMICROCAP250,2026-08-10,2026-09-30,ADD,STYLAMIND,https://www.niftyindices.com/Press_Release/ind_prs10082026.pdf,NSE/Nifty press release,OFFICIAL_PRIMARY,Semi-annual broad-market review,REAL
NIFTYMICROCAP250,2026-08-10,2026-09-30,ADD,SUNDRMFAST,https://www.niftyindices.com/Press_Release/ind_prs10082026.pdf,NSE/Nifty press release,OFFICIAL_PRIMARY,Semi-annual broad-market review,REAL
NIFTYMICROCAP250,2026-08-10,2026-09-30,ADD,SUNFLAG,https://www.niftyindices.com/Press_Release/ind_prs10082026.pdf,NSE/Nifty press release,OFFICIAL_PRIMARY,Semi-annual broad-market review,REAL
NIFTYMICROCAP250,2026-08-10,2026-09-30,ADD,SUVEN,https://www.niftyindices.com/Press_Release/ind_prs10082026.pdf,NSE/Nifty press release,OFFICIAL_PRIMARY,Semi-annual broad-market review,REAL
NIFTYMICROCAP250,2026-08-10,2026-09-30,ADD,THELEELA,https://www.niftyindices.com/Press_Release/ind_prs10082026.pdf,NSE/Nifty press release,OFFICIAL_PRIMARY,Semi-annual broad-market review,REAL
NIFTYMICROCAP250,2026-08-10,2026-09-30,ADD,TIMEX,https://www.niftyindices.com/Press_Release/ind_prs10082026.pdf,NSE/Nifty press release,OFFICIAL_PRIMARY,Semi-annual broad-market review,REAL
NIFTYMICROCAP250,2026-08-10,2026-09-30,ADD,TTKPRESTIG,https://www.niftyindices.com/Press_Release/ind_prs10082026.pdf,NSE/Nifty press release,OFFICIAL_PRIMARY,Semi-annual broad-market review,REAL
NIFTYMICROCAP250,2026-08-10,2026-09-30,ADD,UNIMECH,https://www.niftyindices.com/Press_Release/ind_prs10082026.pdf,NSE/Nifty press release,OFFICIAL_PRIMARY,Semi-annual broad-market review,REAL
NIFTYMICROCAP250,2026-08-10,2026-09-30,ADD,VESUVIUS,https://www.niftyindices.com/Press_Release/ind_prs10082026.pdf,NSE/Nifty press release,OFFICIAL_PRIMARY,Semi-annual broad-market review,REAL
NIFTYMIDCAP150,2026-08-10,2026-09-30,ADD,ASTERDM,https://www.niftyindices.com/Press_Release/ind_prs10082026.pdf,NSE/Nifty press release,OFFICIAL_PRIMARY,Semi-annual broad-market review,REAL
NIFTYMIDCAP150,2026-08-10,2026-09-30,ADD,EMBASSY,https://www.niftyindices.com/Press_Release/ind_prs10082026.pdf,NSE/Nifty press release,OFFICIAL_PRIMARY,Semi-annual broad-market review,REAL
NIFTYMIDCAP150,2026-08-10,2026-09-30,ADD,FACT,https://www.niftyindices.com/Press_Release/ind_prs10082026.pdf,NSE/Nifty press release,OFFICIAL_PRIMARY,Semi-annual broad-market review,REAL
NIFTYMIDCAP150,2026-08-10,2026-09-30,ADD,HINDCOPPER,https://www.niftyindices.com/Press_Release/ind_prs10082026.pdf,NSE/Nifty press release,OFFICIAL_PRIMARY,Semi-annual broad-market review,REAL
NIFTYMIDCAP150,2026-08-10,2026-09-30,ADD,INDHOTEL,https://www.niftyindices.com/Press_Release/ind_prs10082026.pdf,NSE/Nifty press release,OFFICIAL_PRIMARY,Semi-annual broad-market review,REAL
NIFTYMIDCAP150,2026-08-10,2026-09-30,ADD,IOB,https://www.niftyindices.com/Press_Release/ind_prs10082026.pdf,NSE/Nifty press release,OFFICIAL_PRIMARY,Semi-annual broad-market review,REAL
NIFTYMIDCAP150,2026-08-10,2026-09-30,ADD,LODHA,https://www.niftyindices.com/Press_Release/ind_prs10082026.pdf,NSE/Nifty press release,OFFICIAL_PRIMARY,Semi-annual broad-market review,REAL
NIFTYMIDCAP150,2026-08-10,2026-09-30,ADD,MEESHO,https://www.niftyindices.com/Press_Release/ind_prs10082026.pdf,NSE/Nifty press release,OFFICIAL_PRIMARY,Semi-annual broad-market review,REAL
NIFTYMIDCAP150,2026-08-10,2026-09-30,ADD,NH,https://www.niftyindices.com/Press_Release/ind_prs10082026.pdf,NSE/Nifty press release,OFFICIAL_PRIMARY,Semi-annual broad-market review,REAL
NIFTYMIDCAP150,2026-08-10,2026-09-30,ADD,PIRAMALFIN,https://www.niftyindices.com/Press_Release/ind_prs10082026.pdf,NSE/Nifty press release,OFFICIAL_PRIMARY,Semi-annual broad-market review,REAL
NIFTYMIDCAP150,2026-08-10,2026-09-30,ADD,RECLTD,https://www.niftyindices.com/Press_Release/ind_prs10082026.pdf,NSE/Nifty press release,OFFICIAL_PRIMARY,Semi-annual broad-market review,REAL
NIFTYMIDCAP150,2026-08-10,2026-09-30,ADD,SHREECEM,https://www.niftyindices.com/Press_Release/ind_prs10082026.pdf,NSE/Nifty press release,OFFICIAL_PRIMARY,Semi-annual broad-market review,REAL
NIFTYMIDCAP150,2026-08-10,2026-09-30,ADD,UNITDSPR,https://www.niftyindices.com/Press_Release/ind_prs10082026.pdf,NSE/Nifty press release,OFFICIAL_PRIMARY,Semi-annual broad-market review,REAL
NIFTYNEXT50,2026-08-10,2026-09-30,ADD,IDEA,https://www.niftyindices.com/Press_Release/ind_prs10082026.pdf,NSE/Nifty press release,OFFICIAL_PRIMARY,Semi-annual broad-market review,REAL
NIFTYNEXT50,2026-08-10,2026-09-30,ADD,POLYCAB,https://www.niftyindices.com/Press_Release/ind_prs10082026.pdf,NSE/Nifty press release,OFFICIAL_PRIMARY,Semi-annual broad-market review,REAL
NIFTYNEXT50,2026-08-10,2026-09-30,ADD,POWERINDIA,https://www.niftyindices.com/Press_Release/ind_prs10082026.pdf,NSE/Nifty press release,OFFICIAL_PRIMARY,Semi-annual broad-market review,REAL
NIFTYNEXT50,2026-08-10,2026-09-30,ADD,VAML,https://www.niftyindices.com/Press_Release/ind_prs10082026.pdf,NSE/Nifty press release,OFFICIAL_PRIMARY,Semi-annual broad-market review,REAL
NIFTYNEXT50,2026-08-10,2026-09-30,ADD,WIPRO,https://www.niftyindices.com/Press_Release/ind_prs10082026.pdf,NSE/Nifty press release,OFFICIAL_PRIMARY,Semi-annual broad-market review,REAL
NIFTYSMALLCAP250,2026-08-10,2026-09-30,ADD,ACC,https://www.niftyindices.com/Press_Release/ind_prs10082026.pdf,NSE/Nifty press release,OFFICIAL_PRIMARY,Semi-annual broad-market review,REAL
NIFTYSMALLCAP250,2026-08-10,2026-09-30,ADD,AETHER,https://www.niftyindices.com/Press_Release/ind_prs10082026.pdf,NSE/Nifty press release,OFFICIAL_PRIMARY,Semi-annual broad-market review,REAL
NIFTYSMALLCAP250,2026-08-10,2026-09-30,ADD,APOLLOTYRE,https://www.niftyindices.com/Press_Release/ind_prs10082026.pdf,NSE/Nifty press release,OFFICIAL_PRIMARY,Semi-annual broad-market review,REAL
NIFTYSMALLCAP250,2026-08-10,2026-09-30,ADD,AVANTIFEED,https://www.niftyindices.com/Press_Release/ind_prs10082026.pdf,NSE/Nifty press release,OFFICIAL_PRIMARY,Semi-annual broad-market review,REAL
NIFTYSMALLCAP250,2026-08-10,2026-09-30,ADD,AWL,https://www.niftyindices.com/Press_Release/ind_prs10082026.pdf,NSE/Nifty press release,OFFICIAL_PRIMARY,Semi-annual broad-market review,REAL
NIFTYSMALLCAP250,2026-08-10,2026-09-30,ADD,AZAD,https://www.niftyindices.com/Press_Release/ind_prs10082026.pdf,NSE/Nifty press release,OFFICIAL_PRIMARY,Semi-annual broad-market review,REAL
NIFTYSMALLCAP250,2026-08-10,2026-09-30,ADD,BAGMANE,https://www.niftyindices.com/Press_Release/ind_prs10082026.pdf,NSE/Nifty press release,OFFICIAL_PRIMARY,Semi-annual broad-market review,REAL
NIFTYSMALLCAP250,2026-08-10,2026-09-30,ADD,BBOX,https://www.niftyindices.com/Press_Release/ind_prs10082026.pdf,NSE/Nifty press release,OFFICIAL_PRIMARY,Semi-annual broad-market review,REAL
NIFTYSMALLCAP250,2026-08-10,2026-09-30,ADD,BHARATCOAL,https://www.niftyindices.com/Press_Release/ind_prs10082026.pdf,NSE/Nifty press release,OFFICIAL_PRIMARY,Semi-annual broad-market review,REAL
NIFTYSMALLCAP250,2026-08-10,2026-09-30,ADD,BIRET,https://www.niftyindices.com/Press_Release/ind_prs10082026.pdf,NSE/Nifty press release,OFFICIAL_PRIMARY,Semi-annual broad-market review,REAL
NIFTYSMALLCAP250,2026-08-10,2026-09-30,ADD,CLEANMAX,https://www.niftyindices.com/Press_Release/ind_prs10082026.pdf,NSE/Nifty press release,OFFICIAL_PRIMARY,Semi-annual broad-market review,REAL
NIFTYSMALLCAP250,2026-08-10,2026-09-30,ADD,CMPDI,https://www.niftyindices.com/Press_Release/ind_prs10082026.pdf,NSE/Nifty press release,OFFICIAL_PRIMARY,Semi-annual broad-market review,REAL
NIFTYSMALLCAP250,2026-08-10,2026-09-30,ADD,CUPID,https://www.niftyindices.com/Press_Release/ind_prs10082026.pdf,NSE/Nifty press release,OFFICIAL_PRIMARY,Semi-annual broad-market review,REAL
NIFTYSMALLCAP250,2026-08-10,2026-09-30,ADD,FRACTAL,https://www.niftyindices.com/Press_Release/ind_prs10082026.pdf,NSE/Nifty press release,OFFICIAL_PRIMARY,Semi-annual broad-market review,REAL
NIFTYSMALLCAP250,2026-08-10,2026-09-30,ADD,HONAUT,https://www.niftyindices.com/Press_Release/ind_prs10082026.pdf,NSE/Nifty press release,OFFICIAL_PRIMARY,Semi-annual broad-market review,REAL
NIFTYSMALLCAP250,2026-08-10,2026-09-30,ADD,INOXINDIA,https://www.niftyindices.com/Press_Release/ind_prs10082026.pdf,NSE/Nifty press release,OFFICIAL_PRIMARY,Semi-annual broad-market review,REAL
NIFTYSMALLCAP250,2026-08-10,2026-09-30,ADD,KIRLOSBROS,https://www.niftyindices.com/Press_Release/ind_prs10082026.pdf,NSE/Nifty press release,OFFICIAL_PRIMARY,Semi-annual broad-market review,REAL
NIFTYSMALLCAP250,2026-08-10,2026-09-30,ADD,KPITTECH,https://www.niftyindices.com/Press_Release/ind_prs10082026.pdf,NSE/Nifty press release,OFFICIAL_PRIMARY,Semi-annual broad-market review,REAL
NIFTYSMALLCAP250,2026-08-10,2026-09-30,ADD,KSB,https://www.niftyindices.com/Press_Release/ind_prs10082026.pdf,NSE/Nifty press release,OFFICIAL_PRIMARY,Semi-annual broad-market review,REAL
NIFTYSMALLCAP250,2026-08-10,2026-09-30,ADD,MTARTECH,https://www.niftyindices.com/Press_Release/ind_prs10082026.pdf,NSE/Nifty press release,OFFICIAL_PRIMARY,Semi-annual broad-market review,REAL
NIFTYSMALLCAP250,2026-08-10,2026-09-30,ADD,NIACL,https://www.niftyindices.com/Press_Release/ind_prs10082026.pdf,NSE/Nifty press release,OFFICIAL_PRIMARY,Semi-annual broad-market review,REAL
NIFTYSMALLCAP250,2026-08-10,2026-09-30,ADD,PRIVISCL,https://www.niftyindices.com/Press_Release/ind_prs10082026.pdf,NSE/Nifty press release,OFFICIAL_PRIMARY,Semi-annual broad-market review,REAL
NIFTYSMALLCAP250,2026-08-10,2026-09-30,ADD,RUBICON,https://www.niftyindices.com/Press_Release/ind_prs10082026.pdf,NSE/Nifty press release,OFFICIAL_PRIMARY,Semi-annual broad-market review,REAL
NIFTYSMALLCAP250,2026-08-10,2026-09-30,ADD,SANSERA,https://www.niftyindices.com/Press_Release/ind_prs10082026.pdf,NSE/Nifty press release,OFFICIAL_PRIMARY,Semi-annual broad-market review,REAL
NIFTYSMALLCAP250,2026-08-10,2026-09-30,ADD,SHRIPISTON,https://www.niftyindices.com/Press_Release/ind_prs10082026.pdf,NSE/Nifty press release,OFFICIAL_PRIMARY,Semi-annual broad-market review,REAL
NIFTYSMALLCAP250,2026-08-10,2026-09-30,ADD,SJVN,https://www.niftyindices.com/Press_Release/ind_prs10082026.pdf,NSE/Nifty press release,OFFICIAL_PRIMARY,Semi-annual broad-market review,REAL
NIFTYSMALLCAP250,2026-08-10,2026-09-30,ADD,STLTECH,https://www.niftyindices.com/Press_Release/ind_prs10082026.pdf,NSE/Nifty press release,OFFICIAL_PRIMARY,Semi-annual broad-market review,REAL
NIFTYSMALLCAP250,2026-08-10,2026-09-30,ADD,TATAELXSI,https://www.niftyindices.com/Press_Release/ind_prs10082026.pdf,NSE/Nifty press release,OFFICIAL_PRIMARY,Semi-annual broad-market review,REAL
NIFTYSMALLCAP250,2026-08-10,2026-09-30,ADD,TDPOWERSYS,https://www.niftyindices.com/Press_Release/ind_prs10082026.pdf,NSE/Nifty press release,OFFICIAL_PRIMARY,Semi-annual broad-market review,REAL
NIFTYSMALLCAP250,2026-08-10,2026-09-30,ADD,THANGAMAYL,https://www.niftyindices.com/Press_Release/ind_prs10082026.pdf,NSE/Nifty press release,OFFICIAL_PRIMARY,Semi-annual broad-market review,REAL
NIFTYSMALLCAP250,2026-08-10,2026-09-30,ADD,VEDPOWER,https://www.niftyindices.com/Press_Release/ind_prs10082026.pdf,NSE/Nifty press release,OFFICIAL_PRIMARY,Semi-annual broad-market review,REAL
NIFTYSMALLCAP250,2026-08-10,2026-09-30,ADD,VISL,https://www.niftyindices.com/Press_Release/ind_prs10082026.pdf,NSE/Nifty press release,OFFICIAL_PRIMARY,Semi-annual broad-market review,REAL
NIFTYSMALLCAP250,2026-08-10,2026-09-30,ADD,VOGL,https://www.niftyindices.com/Press_Release/ind_prs10082026.pdf,NSE/Nifty press release,OFFICIAL_PRIMARY,Semi-annual broad-market review,REAL
