index,event_date,action,symbol,source_url,source_type,confidence,notes
NIFTY50,2014-03-28,ADD,MCDOWELL-N,https://niftyindices.com/Press_Release/ind_prs27022014.pdf,press_release,UPSTREAM_EXPLICIT,closed by ind_prs20082014.pdf
NIFTY50,2014-03-28,ADD,TECHM,https://niftyindices.com/Press_Release/ind_prs27022014.pdf,press_release,UPSTREAM_EXPLICIT,
NIFTY50,2014-09-19,REMOVE,MCDOWELL-N,https://niftyindices.com/Press_Release/ind_prs27022014.pdf,press_release,UPSTREAM_EXPLICIT,closed by ind_prs20082014.pdf
NIFTY50,2014-09-19,ADD,ZEEL,https://niftyindices.com/Press_Release/ind_prs20082014.pdf,press_release,UPSTREAM_EXPLICIT,closed by ind_prs20082020.pdf
NIFTY50,2015-03-27,ADD,IDEA,https://niftyindices.com/Press_Release/ind_prs20022015.pdf,press_release,UPSTREAM_EXPLICIT,closed by ind_prs16022017.pdf
NIFTY50,2015-03-27,ADD,YESBANK,https://niftyindices.com/Press_Release/ind_prs20022015.pdf,press_release,UPSTREAM_EXPLICIT,closed by ind_prs18022020.pdf
NIFTY50,2015-09-28,ADD,ADANIPORTS,https://niftyindices.com/Press_Release/ind_prs12082015.pdf,press_release,UPSTREAM_EXPLICIT,
NIFTY50,2017-03-31,REMOVE,IDEA,https://niftyindices.com/Press_Release/ind_prs20022015.pdf,press_release,UPSTREAM_EXPLICIT,closed by ind_prs16022017.pdf
NIFTY50,2017-03-31,ADD,IOC,https://niftyindices.com/Press_Release/ind_prs16022017.pdf,press_release,UPSTREAM_EXPLICIT,closed by ind_prs24022022_1.pdf
NIFTY50,2017-03-31,ADD,SAMMAANCAP,https://niftyindices.com/Press_Release/ind_prs16022017.pdf,press_release,UPSTREAM_EXPLICIT,closed by ind_prs28082019.pdf
NIFTY50,2017-05-26,ADD,VEDL,https://niftyindices.com/Press_Release/ind_prs27042017.pdf,press_release,UPSTREAM_EXPLICIT,closed by ind_prs02072020_1.pdf
NIFTY50,2017-09-29,ADD,BAJFINANCE,https://niftyindices.com/Press_Release/ind_prs28082017.pdf,press_release,UPSTREAM_EXPLICIT,
NIFTY50,2017-09-29,ADD,HINDPETRO,https://niftyindices.com/Press_Release/ind_prs28082017.pdf,press_release,UPSTREAM_EXPLICIT,closed by ind_prs25022019.pdf
NIFTY50,2017-09-29,ADD,UPL,https://niftyindices.com/Press_Release/ind_prs28082017.pdf,press_release,UPSTREAM_EXPLICIT,closed by ind_prs28022024.pdf
NIFTY50,2018-04-02,ADD,BAJAJFINSV,https://niftyindices.com/Press_Release/ind_prs21022018.pdf,press_release,UPSTREAM_EXPLICIT,
NIFTY50,2018-04-02,ADD,GRASIM,https://niftyindices.com/Press_Release/ind_prs21022018.pdf,press_release,UPSTREAM_EXPLICIT,
NIFTY50,2018-04-02,ADD,TITAN,https://niftyindices.com/Press_Release/ind_prs21022018.pdf,press_release,UPSTREAM_EXPLICIT,
NIFTY50,2018-09-28,ADD,JSWSTEEL,https://niftyindices.com/Press_Release/ind_prs28082018.pdf,press_release,UPSTREAM_EXPLICIT,
NIFTY50,2019-03-29,ADD,BRITANNIA,https://niftyindices.com/Press_Release/ind_prs25022019.pdf,press_release,UPSTREAM_EXPLICIT,closed by ind_prs21022025.pdf
NIFTY50,2019-03-29,REMOVE,HINDPETRO,https://niftyindices.com/Press_Release/ind_prs28082017.pdf,press_release,UPSTREAM_EXPLICIT,closed by ind_prs25022019.pdf
NIFTY50,2019-09-27,ADD,NESTLEIND,https://niftyindices.com/Press_Release/ind_prs28082019.pdf,press_release,UPSTREAM_EXPLICIT,
NIFTY50,2019-09-27,REMOVE,SAMMAANCAP,https://niftyindices.com/Press_Release/ind_prs16022017.pdf,press_release,UPSTREAM_EXPLICIT,closed by ind_prs28082019.pdf
NIFTY50,2020-03-27,ADD,SHREECEM,https://niftyindices.com/Press_Release/ind_prs18022020.pdf,press_release,UPSTREAM_EXPLICIT,closed by ind_prs01092022.pdf
NIFTY50,2020-03-27,REMOVE,YESBANK,https://niftyindices.com/Press_Release/ind_prs20022015.pdf,press_release,UPSTREAM_EXPLICIT,closed by ind_prs18022020.pdf
NIFTY50,2020-07-31,ADD,HDFCLIFE,https://niftyindices.com/Press_Release/ind_prs02072020_1.pdf,press_release,UPSTREAM_EXPLICIT,
NIFTY50,2020-07-31,REMOVE,VEDL,https://niftyindices.com/Press_Release/ind_prs27042017.pdf,press_release,UPSTREAM_EXPLICIT,closed by ind_prs02072020_1.pdf
NIFTY50,2020-09-25,ADD,DIVISLAB,https://niftyindices.com/Press_Release/ind_prs20082020.pdf,press_release,UPSTREAM_EXPLICIT,closed by ind_prs23082024.pdf
NIFTY50,2020-09-25,ADD,SBILIFE,https://niftyindices.com/Press_Release/ind_prs20082020.pdf,press_release,UPSTREAM_EXPLICIT,
NIFTY50,2020-09-25,REMOVE,ZEEL,https://niftyindices.com/Press_Release/ind_prs20082014.pdf,press_release,UPSTREAM_EXPLICIT,closed by ind_prs20082020.pdf
NIFTY50,2021-03-31,ADD,TATACONSUM,https://niftyindices.com/Press_Release/ind_prs23022021.pdf,press_release,UPSTREAM_EXPLICIT,
NIFTY50,2022-03-31,ADD,APOLLOHOSP,https://niftyindices.com/Press_Release/ind_prs24022022_1.pdf,press_release,UPSTREAM_EXPLICIT,
NIFTY50,2022-03-31,REMOVE,IOC,https://niftyindices.com/Press_Release/ind_prs16022017.pdf,press_release,UPSTREAM_EXPLICIT,closed by ind_prs24022022_1.pdf
NIFTY50,2022-09-30,ADD,ADANIENT,https://niftyindices.com/Press_Release/ind_prs01092022.pdf,press_release,UPSTREAM_EXPLICIT,
NIFTY50,2022-09-30,REMOVE,SHREECEM,https://niftyindices.com/Press_Release/ind_prs18022020.pdf,press_release,UPSTREAM_EXPLICIT,closed by ind_prs01092022.pdf
NIFTY50,2023-07-13,ADD,LTM,https://niftyindices.com/Press_Release/ind_prs04072023.pdf,press_release,UPSTREAM_EXPLICIT,closed by ind_prs23082024.pdf
NIFTY50,2024-03-28,ADD,SHRIRAMFIN,https://niftyindices.com/Press_Release/ind_prs28022024.pdf,press_release,UPSTREAM_EXPLICIT,
NIFTY50,2024-03-28,REMOVE,UPL,https://niftyindices.com/Press_Release/ind_prs28082017.pdf,press_release,UPSTREAM_EXPLICIT,closed by ind_prs28022024.pdf
NIFTY50,2024-09-30,ADD,BEL,https://niftyindices.com/Press_Release/ind_prs23082024.pdf,press_release,UPSTREAM_EXPLICIT,
NIFTY50,2024-09-30,REMOVE,DIVISLAB,https://niftyindices.com/Press_Release/ind_prs20082020.pdf,press_release,UPSTREAM_EXPLICIT,closed by ind_prs23082024.pdf
NIFTY50,2024-09-30,REMOVE,LTM,https://niftyindices.com/Press_Release/ind_prs04072023.pdf,press_release,UPSTREAM_EXPLICIT,closed by ind_prs23082024.pdf
NIFTY50,2024-09-30,ADD,TRENT,https://niftyindices.com/Press_Release/ind_prs23082024.pdf,press_release,UPSTREAM_EXPLICIT,
NIFTY50,2025-03-28,REMOVE,BRITANNIA,https://niftyindices.com/Press_Release/ind_prs25022019.pdf,press_release,UPSTREAM_EXPLICIT,closed by ind_prs21022025.pdf
NIFTY50,2025-03-28,ADD,ETERNAL,https://niftyindices.com/Press_Release/ind_prs21022025.pdf,press_release,UPSTREAM_EXPLICIT,
NIFTY50,2025-03-28,ADD,JIOFIN,https://niftyindices.com/Press_Release/ind_prs21022025.pdf,press_release,UPSTREAM_EXPLICIT,
NIFTY50,2025-09-30,ADD,INDIGO,https://niftyindices.com/Press_Release/ind_prs22082025.pdf,press_release,UPSTREAM_EXPLICIT,
NIFTY50,2025-09-30,ADD,MAXHEALTH,https://niftyindices.com/Press_Release/ind_prs22082025.pdf,press_release,UPSTREAM_EXPLICIT,
NIFTYMICROCAP250,2021-09-30,ADD,ALLCARGO,https://niftyindices.com/Press_Release/ind_prs15092021.pdf,press_release,UPSTREAM_EXPLICIT,closed by ind_prs24022022_1.pdf
NIFTYMICROCAP250,2021-09-30,ADD,ANANTRAJ,https://niftyindices.com/Press_Release/ind_prs15092021.pdf,press_release,UPSTREAM_EXPLICIT,closed by ind_prs23082024.pdf
NIFTYMICROCAP250,2021-09-30,ADD,BALMLAWRIE,https://niftyindices.com/Press_Release/ind_prs15092021.pdf,press_release,UPSTREAM_EXPLICIT,closed by ind_prs21022025.pdf
NIFTYMICROCAP250,2021-09-30,ADD,BARBEQUE,https://niftyindices.com/Press_Release/ind_prs15092021.pdf,press_release,UPSTREAM_EXPLICIT,closed by ind_prs23082024.pdf
NIFTYMICROCAP250,2021-09-30,ADD,BECTORFOOD,https://niftyindices.com/Press_Release/ind_prs15092021.pdf,press_release,UPSTREAM_EXPLICIT,
NIFTYMICROCAP250,2021-09-30,ADD,BLISSGVS,https://niftyindices.com/Press_Release/ind_prs15092021.pdf,press_release,UPSTREAM_EXPLICIT,closed by ind_prs24022022_1.pdf
NIFTYMICROCAP250,2021-09-30,ADD,CRAFTSMAN,https://niftyindices.com/Press_Release/ind_prs15092021.pdf,press_release,UPSTREAM_EXPLICIT,closed by ind_prs17022023_1.pdf
NIFTYMICROCAP250,2021-09-30,ADD,DCAL,https://niftyindices.com/Press_Release/ind_prs15092021.pdf,press_release,UPSTREAM_EXPLICIT,closed by ind_prs23022026.pdf
NIFTYMICROCAP250,2021-09-30,ADD,DEN,https://niftyindices.com/Press_Release/ind_prs15092021.pdf,press_release,UPSTREAM_EXPLICIT,closed by ind_prs21022025.pdf
NIFTYMICROCAP250,2021-09-30,ADD,DISHTV,https://niftyindices.com/Press_Release/ind_prs15092021.pdf,press_release,UPSTREAM_EXPLICIT,closed by ind_prs21022025.pdf
NIFTYMICROCAP250,2021-09-30,ADD,EASEMYTRIP,https://niftyindices.com/Press_Release/ind_prs15092021.pdf,press_release,UPSTREAM_EXPLICIT,closed by ind_prs24022022_1.pdf
NIFTYMICROCAP250,2021-09-30,ADD,FCONSUMER,https://niftyindices.com/Press_Release/ind_prs15092021.pdf,press_release,UPSTREAM_EXPLICIT,closed by ind_prs01092022.pdf
NIFTYMICROCAP250,2021-09-30,ADD,FMGOETZE,https://niftyindices.com/Press_Release/ind_prs15092021.pdf,press_release,UPSTREAM_EXPLICIT,closed by ind_prs24022022_1.pdf
NIFTYMICROCAP250,2021-09-30,ADD,GEPIL,https://niftyindices.com/Press_Release/ind_prs15092021.pdf,press_release,UPSTREAM_EXPLICIT,closed by ind_prs01092022.pdf
NIFTYMICROCAP250,2021-09-30,ADD,GRSE,https://niftyindices.com/Press_Release/ind_prs15092021.pdf,press_release,UPSTREAM_EXPLICIT,closed by ind_prs28022024.pdf
NIFTYMICROCAP250,2021-09-30,ADD,GTPL,https://niftyindices.com/Press_Release/ind_prs15092021.pdf,press_release,UPSTREAM_EXPLICIT,closed by ind_prs01092022.pdf
NIFTYMICROCAP250,2021-09-30,ADD,GULFOILLUB,https://niftyindices.com/Press_Release/ind_prs15092021.pdf,press_release,UPSTREAM_EXPLICIT,closed by ind_prs17022023_1.pdf
NIFTYMICROCAP250,2021-09-30,ADD,HERANBA,https://niftyindices.com/Press_Release/ind_prs15092021.pdf,press_release,UPSTREAM_EXPLICIT,closed by ind_prs17082023.pdf
NIFTYMICROCAP250,2021-09-30,ADD,HLEGLAS,https://niftyindices.com/Press_Release/ind_prs15092021.pdf,press_release,UPSTREAM_EXPLICIT,closed by ind_prs24022022_1.pdf
NIFTYMICROCAP250,2021-09-30,ADD,HSCL,https://niftyindices.com/Press_Release/ind_prs15092021.pdf,press_release,UPSTREAM_EXPLICIT,closed by ind_prs28022024.pdf
NIFTYMICROCAP250,2021-09-30,ADD,HSIL,https://niftyindices.com/Press_Release/ind_prs15092021.pdf,press_release,UPSTREAM_EXPLICIT,"inferred-exclude: not in NSE current snapshot, no PR found (closed at next semi-annual review)"
NIFTYMICROCAP250,2021-09-30,ADD,HUHTAMAKI,https://niftyindices.com/Press_Release/ind_prs15092021.pdf,press_release,UPSTREAM_EXPLICIT,closed by ind_prs24022022_1.pdf
NIFTYMICROCAP250,2021-09-30,ADD,JTEKTINDIA,https://niftyindices.com/Press_Release/ind_prs15092021.pdf,press_release,UPSTREAM_EXPLICIT,closed by ind_prs01092022.pdf
NIFTYMICROCAP250,2021-09-30,ADD,MAHSCOOTER,https://niftyindices.com/Press_Release/ind_prs15092021.pdf,press_release,UPSTREAM_EXPLICIT,closed by ind_prs17082023.pdf
NIFTYMICROCAP250,2021-09-30,ADD,MAHSEAMLES,https://niftyindices.com/Press_Release/ind_prs15092021.pdf,press_release,UPSTREAM_EXPLICIT,closed by ind_prs28022024.pdf
NIFTYMICROCAP250,2021-09-30,ADD,MASFIN,https://niftyindices.com/Press_Release/ind_prs15092021.pdf,press_release,UPSTREAM_EXPLICIT,closed by ind_prs23082024.pdf
NIFTYMICROCAP250,2021-09-30,ADD,PUNJABCHEM,https://niftyindices.com/Press_Release/ind_prs15092021.pdf,press_release,UPSTREAM_EXPLICIT,closed by ind_prs01092022.pdf
NIFTYMICROCAP250,2021-09-30,ADD,RAYMOND,https://niftyindices.com/Press_Release/ind_prs15092021.pdf,press_release,UPSTREAM_EXPLICIT,closed by ind_prs01092022.pdf
NIFTYMICROCAP250,2021-09-30,ADD,SAREGAMA,https://niftyindices.com/Press_Release/ind_prs15092021.pdf,press_release,UPSTREAM_EXPLICIT,closed by ind_prs24022022_1.pdf
NIFTYMICROCAP250,2021-09-30,ADD,SHARDAMOTR,https://niftyindices.com/Press_Release/ind_prs15092021.pdf,press_release,UPSTREAM_EXPLICIT,closed by ind_prs24022022_1.pdf
NIFTYMICROCAP250,2021-09-30,ADD,SHOPERSTOP,https://niftyindices.com/Press_Release/ind_prs15092021.pdf,press_release,UPSTREAM_EXPLICIT,closed by ind_prs16092022.pdf
NIFTYMICROCAP250,2021-09-30,ADD,SMSPHARMA,https://niftyindices.com/Press_Release/ind_prs15092021.pdf,press_release,UPSTREAM_EXPLICIT,closed by ind_prs24022022_1.pdf
NIFTYMICROCAP250,2021-09-30,ADD,STOVEKRAFT,https://niftyindices.com/Press_Release/ind_prs15092021.pdf,press_release,UPSTREAM_EXPLICIT,closed by ind_prs17082023.pdf
NIFTYMICROCAP250,2021-09-30,ADD,SUBEXLTD,https://niftyindices.com/Press_Release/ind_prs15092021.pdf,press_release,UPSTREAM_EXPLICIT,closed by ind_prs28022024.pdf
NIFTYMICROCAP250,2021-09-30,ADD,SUNCLAYLTD,https://niftyindices.com/Press_Release/ind_prs15092021.pdf,press_release,UPSTREAM_EXPLICIT,closed by ind_prs22122022.pdf
NIFTYMICROCAP250,2021-09-30,ADD,SURYODAY,https://niftyindices.com/Press_Release/ind_prs15092021.pdf,press_release,UPSTREAM_EXPLICIT,closed by ind_prs17022023_1.pdf
NIFTYMICROCAP250,2021-09-30,ADD,SWANENERGY,https://niftyindices.com/Press_Release/ind_prs15092021.pdf,press_release,UPSTREAM_EXPLICIT,closed by ind_prs01092022.pdf
NIFTYMICROCAP250,2021-09-30,ADD,TATAINVEST,https://niftyindices.com/Press_Release/ind_prs15092021.pdf,press_release,UPSTREAM_EXPLICIT,closed by ind_prs24022022_1.pdf
NIFTYMICROCAP250,2021-09-30,ADD,TVTODAY,https://niftyindices.com/Press_Release/ind_prs15092021.pdf,press_release,UPSTREAM_EXPLICIT,closed by ind_prs17082023.pdf
NIFTYMICROCAP250,2021-09-30,ADD,VSTIND,https://niftyindices.com/Press_Release/ind_prs15092021.pdf,press_release,UPSTREAM_EXPLICIT,closed by ind_prs17082023.pdf
NIFTYMICROCAP250,2021-10-29,ADD,ISGEC,https://niftyindices.com/Press_Release/ind_prs22102021.pdf,press_release,UPSTREAM_EXPLICIT,closed by ind_prs23022026.pdf
NIFTYMICROCAP250,2022-03-31,ADD,AHLUCONT,https://niftyindices.com/Press_Release/ind_prs24022022_1.pdf,press_release,UPSTREAM_EXPLICIT,closed by ind_prs17022023_1.pdf
NIFTYMICROCAP250,2022-03-31,ADD,ALEMBICLTD,https://niftyindices.com/Press_Release/ind_prs24022022_1.pdf,press_release,UPSTREAM_EXPLICIT,closed by ind_prs17022023_1.pdf
NIFTYMICROCAP250,2022-03-31,REMOVE,ALLCARGO,https://niftyindices.com/Press_Release/ind_prs15092021.pdf,press_release,UPSTREAM_EXPLICIT,closed by ind_prs24022022_1.pdf
NIFTYMICROCAP250,2022-03-31,ADD,AMIORG,https://niftyindices.com/Press_Release/ind_prs24022022_1.pdf,press_release,UPSTREAM_EXPLICIT,"inferred-exclude: not in NSE current snapshot, no PR found (closed at next semi-annual review)"
NIFTYMICROCAP250,2022-03-31,ADD,ANANDRATHI,https://niftyindices.com/Press_Release/ind_prs24022022_1.pdf,press_release,UPSTREAM_EXPLICIT,closed by ind_prs28022024.pdf
NIFTYMICROCAP250,2022-03-31,ADD,APOLLOPIPE,https://niftyindices.com/Press_Release/ind_prs24022022_1.pdf,press_release,UPSTREAM_EXPLICIT,closed by ind_prs28022024.pdf
NIFTYMICROCAP250,2022-03-31,ADD,ASHOKA,https://niftyindices.com/Press_Release/ind_prs24022022_1.pdf,press_release,UPSTREAM_EXPLICIT,
NIFTYMICROCAP250,2022-03-31,ADD,BAJAJCON,https://niftyindices.com/Press_Release/ind_prs24022022_1.pdf,press_release,UPSTREAM_EXPLICIT,closed by ind_prs21022025.pdf
NIFTYMICROCAP250,2022-03-31,ADD,BESTAGRO,https://niftyindices.com/Press_Release/ind_prs24022022_1.pdf,press_release,UPSTREAM_EXPLICIT,closed by ind_prs19042023_1.pdf
NIFTYMICROCAP250,2022-03-31,ADD,BHARATRAS,https://niftyindices.com/Press_Release/ind_prs24022022_1.pdf,press_release,UPSTREAM_EXPLICIT,closed by ind_prs01092022.pdf
NIFTYMICROCAP250,2022-03-31,REMOVE,BLISSGVS,https://niftyindices.com/Press_Release/ind_prs15092021.pdf,press_release,UPSTREAM_EXPLICIT,closed by ind_prs24022022_1.pdf
NIFTYMICROCAP250,2022-03-31,ADD,CARTRADE,https://niftyindices.com/Press_Release/ind_prs24022022_1.pdf,press_release,UPSTREAM_EXPLICIT,closed by ind_prs23022026.pdf
NIFTYMICROCAP250,2022-03-31,ADD,CGCL,https://niftyindices.com/Press_Release/ind_prs24022022_1.pdf,press_release,UPSTREAM_EXPLICIT,"inferred-exclude: not in NSE current snapshot, no PR found (closed at next semi-annual review)"
NIFTYMICROCAP250,2022-03-31,ADD,CMSINFO,https://niftyindices.com/Press_Release/ind_prs24022022_1.pdf,press_release,UPSTREAM_EXPLICIT,
NIFTYMICROCAP250,2022-03-31,ADD,DATAPATTNS,https://niftyindices.com/Press_Release/ind_prs24022022_1.pdf,press_release,UPSTREAM_EXPLICIT,closed by ind_prs17022023_1.pdf
NIFTYMICROCAP250,2022-03-31,ADD,DCBBANK,https://niftyindices.com/Press_Release/ind_prs24022022_1.pdf,press_release,UPSTREAM_EXPLICIT,
NIFTYMICROCAP250,2022-03-31,ADD,DHANUKA,https://niftyindices.com/Press_Release/ind_prs24022022_1.pdf,press_release,UPSTREAM_EXPLICIT,closed by ind_prs17022023_1.pdf
NIFTYMICROCAP250,2022-03-31,ADD,DODLA,https://niftyindices.com/Press_Release/ind_prs24022022_1.pdf,press_release,UPSTREAM_EXPLICIT,closed by ind_prs01092022.pdf
NIFTYMICROCAP250,2022-03-31,REMOVE,EASEMYTRIP,https://niftyindices.com/Press_Release/ind_prs15092021.pdf,press_release,UPSTREAM_EXPLICIT,closed by ind_prs24022022_1.pdf
NIFTYMICROCAP250,2022-03-31,ADD,FAIRCHEMOR,https://niftyindices.com/Press_Release/ind_prs24022022_1.pdf,press_release,UPSTREAM_EXPLICIT,closed by ind_prs17082023.pdf
NIFTYMICROCAP250,2022-03-31,ADD,FINOPB,https://niftyindices.com/Press_Release/ind_prs24022022_1.pdf,press_release,UPSTREAM_EXPLICIT,closed by ind_prs28022024.pdf
NIFTYMICROCAP250,2022-03-31,REMOVE,FMGOETZE,https://niftyindices.com/Press_Release/ind_prs15092021.pdf,press_release,UPSTREAM_EXPLICIT,closed by ind_prs24022022_1.pdf
NIFTYMICROCAP250,2022-03-31,ADD,FRETAIL,https://niftyindices.com/Press_Release/ind_prs24022022_1.pdf,press_release,UPSTREAM_EXPLICIT,closed by ind_prs20102022.pdf
NIFTYMICROCAP250,2022-03-31,ADD,GLOBUSSPR,https://niftyindices.com/Press_Release/ind_prs24022022_1.pdf,press_release,UPSTREAM_EXPLICIT,closed by ind_prs23082024.pdf
NIFTYMICROCAP250,2022-03-31,ADD,GREAVESCOT,https://niftyindices.com/Press_Release/ind_prs24022022_1.pdf,press_release,UPSTREAM_EXPLICIT,
NIFTYMICROCAP250,2022-03-31,ADD,GREENLAM,https://niftyindices.com/Press_Release/ind_prs24022022_1.pdf,press_release,UPSTREAM_EXPLICIT,closed by ind_prs01092022.pdf
NIFTYMICROCAP250,2022-03-31,ADD,GTLINFRA,https://niftyindices.com/Press_Release/ind_prs24022022_1.pdf,press_release,UPSTREAM_EXPLICIT,closed by ind_prs17082023.pdf
NIFTYMICROCAP250,2022-03-31,ADD,HEIDELBERG,https://niftyindices.com/Press_Release/ind_prs24022022_1.pdf,press_release,UPSTREAM_EXPLICIT,closed by ind_prs22082025.pdf
NIFTYMICROCAP250,2022-03-31,REMOVE,HLEGLAS,https://niftyindices.com/Press_Release/ind_prs15092021.pdf,press_release,UPSTREAM_EXPLICIT,closed by ind_prs24022022_1.pdf
NIFTYMICROCAP250,2022-03-31,REMOVE,HSIL,https://niftyindices.com/Press_Release/ind_prs15092021.pdf,press_release,UPSTREAM_EXPLICIT,"inferred-exclude: not in NSE current snapshot, no PR found (closed at next semi-annual review)"
NIFTYMICROCAP250,2022-03-31,REMOVE,HUHTAMAKI,https://niftyindices.com/Press_Release/ind_prs15092021.pdf,press_release,UPSTREAM_EXPLICIT,closed by ind_prs24022022_1.pdf
NIFTYMICROCAP250,2022-03-31,ADD,INGERRAND,https://niftyindices.com/Press_Release/ind_prs24022022_1.pdf,press_release,UPSTREAM_EXPLICIT,closed by ind_prs17022023_1.pdf
NIFTYMICROCAP250,2022-03-31,ADD,IOLCP,https://niftyindices.com/Press_Release/ind_prs24022022_1.pdf,press_release,UPSTREAM_EXPLICIT,closed by ind_prs23082024.pdf
NIFTYMICROCAP250,2022-03-31,ADD,IPL,https://niftyindices.com/Press_Release/ind_prs24022022_1.pdf,press_release,UPSTREAM_EXPLICIT,closed by ind_prs17082023.pdf
NIFTYMICROCAP250,2022-03-31,ADD,JINDALSAW,https://niftyindices.com/Press_Release/ind_prs24022022_1.pdf,press_release,UPSTREAM_EXPLICIT,closed by ind_prs17082023.pdf
NIFTYMICROCAP250,2022-03-31,ADD,JKTYRE,https://niftyindices.com/Press_Release/ind_prs24022022_1.pdf,press_release,UPSTREAM_EXPLICIT,closed by ind_prs23082024.pdf
NIFTYMICROCAP250,2022-03-31,ADD,KENNAMET,https://niftyindices.com/Press_Release/ind_prs24022022_1.pdf,press_release,UPSTREAM_EXPLICIT,closed by ind_prs17022023_1.pdf
NIFTYMICROCAP250,2022-03-31,ADD,KRSNAA,https://niftyindices.com/Press_Release/ind_prs24022022_1.pdf,press_release,UPSTREAM_EXPLICIT,closed by ind_prs23082024.pdf
NIFTYMICROCAP250,2022-03-31,ADD,KSB,https://niftyindices.com/Press_Release/ind_prs24022022_1.pdf,press_release,UPSTREAM_EXPLICIT,closed by ind_prs17022023_1.pdf
NIFTYMICROCAP250,2022-03-31,ADD,KSCL,https://niftyindices.com/Press_Release/ind_prs24022022_1.pdf,press_release,UPSTREAM_EXPLICIT,
NIFTYMICROCAP250,2022-03-31,ADD,LAOPALA,https://niftyindices.com/Press_Release/ind_prs24022022_1.pdf,press_release,UPSTREAM_EXPLICIT,closed by ind_prs23082024.pdf
NIFTYMICROCAP250,2022-03-31,ADD,LEMONTREE,https://niftyindices.com/Press_Release/ind_prs24022022_1.pdf,press_release,UPSTREAM_EXPLICIT,closed by ind_prs06122022.pdf
NIFTYMICROCAP250,2022-03-31,ADD,MFL,https://niftyindices.com/Press_Release/ind_prs24022022_1.pdf,press_release,UPSTREAM_EXPLICIT,closed by ind_prs17022023_1.pdf
NIFTYMICROCAP250,2022-03-31,ADD,MIDHANI,https://niftyindices.com/Press_Release/ind_prs24022022_1.pdf,press_release,UPSTREAM_EXPLICIT,
NIFTYMICROCAP250,2022-03-31,ADD,MINDACORP,https://niftyindices.com/Press_Release/ind_prs24022022_1.pdf,press_release,UPSTREAM_EXPLICIT,closed by ind_prs17082023.pdf
NIFTYMICROCAP250,2022-03-31,ADD,MOL,https://niftyindices.com/Press_Release/ind_prs24022022_1.pdf,press_release,UPSTREAM_EXPLICIT,closed by ind_prs28022024.pdf
NIFTYMICROCAP250,2022-03-31,ADD,NFL,https://niftyindices.com/Press_Release/ind_prs24022022_1.pdf,press_release,UPSTREAM_EXPLICIT,
NIFTYMICROCAP250,2022-03-31,ADD,NILKAMAL,https://niftyindices.com/Press_Release/ind_prs24022022_1.pdf,press_release,UPSTREAM_EXPLICIT,closed by ind_prs01092022.pdf
NIFTYMICROCAP250,2022-03-31,ADD,OPTIEMUS,https://niftyindices.com/Press_Release/ind_prs24022022_1.pdf,press_release,UPSTREAM_EXPLICIT,
NIFTYMICROCAP250,2022-03-31,ADD,PARAS,https://niftyindices.com/Press_Release/ind_prs24022022_1.pdf,press_release,UPSTREAM_EXPLICIT,
NIFTYMICROCAP250,2022-03-31,ADD,RATEGAIN,https://niftyindices.com/Press_Release/ind_prs24022022_1.pdf,press_release,UPSTREAM_EXPLICIT,
NIFTYMICROCAP250,2022-03-31,ADD,RESPONIND,https://niftyindices.com/Press_Release/ind_prs24022022_1.pdf,press_release,UPSTREAM_EXPLICIT,closed by ind_prs17022023_1.pdf
NIFTYMICROCAP250,2022-03-31,ADD,ROLEXRINGS,https://niftyindices.com/Press_Release/ind_prs24022022_1.pdf,press_release,UPSTREAM_EXPLICIT,closed by ind_prs28022024.pdf
NIFTYMICROCAP250,2022-03-31,ADD,SANSERA,https://niftyindices.com/Press_Release/ind_prs24022022_1.pdf,press_release,UPSTREAM_EXPLICIT,
NIFTYMICROCAP250,2022-03-31,REMOVE,SAREGAMA,https://niftyindices.com/Press_Release/ind_prs15092021.pdf,press_release,UPSTREAM_EXPLICIT,closed by ind_prs24022022_1.pdf
NIFTYMICROCAP250,2022-03-31,ADD,SCHNEIDER,https://niftyindices.com/Press_Release/ind_prs24022022_1.pdf,press_release,UPSTREAM_EXPLICIT,closed by ind_prs28022024.pdf
NIFTYMICROCAP250,2022-03-31,ADD,SHARDACROP,https://niftyindices.com/Press_Release/ind_prs24022022_1.pdf,press_release,UPSTREAM_EXPLICIT,closed by ind_prs01092022.pdf
NIFTYMICROCAP250,2022-03-31,REMOVE,SHARDAMOTR,https://niftyindices.com/Press_Release/ind_prs15092021.pdf,press_release,UPSTREAM_EXPLICIT,closed by ind_prs24022022_1.pdf
NIFTYMICROCAP250,2022-03-31,ADD,SHAREINDIA,https://niftyindices.com/Press_Release/ind_prs24022022_1.pdf,press_release,UPSTREAM_EXPLICIT,
NIFTYMICROCAP250,2022-03-31,REMOVE,SMSPHARMA,https://niftyindices.com/Press_Release/ind_prs15092021.pdf,press_release,UPSTREAM_EXPLICIT,closed by ind_prs24022022_1.pdf
NIFTYMICROCAP250,2022-03-31,ADD,SPANDANA,https://niftyindices.com/Press_Release/ind_prs24022022_1.pdf,press_release,UPSTREAM_EXPLICIT,closed by ind_prs22082025.pdf
NIFTYMICROCAP250,2022-03-31,ADD,STARCEMENT,https://niftyindices.com/Press_Release/ind_prs24022022_1.pdf,press_release,UPSTREAM_EXPLICIT,closed by ind_prs01092022.pdf
NIFTYMICROCAP250,2022-03-31,ADD,SUPRIYA,https://niftyindices.com/Press_Release/ind_prs24022022_1.pdf,press_release,UPSTREAM_EXPLICIT,
NIFTYMICROCAP250,2022-03-31,ADD,TARSONS,https://niftyindices.com/Press_Release/ind_prs24022022_1.pdf,press_release,UPSTREAM_EXPLICIT,closed by ind_prs23082024.pdf
NIFTYMICROCAP250,2022-03-31,ADD,TASTYBITE,https://niftyindices.com/Press_Release/ind_prs24022022_1.pdf,press_release,UPSTREAM_EXPLICIT,closed by ind_prs17022023_1.pdf
NIFTYMICROCAP250,2022-03-31,REMOVE,TATAINVEST,https://niftyindices.com/Press_Release/ind_prs15092021.pdf,press_release,UPSTREAM_EXPLICIT,closed by ind_prs24022022_1.pdf
NIFTYMICROCAP250,2022-03-31,ADD,TATVA,https://niftyindices.com/Press_Release/ind_prs24022022_1.pdf,press_release,UPSTREAM_EXPLICIT,closed by ind_prs28022024.pdf
NIFTYMICROCAP250,2022-03-31,ADD,TEGA,https://niftyindices.com/Press_Release/ind_prs24022022_1.pdf,press_release,UPSTREAM_EXPLICIT,closed by ind_prs23022026.pdf
NIFTYMICROCAP250,2022-03-31,ADD,UJJIVANSFB,https://niftyindices.com/Press_Release/ind_prs24022022_1.pdf,press_release,UPSTREAM_EXPLICIT,closed by ind_prs17082023.pdf
NIFTYMICROCAP250,2022-03-31,ADD,VALIANTORG,https://niftyindices.com/Press_Release/ind_prs24022022_1.pdf,press_release,UPSTREAM_EXPLICIT,closed by ind_prs17082023.pdf
NIFTYMICROCAP250,2022-04-07,ADD,JISLJALEQS,https://niftyindices.com/Press_Release/ind_prs06042022.pdf,press_release,UPSTREAM_EXPLICIT,closed by ind_prs23022026.pdf
NIFTYMICROCAP250,2022-04-12,ADD,AKZOINDIA,https://niftyindices.com/Press_Release/ind_prs05042022_1.pdf,press_release,UPSTREAM_EXPLICIT,closed by ind_prs17082023.pdf
NIFTYMICROCAP250,2022-04-12,ADD,IONEXCHANG,https://niftyindices.com/Press_Release/ind_prs05042022_1.pdf,press_release,UPSTREAM_EXPLICIT,
NIFTYMICROCAP250,2022-05-31,ADD,GATEWAY,https://niftyindices.com/Press_Release/ind_prs24052022.pdf,press_release,UPSTREAM_EXPLICIT,closed by ind_prs23022026.pdf
NIFTYMICROCAP250,2022-09-30,ADD,ACRYSIL,https://niftyindices.com/Press_Release/ind_prs01092022.pdf,press_release,UPSTREAM_EXPLICIT,"inferred-exclude: not in NSE current snapshot, no PR found (closed at next semi-annual review)"
NIFTYMICROCAP250,2022-09-30,ADD,ADVENZYMES,https://niftyindices.com/Press_Release/ind_prs01092022.pdf,press_release,UPSTREAM_EXPLICIT,
NIFTYMICROCAP250,2022-09-30,REMOVE,AMIORG,https://niftyindices.com/Press_Release/ind_prs24022022_1.pdf,press_release,UPSTREAM_EXPLICIT,"inferred-exclude: not in NSE current snapshot, no PR found (closed at next semi-annual review)"
NIFTYMICROCAP250,2022-09-30,REMOVE,BHARATRAS,https://niftyindices.com/Press_Release/ind_prs24022022_1.pdf,press_release,UPSTREAM_EXPLICIT,closed by ind_prs01092022.pdf
NIFTYMICROCAP250,2022-09-30,ADD,BUTTERFLY,https://niftyindices.com/Press_Release/ind_prs01092022.pdf,press_release,UPSTREAM_EXPLICIT,closed by ind_prs17082023.pdf
NIFTYMICROCAP250,2022-09-30,REMOVE,CGCL,https://niftyindices.com/Press_Release/ind_prs24022022_1.pdf,press_release,UPSTREAM_EXPLICIT,"inferred-exclude: not in NSE current snapshot, no PR found (closed at next semi-annual review)"
NIFTYMICROCAP250,2022-09-30,ADD,CHOICEIN,https://niftyindices.com/Press_Release/ind_prs01092022.pdf,press_release,UPSTREAM_EXPLICIT,closed by ind_prs17022023_1.pdf
NIFTYMICROCAP250,2022-09-30,ADD,DATAMATICS,https://niftyindices.com/Press_Release/ind_prs01092022.pdf,press_release,UPSTREAM_EXPLICIT,
NIFTYMICROCAP250,2022-09-30,ADD,DBREALTY,https://niftyindices.com/Press_Release/ind_prs01092022.pdf,press_release,UPSTREAM_EXPLICIT,closed by ind_prs23082024.pdf
NIFTYMICROCAP250,2022-09-30,REMOVE,DODLA,https://niftyindices.com/Press_Release/ind_prs24022022_1.pdf,press_release,UPSTREAM_EXPLICIT,closed by ind_prs01092022.pdf
NIFTYMICROCAP250,2022-09-30,ADD,DWARKESH,https://niftyindices.com/Press_Release/ind_prs01092022.pdf,press_release,UPSTREAM_EXPLICIT,closed by ind_prs28022024.pdf
NIFTYMICROCAP250,2022-09-30,ADD,EKC,https://niftyindices.com/Press_Release/ind_prs01092022.pdf,press_release,UPSTREAM_EXPLICIT,closed by ind_prs17022023_1.pdf
NIFTYMICROCAP250,2022-09-30,ADD,ELECON,https://niftyindices.com/Press_Release/ind_prs01092022.pdf,press_release,UPSTREAM_EXPLICIT,closed by ind_prs28022024.pdf
NIFTYMICROCAP250,2022-09-30,ADD,EMUDHRA,https://niftyindices.com/Press_Release/ind_prs01092022.pdf,press_release,UPSTREAM_EXPLICIT,closed by ind_prs23022026.pdf
NIFTYMICROCAP250,2022-09-30,ADD,ETHOSLTD,https://niftyindices.com/Press_Release/ind_prs01092022.pdf,press_release,UPSTREAM_EXPLICIT,
NIFTYMICROCAP250,2022-09-30,ADD,FCL,https://niftyindices.com/Press_Release/ind_prs01092022.pdf,press_release,UPSTREAM_EXPLICIT,closed by ind_prs22082025.pdf
NIFTYMICROCAP250,2022-09-30,REMOVE,FCONSUMER,https://niftyindices.com/Press_Release/ind_prs15092021.pdf,press_release,UPSTREAM_EXPLICIT,closed by ind_prs01092022.pdf
NIFTYMICROCAP250,2022-09-30,ADD,GANESHHOUC,https://niftyindices.com/Press_Release/ind_prs01092022.pdf,press_release,UPSTREAM_EXPLICIT,closed by ind_prs17022023_1.pdf
NIFTYMICROCAP250,2022-09-30,REMOVE,GEPIL,https://niftyindices.com/Press_Release/ind_prs15092021.pdf,press_release,UPSTREAM_EXPLICIT,closed by ind_prs01092022.pdf
NIFTYMICROCAP250,2022-09-30,ADD,GLS,https://niftyindices.com/Press_Release/ind_prs01092022.pdf,press_release,UPSTREAM_EXPLICIT,closed by ind_prs17082023.pdf
NIFTYMICROCAP250,2022-09-30,ADD,GOKEX,https://niftyindices.com/Press_Release/ind_prs01092022.pdf,press_release,UPSTREAM_EXPLICIT,
NIFTYMICROCAP250,2022-09-30,ADD,GRAVITA,https://niftyindices.com/Press_Release/ind_prs01092022.pdf,press_release,UPSTREAM_EXPLICIT,closed by ind_prs21022025.pdf
NIFTYMICROCAP250,2022-09-30,REMOVE,GREENLAM,https://niftyindices.com/Press_Release/ind_prs24022022_1.pdf,press_release,UPSTREAM_EXPLICIT,closed by ind_prs01092022.pdf
NIFTYMICROCAP250,2022-09-30,ADD,GRWRHITECH,https://niftyindices.com/Press_Release/ind_prs01092022.pdf,press_release,UPSTREAM_EXPLICIT,closed by ind_prs17022023_1.pdf
NIFTYMICROCAP250,2022-09-30,REMOVE,GTPL,https://niftyindices.com/Press_Release/ind_prs15092021.pdf,press_release,UPSTREAM_EXPLICIT,closed by ind_prs01092022.pdf
NIFTYMICROCAP250,2022-09-30,ADD,GUFICBIO,https://niftyindices.com/Press_Release/ind_prs01092022.pdf,press_release,UPSTREAM_EXPLICIT,closed by ind_prs23082024.pdf
NIFTYMICROCAP250,2022-09-30,ADD,HATHWAY,https://niftyindices.com/Press_Release/ind_prs01092022.pdf,press_release,UPSTREAM_EXPLICIT,closed by ind_prs22082025.pdf
NIFTYMICROCAP250,2022-09-30,ADD,HEMIPROP,https://niftyindices.com/Press_Release/ind_prs01092022.pdf,press_release,UPSTREAM_EXPLICIT,
NIFTYMICROCAP250,2022-09-30,ADD,HNDFDS,https://niftyindices.com/Press_Release/ind_prs01092022.pdf,press_release,UPSTREAM_EXPLICIT,closed by ind_prs19042023_1.pdf
NIFTYMICROCAP250,2022-09-30,ADD,ICIL,https://niftyindices.com/Press_Release/ind_prs01092022.pdf,press_release,UPSTREAM_EXPLICIT,
NIFTYMICROCAP250,2022-09-30,ADD,ICRA,https://niftyindices.com/Press_Release/ind_prs01092022.pdf,press_release,UPSTREAM_EXPLICIT,closed by ind_prs17082023.pdf
NIFTYMICROCAP250,2022-09-30,ADD,INDORAMA,https://niftyindices.com/Press_Release/ind_prs01092022.pdf,press_release,UPSTREAM_EXPLICIT,closed by ind_prs17022023_1.pdf
NIFTYMICROCAP250,2022-09-30,ADD,IRCON,https://niftyindices.com/Press_Release/ind_prs01092022.pdf,press_release,UPSTREAM_EXPLICIT,closed by ind_prs17082023.pdf
NIFTYMICROCAP250,2022-09-30,ADD,JKIL,https://niftyindices.com/Press_Release/ind_prs01092022.pdf,press_release,UPSTREAM_EXPLICIT,closed by ind_prs23022026.pdf
NIFTYMICROCAP250,2022-09-30,REMOVE,JTEKTINDIA,https://niftyindices.com/Press_Release/ind_prs15092021.pdf,press_release,UPSTREAM_EXPLICIT,closed by ind_prs01092022.pdf
NIFTYMICROCAP250,2022-09-30,ADD,MANALIPETC,https://niftyindices.com/Press_Release/ind_prs01092022.pdf,press_release,UPSTREAM_EXPLICIT,closed by ind_prs17082023.pdf
NIFTYMICROCAP250,2022-09-30,ADD,MMFL,https://niftyindices.com/Press_Release/ind_prs01092022.pdf,press_release,UPSTREAM_EXPLICIT,closed by ind_prs17082023.pdf
NIFTYMICROCAP250,2022-09-30,ADD,NESCO,https://niftyindices.com/Press_Release/ind_prs01092022.pdf,press_release,UPSTREAM_EXPLICIT,
NIFTYMICROCAP250,2022-09-30,REMOVE,NILKAMAL,https://niftyindices.com/Press_Release/ind_prs24022022_1.pdf,press_release,UPSTREAM_EXPLICIT,closed by ind_prs01092022.pdf
NIFTYMICROCAP250,2022-09-30,ADD,OMAXE,https://niftyindices.com/Press_Release/ind_prs01092022.pdf,press_release,UPSTREAM_EXPLICIT,closed by ind_prs17022023_1.pdf
NIFTYMICROCAP250,2022-09-30,ADD,PANAMAPET,https://niftyindices.com/Press_Release/ind_prs01092022.pdf,press_release,UPSTREAM_EXPLICIT,closed by ind_prs17082023.pdf
NIFTYMICROCAP250,2022-09-30,ADD,PARADEEP,https://niftyindices.com/Press_Release/ind_prs01092022.pdf,press_release,UPSTREAM_EXPLICIT,closed by ind_prs23022026.pdf
NIFTYMICROCAP250,2022-09-30,ADD,POKARNA,https://niftyindices.com/Press_Release/ind_prs01092022.pdf,press_release,UPSTREAM_EXPLICIT,closed by ind_prs17082023.pdf
NIFTYMICROCAP250,2022-09-30,ADD,PRUDENT,https://niftyindices.com/Press_Release/ind_prs01092022.pdf,press_release,UPSTREAM_EXPLICIT,closed by ind_prs28022024.pdf
NIFTYMICROCAP250,2022-09-30,REMOVE,PUNJABCHEM,https://niftyindices.com/Press_Release/ind_prs15092021.pdf,press_release,UPSTREAM_EXPLICIT,closed by ind_prs01092022.pdf
NIFTYMICROCAP250,2022-09-30,ADD,RAILTEL,https://niftyindices.com/Press_Release/ind_prs01092022.pdf,press_release,UPSTREAM_EXPLICIT,closed by ind_prs28022024.pdf
NIFTYMICROCAP250,2022-09-30,ADD,RAINBOW,https://niftyindices.com/Press_Release/ind_prs01092022.pdf,press_release,UPSTREAM_EXPLICIT,"inferred-exclude: not in NSE current snapshot, no PR found (closed at next semi-annual review)"
NIFTYMICROCAP250,2022-09-30,ADD,RAJRATAN,https://niftyindices.com/Press_Release/ind_prs01092022.pdf,press_release,UPSTREAM_EXPLICIT,closed by ind_prs28022024.pdf
NIFTYMICROCAP250,2022-09-30,REMOVE,RAYMOND,https://niftyindices.com/Press_Release/ind_prs15092021.pdf,press_release,UPSTREAM_EXPLICIT,closed by ind_prs01092022.pdf
NIFTYMICROCAP250,2022-09-30,ADD,SAFARI,https://niftyindices.com/Press_Release/ind_prs16092022.pdf,press_release,UPSTREAM_EXPLICIT,closed by ind_prs17082023.pdf
NIFTYMICROCAP250,2022-09-30,ADD,SBCL,https://niftyindices.com/Press_Release/ind_prs01092022.pdf,press_release,UPSTREAM_EXPLICIT,closed by ind_prs22082025.pdf
NIFTYMICROCAP250,2022-09-30,ADD,SEQUENT,https://niftyindices.com/Press_Release/ind_prs01092022.pdf,press_release,UPSTREAM_EXPLICIT,"inferred-exclude: not in NSE current snapshot, no PR found (closed at next semi-annual review)"
NIFTYMICROCAP250,2022-09-30,REMOVE,SHARDACROP,https://niftyindices.com/Press_Release/ind_prs24022022_1.pdf,press_release,UPSTREAM_EXPLICIT,closed by ind_prs01092022.pdf
NIFTYMICROCAP250,2022-09-30,REMOVE,SHOPERSTOP,https://niftyindices.com/Press_Release/ind_prs15092021.pdf,press_release,UPSTREAM_EXPLICIT,closed by ind_prs16092022.pdf
NIFTYMICROCAP250,2022-09-30,ADD,SOLARA,https://niftyindices.com/Press_Release/ind_prs01092022.pdf,press_release,UPSTREAM_EXPLICIT,closed by ind_prs17082023.pdf
NIFTYMICROCAP250,2022-09-30,ADD,SPICEJET,https://niftyindices.com/Press_Release/ind_prs01092022.pdf,press_release,UPSTREAM_EXPLICIT,closed by ind_prs19042023_1.pdf
NIFTYMICROCAP250,2022-09-30,ADD,SPLPETRO,https://niftyindices.com/Press_Release/ind_prs01092022.pdf,press_release,UPSTREAM_EXPLICIT,closed by ind_prs28022024.pdf
NIFTYMICROCAP250,2022-09-30,ADD,STAR,https://niftyindices.com/Press_Release/ind_prs01092022.pdf,press_release,UPSTREAM_EXPLICIT,
NIFTYMICROCAP250,2022-09-30,REMOVE,STARCEMENT,https://niftyindices.com/Press_Release/ind_prs24022022_1.pdf,press_release,UPSTREAM_EXPLICIT,closed by ind_prs01092022.pdf
NIFTYMICROCAP250,2022-09-30,ADD,STEELXIND,https://niftyindices.com/Press_Release/ind_prs01092022.pdf,press_release,UPSTREAM_EXPLICIT,closed by ind_prs17022023_1.pdf
NIFTYMICROCAP250,2022-09-30,REMOVE,SWANENERGY,https://niftyindices.com/Press_Release/ind_prs15092021.pdf,press_release,UPSTREAM_EXPLICIT,closed by ind_prs01092022.pdf
NIFTYMICROCAP250,2022-09-30,ADD,TATASTLLP,https://niftyindices.com/Press_Release/ind_prs01092022.pdf,press_release,UPSTREAM_EXPLICIT,closed by ind_prs17082023.pdf
NIFTYMICROCAP250,2022-09-30,ADD,TIIL,https://niftyindices.com/Press_Release/ind_prs01092022.pdf,press_release,UPSTREAM_EXPLICIT,closed by ind_prs17022023_1.pdf
NIFTYMICROCAP250,2022-09-30,ADD,VAKRANGEE,https://niftyindices.com/Press_Release/ind_prs01092022.pdf,press_release,UPSTREAM_EXPLICIT,closed by ind_prs19042023_1.pdf
NIFTYMICROCAP250,2022-09-30,ADD,VENKEYS,https://niftyindices.com/Press_Release/ind_prs01092022.pdf,press_release,UPSTREAM_EXPLICIT,closed by ind_prs21022025.pdf
NIFTYMICROCAP250,2022-09-30,ADD,VIDHIING,https://niftyindices.com/Press_Release/ind_prs01092022.pdf,press_release,UPSTREAM_EXPLICIT,closed by ind_prs17022023_1.pdf
NIFTYMICROCAP250,2022-10-25,REMOVE,FRETAIL,https://niftyindices.com/Press_Release/ind_prs24022022_1.pdf,press_release,UPSTREAM_EXPLICIT,closed by ind_prs20102022.pdf
NIFTYMICROCAP250,2022-10-25,ADD,SYRMA,https://niftyindices.com/Press_Release/ind_prs20102022.pdf,press_release,UPSTREAM_EXPLICIT,closed by ind_prs17082023.pdf
NIFTYMICROCAP250,2022-10-25,ADD,VESUVIUS,https://niftyindices.com/Press_Release/ind_prs20102022.pdf,press_release,UPSTREAM_EXPLICIT,closed by ind_prs28022024.pdf
NIFTYMICROCAP250,2022-12-30,REMOVE,LEMONTREE,https://niftyindices.com/Press_Release/ind_prs24022022_1.pdf,press_release,UPSTREAM_EXPLICIT,closed by ind_prs06122022.pdf
NIFTYMICROCAP250,2022-12-30,ADD,PDSL,https://niftyindices.com/Press_Release/ind_prs22122022.pdf,press_release,UPSTREAM_EXPLICIT,closed by ind_prs23082024.pdf
NIFTYMICROCAP250,2022-12-30,ADD,STARCEMENT,https://niftyindices.com/Press_Release/ind_prs22122022.pdf,press_release,UPSTREAM_EXPLICIT,
NIFTYMICROCAP250,2022-12-30,REMOVE,SUNCLAYLTD,https://niftyindices.com/Press_Release/ind_prs15092021.pdf,press_release,UPSTREAM_EXPLICIT,closed by ind_prs22122022.pdf
NIFTYMICROCAP250,2022-12-30,ADD,TMB,https://niftyindices.com/Press_Release/ind_prs06122022.pdf,press_release,UPSTREAM_EXPLICIT,closed by ind_prs17022023_1.pdf
NIFTYMICROCAP250,2023-02-17,ADD,ERIS,https://niftyindices.com/Press_Release/ind_prs09022023_1.pdf,press_release,UPSTREAM_EXPLICIT,"inferred-exclude: not in NSE current snapshot, no PR found (closed at next semi-annual review)"
NIFTYMICROCAP250,2023-03-31,REMOVE,ACRYSIL,https://niftyindices.com/Press_Release/ind_prs01092022.pdf,press_release,UPSTREAM_EXPLICIT,"inferred-exclude: not in NSE current snapshot, no PR found (closed at next semi-annual review)"
NIFTYMICROCAP250,2023-03-31,REMOVE,AHLUCONT,https://niftyindices.com/Press_Release/ind_prs24022022_1.pdf,press_release,UPSTREAM_EXPLICIT,closed by ind_prs17022023_1.pdf
NIFTYMICROCAP250,2023-03-31,REMOVE,ALEMBICLTD,https://niftyindices.com/Press_Release/ind_prs24022022_1.pdf,press_release,UPSTREAM_EXPLICIT,closed by ind_prs17022023_1.pdf
NIFTYMICROCAP250,2023-03-31,ADD,ALOKINDS,https://niftyindices.com/Press_Release/ind_prs17022023_1.pdf,press_release,UPSTREAM_EXPLICIT,closed by ind_prs17082023.pdf
NIFTYMICROCAP250,2023-03-31,ADD,ASTRAZEN,https://niftyindices.com/Press_Release/ind_prs17022023_1.pdf,press_release,UPSTREAM_EXPLICIT,closed by ind_prs28022024.pdf
NIFTYMICROCAP250,2023-03-31,ADD,CAPLIPOINT,https://niftyindices.com/Press_Release/ind_prs17022023_1.pdf,press_release,UPSTREAM_EXPLICIT,closed by ind_prs28022024.pdf
NIFTYMICROCAP250,2023-03-31,REMOVE,CHOICEIN,https://niftyindices.com/Press_Release/ind_prs01092022.pdf,press_release,UPSTREAM_EXPLICIT,closed by ind_prs17022023_1.pdf
NIFTYMICROCAP250,2023-03-31,REMOVE,CRAFTSMAN,https://niftyindices.com/Press_Release/ind_prs15092021.pdf,press_release,UPSTREAM_EXPLICIT,closed by ind_prs17022023_1.pdf
NIFTYMICROCAP250,2023-03-31,REMOVE,DATAPATTNS,https://niftyindices.com/Press_Release/ind_prs24022022_1.pdf,press_release,UPSTREAM_EXPLICIT,closed by ind_prs17022023_1.pdf
NIFTYMICROCAP250,2023-03-31,ADD,DBL,https://niftyindices.com/Press_Release/ind_prs17022023_1.pdf,press_release,UPSTREAM_EXPLICIT,
NIFTYMICROCAP250,2023-03-31,ADD,DCXINDIA,https://niftyindices.com/Press_Release/ind_prs17022023_1.pdf,press_release,UPSTREAM_EXPLICIT,closed by ind_prs22082025.pdf
NIFTYMICROCAP250,2023-03-31,ADD,DHANI,https://niftyindices.com/Press_Release/ind_prs17022023_1.pdf,press_release,UPSTREAM_EXPLICIT,closed by ind_prs20102025.pdf
NIFTYMICROCAP250,2023-03-31,REMOVE,DHANUKA,https://niftyindices.com/Press_Release/ind_prs24022022_1.pdf,press_release,UPSTREAM_EXPLICIT,closed by ind_prs17022023_1.pdf
NIFTYMICROCAP250,2023-03-31,REMOVE,EKC,https://niftyindices.com/Press_Release/ind_prs01092022.pdf,press_release,UPSTREAM_EXPLICIT,closed by ind_prs17022023_1.pdf
NIFTYMICROCAP250,2023-03-31,ADD,EMIL,https://niftyindices.com/Press_Release/ind_prs17022023_1.pdf,press_release,UPSTREAM_EXPLICIT,
NIFTYMICROCAP250,2023-03-31,REMOVE,ERIS,https://niftyindices.com/Press_Release/ind_prs09022023_1.pdf,press_release,UPSTREAM_EXPLICIT,"inferred-exclude: not in NSE current snapshot, no PR found (closed at next semi-annual review)"
NIFTYMICROCAP250,2023-03-31,ADD,FIEMIND,https://niftyindices.com/Press_Release/ind_prs17022023_1.pdf,press_release,UPSTREAM_EXPLICIT,
NIFTYMICROCAP250,2023-03-31,ADD,FUSION,https://niftyindices.com/Press_Release/ind_prs17022023_1.pdf,press_release,UPSTREAM_EXPLICIT,closed by ind_prs21022025.pdf
NIFTYMICROCAP250,2023-03-31,REMOVE,GANESHHOUC,https://niftyindices.com/Press_Release/ind_prs01092022.pdf,press_release,UPSTREAM_EXPLICIT,closed by ind_prs17022023_1.pdf
NIFTYMICROCAP250,2023-03-31,ADD,GRMOVER,https://niftyindices.com/Press_Release/ind_prs17022023_1.pdf,press_release,UPSTREAM_EXPLICIT,closed by ind_prs17082023.pdf
NIFTYMICROCAP250,2023-03-31,REMOVE,GRWRHITECH,https://niftyindices.com/Press_Release/ind_prs01092022.pdf,press_release,UPSTREAM_EXPLICIT,closed by ind_prs17022023_1.pdf
NIFTYMICROCAP250,2023-03-31,REMOVE,GULFOILLUB,https://niftyindices.com/Press_Release/ind_prs15092021.pdf,press_release,UPSTREAM_EXPLICIT,closed by ind_prs17022023_1.pdf
NIFTYMICROCAP250,2023-03-31,ADD,HARSHA,https://niftyindices.com/Press_Release/ind_prs17022023_1.pdf,press_release,UPSTREAM_EXPLICIT,closed by ind_prs28022024.pdf
NIFTYMICROCAP250,2023-03-31,ADD,INDOCO,https://niftyindices.com/Press_Release/ind_prs17022023_1.pdf,press_release,UPSTREAM_EXPLICIT,closed by ind_prs23082024.pdf
NIFTYMICROCAP250,2023-03-31,REMOVE,INDORAMA,https://niftyindices.com/Press_Release/ind_prs01092022.pdf,press_release,UPSTREAM_EXPLICIT,closed by ind_prs17022023_1.pdf
NIFTYMICROCAP250,2023-03-31,REMOVE,INGERRAND,https://niftyindices.com/Press_Release/ind_prs24022022_1.pdf,press_release,UPSTREAM_EXPLICIT,closed by ind_prs17022023_1.pdf
NIFTYMICROCAP250,2023-03-31,ADD,JTEKTINDIA,https://niftyindices.com/Press_Release/ind_prs17022023_1.pdf,press_release,UPSTREAM_EXPLICIT,closed by ind_prs21022025.pdf
NIFTYMICROCAP250,2023-03-31,ADD,JWL,https://niftyindices.com/Press_Release/ind_prs17022023_1.pdf,press_release,UPSTREAM_EXPLICIT,closed by ind_prs28022024.pdf
NIFTYMICROCAP250,2023-03-31,ADD,KAYNES,https://niftyindices.com/Press_Release/ind_prs17022023_1.pdf,press_release,UPSTREAM_EXPLICIT,closed by ind_prs17082023.pdf
NIFTYMICROCAP250,2023-03-31,REMOVE,KENNAMET,https://niftyindices.com/Press_Release/ind_prs24022022_1.pdf,press_release,UPSTREAM_EXPLICIT,closed by ind_prs17022023_1.pdf
NIFTYMICROCAP250,2023-03-31,ADD,KIRLOSBROS,https://niftyindices.com/Press_Release/ind_prs17022023_1.pdf,press_release,UPSTREAM_EXPLICIT,closed by ind_prs23082024.pdf
NIFTYMICROCAP250,2023-03-31,ADD,KKCL,https://niftyindices.com/Press_Release/ind_prs17022023_1.pdf,press_release,UPSTREAM_EXPLICIT,closed by ind_prs28022024.pdf
NIFTYMICROCAP250,2023-03-31,REMOVE,KSB,https://niftyindices.com/Press_Release/ind_prs24022022_1.pdf,press_release,UPSTREAM_EXPLICIT,closed by ind_prs17022023_1.pdf
NIFTYMICROCAP250,2023-03-31,ADD,LANDMARK,https://niftyindices.com/Press_Release/ind_prs17022023_1.pdf,press_release,UPSTREAM_EXPLICIT,closed by ind_prs21022025.pdf
NIFTYMICROCAP250,2023-03-31,REMOVE,MFL,https://niftyindices.com/Press_Release/ind_prs24022022_1.pdf,press_release,UPSTREAM_EXPLICIT,closed by ind_prs17022023_1.pdf
NIFTYMICROCAP250,2023-03-31,ADD,MOIL,https://niftyindices.com/Press_Release/ind_prs17022023_1.pdf,press_release,UPSTREAM_EXPLICIT,
NIFTYMICROCAP250,2023-03-31,ADD,NDTV,https://niftyindices.com/Press_Release/ind_prs17022023_1.pdf,press_release,UPSTREAM_EXPLICIT,closed by ind_prs17082023.pdf
NIFTYMICROCAP250,2023-03-31,REMOVE,OMAXE,https://niftyindices.com/Press_Release/ind_prs01092022.pdf,press_release,UPSTREAM_EXPLICIT,closed by ind_prs17022023_1.pdf
NIFTYMICROCAP250,2023-03-31,ADD,PCJEWELLER,https://niftyindices.com/Press_Release/ind_prs17022023_1.pdf,press_release,UPSTREAM_EXPLICIT,closed by ind_prs17082023.pdf
NIFTYMICROCAP250,2023-03-31,ADD,PGEL,https://niftyindices.com/Press_Release/ind_prs17022023_1.pdf,press_release,UPSTREAM_EXPLICIT,closed by ind_prs21022025.pdf
NIFTYMICROCAP250,2023-03-31,ADD,PGHL,https://niftyindices.com/Press_Release/ind_prs17022023_1.pdf,press_release,UPSTREAM_EXPLICIT,closed by ind_prs17082023.pdf
NIFTYMICROCAP250,2023-03-31,ADD,POWERMECH,https://niftyindices.com/Press_Release/ind_prs17022023_1.pdf,press_release,UPSTREAM_EXPLICIT,
NIFTYMICROCAP250,2023-03-31,ADD,PRICOLLTD,https://niftyindices.com/Press_Release/ind_prs17022023_1.pdf,press_release,UPSTREAM_EXPLICIT,
NIFTYMICROCAP250,2023-03-31,ADD,PRIVISCL,https://niftyindices.com/Press_Release/ind_prs17022023_1.pdf,press_release,UPSTREAM_EXPLICIT,closed by ind_prs28022024.pdf
NIFTYMICROCAP250,2023-03-31,ADD,PTC,https://niftyindices.com/Press_Release/ind_prs17022023_1.pdf,press_release,UPSTREAM_EXPLICIT,
NIFTYMICROCAP250,2023-03-31,ADD,PURVA,https://niftyindices.com/Press_Release/ind_prs17022023_1.pdf,press_release,UPSTREAM_EXPLICIT,closed by ind_prs17082023.pdf
NIFTYMICROCAP250,2023-03-31,REMOVE,RAINBOW,https://niftyindices.com/Press_Release/ind_prs01092022.pdf,press_release,UPSTREAM_EXPLICIT,"inferred-exclude: not in NSE current snapshot, no PR found (closed at next semi-annual review)"
NIFTYMICROCAP250,2023-03-31,REMOVE,RESPONIND,https://niftyindices.com/Press_Release/ind_prs24022022_1.pdf,press_release,UPSTREAM_EXPLICIT,closed by ind_prs17022023_1.pdf
NIFTYMICROCAP250,2023-03-31,REMOVE,SEQUENT,https://niftyindices.com/Press_Release/ind_prs01092022.pdf,press_release,UPSTREAM_EXPLICIT,"inferred-exclude: not in NSE current snapshot, no PR found (closed at next semi-annual review)"
NIFTYMICROCAP250,2023-03-31,ADD,SHANTIGEAR,https://niftyindices.com/Press_Release/ind_prs17022023_1.pdf,press_release,UPSTREAM_EXPLICIT,closed by ind_prs28022024.pdf
NIFTYMICROCAP250,2023-03-31,ADD,SHILPAMED,https://niftyindices.com/Press_Release/ind_prs17022023_1.pdf,press_release,UPSTREAM_EXPLICIT,
NIFTYMICROCAP250,2023-03-31,ADD,SIS,https://niftyindices.com/Press_Release/ind_prs17022023_1.pdf,press_release,UPSTREAM_EXPLICIT,closed by ind_prs28022024.pdf
NIFTYMICROCAP250,2023-03-31,ADD,SOTL,https://niftyindices.com/Press_Release/ind_prs17022023_1.pdf,press_release,UPSTREAM_EXPLICIT,closed by ind_prs17082023.pdf
NIFTYMICROCAP250,2023-03-31,REMOVE,STEELXIND,https://niftyindices.com/Press_Release/ind_prs01092022.pdf,press_release,UPSTREAM_EXPLICIT,closed by ind_prs17022023_1.pdf
NIFTYMICROCAP250,2023-03-31,ADD,SUDARSCHEM,https://niftyindices.com/Press_Release/ind_prs17022023_1.pdf,press_release,UPSTREAM_EXPLICIT,
NIFTYMICROCAP250,2023-03-31,ADD,SULA,https://niftyindices.com/Press_Release/ind_prs17022023_1.pdf,press_release,UPSTREAM_EXPLICIT,closed by ind_prs22082025.pdf
NIFTYMICROCAP250,2023-03-31,REMOVE,SURYODAY,https://niftyindices.com/Press_Release/ind_prs15092021.pdf,press_release,UPSTREAM_EXPLICIT,closed by ind_prs17022023_1.pdf
NIFTYMICROCAP250,2023-03-31,ADD,SYMPHONY,https://niftyindices.com/Press_Release/ind_prs17022023_1.pdf,press_release,UPSTREAM_EXPLICIT,closed by ind_prs17082023.pdf
NIFTYMICROCAP250,2023-03-31,REMOVE,TASTYBITE,https://niftyindices.com/Press_Release/ind_prs24022022_1.pdf,press_release,UPSTREAM_EXPLICIT,closed by ind_prs17022023_1.pdf
NIFTYMICROCAP250,2023-03-31,ADD,THYROCARE,https://niftyindices.com/Press_Release/ind_prs17022023_1.pdf,press_release,UPSTREAM_EXPLICIT,closed by ind_prs28022024.pdf
NIFTYMICROCAP250,2023-03-31,REMOVE,TIIL,https://niftyindices.com/Press_Release/ind_prs01092022.pdf,press_release,UPSTREAM_EXPLICIT,closed by ind_prs17022023_1.pdf
NIFTYMICROCAP250,2023-03-31,ADD,TIPSINDLTD,https://niftyindices.com/Press_Release/ind_prs17022023_1.pdf,press_release,UPSTREAM_EXPLICIT,"inferred-exclude: not in NSE current snapshot, no PR found (closed at next semi-annual review)"
NIFTYMICROCAP250,2023-03-31,REMOVE,TMB,https://niftyindices.com/Press_Release/ind_prs06122022.pdf,press_release,UPSTREAM_EXPLICIT,closed by ind_prs17022023_1.pdf
NIFTYMICROCAP250,2023-03-31,ADD,UJJIVAN,https://niftyindices.com/Press_Release/ind_prs17022023_1.pdf,press_release,UPSTREAM_EXPLICIT,closed by ind_prs24042024_1.pdf
NIFTYMICROCAP250,2023-03-31,ADD,UNICHEMLAB,https://niftyindices.com/Press_Release/ind_prs17022023_1.pdf,press_release,UPSTREAM_EXPLICIT,closed by ind_prs28022024.pdf
NIFTYMICROCAP250,2023-03-31,ADD,UNIPARTS,https://niftyindices.com/Press_Release/ind_prs17022023_1.pdf,press_release,UPSTREAM_EXPLICIT,closed by ind_prs23082024.pdf
NIFTYMICROCAP250,2023-03-31,REMOVE,VIDHIING,https://niftyindices.com/Press_Release/ind_prs01092022.pdf,press_release,UPSTREAM_EXPLICIT,closed by ind_prs17022023_1.pdf
NIFTYMICROCAP250,2023-03-31,ADD,WOCKPHARMA,https://niftyindices.com/Press_Release/ind_prs17022023_1.pdf,press_release,UPSTREAM_EXPLICIT,closed by ind_prs21022025.pdf
NIFTYMICROCAP250,2023-04-28,ADD,AARTIPHARM,https://niftyindices.com/Press_Release/ind_prs19042023_1.pdf,press_release,UPSTREAM_EXPLICIT,
NIFTYMICROCAP250,2023-04-28,ADD,AHLUCONT,https://niftyindices.com/Press_Release/ind_prs19042023_1.pdf,press_release,UPSTREAM_EXPLICIT,
NIFTYMICROCAP250,2023-04-28,REMOVE,BESTAGRO,https://niftyindices.com/Press_Release/ind_prs24022022_1.pdf,press_release,UPSTREAM_EXPLICIT,closed by ind_prs19042023_1.pdf
NIFTYMICROCAP250,2023-04-28,ADD,CHOICEIN,https://niftyindices.com/Press_Release/ind_prs19042023_1.pdf,press_release,UPSTREAM_EXPLICIT,closed by ind_prs22082025.pdf
NIFTYMICROCAP250,2023-04-28,REMOVE,HNDFDS,https://niftyindices.com/Press_Release/ind_prs01092022.pdf,press_release,UPSTREAM_EXPLICIT,closed by ind_prs19042023_1.pdf
NIFTYMICROCAP250,2023-04-28,ADD,JCHAC,https://niftyindices.com/Press_Release/ind_prs19042023_1.pdf,press_release,UPSTREAM_EXPLICIT,"inferred-exclude: not in NSE current snapshot, no PR found (closed at next semi-annual review)"
NIFTYMICROCAP250,2023-04-28,REMOVE,SPICEJET,https://niftyindices.com/Press_Release/ind_prs01092022.pdf,press_release,UPSTREAM_EXPLICIT,closed by ind_prs19042023_1.pdf
NIFTYMICROCAP250,2023-04-28,ADD,TWL,https://niftyindices.com/Press_Release/ind_prs19042023_1.pdf,press_release,UPSTREAM_EXPLICIT,"inferred-exclude: not in NSE current snapshot, no PR found (closed at next semi-annual review)"
NIFTYMICROCAP250,2023-04-28,REMOVE,VAKRANGEE,https://niftyindices.com/Press_Release/ind_prs01092022.pdf,press_release,UPSTREAM_EXPLICIT,closed by ind_prs19042023_1.pdf
NIFTYMICROCAP250,2023-09-29,REMOVE,AKZOINDIA,https://niftyindices.com/Press_Release/ind_prs05042022_1.pdf,press_release,UPSTREAM_EXPLICIT,closed by ind_prs17082023.pdf
NIFTYMICROCAP250,2023-09-29,REMOVE,ALOKINDS,https://niftyindices.com/Press_Release/ind_prs17022023_1.pdf,press_release,UPSTREAM_EXPLICIT,closed by ind_prs17082023.pdf
NIFTYMICROCAP250,2023-09-29,ADD,AVALON,https://niftyindices.com/Press_Release/ind_prs17082023.pdf,press_release,UPSTREAM_EXPLICIT,
NIFTYMICROCAP250,2023-09-29,REMOVE,BUTTERFLY,https://niftyindices.com/Press_Release/ind_prs01092022.pdf,press_release,UPSTREAM_EXPLICIT,closed by ind_prs17082023.pdf
NIFTYMICROCAP250,2023-09-29,ADD,DBCORP,https://niftyindices.com/Press_Release/ind_prs17082023.pdf,press_release,UPSTREAM_EXPLICIT,closed by ind_prs23082024.pdf
NIFTYMICROCAP250,2023-09-29,ADD,DIVGIITTS,https://niftyindices.com/Press_Release/ind_prs17082023.pdf,press_release,UPSTREAM_EXPLICIT,closed by ind_prs28022024.pdf
NIFTYMICROCAP250,2023-09-29,ADD,DODLA,https://niftyindices.com/Press_Release/ind_prs17082023.pdf,press_release,UPSTREAM_EXPLICIT,closed by ind_prs23022026.pdf
NIFTYMICROCAP250,2023-09-29,ADD,DREAMFOLKS,https://niftyindices.com/Press_Release/ind_prs17082023.pdf,press_release,UPSTREAM_EXPLICIT,closed by ind_prs21022025.pdf
NIFTYMICROCAP250,2023-09-29,ADD,EDELWEISS,https://niftyindices.com/Press_Release/ind_prs17082023.pdf,press_release,UPSTREAM_EXPLICIT,
NIFTYMICROCAP250,2023-09-29,REMOVE,FAIRCHEMOR,https://niftyindices.com/Press_Release/ind_prs24022022_1.pdf,press_release,UPSTREAM_EXPLICIT,closed by ind_prs17082023.pdf
NIFTYMICROCAP250,2023-09-29,ADD,GANESHHOUC,https://niftyindices.com/Press_Release/ind_prs17082023.pdf,press_release,UPSTREAM_EXPLICIT,"inferred-exclude: not in NSE current snapshot, no PR found (closed at next semi-annual review)"
NIFTYMICROCAP250,2023-09-29,ADD,GARFIBRES,https://niftyindices.com/Press_Release/ind_prs17082023.pdf,press_release,UPSTREAM_EXPLICIT,closed by ind_prs28022024.pdf
NIFTYMICROCAP250,2023-09-29,ADD,GET&D,https://niftyindices.com/Press_Release/ind_prs17082023.pdf,press_release,UPSTREAM_EXPLICIT,closed by ind_prs28022024.pdf
NIFTYMICROCAP250,2023-09-29,ADD,GHCL,https://niftyindices.com/Press_Release/ind_prs17082023.pdf,press_release,UPSTREAM_EXPLICIT,
NIFTYMICROCAP250,2023-09-29,REMOVE,GLS,https://niftyindices.com/Press_Release/ind_prs01092022.pdf,press_release,UPSTREAM_EXPLICIT,closed by ind_prs17082023.pdf
NIFTYMICROCAP250,2023-09-29,ADD,GODREJAGRO,https://niftyindices.com/Press_Release/ind_prs17082023.pdf,press_release,UPSTREAM_EXPLICIT,closed by ind_prs23082024.pdf
NIFTYMICROCAP250,2023-09-29,ADD,GRAUWEIL,https://niftyindices.com/Press_Release/ind_prs17082023.pdf,press_release,UPSTREAM_EXPLICIT,closed by ind_prs17102023.pdf
NIFTYMICROCAP250,2023-09-29,ADD,GREENLAM,https://niftyindices.com/Press_Release/ind_prs17082023.pdf,press_release,UPSTREAM_EXPLICIT,closed by ind_prs28022024.pdf
NIFTYMICROCAP250,2023-09-29,ADD,GREENPANEL,https://niftyindices.com/Press_Release/ind_prs17082023.pdf,press_release,UPSTREAM_EXPLICIT,closed by ind_prs23022026.pdf
NIFTYMICROCAP250,2023-09-29,REMOVE,GRMOVER,https://niftyindices.com/Press_Release/ind_prs17022023_1.pdf,press_release,UPSTREAM_EXPLICIT,closed by ind_prs17082023.pdf
NIFTYMICROCAP250,2023-09-29,REMOVE,GTLINFRA,https://niftyindices.com/Press_Release/ind_prs24022022_1.pdf,press_release,UPSTREAM_EXPLICIT,closed by ind_prs17082023.pdf
NIFTYMICROCAP250,2023-09-29,REMOVE,HERANBA,https://niftyindices.com/Press_Release/ind_prs15092021.pdf,press_release,UPSTREAM_EXPLICIT,closed by ind_prs17082023.pdf
NIFTYMICROCAP250,2023-09-29,ADD,HGS,https://niftyindices.com/Press_Release/ind_prs17082023.pdf,press_release,UPSTREAM_EXPLICIT,closed by ind_prs28022024.pdf
NIFTYMICROCAP250,2023-09-29,ADD,HIKAL,https://niftyindices.com/Press_Release/ind_prs17082023.pdf,press_release,UPSTREAM_EXPLICIT,closed by ind_prs23022026.pdf
NIFTYMICROCAP250,2023-09-29,ADD,HNDFDS,https://niftyindices.com/Press_Release/ind_prs17082023.pdf,press_release,UPSTREAM_EXPLICIT,closed by ind_prs28022024.pdf
NIFTYMICROCAP250,2023-09-29,ADD,IBREALEST,https://niftyindices.com/Press_Release/ind_prs17082023.pdf,press_release,UPSTREAM_EXPLICIT,"inferred-exclude: not in NSE current snapshot, no PR found (closed at next semi-annual review)"
NIFTYMICROCAP250,2023-09-29,REMOVE,ICRA,https://niftyindices.com/Press_Release/ind_prs01092022.pdf,press_release,UPSTREAM_EXPLICIT,closed by ind_prs17082023.pdf
NIFTYMICROCAP250,2023-09-29,ADD,IFBIND,https://niftyindices.com/Press_Release/ind_prs17082023.pdf,press_release,UPSTREAM_EXPLICIT,
NIFTYMICROCAP250,2023-09-29,ADD,IKIO,https://niftyindices.com/Press_Release/ind_prs17082023.pdf,press_release,UPSTREAM_EXPLICIT,closed by ind_prs23082024.pdf
NIFTYMICROCAP250,2023-09-29,REMOVE,IPL,https://niftyindices.com/Press_Release/ind_prs24022022_1.pdf,press_release,UPSTREAM_EXPLICIT,closed by ind_prs17082023.pdf
NIFTYMICROCAP250,2023-09-29,REMOVE,IRCON,https://niftyindices.com/Press_Release/ind_prs01092022.pdf,press_release,UPSTREAM_EXPLICIT,closed by ind_prs17082023.pdf
NIFTYMICROCAP250,2023-09-29,ADD,ITDCEM,https://niftyindices.com/Press_Release/ind_prs17082023.pdf,press_release,UPSTREAM_EXPLICIT,"inferred-exclude: not in NSE current snapshot, no PR found (closed at next semi-annual review)"
NIFTYMICROCAP250,2023-09-29,REMOVE,JINDALSAW,https://niftyindices.com/Press_Release/ind_prs24022022_1.pdf,press_release,UPSTREAM_EXPLICIT,closed by ind_prs17082023.pdf
NIFTYMICROCAP250,2023-09-29,ADD,JTLIND,https://niftyindices.com/Press_Release/ind_prs17082023.pdf,press_release,UPSTREAM_EXPLICIT,closed by ind_prs22082025.pdf
NIFTYMICROCAP250,2023-09-29,REMOVE,KAYNES,https://niftyindices.com/Press_Release/ind_prs17022023_1.pdf,press_release,UPSTREAM_EXPLICIT,closed by ind_prs17082023.pdf
NIFTYMICROCAP250,2023-09-29,ADD,KIRLPNU,https://niftyindices.com/Press_Release/ind_prs17082023.pdf,press_release,UPSTREAM_EXPLICIT,closed by ind_prs28022024.pdf
NIFTYMICROCAP250,2023-09-29,ADD,LSIL,https://niftyindices.com/Press_Release/ind_prs17082023.pdf,press_release,UPSTREAM_EXPLICIT,"inferred-exclude: not in NSE current snapshot, no PR found (closed at next semi-annual review)"
NIFTYMICROCAP250,2023-09-29,ADD,MAHLOG,https://niftyindices.com/Press_Release/ind_prs17082023.pdf,press_release,UPSTREAM_EXPLICIT,closed by ind_prs21022025.pdf
NIFTYMICROCAP250,2023-09-29,REMOVE,MAHSCOOTER,https://niftyindices.com/Press_Release/ind_prs15092021.pdf,press_release,UPSTREAM_EXPLICIT,closed by ind_prs17082023.pdf
NIFTYMICROCAP250,2023-09-29,REMOVE,MANALIPETC,https://niftyindices.com/Press_Release/ind_prs01092022.pdf,press_release,UPSTREAM_EXPLICIT,closed by ind_prs17082023.pdf
NIFTYMICROCAP250,2023-09-29,REMOVE,MINDACORP,https://niftyindices.com/Press_Release/ind_prs24022022_1.pdf,press_release,UPSTREAM_EXPLICIT,closed by ind_prs17082023.pdf
NIFTYMICROCAP250,2023-09-29,REMOVE,MMFL,https://niftyindices.com/Press_Release/ind_prs01092022.pdf,press_release,UPSTREAM_EXPLICIT,closed by ind_prs17082023.pdf
NIFTYMICROCAP250,2023-09-29,REMOVE,NDTV,https://niftyindices.com/Press_Release/ind_prs17022023_1.pdf,press_release,UPSTREAM_EXPLICIT,closed by ind_prs17082023.pdf
NIFTYMICROCAP250,2023-09-29,ADD,NOCIL,https://niftyindices.com/Press_Release/ind_prs17082023.pdf,press_release,UPSTREAM_EXPLICIT,closed by ind_prs22082025.pdf
NIFTYMICROCAP250,2023-09-29,REMOVE,PANAMAPET,https://niftyindices.com/Press_Release/ind_prs01092022.pdf,press_release,UPSTREAM_EXPLICIT,closed by ind_prs17082023.pdf
NIFTYMICROCAP250,2023-09-29,REMOVE,PCJEWELLER,https://niftyindices.com/Press_Release/ind_prs17022023_1.pdf,press_release,UPSTREAM_EXPLICIT,closed by ind_prs17082023.pdf
NIFTYMICROCAP250,2023-09-29,REMOVE,PGHL,https://niftyindices.com/Press_Release/ind_prs17022023_1.pdf,press_release,UPSTREAM_EXPLICIT,closed by ind_prs17082023.pdf
NIFTYMICROCAP250,2023-09-29,REMOVE,POKARNA,https://niftyindices.com/Press_Release/ind_prs01092022.pdf,press_release,UPSTREAM_EXPLICIT,closed by ind_prs17082023.pdf
NIFTYMICROCAP250,2023-09-29,ADD,PTCIL,https://niftyindices.com/Press_Release/ind_prs17082023.pdf,press_release,UPSTREAM_EXPLICIT,closed by ind_prs28022024.pdf
NIFTYMICROCAP250,2023-09-29,REMOVE,PURVA,https://niftyindices.com/Press_Release/ind_prs17022023_1.pdf,press_release,UPSTREAM_EXPLICIT,closed by ind_prs17082023.pdf
NIFTYMICROCAP250,2023-09-29,ADD,RAMKY,https://niftyindices.com/Press_Release/ind_prs17082023.pdf,press_release,UPSTREAM_EXPLICIT,closed by ind_prs21022025.pdf
NIFTYMICROCAP250,2023-09-29,ADD,RESPONIND,https://niftyindices.com/Press_Release/ind_prs17082023.pdf,press_release,UPSTREAM_EXPLICIT,closed by ind_prs22082025.pdf
NIFTYMICROCAP250,2023-09-29,REMOVE,SAFARI,https://niftyindices.com/Press_Release/ind_prs16092022.pdf,press_release,UPSTREAM_EXPLICIT,closed by ind_prs17082023.pdf
NIFTYMICROCAP250,2023-09-29,ADD,SAKSOFT,https://niftyindices.com/Press_Release/ind_prs17082023.pdf,press_release,UPSTREAM_EXPLICIT,closed by ind_prs28022024.pdf
NIFTYMICROCAP250,2023-09-29,ADD,SCI,https://niftyindices.com/Press_Release/ind_prs17082023.pdf,press_release,UPSTREAM_EXPLICIT,closed by ind_prs23082024.pdf
NIFTYMICROCAP250,2023-09-29,REMOVE,SOLARA,https://niftyindices.com/Press_Release/ind_prs01092022.pdf,press_release,UPSTREAM_EXPLICIT,closed by ind_prs17082023.pdf
NIFTYMICROCAP250,2023-09-29,REMOVE,SOTL,https://niftyindices.com/Press_Release/ind_prs17022023_1.pdf,press_release,UPSTREAM_EXPLICIT,closed by ind_prs17082023.pdf
NIFTYMICROCAP250,2023-09-29,REMOVE,STOVEKRAFT,https://niftyindices.com/Press_Release/ind_prs15092021.pdf,press_release,UPSTREAM_EXPLICIT,closed by ind_prs17082023.pdf
NIFTYMICROCAP250,2023-09-29,ADD,STYLAMIND,https://niftyindices.com/Press_Release/ind_prs17082023.pdf,press_release,UPSTREAM_EXPLICIT,closed by ind_prs22082025.pdf
NIFTYMICROCAP250,2023-09-29,ADD,SUNFLAG,https://niftyindices.com/Press_Release/ind_prs17082023.pdf,press_release,UPSTREAM_EXPLICIT,closed by ind_prs23022026.pdf
NIFTYMICROCAP250,2023-09-29,REMOVE,SYMPHONY,https://niftyindices.com/Press_Release/ind_prs17022023_1.pdf,press_release,UPSTREAM_EXPLICIT,closed by ind_prs17082023.pdf
NIFTYMICROCAP250,2023-09-29,REMOVE,SYRMA,https://niftyindices.com/Press_Release/ind_prs20102022.pdf,press_release,UPSTREAM_EXPLICIT,closed by ind_prs17082023.pdf
NIFTYMICROCAP250,2023-09-29,REMOVE,TATASTLLP,https://niftyindices.com/Press_Release/ind_prs01092022.pdf,press_release,UPSTREAM_EXPLICIT,closed by ind_prs17082023.pdf
NIFTYMICROCAP250,2023-09-29,ADD,TCI,https://niftyindices.com/Press_Release/ind_prs17082023.pdf,press_release,UPSTREAM_EXPLICIT,closed by ind_prs28022024.pdf
NIFTYMICROCAP250,2023-09-29,ADD,TCIEXP,https://niftyindices.com/Press_Release/ind_prs17082023.pdf,press_release,UPSTREAM_EXPLICIT,closed by ind_prs28022024.pdf
NIFTYMICROCAP250,2023-09-29,ADD,TCNSBRANDS,https://niftyindices.com/Press_Release/ind_prs17082023.pdf,press_release,UPSTREAM_EXPLICIT,closed by ind_prs27082024.pdf
NIFTYMICROCAP250,2023-09-29,ADD,TDPOWERSYS,https://niftyindices.com/Press_Release/ind_prs17082023.pdf,press_release,UPSTREAM_EXPLICIT,
NIFTYMICROCAP250,2023-09-29,ADD,TI,https://niftyindices.com/Press_Release/ind_prs17082023.pdf,press_release,UPSTREAM_EXPLICIT,
NIFTYMICROCAP250,2023-09-29,ADD,TIIL,https://niftyindices.com/Press_Release/ind_prs17082023.pdf,press_release,UPSTREAM_EXPLICIT,closed by ind_prs28022024.pdf
NIFTYMICROCAP250,2023-09-29,ADD,TMB,https://niftyindices.com/Press_Release/ind_prs17082023.pdf,press_release,UPSTREAM_EXPLICIT,closed by ind_prs28022024.pdf
NIFTYMICROCAP250,2023-09-29,REMOVE,TVTODAY,https://niftyindices.com/Press_Release/ind_prs15092021.pdf,press_release,UPSTREAM_EXPLICIT,closed by ind_prs17082023.pdf
NIFTYMICROCAP250,2023-09-29,ADD,UFLEX,https://niftyindices.com/Press_Release/ind_prs17082023.pdf,press_release,UPSTREAM_EXPLICIT,closed by ind_prs23082024.pdf
NIFTYMICROCAP250,2023-09-29,REMOVE,UJJIVANSFB,https://niftyindices.com/Press_Release/ind_prs24022022_1.pdf,press_release,UPSTREAM_EXPLICIT,closed by ind_prs17082023.pdf
NIFTYMICROCAP250,2023-09-29,REMOVE,VALIANTORG,https://niftyindices.com/Press_Release/ind_prs24022022_1.pdf,press_release,UPSTREAM_EXPLICIT,closed by ind_prs17082023.pdf
NIFTYMICROCAP250,2023-09-29,REMOVE,VSTIND,https://niftyindices.com/Press_Release/ind_prs15092021.pdf,press_release,UPSTREAM_EXPLICIT,closed by ind_prs17082023.pdf
NIFTYMICROCAP250,2023-09-29,ADD,WONDERLA,https://niftyindices.com/Press_Release/ind_prs17082023.pdf,press_release,UPSTREAM_EXPLICIT,closed by ind_prs22082025.pdf
NIFTYMICROCAP250,2023-09-29,ADD,ZENTEC,https://niftyindices.com/Press_Release/ind_prs17082023.pdf,press_release,UPSTREAM_EXPLICIT,closed by ind_prs21022025.pdf
NIFTYMICROCAP250,2023-09-30,REMOVE,GANESHHOUC,https://niftyindices.com/Press_Release/ind_prs17082023.pdf,press_release,UPSTREAM_EXPLICIT,"inferred-exclude: not in NSE current snapshot, no PR found (closed at next semi-annual review)"
NIFTYMICROCAP250,2023-09-30,REMOVE,IBREALEST,https://niftyindices.com/Press_Release/ind_prs17082023.pdf,press_release,UPSTREAM_EXPLICIT,"inferred-exclude: not in NSE current snapshot, no PR found (closed at next semi-annual review)"
NIFTYMICROCAP250,2023-09-30,REMOVE,ITDCEM,https://niftyindices.com/Press_Release/ind_prs17082023.pdf,press_release,UPSTREAM_EXPLICIT,"inferred-exclude: not in NSE current snapshot, no PR found (closed at next semi-annual review)"
NIFTYMICROCAP250,2023-09-30,REMOVE,JCHAC,https://niftyindices.com/Press_Release/ind_prs19042023_1.pdf,press_release,UPSTREAM_EXPLICIT,"inferred-exclude: not in NSE current snapshot, no PR found (closed at next semi-annual review)"
NIFTYMICROCAP250,2023-09-30,REMOVE,LSIL,https://niftyindices.com/Press_Release/ind_prs17082023.pdf,press_release,UPSTREAM_EXPLICIT,"inferred-exclude: not in NSE current snapshot, no PR found (closed at next semi-annual review)"
NIFTYMICROCAP250,2023-09-30,REMOVE,TIPSINDLTD,https://niftyindices.com/Press_Release/ind_prs17022023_1.pdf,press_release,UPSTREAM_EXPLICIT,"inferred-exclude: not in NSE current snapshot, no PR found (closed at next semi-annual review)"
NIFTYMICROCAP250,2023-09-30,REMOVE,TWL,https://niftyindices.com/Press_Release/ind_prs19042023_1.pdf,press_release,UPSTREAM_EXPLICIT,"inferred-exclude: not in NSE current snapshot, no PR found (closed at next semi-annual review)"
NIFTYMICROCAP250,2023-10-26,REMOVE,GRAUWEIL,https://niftyindices.com/Press_Release/ind_prs17082023.pdf,press_release,UPSTREAM_EXPLICIT,closed by ind_prs17102023.pdf
NIFTYMICROCAP250,2023-10-26,ADD,JINDWORLD,https://niftyindices.com/Press_Release/ind_prs17102023.pdf,press_release,UPSTREAM_EXPLICIT,closed by ind_prs23022026.pdf
NIFTYMICROCAP250,2023-10-26,ADD,SBFC,https://niftyindices.com/Press_Release/ind_prs17102023.pdf,press_release,UPSTREAM_EXPLICIT,closed by ind_prs28022024.pdf
NIFTYMICROCAP250,2023-10-26,ADD,TVSSCS,https://niftyindices.com/Press_Release/ind_prs17102023.pdf,press_release,UPSTREAM_EXPLICIT,closed by ind_prs28022024.pdf
NIFTYMICROCAP250,2024-01-19,ADD,TVSHLTD,https://niftyindices.com/Press_Release/ind_prs10012024.pdf,press_release,UPSTREAM_EXPLICIT,closed by ind_prs23082024.pdf
NIFTYMICROCAP250,2024-02-06,ADD,BASF,https://niftyindices.com/Press_Release/ind_prs30012024.pdf,press_release,UPSTREAM_EXPLICIT,closed by ind_prs23082024.pdf
NIFTYMICROCAP250,2024-03-28,ADD,AARTIDRUGS,https://niftyindices.com/Press_Release/ind_prs28022024.pdf,press_release,UPSTREAM_EXPLICIT,
NIFTYMICROCAP250,2024-03-28,REMOVE,ANANDRATHI,https://niftyindices.com/Press_Release/ind_prs24022022_1.pdf,press_release,UPSTREAM_EXPLICIT,closed by ind_prs28022024.pdf
NIFTYMICROCAP250,2024-03-28,REMOVE,APOLLOPIPE,https://niftyindices.com/Press_Release/ind_prs24022022_1.pdf,press_release,UPSTREAM_EXPLICIT,closed by ind_prs28022024.pdf
NIFTYMICROCAP250,2024-03-28,ADD,ASKAUTOLTD,https://niftyindices.com/Press_Release/ind_prs28022024.pdf,press_release,UPSTREAM_EXPLICIT,
NIFTYMICROCAP250,2024-03-28,REMOVE,ASTRAZEN,https://niftyindices.com/Press_Release/ind_prs17022023_1.pdf,press_release,UPSTREAM_EXPLICIT,closed by ind_prs28022024.pdf
NIFTYMICROCAP250,2024-03-28,ADD,AZAD,https://niftyindices.com/Press_Release/ind_prs28022024.pdf,press_release,UPSTREAM_EXPLICIT,
NIFTYMICROCAP250,2024-03-28,ADD,BANCOINDIA,https://niftyindices.com/Press_Release/ind_prs28022024.pdf,press_release,UPSTREAM_EXPLICIT,
NIFTYMICROCAP250,2024-03-28,ADD,BCG,https://niftyindices.com/Press_Release/ind_prs28022024.pdf,press_release,UPSTREAM_EXPLICIT,closed by ind_prs24042024.pdf
NIFTYMICROCAP250,2024-03-28,ADD,BLUEJET,https://niftyindices.com/Press_Release/ind_prs28022024.pdf,press_release,UPSTREAM_EXPLICIT,closed by ind_prs22082025.pdf
NIFTYMICROCAP250,2024-03-28,REMOVE,CAPLIPOINT,https://niftyindices.com/Press_Release/ind_prs17022023_1.pdf,press_release,UPSTREAM_EXPLICIT,closed by ind_prs28022024.pdf
NIFTYMICROCAP250,2024-03-28,ADD,CYIENTDLM,https://niftyindices.com/Press_Release/ind_prs28022024.pdf,press_release,UPSTREAM_EXPLICIT,closed by ind_prs23022026.pdf
NIFTYMICROCAP250,2024-03-28,ADD,DELTACORP,https://niftyindices.com/Press_Release/ind_prs28022024.pdf,press_release,UPSTREAM_EXPLICIT,closed by ind_prs21022025.pdf
NIFTYMICROCAP250,2024-03-28,ADD,DHANUKA,https://niftyindices.com/Press_Release/ind_prs28022024.pdf,press_release,UPSTREAM_EXPLICIT,closed by ind_prs21022025.pdf
NIFTYMICROCAP250,2024-03-28,REMOVE,DIVGIITTS,https://niftyindices.com/Press_Release/ind_prs17082023.pdf,press_release,UPSTREAM_EXPLICIT,closed by ind_prs28022024.pdf
NIFTYMICROCAP250,2024-03-28,REMOVE,DWARKESH,https://niftyindices.com/Press_Release/ind_prs01092022.pdf,press_release,UPSTREAM_EXPLICIT,closed by ind_prs28022024.pdf
NIFTYMICROCAP250,2024-03-28,REMOVE,ELECON,https://niftyindices.com/Press_Release/ind_prs01092022.pdf,press_release,UPSTREAM_EXPLICIT,closed by ind_prs28022024.pdf
NIFTYMICROCAP250,2024-03-28,ADD,EPIGRAL,https://niftyindices.com/Press_Release/ind_prs28022024.pdf,press_release,UPSTREAM_EXPLICIT,closed by ind_prs23022026.pdf
NIFTYMICROCAP250,2024-03-28,ADD,ESAFSFB,https://niftyindices.com/Press_Release/ind_prs28022024.pdf,press_release,UPSTREAM_EXPLICIT,closed by ind_prs21022025.pdf
NIFTYMICROCAP250,2024-03-28,ADD,FEDFINA,https://niftyindices.com/Press_Release/ind_prs28022024.pdf,press_release,UPSTREAM_EXPLICIT,closed by ind_prs23082024.pdf
NIFTYMICROCAP250,2024-03-28,REMOVE,FINOPB,https://niftyindices.com/Press_Release/ind_prs24022022_1.pdf,press_release,UPSTREAM_EXPLICIT,closed by ind_prs28022024.pdf
NIFTYMICROCAP250,2024-03-28,ADD,FLAIR,https://niftyindices.com/Press_Release/ind_prs28022024.pdf,press_release,UPSTREAM_EXPLICIT,closed by ind_prs23082024.pdf
NIFTYMICROCAP250,2024-03-28,ADD,GALAXYSURF,https://niftyindices.com/Press_Release/ind_prs28022024.pdf,press_release,UPSTREAM_EXPLICIT,closed by ind_prs23082024.pdf
NIFTYMICROCAP250,2024-03-28,REMOVE,GARFIBRES,https://niftyindices.com/Press_Release/ind_prs17082023.pdf,press_release,UPSTREAM_EXPLICIT,closed by ind_prs28022024.pdf
NIFTYMICROCAP250,2024-03-28,REMOVE,GET&D,https://niftyindices.com/Press_Release/ind_prs17082023.pdf,press_release,UPSTREAM_EXPLICIT,closed by ind_prs28022024.pdf
NIFTYMICROCAP250,2024-03-28,ADD,GOCOLORS,https://niftyindices.com/Press_Release/ind_prs28022024.pdf,press_release,UPSTREAM_EXPLICIT,closed by ind_prs21022025.pdf
NIFTYMICROCAP250,2024-03-28,REMOVE,GREENLAM,https://niftyindices.com/Press_Release/ind_prs17082023.pdf,press_release,UPSTREAM_EXPLICIT,closed by ind_prs28022024.pdf
NIFTYMICROCAP250,2024-03-28,ADD,GRINFRA,https://niftyindices.com/Press_Release/ind_prs28022024.pdf,press_release,UPSTREAM_EXPLICIT,closed by ind_prs23082024.pdf
NIFTYMICROCAP250,2024-03-28,REMOVE,GRSE,https://niftyindices.com/Press_Release/ind_prs15092021.pdf,press_release,UPSTREAM_EXPLICIT,closed by ind_prs28022024.pdf
NIFTYMICROCAP250,2024-03-28,ADD,GRWRHITECH,https://niftyindices.com/Press_Release/ind_prs28022024.pdf,press_release,UPSTREAM_EXPLICIT,
NIFTYMICROCAP250,2024-03-28,ADD,GUJALKALI,https://niftyindices.com/Press_Release/ind_prs28022024.pdf,press_release,UPSTREAM_EXPLICIT,closed by ind_prs21022025.pdf
NIFTYMICROCAP250,2024-03-28,ADD,GULFOILLUB,https://niftyindices.com/Press_Release/ind_prs28022024.pdf,press_release,UPSTREAM_EXPLICIT,closed by ind_prs23022026.pdf
NIFTYMICROCAP250,2024-03-28,REMOVE,HARSHA,https://niftyindices.com/Press_Release/ind_prs17022023_1.pdf,press_release,UPSTREAM_EXPLICIT,closed by ind_prs28022024.pdf
NIFTYMICROCAP250,2024-03-28,REMOVE,HGS,https://niftyindices.com/Press_Release/ind_prs17082023.pdf,press_release,UPSTREAM_EXPLICIT,closed by ind_prs28022024.pdf
NIFTYMICROCAP250,2024-03-28,ADD,HLEGLAS,https://niftyindices.com/Press_Release/ind_prs28022024.pdf,press_release,UPSTREAM_EXPLICIT,closed by ind_prs23082024.pdf
NIFTYMICROCAP250,2024-03-28,ADD,HMAAGRO,https://niftyindices.com/Press_Release/ind_prs28022024.pdf,press_release,UPSTREAM_EXPLICIT,closed by ind_prs23082024.pdf
NIFTYMICROCAP250,2024-03-28,REMOVE,HNDFDS,https://niftyindices.com/Press_Release/ind_prs17082023.pdf,press_release,UPSTREAM_EXPLICIT,closed by ind_prs28022024.pdf
NIFTYMICROCAP250,2024-03-28,REMOVE,HSCL,https://niftyindices.com/Press_Release/ind_prs15092021.pdf,press_release,UPSTREAM_EXPLICIT,closed by ind_prs28022024.pdf
NIFTYMICROCAP250,2024-03-28,ADD,IDEAFORGE,https://niftyindices.com/Press_Release/ind_prs28022024.pdf,press_release,UPSTREAM_EXPLICIT,closed by ind_prs21022025.pdf
NIFTYMICROCAP250,2024-03-28,ADD,IIFLSEC,https://niftyindices.com/Press_Release/ind_prs28022024.pdf,press_release,UPSTREAM_EXPLICIT,"inferred-exclude: not in NSE current snapshot, no PR found (closed at next semi-annual review)"
NIFTYMICROCAP250,2024-03-28,ADD,INDIASHLTR,https://niftyindices.com/Press_Release/ind_prs28022024.pdf,press_release,UPSTREAM_EXPLICIT,
NIFTYMICROCAP250,2024-03-28,ADD,INFIBEAM,https://niftyindices.com/Press_Release/ind_prs28022024.pdf,press_release,UPSTREAM_EXPLICIT,"inferred-exclude: not in NSE current snapshot, no PR found (closed at next semi-annual review)"
NIFTYMICROCAP250,2024-03-28,ADD,INGERRAND,https://niftyindices.com/Press_Release/ind_prs28022024.pdf,press_release,UPSTREAM_EXPLICIT,closed by ind_prs23022026.pdf
NIFTYMICROCAP250,2024-03-28,ADD,INOXINDIA,https://niftyindices.com/Press_Release/ind_prs28022024.pdf,press_release,UPSTREAM_EXPLICIT,closed by ind_prs23082024.pdf
NIFTYMICROCAP250,2024-03-28,ADD,IPL,https://niftyindices.com/Press_Release/ind_prs28022024.pdf,press_release,UPSTREAM_EXPLICIT,closed by ind_prs21022025.pdf
NIFTYMICROCAP250,2024-03-28,ADD,JAMNAAUTO,https://niftyindices.com/Press_Release/ind_prs28022024.pdf,press_release,UPSTREAM_EXPLICIT,
NIFTYMICROCAP250,2024-03-28,ADD,JLHL,https://niftyindices.com/Press_Release/ind_prs28022024.pdf,press_release,UPSTREAM_EXPLICIT,closed by ind_prs21022025.pdf
NIFTYMICROCAP250,2024-03-28,ADD,JSWHL,https://niftyindices.com/Press_Release/ind_prs28022024.pdf,press_release,UPSTREAM_EXPLICIT,closed by ind_prs23082024.pdf
NIFTYMICROCAP250,2024-03-28,REMOVE,JWL,https://niftyindices.com/Press_Release/ind_prs17022023_1.pdf,press_release,UPSTREAM_EXPLICIT,closed by ind_prs28022024.pdf
NIFTYMICROCAP250,2024-03-28,ADD,KALAMANDIR,https://niftyindices.com/Press_Release/ind_prs28022024.pdf,press_release,UPSTREAM_EXPLICIT,closed by ind_prs21022025.pdf
NIFTYMICROCAP250,2024-03-28,ADD,KESORAMIND,https://niftyindices.com/Press_Release/ind_prs28022024.pdf,press_release,UPSTREAM_EXPLICIT,closed by ind_prs06032025.pdf
NIFTYMICROCAP250,2024-03-28,REMOVE,KIRLPNU,https://niftyindices.com/Press_Release/ind_prs17082023.pdf,press_release,UPSTREAM_EXPLICIT,closed by ind_prs28022024.pdf
NIFTYMICROCAP250,2024-03-28,REMOVE,KKCL,https://niftyindices.com/Press_Release/ind_prs17022023_1.pdf,press_release,UPSTREAM_EXPLICIT,closed by ind_prs28022024.pdf
NIFTYMICROCAP250,2024-03-28,ADD,KPIGREEN,https://niftyindices.com/Press_Release/ind_prs28022024.pdf,press_release,UPSTREAM_EXPLICIT,closed by ind_prs23082024.pdf
NIFTYMICROCAP250,2024-03-28,ADD,LUXIND,https://niftyindices.com/Press_Release/ind_prs28022024.pdf,press_release,UPSTREAM_EXPLICIT,closed by ind_prs23022026.pdf
NIFTYMICROCAP250,2024-03-28,REMOVE,MAHSEAMLES,https://niftyindices.com/Press_Release/ind_prs15092021.pdf,press_release,UPSTREAM_EXPLICIT,closed by ind_prs28022024.pdf
NIFTYMICROCAP250,2024-03-28,REMOVE,MOL,https://niftyindices.com/Press_Release/ind_prs24022022_1.pdf,press_release,UPSTREAM_EXPLICIT,closed by ind_prs28022024.pdf
NIFTYMICROCAP250,2024-03-28,ADD,MUTHOOTMF,https://niftyindices.com/Press_Release/ind_prs28022024.pdf,press_release,UPSTREAM_EXPLICIT,closed by ind_prs21022025.pdf
NIFTYMICROCAP250,2024-03-28,ADD,NAZARA,https://niftyindices.com/Press_Release/ind_prs28022024.pdf,press_release,UPSTREAM_EXPLICIT,
NIFTYMICROCAP250,2024-03-28,ADD,NETWEB,https://niftyindices.com/Press_Release/ind_prs28022024.pdf,press_release,UPSTREAM_EXPLICIT,closed by ind_prs23082024.pdf
NIFTYMICROCAP250,2024-03-28,ADD,NIITMTS,https://niftyindices.com/Press_Release/ind_prs28022024.pdf,press_release,UPSTREAM_EXPLICIT,closed by ind_prs21022025.pdf
NIFTYMICROCAP250,2024-03-28,ADD,NUCLEUS,https://niftyindices.com/Press_Release/ind_prs28022024.pdf,press_release,UPSTREAM_EXPLICIT,closed by ind_prs23082024.pdf
NIFTYMICROCAP250,2024-03-28,ADD,ORIENTELEC,https://niftyindices.com/Press_Release/ind_prs28022024.pdf,press_release,UPSTREAM_EXPLICIT,closed by ind_prs21022025.pdf
NIFTYMICROCAP250,2024-03-28,ADD,ORISSAMINE,https://niftyindices.com/Press_Release/ind_prs28022024.pdf,press_release,UPSTREAM_EXPLICIT,closed by ind_prs22082025.pdf
NIFTYMICROCAP250,2024-03-28,ADD,PATELENG,https://niftyindices.com/Press_Release/ind_prs28022024.pdf,press_release,UPSTREAM_EXPLICIT,closed by ind_prs23022026.pdf
NIFTYMICROCAP250,2024-03-28,ADD,POLYPLEX,https://niftyindices.com/Press_Release/ind_prs28022024.pdf,press_release,UPSTREAM_EXPLICIT,closed by ind_prs23022026.pdf
NIFTYMICROCAP250,2024-03-28,REMOVE,PRIVISCL,https://niftyindices.com/Press_Release/ind_prs17022023_1.pdf,press_release,UPSTREAM_EXPLICIT,closed by ind_prs28022024.pdf
NIFTYMICROCAP250,2024-03-28,REMOVE,PRUDENT,https://niftyindices.com/Press_Release/ind_prs01092022.pdf,press_release,UPSTREAM_EXPLICIT,closed by ind_prs28022024.pdf
NIFTYMICROCAP250,2024-03-28,REMOVE,PTCIL,https://niftyindices.com/Press_Release/ind_prs17082023.pdf,press_release,UPSTREAM_EXPLICIT,closed by ind_prs28022024.pdf
NIFTYMICROCAP250,2024-03-28,ADD,PURVA,https://niftyindices.com/Press_Release/ind_prs28022024.pdf,press_release,UPSTREAM_EXPLICIT,closed by ind_prs21022025.pdf
NIFTYMICROCAP250,2024-03-28,REMOVE,RAILTEL,https://niftyindices.com/Press_Release/ind_prs01092022.pdf,press_release,UPSTREAM_EXPLICIT,closed by ind_prs28022024.pdf
NIFTYMICROCAP250,2024-03-28,ADD,RAIN,https://niftyindices.com/Press_Release/ind_prs28022024.pdf,press_release,UPSTREAM_EXPLICIT,
NIFTYMICROCAP250,2024-03-28,REMOVE,RAJRATAN,https://niftyindices.com/Press_Release/ind_prs01092022.pdf,press_release,UPSTREAM_EXPLICIT,closed by ind_prs28022024.pdf
NIFTYMICROCAP250,2024-03-28,ADD,RALLIS,https://niftyindices.com/Press_Release/ind_prs28022024.pdf,press_release,UPSTREAM_EXPLICIT,
NIFTYMICROCAP250,2024-03-28,ADD,REDTAPE,https://niftyindices.com/Press_Release/ind_prs28022024.pdf,press_release,UPSTREAM_EXPLICIT,closed by ind_prs22082025.pdf
NIFTYMICROCAP250,2024-03-28,REMOVE,ROLEXRINGS,https://niftyindices.com/Press_Release/ind_prs24022022_1.pdf,press_release,UPSTREAM_EXPLICIT,closed by ind_prs28022024.pdf
NIFTYMICROCAP250,2024-03-28,ADD,ROSSARI,https://niftyindices.com/Press_Release/ind_prs28022024.pdf,press_release,UPSTREAM_EXPLICIT,closed by ind_prs22082025.pdf
NIFTYMICROCAP250,2024-03-28,ADD,SAGCEM,https://niftyindices.com/Press_Release/ind_prs28022024.pdf,press_release,UPSTREAM_EXPLICIT,closed by ind_prs23082024.pdf
NIFTYMICROCAP250,2024-03-28,REMOVE,SAKSOFT,https://niftyindices.com/Press_Release/ind_prs17082023.pdf,press_release,UPSTREAM_EXPLICIT,closed by ind_prs28022024.pdf
NIFTYMICROCAP250,2024-03-28,ADD,SAMHI,https://niftyindices.com/Press_Release/ind_prs28022024.pdf,press_release,UPSTREAM_EXPLICIT,
NIFTYMICROCAP250,2024-03-28,ADD,SANDUMA,https://niftyindices.com/Press_Release/ind_prs28022024.pdf,press_release,UPSTREAM_EXPLICIT,closed by ind_prs21022025.pdf
NIFTYMICROCAP250,2024-03-28,ADD,SANGHIIND,https://niftyindices.com/Press_Release/ind_prs28022024.pdf,press_release,UPSTREAM_EXPLICIT,closed by ind_prs21022025.pdf
NIFTYMICROCAP250,2024-03-28,ADD,SANGHVIMOV,https://niftyindices.com/Press_Release/ind_prs28022024.pdf,press_release,UPSTREAM_EXPLICIT,closed by ind_prs21022025.pdf
NIFTYMICROCAP250,2024-03-28,REMOVE,SBFC,https://niftyindices.com/Press_Release/ind_prs17102023.pdf,press_release,UPSTREAM_EXPLICIT,closed by ind_prs28022024.pdf
NIFTYMICROCAP250,2024-03-28,REMOVE,SCHNEIDER,https://niftyindices.com/Press_Release/ind_prs24022022_1.pdf,press_release,UPSTREAM_EXPLICIT,closed by ind_prs28022024.pdf
NIFTYMICROCAP250,2024-03-28,ADD,SENCO,https://niftyindices.com/Press_Release/ind_prs28022024.pdf,press_release,UPSTREAM_EXPLICIT,
NIFTYMICROCAP250,2024-03-28,ADD,SFL,https://niftyindices.com/Press_Release/ind_prs28022024.pdf,press_release,UPSTREAM_EXPLICIT,
NIFTYMICROCAP250,2024-03-28,REMOVE,SHANTIGEAR,https://niftyindices.com/Press_Release/ind_prs17022023_1.pdf,press_release,UPSTREAM_EXPLICIT,closed by ind_prs28022024.pdf
NIFTYMICROCAP250,2024-03-28,ADD,SHARDAMOTR,https://niftyindices.com/Press_Release/ind_prs28022024.pdf,press_release,UPSTREAM_EXPLICIT,closed by ind_prs21022025.pdf
NIFTYMICROCAP250,2024-03-28,ADD,SHOPERSTOP,https://niftyindices.com/Press_Release/ind_prs28022024.pdf,press_release,UPSTREAM_EXPLICIT,closed by ind_prs23082024.pdf
NIFTYMICROCAP250,2024-03-28,ADD,SINDHUTRAD,https://niftyindices.com/Press_Release/ind_prs28022024.pdf,press_release,UPSTREAM_EXPLICIT,closed by ind_prs21022025.pdf
NIFTYMICROCAP250,2024-03-28,REMOVE,SIS,https://niftyindices.com/Press_Release/ind_prs17022023_1.pdf,press_release,UPSTREAM_EXPLICIT,closed by ind_prs28022024.pdf
NIFTYMICROCAP250,2024-03-28,REMOVE,SPLPETRO,https://niftyindices.com/Press_Release/ind_prs01092022.pdf,press_release,UPSTREAM_EXPLICIT,closed by ind_prs28022024.pdf
NIFTYMICROCAP250,2024-03-28,REMOVE,SUBEXLTD,https://niftyindices.com/Press_Release/ind_prs15092021.pdf,press_release,UPSTREAM_EXPLICIT,closed by ind_prs28022024.pdf
NIFTYMICROCAP250,2024-03-28,ADD,SUNCLAY,https://niftyindices.com/Press_Release/ind_prs28022024.pdf,press_release,UPSTREAM_EXPLICIT,closed by ind_prs23082024.pdf
NIFTYMICROCAP250,2024-03-28,ADD,SUPRAJIT,https://niftyindices.com/Press_Release/ind_prs28022024.pdf,press_release,UPSTREAM_EXPLICIT,closed by ind_prs22082025.pdf
NIFTYMICROCAP250,2024-03-28,ADD,TARC,https://niftyindices.com/Press_Release/ind_prs28022024.pdf,press_release,UPSTREAM_EXPLICIT,
NIFTYMICROCAP250,2024-03-28,REMOVE,TATVA,https://niftyindices.com/Press_Release/ind_prs24022022_1.pdf,press_release,UPSTREAM_EXPLICIT,closed by ind_prs28022024.pdf
NIFTYMICROCAP250,2024-03-28,REMOVE,TCI,https://niftyindices.com/Press_Release/ind_prs17082023.pdf,press_release,UPSTREAM_EXPLICIT,closed by ind_prs28022024.pdf
NIFTYMICROCAP250,2024-03-28,REMOVE,TCIEXP,https://niftyindices.com/Press_Release/ind_prs17082023.pdf,press_release,UPSTREAM_EXPLICIT,closed by ind_prs28022024.pdf
NIFTYMICROCAP250,2024-03-28,ADD,TEAMLEASE,https://niftyindices.com/Press_Release/ind_prs28022024.pdf,press_release,UPSTREAM_EXPLICIT,closed by ind_prs23022026.pdf
NIFTYMICROCAP250,2024-03-28,ADD,TEXRAIL,https://niftyindices.com/Press_Release/ind_prs28022024.pdf,press_release,UPSTREAM_EXPLICIT,
NIFTYMICROCAP250,2024-03-28,REMOVE,THYROCARE,https://niftyindices.com/Press_Release/ind_prs17022023_1.pdf,press_release,UPSTREAM_EXPLICIT,closed by ind_prs28022024.pdf
NIFTYMICROCAP250,2024-03-28,REMOVE,TIIL,https://niftyindices.com/Press_Release/ind_prs17082023.pdf,press_release,UPSTREAM_EXPLICIT,closed by ind_prs28022024.pdf
NIFTYMICROCAP250,2024-03-28,REMOVE,TMB,https://niftyindices.com/Press_Release/ind_prs17082023.pdf,press_release,UPSTREAM_EXPLICIT,closed by ind_prs28022024.pdf
NIFTYMICROCAP250,2024-03-28,ADD,TTKPRESTIG,https://niftyindices.com/Press_Release/ind_prs28022024.pdf,press_release,UPSTREAM_EXPLICIT,closed by ind_prs23082024.pdf
NIFTYMICROCAP250,2024-03-28,REMOVE,TVSSCS,https://niftyindices.com/Press_Release/ind_prs17102023.pdf,press_release,UPSTREAM_EXPLICIT,closed by ind_prs28022024.pdf
NIFTYMICROCAP250,2024-03-28,REMOVE,UNICHEMLAB,https://niftyindices.com/Press_Release/ind_prs17022023_1.pdf,press_release,UPSTREAM_EXPLICIT,closed by ind_prs28022024.pdf
NIFTYMICROCAP250,2024-03-28,ADD,UTKARSHBNK,https://niftyindices.com/Press_Release/ind_prs28022024.pdf,press_release,UPSTREAM_EXPLICIT,closed by ind_prs21022025.pdf
NIFTYMICROCAP250,2024-03-28,REMOVE,VESUVIUS,https://niftyindices.com/Press_Release/ind_prs20102022.pdf,press_release,UPSTREAM_EXPLICIT,closed by ind_prs28022024.pdf
NIFTYMICROCAP250,2024-03-28,ADD,VMART,https://niftyindices.com/Press_Release/ind_prs28022024.pdf,press_release,UPSTREAM_EXPLICIT,
NIFTYMICROCAP250,2024-03-28,ADD,YATHARTH,https://niftyindices.com/Press_Release/ind_prs28022024.pdf,press_release,UPSTREAM_EXPLICIT,
NIFTYMICROCAP250,2024-03-28,ADD,ZYDUSWELL,https://niftyindices.com/Press_Release/ind_prs28022024.pdf,press_release,UPSTREAM_EXPLICIT,closed by ind_prs23022026.pdf
NIFTYMICROCAP250,2024-03-31,REMOVE,IIFLSEC,https://niftyindices.com/Press_Release/ind_prs28022024.pdf,press_release,UPSTREAM_EXPLICIT,"inferred-exclude: not in NSE current snapshot, no PR found (closed at next semi-annual review)"
NIFTYMICROCAP250,2024-03-31,REMOVE,INFIBEAM,https://niftyindices.com/Press_Release/ind_prs28022024.pdf,press_release,UPSTREAM_EXPLICIT,"inferred-exclude: not in NSE current snapshot, no PR found (closed at next semi-annual review)"
NIFTYMICROCAP250,2024-04-26,REMOVE,BCG,https://niftyindices.com/Press_Release/ind_prs28022024.pdf,press_release,UPSTREAM_EXPLICIT,closed by ind_prs24042024.pdf
NIFTYMICROCAP250,2024-04-26,ADD,SPLPETRO,https://niftyindices.com/Press_Release/ind_prs24042024.pdf,press_release,UPSTREAM_EXPLICIT,closed by ind_prs21022025.pdf
NIFTYMICROCAP250,2024-05-03,ADD,JUNIPER,https://niftyindices.com/Press_Release/ind_prs24042024_1.pdf,press_release,UPSTREAM_EXPLICIT,closed by ind_prs21022025.pdf
NIFTYMICROCAP250,2024-05-03,REMOVE,UJJIVAN,https://niftyindices.com/Press_Release/ind_prs17022023_1.pdf,press_release,UPSTREAM_EXPLICIT,closed by ind_prs24042024_1.pdf
NIFTYMICROCAP250,2024-09-03,ADD,KSL,https://niftyindices.com/Press_Release/ind_prs27082024.pdf,press_release,UPSTREAM_EXPLICIT,closed by ind_prs23022026.pdf
NIFTYMICROCAP250,2024-09-03,REMOVE,TCNSBRANDS,https://niftyindices.com/Press_Release/ind_prs17082023.pdf,press_release,UPSTREAM_EXPLICIT,closed by ind_prs27082024.pdf
NIFTYMICROCAP250,2024-09-30,ADD,AETHER,https://niftyindices.com/Press_Release/ind_prs23082024.pdf,press_release,UPSTREAM_EXPLICIT,
NIFTYMICROCAP250,2024-09-30,ADD,ALLCARGO,https://niftyindices.com/Press_Release/ind_prs23082024.pdf,press_release,UPSTREAM_EXPLICIT,"inferred-exclude: not in NSE current snapshot, no PR found (closed at next semi-annual review)"
NIFTYMICROCAP250,2024-09-30,REMOVE,ANANTRAJ,https://niftyindices.com/Press_Release/ind_prs15092021.pdf,press_release,UPSTREAM_EXPLICIT,closed by ind_prs23082024.pdf
NIFTYMICROCAP250,2024-09-30,ADD,ANURAS,https://niftyindices.com/Press_Release/ind_prs23082024.pdf,press_release,UPSTREAM_EXPLICIT,closed by ind_prs21022025.pdf
NIFTYMICROCAP250,2024-09-30,ADD,BAJAJELEC,https://niftyindices.com/Press_Release/ind_prs23082024.pdf,press_release,UPSTREAM_EXPLICIT,closed by ind_prs21022025.pdf
NIFTYMICROCAP250,2024-09-30,REMOVE,BARBEQUE,https://niftyindices.com/Press_Release/ind_prs15092021.pdf,press_release,UPSTREAM_EXPLICIT,closed by ind_prs23082024.pdf
NIFTYMICROCAP250,2024-09-30,REMOVE,BASF,https://niftyindices.com/Press_Release/ind_prs30012024.pdf,press_release,UPSTREAM_EXPLICIT,closed by ind_prs23082024.pdf
NIFTYMICROCAP250,2024-09-30,ADD,BBL,https://niftyindices.com/Press_Release/ind_prs23082024.pdf,press_release,UPSTREAM_EXPLICIT,closed by ind_prs23022026.pdf
NIFTYMICROCAP250,2024-09-30,ADD,BOROLTD,https://niftyindices.com/Press_Release/ind_prs23082024.pdf,press_release,UPSTREAM_EXPLICIT,closed by ind_prs22082025.pdf
NIFTYMICROCAP250,2024-09-30,ADD,BORORENEW,https://niftyindices.com/Press_Release/ind_prs23082024.pdf,press_release,UPSTREAM_EXPLICIT,
NIFTYMICROCAP250,2024-09-30,ADD,CSBBANK,https://niftyindices.com/Press_Release/ind_prs23082024.pdf,press_release,UPSTREAM_EXPLICIT,
NIFTYMICROCAP250,2024-09-30,REMOVE,DBCORP,https://niftyindices.com/Press_Release/ind_prs17082023.pdf,press_release,UPSTREAM_EXPLICIT,closed by ind_prs23082024.pdf
NIFTYMICROCAP250,2024-09-30,REMOVE,DBREALTY,https://niftyindices.com/Press_Release/ind_prs01092022.pdf,press_release,UPSTREAM_EXPLICIT,closed by ind_prs23082024.pdf
NIFTYMICROCAP250,2024-09-30,ADD,DYNAMATECH,https://niftyindices.com/Press_Release/ind_prs23082024.pdf,press_release,UPSTREAM_EXPLICIT,
NIFTYMICROCAP250,2024-09-30,ADD,ENTERO,https://niftyindices.com/Press_Release/ind_prs23082024.pdf,press_release,UPSTREAM_EXPLICIT,
NIFTYMICROCAP250,2024-09-30,ADD,EPL,https://niftyindices.com/Press_Release/ind_prs23082024.pdf,press_release,UPSTREAM_EXPLICIT,
NIFTYMICROCAP250,2024-09-30,ADD,EXICOM,https://niftyindices.com/Press_Release/ind_prs23082024.pdf,press_release,UPSTREAM_EXPLICIT,"inferred-exclude: not in NSE current snapshot, no PR found (closed at next semi-annual review)"
NIFTYMICROCAP250,2024-09-30,ADD,FDC,https://niftyindices.com/Press_Release/ind_prs23082024.pdf,press_release,UPSTREAM_EXPLICIT,closed by ind_prs23022026.pdf
NIFTYMICROCAP250,2024-09-30,REMOVE,FEDFINA,https://niftyindices.com/Press_Release/ind_prs28022024.pdf,press_release,UPSTREAM_EXPLICIT,closed by ind_prs23082024.pdf
NIFTYMICROCAP250,2024-09-30,REMOVE,FLAIR,https://niftyindices.com/Press_Release/ind_prs28022024.pdf,press_release,UPSTREAM_EXPLICIT,closed by ind_prs23082024.pdf
NIFTYMICROCAP250,2024-09-30,ADD,FORCEMOT,https://niftyindices.com/Press_Release/ind_prs23082024.pdf,press_release,UPSTREAM_EXPLICIT,closed by ind_prs22082025.pdf
NIFTYMICROCAP250,2024-09-30,REMOVE,GALAXYSURF,https://niftyindices.com/Press_Release/ind_prs28022024.pdf,press_release,UPSTREAM_EXPLICIT,closed by ind_prs23082024.pdf
NIFTYMICROCAP250,2024-09-30,REMOVE,GLOBUSSPR,https://niftyindices.com/Press_Release/ind_prs24022022_1.pdf,press_release,UPSTREAM_EXPLICIT,closed by ind_prs23082024.pdf
NIFTYMICROCAP250,2024-09-30,ADD,GLS,https://niftyindices.com/Press_Release/ind_prs23082024.pdf,press_release,UPSTREAM_EXPLICIT,"inferred-exclude: not in NSE current snapshot, no PR found (closed at next semi-annual review)"
NIFTYMICROCAP250,2024-09-30,ADD,GMMPFAUDLR,https://niftyindices.com/Press_Release/ind_prs23082024.pdf,press_release,UPSTREAM_EXPLICIT,
NIFTYMICROCAP250,2024-09-30,REMOVE,GODREJAGRO,https://niftyindices.com/Press_Release/ind_prs17082023.pdf,press_release,UPSTREAM_EXPLICIT,closed by ind_prs23082024.pdf
NIFTYMICROCAP250,2024-09-30,ADD,GOPAL,https://niftyindices.com/Press_Release/ind_prs23082024.pdf,press_release,UPSTREAM_EXPLICIT,closed by ind_prs22082025.pdf
NIFTYMICROCAP250,2024-09-30,REMOVE,GRINFRA,https://niftyindices.com/Press_Release/ind_prs28022024.pdf,press_release,UPSTREAM_EXPLICIT,closed by ind_prs23082024.pdf
NIFTYMICROCAP250,2024-09-30,REMOVE,GUFICBIO,https://niftyindices.com/Press_Release/ind_prs01092022.pdf,press_release,UPSTREAM_EXPLICIT,closed by ind_prs23082024.pdf
NIFTYMICROCAP250,2024-09-30,ADD,HAPPYFORGE,https://niftyindices.com/Press_Release/ind_prs23082024.pdf,press_release,UPSTREAM_EXPLICIT,closed by ind_prs21022025.pdf
NIFTYMICROCAP250,2024-09-30,ADD,HARSHA,https://niftyindices.com/Press_Release/ind_prs23082024.pdf,press_release,UPSTREAM_EXPLICIT,closed by ind_prs21022025.pdf
NIFTYMICROCAP250,2024-09-30,ADD,HCG,https://niftyindices.com/Press_Release/ind_prs23082024.pdf,press_release,UPSTREAM_EXPLICIT,
NIFTYMICROCAP250,2024-09-30,REMOVE,HLEGLAS,https://niftyindices.com/Press_Release/ind_prs28022024.pdf,press_release,UPSTREAM_EXPLICIT,closed by ind_prs23082024.pdf
NIFTYMICROCAP250,2024-09-30,REMOVE,HMAAGRO,https://niftyindices.com/Press_Release/ind_prs28022024.pdf,press_release,UPSTREAM_EXPLICIT,closed by ind_prs23082024.pdf
NIFTYMICROCAP250,2024-09-30,ADD,HNDFDS,https://niftyindices.com/Press_Release/ind_prs23082024.pdf,press_release,UPSTREAM_EXPLICIT,closed by ind_prs21022025.pdf
NIFTYMICROCAP250,2024-09-30,REMOVE,IKIO,https://niftyindices.com/Press_Release/ind_prs17082023.pdf,press_release,UPSTREAM_EXPLICIT,closed by ind_prs23082024.pdf
NIFTYMICROCAP250,2024-09-30,ADD,IMAGICAA,https://niftyindices.com/Press_Release/ind_prs23082024.pdf,press_release,UPSTREAM_EXPLICIT,closed by ind_prs23022026.pdf
NIFTYMICROCAP250,2024-09-30,ADD,INDIGOPNTS,https://niftyindices.com/Press_Release/ind_prs23082024.pdf,press_release,UPSTREAM_EXPLICIT,
NIFTYMICROCAP250,2024-09-30,REMOVE,INDOCO,https://niftyindices.com/Press_Release/ind_prs17022023_1.pdf,press_release,UPSTREAM_EXPLICIT,closed by ind_prs23082024.pdf
NIFTYMICROCAP250,2024-09-30,ADD,INOXGREEN,https://niftyindices.com/Press_Release/ind_prs23082024.pdf,press_release,UPSTREAM_EXPLICIT,
NIFTYMICROCAP250,2024-09-30,REMOVE,INOXINDIA,https://niftyindices.com/Press_Release/ind_prs28022024.pdf,press_release,UPSTREAM_EXPLICIT,closed by ind_prs23082024.pdf
NIFTYMICROCAP250,2024-09-30,REMOVE,IOLCP,https://niftyindices.com/Press_Release/ind_prs24022022_1.pdf,press_release,UPSTREAM_EXPLICIT,closed by ind_prs23082024.pdf
NIFTYMICROCAP250,2024-09-30,ADD,IXIGO,https://niftyindices.com/Press_Release/ind_prs23082024.pdf,press_release,UPSTREAM_EXPLICIT,
NIFTYMICROCAP250,2024-09-30,ADD,JAIBALAJI,https://niftyindices.com/Press_Release/ind_prs23082024.pdf,press_release,UPSTREAM_EXPLICIT,
NIFTYMICROCAP250,2024-09-30,ADD,JKPAPER,https://niftyindices.com/Press_Release/ind_prs23082024.pdf,press_release,UPSTREAM_EXPLICIT,
NIFTYMICROCAP250,2024-09-30,REMOVE,JKTYRE,https://niftyindices.com/Press_Release/ind_prs24022022_1.pdf,press_release,UPSTREAM_EXPLICIT,closed by ind_prs23082024.pdf
NIFTYMICROCAP250,2024-09-30,ADD,JNKINDIA,https://niftyindices.com/Press_Release/ind_prs23082024.pdf,press_release,UPSTREAM_EXPLICIT,"inferred-exclude: not in NSE current snapshot, no PR found (closed at next semi-annual review)"
NIFTYMICROCAP250,2024-09-30,ADD,JSFB,https://niftyindices.com/Press_Release/ind_prs23082024.pdf,press_release,UPSTREAM_EXPLICIT,
NIFTYMICROCAP250,2024-09-30,REMOVE,JSWHL,https://niftyindices.com/Press_Release/ind_prs28022024.pdf,press_release,UPSTREAM_EXPLICIT,closed by ind_prs23082024.pdf
NIFTYMICROCAP250,2024-09-30,REMOVE,KIRLOSBROS,https://niftyindices.com/Press_Release/ind_prs17022023_1.pdf,press_release,UPSTREAM_EXPLICIT,closed by ind_prs23082024.pdf
NIFTYMICROCAP250,2024-09-30,ADD,KIRLPNU,https://niftyindices.com/Press_Release/ind_prs23082024.pdf,press_release,UPSTREAM_EXPLICIT,
NIFTYMICROCAP250,2024-09-30,REMOVE,KPIGREEN,https://niftyindices.com/Press_Release/ind_prs28022024.pdf,press_release,UPSTREAM_EXPLICIT,closed by ind_prs23082024.pdf
NIFTYMICROCAP250,2024-09-30,ADD,KRBL,https://niftyindices.com/Press_Release/ind_prs23082024.pdf,press_release,UPSTREAM_EXPLICIT,
NIFTYMICROCAP250,2024-09-30,REMOVE,KRSNAA,https://niftyindices.com/Press_Release/ind_prs24022022_1.pdf,press_release,UPSTREAM_EXPLICIT,closed by ind_prs23082024.pdf
NIFTYMICROCAP250,2024-09-30,REMOVE,LAOPALA,https://niftyindices.com/Press_Release/ind_prs24022022_1.pdf,press_release,UPSTREAM_EXPLICIT,closed by ind_prs23082024.pdf
NIFTYMICROCAP250,2024-09-30,ADD,LXCHEM,https://niftyindices.com/Press_Release/ind_prs23082024.pdf,press_release,UPSTREAM_EXPLICIT,
NIFTYMICROCAP250,2024-09-30,REMOVE,MASFIN,https://niftyindices.com/Press_Release/ind_prs15092021.pdf,press_release,UPSTREAM_EXPLICIT,closed by ind_prs23082024.pdf
NIFTYMICROCAP250,2024-09-30,ADD,MEDPLUS,https://niftyindices.com/Press_Release/ind_prs23082024.pdf,press_release,UPSTREAM_EXPLICIT,
NIFTYMICROCAP250,2024-09-30,ADD,MHRIL,https://niftyindices.com/Press_Release/ind_prs23082024.pdf,press_release,UPSTREAM_EXPLICIT,closed by ind_prs21022025.pdf
NIFTYMICROCAP250,2024-09-30,ADD,MTARTECH,https://niftyindices.com/Press_Release/ind_prs23082024.pdf,press_release,UPSTREAM_EXPLICIT,
NIFTYMICROCAP250,2024-09-30,REMOVE,NETWEB,https://niftyindices.com/Press_Release/ind_prs28022024.pdf,press_release,UPSTREAM_EXPLICIT,closed by ind_prs23082024.pdf
NIFTYMICROCAP250,2024-09-30,REMOVE,NUCLEUS,https://niftyindices.com/Press_Release/ind_prs28022024.pdf,press_release,UPSTREAM_EXPLICIT,closed by ind_prs23082024.pdf
NIFTYMICROCAP250,2024-09-30,ADD,ORCHPHARMA,https://niftyindices.com/Press_Release/ind_prs23082024.pdf,press_release,UPSTREAM_EXPLICIT,closed by ind_prs23022026.pdf
NIFTYMICROCAP250,2024-09-30,ADD,PARKHOTELS,https://niftyindices.com/Press_Release/ind_prs23082024.pdf,press_release,UPSTREAM_EXPLICIT,closed by ind_prs23022026.pdf
NIFTYMICROCAP250,2024-09-30,REMOVE,PDSL,https://niftyindices.com/Press_Release/ind_prs22122022.pdf,press_release,UPSTREAM_EXPLICIT,closed by ind_prs23082024.pdf
NIFTYMICROCAP250,2024-09-30,ADD,PGHL,https://niftyindices.com/Press_Release/ind_prs23082024.pdf,press_release,UPSTREAM_EXPLICIT,closed by ind_prs21022025.pdf
NIFTYMICROCAP250,2024-09-30,ADD,PRINCEPIPE,https://niftyindices.com/Press_Release/ind_prs23082024.pdf,press_release,UPSTREAM_EXPLICIT,closed by ind_prs23022026.pdf
NIFTYMICROCAP250,2024-09-30,ADD,PRUDENT,https://niftyindices.com/Press_Release/ind_prs23082024.pdf,press_release,UPSTREAM_EXPLICIT,
NIFTYMICROCAP250,2024-09-30,ADD,RBA,https://niftyindices.com/Press_Release/ind_prs23082024.pdf,press_release,UPSTREAM_EXPLICIT,
NIFTYMICROCAP250,2024-09-30,ADD,ROLEXRINGS,https://niftyindices.com/Press_Release/ind_prs23082024.pdf,press_release,UPSTREAM_EXPLICIT,closed by ind_prs21022025.pdf
NIFTYMICROCAP250,2024-09-30,ADD,SAFARI,https://niftyindices.com/Press_Release/ind_prs23082024.pdf,press_release,UPSTREAM_EXPLICIT,
NIFTYMICROCAP250,2024-09-30,REMOVE,SAGCEM,https://niftyindices.com/Press_Release/ind_prs28022024.pdf,press_release,UPSTREAM_EXPLICIT,closed by ind_prs23082024.pdf
NIFTYMICROCAP250,2024-09-30,REMOVE,SCI,https://niftyindices.com/Press_Release/ind_prs17082023.pdf,press_release,UPSTREAM_EXPLICIT,closed by ind_prs23082024.pdf
NIFTYMICROCAP250,2024-09-30,REMOVE,SHOPERSTOP,https://niftyindices.com/Press_Release/ind_prs28022024.pdf,press_release,UPSTREAM_EXPLICIT,closed by ind_prs23082024.pdf
NIFTYMICROCAP250,2024-09-30,ADD,SHRIPISTON,https://niftyindices.com/Press_Release/ind_prs23082024.pdf,press_release,UPSTREAM_EXPLICIT,
NIFTYMICROCAP250,2024-09-30,ADD,STLTECH,https://niftyindices.com/Press_Release/ind_prs23082024.pdf,press_release,UPSTREAM_EXPLICIT,
NIFTYMICROCAP250,2024-09-30,ADD,SUBROS,https://niftyindices.com/Press_Release/ind_prs23082024.pdf,press_release,UPSTREAM_EXPLICIT,
NIFTYMICROCAP250,2024-09-30,REMOVE,SUNCLAY,https://niftyindices.com/Press_Release/ind_prs28022024.pdf,press_release,UPSTREAM_EXPLICIT,closed by ind_prs23082024.pdf
NIFTYMICROCAP250,2024-09-30,ADD,SUNTECK,https://niftyindices.com/Press_Release/ind_prs23082024.pdf,press_release,UPSTREAM_EXPLICIT,
NIFTYMICROCAP250,2024-09-30,ADD,SYMPHONY,https://niftyindices.com/Press_Release/ind_prs23082024.pdf,press_release,UPSTREAM_EXPLICIT,closed by ind_prs23022026.pdf
NIFTYMICROCAP250,2024-09-30,REMOVE,TARSONS,https://niftyindices.com/Press_Release/ind_prs24022022_1.pdf,press_release,UPSTREAM_EXPLICIT,closed by ind_prs23082024.pdf
NIFTYMICROCAP250,2024-09-30,ADD,TCIEXP,https://niftyindices.com/Press_Release/ind_prs23082024.pdf,press_release,UPSTREAM_EXPLICIT,closed by ind_prs21022025.pdf
NIFTYMICROCAP250,2024-09-30,ADD,TIIL,https://niftyindices.com/Press_Release/ind_prs23082024.pdf,press_release,UPSTREAM_EXPLICIT,closed by ind_prs22082025.pdf
NIFTYMICROCAP250,2024-09-30,REMOVE,TTKPRESTIG,https://niftyindices.com/Press_Release/ind_prs28022024.pdf,press_release,UPSTREAM_EXPLICIT,closed by ind_prs23082024.pdf
NIFTYMICROCAP250,2024-09-30,REMOVE,TVSHLTD,https://niftyindices.com/Press_Release/ind_prs10012024.pdf,press_release,UPSTREAM_EXPLICIT,closed by ind_prs23082024.pdf
NIFTYMICROCAP250,2024-09-30,REMOVE,UFLEX,https://niftyindices.com/Press_Release/ind_prs17082023.pdf,press_release,UPSTREAM_EXPLICIT,closed by ind_prs23082024.pdf
NIFTYMICROCAP250,2024-09-30,REMOVE,UNIPARTS,https://niftyindices.com/Press_Release/ind_prs17022023_1.pdf,press_release,UPSTREAM_EXPLICIT,closed by ind_prs23082024.pdf
NIFTYMICROCAP250,2024-09-30,ADD,VAIBHAVGBL,https://niftyindices.com/Press_Release/ind_prs23082024.pdf,press_release,UPSTREAM_EXPLICIT,
NIFTYMICROCAP250,2024-09-30,ADD,VENUSPIPES,https://niftyindices.com/Press_Release/ind_prs23082024.pdf,press_release,UPSTREAM_EXPLICIT,closed by ind_prs22082025.pdf
NIFTYMICROCAP250,2024-09-30,ADD,VESUVIUS,https://niftyindices.com/Press_Release/ind_prs23082024.pdf,press_release,UPSTREAM_EXPLICIT,closed by ind_prs23022026.pdf
NIFTYMICROCAP250,2024-09-30,ADD,VSTIND,https://niftyindices.com/Press_Release/ind_prs23082024.pdf,press_release,UPSTREAM_EXPLICIT,closed by ind_prs23022026.pdf
NIFTYMICROCAP250,2025-03-10,ADD,INNOVACAP,https://niftyindices.com/Press_Release/ind_prs06032025.pdf,press_release,UPSTREAM_EXPLICIT,closed by ind_prs23022026.pdf
NIFTYMICROCAP250,2025-03-10,REMOVE,KESORAMIND,https://niftyindices.com/Press_Release/ind_prs28022024.pdf,press_release,UPSTREAM_EXPLICIT,closed by ind_prs06032025.pdf
NIFTYMICROCAP250,2025-03-28,ADD,ABDL,https://niftyindices.com/Press_Release/ind_prs21022025.pdf,press_release,UPSTREAM_EXPLICIT,closed by ind_prs23022026.pdf
NIFTYMICROCAP250,2025-03-28,ADD,ACI,https://niftyindices.com/Press_Release/ind_prs21022025.pdf,press_release,UPSTREAM_EXPLICIT,
NIFTYMICROCAP250,2025-03-28,ADD,AKZOINDIA,https://niftyindices.com/Press_Release/ind_prs21022025.pdf,press_release,UPSTREAM_EXPLICIT,closed by ind_prs22082025.pdf
NIFTYMICROCAP250,2025-03-28,ADD,ANUP,https://niftyindices.com/Press_Release/ind_prs21022025.pdf,press_release,UPSTREAM_EXPLICIT,
NIFTYMICROCAP250,2025-03-28,REMOVE,ANURAS,https://niftyindices.com/Press_Release/ind_prs23082024.pdf,press_release,UPSTREAM_EXPLICIT,closed by ind_prs21022025.pdf
NIFTYMICROCAP250,2025-03-28,ADD,AURIONPRO,https://niftyindices.com/Press_Release/ind_prs21022025.pdf,press_release,UPSTREAM_EXPLICIT,
NIFTYMICROCAP250,2025-03-28,ADD,AVANTIFEED,https://niftyindices.com/Press_Release/ind_prs21022025.pdf,press_release,UPSTREAM_EXPLICIT,
NIFTYMICROCAP250,2025-03-28,ADD,AVL,https://niftyindices.com/Press_Release/ind_prs21022025.pdf,press_release,UPSTREAM_EXPLICIT,closed by ind_prs22082025.pdf
NIFTYMICROCAP250,2025-03-28,ADD,AWFIS,https://niftyindices.com/Press_Release/ind_prs21022025.pdf,press_release,UPSTREAM_EXPLICIT,
NIFTYMICROCAP250,2025-03-28,REMOVE,BAJAJCON,https://niftyindices.com/Press_Release/ind_prs24022022_1.pdf,press_release,UPSTREAM_EXPLICIT,closed by ind_prs21022025.pdf
NIFTYMICROCAP250,2025-03-28,REMOVE,BAJAJELEC,https://niftyindices.com/Press_Release/ind_prs23082024.pdf,press_release,UPSTREAM_EXPLICIT,closed by ind_prs21022025.pdf
NIFTYMICROCAP250,2025-03-28,ADD,BALAMINES,https://niftyindices.com/Press_Release/ind_prs21022025.pdf,press_release,UPSTREAM_EXPLICIT,
NIFTYMICROCAP250,2025-03-28,REMOVE,BALMLAWRIE,https://niftyindices.com/Press_Release/ind_prs15092021.pdf,press_release,UPSTREAM_EXPLICIT,closed by ind_prs21022025.pdf
NIFTYMICROCAP250,2025-03-28,ADD,BALUFORGE,https://niftyindices.com/Press_Release/ind_prs21022025.pdf,press_release,UPSTREAM_EXPLICIT,
NIFTYMICROCAP250,2025-03-28,ADD,BANSALWIRE,https://niftyindices.com/Press_Release/ind_prs21022025.pdf,press_release,UPSTREAM_EXPLICIT,closed by ind_prs22082025.pdf
NIFTYMICROCAP250,2025-03-28,ADD,BIRLACORPN,https://niftyindices.com/Press_Release/ind_prs21022025.pdf,press_release,UPSTREAM_EXPLICIT,
NIFTYMICROCAP250,2025-03-28,ADD,BLACKBUCK,https://niftyindices.com/Press_Release/ind_prs21022025.pdf,press_release,UPSTREAM_EXPLICIT,
NIFTYMICROCAP250,2025-03-28,ADD,CEIGALL,https://niftyindices.com/Press_Release/ind_prs21022025.pdf,press_release,UPSTREAM_EXPLICIT,closed by ind_prs23022026.pdf
NIFTYMICROCAP250,2025-03-28,ADD,CELLO,https://niftyindices.com/Press_Release/ind_prs21022025.pdf,press_release,UPSTREAM_EXPLICIT,
NIFTYMICROCAP250,2025-03-28,ADD,CHEMPLASTS,https://niftyindices.com/Press_Release/ind_prs21022025.pdf,press_release,UPSTREAM_EXPLICIT,closed by ind_prs22082025.pdf
NIFTYMICROCAP250,2025-03-28,ADD,CIEINDIA,https://niftyindices.com/Press_Release/ind_prs21022025.pdf,press_release,UPSTREAM_EXPLICIT,closed by ind_prs04052026.pdf
NIFTYMICROCAP250,2025-03-28,REMOVE,DELTACORP,https://niftyindices.com/Press_Release/ind_prs28022024.pdf,press_release,UPSTREAM_EXPLICIT,closed by ind_prs21022025.pdf
NIFTYMICROCAP250,2025-03-28,REMOVE,DEN,https://niftyindices.com/Press_Release/ind_prs15092021.pdf,press_release,UPSTREAM_EXPLICIT,closed by ind_prs21022025.pdf
NIFTYMICROCAP250,2025-03-28,REMOVE,DHANUKA,https://niftyindices.com/Press_Release/ind_prs28022024.pdf,press_release,UPSTREAM_EXPLICIT,closed by ind_prs21022025.pdf
NIFTYMICROCAP250,2025-03-28,REMOVE,DISHTV,https://niftyindices.com/Press_Release/ind_prs15092021.pdf,press_release,UPSTREAM_EXPLICIT,closed by ind_prs21022025.pdf
NIFTYMICROCAP250,2025-03-28,REMOVE,DREAMFOLKS,https://niftyindices.com/Press_Release/ind_prs17082023.pdf,press_release,UPSTREAM_EXPLICIT,closed by ind_prs21022025.pdf
NIFTYMICROCAP250,2025-03-28,ADD,EASEMYTRIP,https://niftyindices.com/Press_Release/ind_prs21022025.pdf,press_release,UPSTREAM_EXPLICIT,closed by ind_prs23022026.pdf
NIFTYMICROCAP250,2025-03-28,ADD,EIEL,https://niftyindices.com/Press_Release/ind_prs21022025.pdf,press_release,UPSTREAM_EXPLICIT,
NIFTYMICROCAP250,2025-03-28,ADD,EQUITASBNK,https://niftyindices.com/Press_Release/ind_prs21022025.pdf,press_release,UPSTREAM_EXPLICIT,
NIFTYMICROCAP250,2025-03-28,REMOVE,ESAFSFB,https://niftyindices.com/Press_Release/ind_prs28022024.pdf,press_release,UPSTREAM_EXPLICIT,closed by ind_prs21022025.pdf
NIFTYMICROCAP250,2025-03-28,ADD,EUREKAFORB,https://niftyindices.com/Press_Release/ind_prs21022025.pdf,press_release,UPSTREAM_EXPLICIT,
NIFTYMICROCAP250,2025-03-28,ADD,FINEORG,https://niftyindices.com/Press_Release/ind_prs21022025.pdf,press_release,UPSTREAM_EXPLICIT,closed by ind_prs23022026.pdf
NIFTYMICROCAP250,2025-03-28,REMOVE,FUSION,https://niftyindices.com/Press_Release/ind_prs17022023_1.pdf,press_release,UPSTREAM_EXPLICIT,closed by ind_prs21022025.pdf
NIFTYMICROCAP250,2025-03-28,ADD,GAEL,https://niftyindices.com/Press_Release/ind_prs21022025.pdf,press_release,UPSTREAM_EXPLICIT,
NIFTYMICROCAP250,2025-03-28,ADD,GANECOS,https://niftyindices.com/Press_Release/ind_prs21022025.pdf,press_release,UPSTREAM_EXPLICIT,closed by ind_prs23022026.pdf
NIFTYMICROCAP250,2025-03-28,ADD,GARFIBRES,https://niftyindices.com/Press_Release/ind_prs21022025.pdf,press_release,UPSTREAM_EXPLICIT,closed by ind_prs23022026.pdf
NIFTYMICROCAP250,2025-03-28,ADD,GMRP&UI,https://niftyindices.com/Press_Release/ind_prs21022025.pdf,press_release,UPSTREAM_EXPLICIT,
NIFTYMICROCAP250,2025-03-28,REMOVE,GOCOLORS,https://niftyindices.com/Press_Release/ind_prs28022024.pdf,press_release,UPSTREAM_EXPLICIT,closed by ind_prs21022025.pdf
NIFTYMICROCAP250,2025-03-28,REMOVE,GRAVITA,https://niftyindices.com/Press_Release/ind_prs01092022.pdf,press_release,UPSTREAM_EXPLICIT,closed by ind_prs21022025.pdf
NIFTYMICROCAP250,2025-03-28,ADD,GRINFRA,https://niftyindices.com/Press_Release/ind_prs21022025.pdf,press_release,UPSTREAM_EXPLICIT,closed by ind_prs23022026.pdf
NIFTYMICROCAP250,2025-03-28,ADD,GSFC,https://niftyindices.com/Press_Release/ind_prs21022025.pdf,press_release,UPSTREAM_EXPLICIT,
NIFTYMICROCAP250,2025-03-28,REMOVE,GUJALKALI,https://niftyindices.com/Press_Release/ind_prs28022024.pdf,press_release,UPSTREAM_EXPLICIT,closed by ind_prs21022025.pdf
NIFTYMICROCAP250,2025-03-28,REMOVE,HAPPYFORGE,https://niftyindices.com/Press_Release/ind_prs23082024.pdf,press_release,UPSTREAM_EXPLICIT,closed by ind_prs21022025.pdf
NIFTYMICROCAP250,2025-03-28,REMOVE,HARSHA,https://niftyindices.com/Press_Release/ind_prs23082024.pdf,press_release,UPSTREAM_EXPLICIT,closed by ind_prs21022025.pdf
NIFTYMICROCAP250,2025-03-28,REMOVE,HNDFDS,https://niftyindices.com/Press_Release/ind_prs23082024.pdf,press_release,UPSTREAM_EXPLICIT,closed by ind_prs21022025.pdf
NIFTYMICROCAP250,2025-03-28,REMOVE,IDEAFORGE,https://niftyindices.com/Press_Release/ind_prs28022024.pdf,press_release,UPSTREAM_EXPLICIT,closed by ind_prs21022025.pdf
NIFTYMICROCAP250,2025-03-28,REMOVE,IPL,https://niftyindices.com/Press_Release/ind_prs28022024.pdf,press_release,UPSTREAM_EXPLICIT,closed by ind_prs21022025.pdf
NIFTYMICROCAP250,2025-03-28,ADD,JKLAKSHMI,https://niftyindices.com/Press_Release/ind_prs21022025.pdf,press_release,UPSTREAM_EXPLICIT,
NIFTYMICROCAP250,2025-03-28,REMOVE,JLHL,https://niftyindices.com/Press_Release/ind_prs28022024.pdf,press_release,UPSTREAM_EXPLICIT,closed by ind_prs21022025.pdf
NIFTYMICROCAP250,2025-03-28,REMOVE,JTEKTINDIA,https://niftyindices.com/Press_Release/ind_prs17022023_1.pdf,press_release,UPSTREAM_EXPLICIT,closed by ind_prs21022025.pdf
NIFTYMICROCAP250,2025-03-28,REMOVE,JUNIPER,https://niftyindices.com/Press_Release/ind_prs24042024_1.pdf,press_release,UPSTREAM_EXPLICIT,closed by ind_prs21022025.pdf
NIFTYMICROCAP250,2025-03-28,REMOVE,KALAMANDIR,https://niftyindices.com/Press_Release/ind_prs28022024.pdf,press_release,UPSTREAM_EXPLICIT,closed by ind_prs21022025.pdf
NIFTYMICROCAP250,2025-03-28,ADD,KPIGREEN,https://niftyindices.com/Press_Release/ind_prs21022025.pdf,press_release,UPSTREAM_EXPLICIT,
NIFTYMICROCAP250,2025-03-28,ADD,KSB,https://niftyindices.com/Press_Release/ind_prs21022025.pdf,press_release,UPSTREAM_EXPLICIT,closed by ind_prs22082025.pdf
NIFTYMICROCAP250,2025-03-28,REMOVE,LANDMARK,https://niftyindices.com/Press_Release/ind_prs17022023_1.pdf,press_release,UPSTREAM_EXPLICIT,closed by ind_prs21022025.pdf
NIFTYMICROCAP250,2025-03-28,ADD,LLOYDSENT,https://niftyindices.com/Press_Release/ind_prs21022025.pdf,press_release,UPSTREAM_EXPLICIT,
NIFTYMICROCAP250,2025-03-28,ADD,MAHLIFE,https://niftyindices.com/Press_Release/ind_prs21022025.pdf,press_release,UPSTREAM_EXPLICIT,closed by ind_prs23022026.pdf
NIFTYMICROCAP250,2025-03-28,REMOVE,MAHLOG,https://niftyindices.com/Press_Release/ind_prs17082023.pdf,press_release,UPSTREAM_EXPLICIT,closed by ind_prs21022025.pdf
NIFTYMICROCAP250,2025-03-28,ADD,MAHSCOOTER,https://niftyindices.com/Press_Release/ind_prs21022025.pdf,press_release,UPSTREAM_EXPLICIT,closed by ind_prs22082025.pdf
NIFTYMICROCAP250,2025-03-28,ADD,MAXESTATES,https://niftyindices.com/Press_Release/ind_prs21022025.pdf,press_release,UPSTREAM_EXPLICIT,closed by ind_prs23022026.pdf
NIFTYMICROCAP250,2025-03-28,REMOVE,MHRIL,https://niftyindices.com/Press_Release/ind_prs23082024.pdf,press_release,UPSTREAM_EXPLICIT,closed by ind_prs21022025.pdf
NIFTYMICROCAP250,2025-03-28,REMOVE,MUTHOOTMF,https://niftyindices.com/Press_Release/ind_prs28022024.pdf,press_release,UPSTREAM_EXPLICIT,closed by ind_prs21022025.pdf
NIFTYMICROCAP250,2025-03-28,REMOVE,NIITMTS,https://niftyindices.com/Press_Release/ind_prs28022024.pdf,press_release,UPSTREAM_EXPLICIT,closed by ind_prs21022025.pdf
NIFTYMICROCAP250,2025-03-28,ADD,NUVOCO,https://niftyindices.com/Press_Release/ind_prs21022025.pdf,press_release,UPSTREAM_EXPLICIT,closed by ind_prs22082025.pdf
NIFTYMICROCAP250,2025-03-28,REMOVE,ORIENTELEC,https://niftyindices.com/Press_Release/ind_prs28022024.pdf,press_release,UPSTREAM_EXPLICIT,closed by ind_prs21022025.pdf
NIFTYMICROCAP250,2025-03-28,ADD,PCJEWELLER,https://niftyindices.com/Press_Release/ind_prs21022025.pdf,press_release,UPSTREAM_EXPLICIT,
NIFTYMICROCAP250,2025-03-28,REMOVE,PGEL,https://niftyindices.com/Press_Release/ind_prs17022023_1.pdf,press_release,UPSTREAM_EXPLICIT,closed by ind_prs21022025.pdf
NIFTYMICROCAP250,2025-03-28,REMOVE,PGHL,https://niftyindices.com/Press_Release/ind_prs23082024.pdf,press_release,UPSTREAM_EXPLICIT,closed by ind_prs21022025.pdf
NIFTYMICROCAP250,2025-03-28,ADD,PGIL,https://niftyindices.com/Press_Release/ind_prs21022025.pdf,press_release,UPSTREAM_EXPLICIT,
NIFTYMICROCAP250,2025-03-28,ADD,PNGJL,https://niftyindices.com/Press_Release/ind_prs21022025.pdf,press_release,UPSTREAM_EXPLICIT,
NIFTYMICROCAP250,2025-03-28,ADD,PRSMJOHNSN,https://niftyindices.com/Press_Release/ind_prs21022025.pdf,press_release,UPSTREAM_EXPLICIT,
NIFTYMICROCAP250,2025-03-28,REMOVE,PURVA,https://niftyindices.com/Press_Release/ind_prs28022024.pdf,press_release,UPSTREAM_EXPLICIT,closed by ind_prs21022025.pdf
NIFTYMICROCAP250,2025-03-28,ADD,RAJESHEXPO,https://niftyindices.com/Press_Release/ind_prs21022025.pdf,press_release,UPSTREAM_EXPLICIT,closed by ind_prs23122025.pdf
NIFTYMICROCAP250,2025-03-28,REMOVE,RAMKY,https://niftyindices.com/Press_Release/ind_prs17082023.pdf,press_release,UPSTREAM_EXPLICIT,closed by ind_prs21022025.pdf
NIFTYMICROCAP250,2025-03-28,ADD,REFEX,https://niftyindices.com/Press_Release/ind_prs21022025.pdf,press_release,UPSTREAM_EXPLICIT,
NIFTYMICROCAP250,2025-03-28,REMOVE,ROLEXRINGS,https://niftyindices.com/Press_Release/ind_prs23082024.pdf,press_release,UPSTREAM_EXPLICIT,closed by ind_prs21022025.pdf
NIFTYMICROCAP250,2025-03-28,ADD,RTNPOWER,https://niftyindices.com/Press_Release/ind_prs21022025.pdf,press_release,UPSTREAM_EXPLICIT,
NIFTYMICROCAP250,2025-03-28,REMOVE,SANDUMA,https://niftyindices.com/Press_Release/ind_prs28022024.pdf,press_release,UPSTREAM_EXPLICIT,closed by ind_prs21022025.pdf
NIFTYMICROCAP250,2025-03-28,REMOVE,SANGHIIND,https://niftyindices.com/Press_Release/ind_prs28022024.pdf,press_release,UPSTREAM_EXPLICIT,closed by ind_prs21022025.pdf
NIFTYMICROCAP250,2025-03-28,REMOVE,SANGHVIMOV,https://niftyindices.com/Press_Release/ind_prs28022024.pdf,press_release,UPSTREAM_EXPLICIT,closed by ind_prs21022025.pdf
NIFTYMICROCAP250,2025-03-28,ADD,SANOFI,https://niftyindices.com/Press_Release/ind_prs21022025.pdf,press_release,UPSTREAM_EXPLICIT,closed by ind_prs23022026.pdf
NIFTYMICROCAP250,2025-03-28,ADD,SANOFICONR,https://niftyindices.com/Press_Release/ind_prs21022025.pdf,press_release,UPSTREAM_EXPLICIT,closed by ind_prs23022026.pdf
NIFTYMICROCAP250,2025-03-28,ADD,SHAILY,https://niftyindices.com/Press_Release/ind_prs21022025.pdf,press_release,UPSTREAM_EXPLICIT,
NIFTYMICROCAP250,2025-03-28,ADD,SHAKTIPUMP,https://niftyindices.com/Press_Release/ind_prs21022025.pdf,press_release,UPSTREAM_EXPLICIT,
NIFTYMICROCAP250,2025-03-28,ADD,SHARDACROP,https://niftyindices.com/Press_Release/ind_prs21022025.pdf,press_release,UPSTREAM_EXPLICIT,
NIFTYMICROCAP250,2025-03-28,REMOVE,SHARDAMOTR,https://niftyindices.com/Press_Release/ind_prs28022024.pdf,press_release,UPSTREAM_EXPLICIT,closed by ind_prs21022025.pdf
NIFTYMICROCAP250,2025-03-28,ADD,SHOPERSTOP,https://niftyindices.com/Press_Release/ind_prs21022025.pdf,press_release,UPSTREAM_EXPLICIT,closed by ind_prs22082025.pdf
NIFTYMICROCAP250,2025-03-28,REMOVE,SINDHUTRAD,https://niftyindices.com/Press_Release/ind_prs28022024.pdf,press_release,UPSTREAM_EXPLICIT,closed by ind_prs21022025.pdf
NIFTYMICROCAP250,2025-03-28,ADD,SKIPPER,https://niftyindices.com/Press_Release/ind_prs21022025.pdf,press_release,UPSTREAM_EXPLICIT,
NIFTYMICROCAP250,2025-03-28,ADD,SPARC,https://niftyindices.com/Press_Release/ind_prs21022025.pdf,press_release,UPSTREAM_EXPLICIT,
NIFTYMICROCAP250,2025-03-28,REMOVE,SPLPETRO,https://niftyindices.com/Press_Release/ind_prs24042024.pdf,press_release,UPSTREAM_EXPLICIT,closed by ind_prs21022025.pdf
NIFTYMICROCAP250,2025-03-28,REMOVE,TCIEXP,https://niftyindices.com/Press_Release/ind_prs23082024.pdf,press_release,UPSTREAM_EXPLICIT,closed by ind_prs21022025.pdf
NIFTYMICROCAP250,2025-03-28,ADD,THANGAMAYL,https://niftyindices.com/Press_Release/ind_prs21022025.pdf,press_release,UPSTREAM_EXPLICIT,
NIFTYMICROCAP250,2025-03-28,ADD,TRANSRAILL,https://niftyindices.com/Press_Release/ind_prs21022025.pdf,press_release,UPSTREAM_EXPLICIT,
NIFTYMICROCAP250,2025-03-28,ADD,TVSSCS,https://niftyindices.com/Press_Release/ind_prs21022025.pdf,press_release,UPSTREAM_EXPLICIT,
NIFTYMICROCAP250,2025-03-28,ADD,UJJIVANSFB,https://niftyindices.com/Press_Release/ind_prs21022025.pdf,press_release,UPSTREAM_EXPLICIT,
NIFTYMICROCAP250,2025-03-28,ADD,UNIMECH,https://niftyindices.com/Press_Release/ind_prs21022025.pdf,press_release,UPSTREAM_EXPLICIT,closed by ind_prs23022026.pdf
NIFTYMICROCAP250,2025-03-28,REMOVE,UTKARSHBNK,https://niftyindices.com/Press_Release/ind_prs28022024.pdf,press_release,UPSTREAM_EXPLICIT,closed by ind_prs21022025.pdf
NIFTYMICROCAP250,2025-03-28,ADD,VARROC,https://niftyindices.com/Press_Release/ind_prs21022025.pdf,press_release,UPSTREAM_EXPLICIT,
NIFTYMICROCAP250,2025-03-28,REMOVE,VENKEYS,https://niftyindices.com/Press_Release/ind_prs01092022.pdf,press_release,UPSTREAM_EXPLICIT,closed by ind_prs21022025.pdf
NIFTYMICROCAP250,2025-03-28,ADD,VENTIVE,https://niftyindices.com/Press_Release/ind_prs21022025.pdf,press_release,UPSTREAM_EXPLICIT,closed by ind_prs22082025.pdf
NIFTYMICROCAP250,2025-03-28,ADD,VIPIND,https://niftyindices.com/Press_Release/ind_prs21022025.pdf,press_release,UPSTREAM_EXPLICIT,
NIFTYMICROCAP250,2025-03-28,ADD,WEBELSOLAR,https://niftyindices.com/Press_Release/ind_prs21022025.pdf,press_release,UPSTREAM_EXPLICIT,
NIFTYMICROCAP250,2025-03-28,REMOVE,WOCKPHARMA,https://niftyindices.com/Press_Release/ind_prs17022023_1.pdf,press_release,UPSTREAM_EXPLICIT,closed by ind_prs21022025.pdf
NIFTYMICROCAP250,2025-03-28,ADD,ZAGGLE,https://niftyindices.com/Press_Release/ind_prs21022025.pdf,press_release,UPSTREAM_EXPLICIT,
NIFTYMICROCAP250,2025-03-28,REMOVE,ZENTEC,https://niftyindices.com/Press_Release/ind_prs17082023.pdf,press_release,UPSTREAM_EXPLICIT,closed by ind_prs21022025.pdf
NIFTYMICROCAP250,2025-03-31,REMOVE,ALLCARGO,https://niftyindices.com/Press_Release/ind_prs23082024.pdf,press_release,UPSTREAM_EXPLICIT,"inferred-exclude: not in NSE current snapshot, no PR found (closed at next semi-annual review)"
NIFTYMICROCAP250,2025-03-31,REMOVE,EXICOM,https://niftyindices.com/Press_Release/ind_prs23082024.pdf,press_release,UPSTREAM_EXPLICIT,"inferred-exclude: not in NSE current snapshot, no PR found (closed at next semi-annual review)"
NIFTYMICROCAP250,2025-03-31,REMOVE,GLS,https://niftyindices.com/Press_Release/ind_prs23082024.pdf,press_release,UPSTREAM_EXPLICIT,"inferred-exclude: not in NSE current snapshot, no PR found (closed at next semi-annual review)"
NIFTYMICROCAP250,2025-03-31,REMOVE,JNKINDIA,https://niftyindices.com/Press_Release/ind_prs23082024.pdf,press_release,UPSTREAM_EXPLICIT,"inferred-exclude: not in NSE current snapshot, no PR found (closed at next semi-annual review)"
NIFTYMICROCAP250,2025-09-23,ADD,KITEX,https://niftyindices.com/Press_Release/ind_prs15092025_1.pdf,press_release,UPSTREAM_EXPLICIT,
NIFTYMICROCAP250,2025-09-30,ADD,AJAXENGG,https://niftyindices.com/Press_Release/ind_prs22082025.pdf,press_release,UPSTREAM_EXPLICIT,closed by ind_prs23022026.pdf
NIFTYMICROCAP250,2025-09-30,REMOVE,AKZOINDIA,https://niftyindices.com/Press_Release/ind_prs21022025.pdf,press_release,UPSTREAM_EXPLICIT,closed by ind_prs22082025.pdf
NIFTYMICROCAP250,2025-09-30,ADD,ALIVUS,https://niftyindices.com/Press_Release/ind_prs22082025.pdf,press_release,UPSTREAM_EXPLICIT,
NIFTYMICROCAP250,2025-09-30,ADD,ANURAS,https://niftyindices.com/Press_Release/ind_prs22082025.pdf,press_release,UPSTREAM_EXPLICIT,closed by ind_prs23022026.pdf
NIFTYMICROCAP250,2025-09-30,REMOVE,AVL,https://niftyindices.com/Press_Release/ind_prs21022025.pdf,press_release,UPSTREAM_EXPLICIT,closed by ind_prs22082025.pdf
NIFTYMICROCAP250,2025-09-30,ADD,BAJAJELEC,https://niftyindices.com/Press_Release/ind_prs22082025.pdf,press_release,UPSTREAM_EXPLICIT,
NIFTYMICROCAP250,2025-09-30,REMOVE,BANSALWIRE,https://niftyindices.com/Press_Release/ind_prs21022025.pdf,press_release,UPSTREAM_EXPLICIT,closed by ind_prs22082025.pdf
NIFTYMICROCAP250,2025-09-30,ADD,BELRISE,https://niftyindices.com/Press_Release/ind_prs22082025.pdf,press_release,UPSTREAM_EXPLICIT,closed by ind_prs23022026.pdf
NIFTYMICROCAP250,2025-09-30,REMOVE,BLUEJET,https://niftyindices.com/Press_Release/ind_prs28022024.pdf,press_release,UPSTREAM_EXPLICIT,closed by ind_prs22082025.pdf
NIFTYMICROCAP250,2025-09-30,REMOVE,BOROLTD,https://niftyindices.com/Press_Release/ind_prs23082024.pdf,press_release,UPSTREAM_EXPLICIT,closed by ind_prs22082025.pdf
NIFTYMICROCAP250,2025-09-30,REMOVE,CHEMPLASTS,https://niftyindices.com/Press_Release/ind_prs21022025.pdf,press_release,UPSTREAM_EXPLICIT,closed by ind_prs22082025.pdf
NIFTYMICROCAP250,2025-09-30,REMOVE,CHOICEIN,https://niftyindices.com/Press_Release/ind_prs19042023_1.pdf,press_release,UPSTREAM_EXPLICIT,closed by ind_prs22082025.pdf
NIFTYMICROCAP250,2025-09-30,REMOVE,DCXINDIA,https://niftyindices.com/Press_Release/ind_prs17022023_1.pdf,press_release,UPSTREAM_EXPLICIT,closed by ind_prs22082025.pdf
NIFTYMICROCAP250,2025-09-30,ADD,DHANUKA,https://niftyindices.com/Press_Release/ind_prs22082025.pdf,press_release,UPSTREAM_EXPLICIT,closed by ind_prs23022026.pdf
NIFTYMICROCAP250,2025-09-30,ADD,DIACABS,https://niftyindices.com/Press_Release/ind_prs22082025.pdf,press_release,UPSTREAM_EXPLICIT,
NIFTYMICROCAP250,2025-09-30,REMOVE,FCL,https://niftyindices.com/Press_Release/ind_prs01092022.pdf,press_release,UPSTREAM_EXPLICIT,closed by ind_prs22082025.pdf
NIFTYMICROCAP250,2025-09-30,REMOVE,FORCEMOT,https://niftyindices.com/Press_Release/ind_prs23082024.pdf,press_release,UPSTREAM_EXPLICIT,closed by ind_prs22082025.pdf
NIFTYMICROCAP250,2025-09-30,ADD,GALLANTT,https://niftyindices.com/Press_Release/ind_prs22082025.pdf,press_release,UPSTREAM_EXPLICIT,closed by ind_prs23022026.pdf
NIFTYMICROCAP250,2025-09-30,ADD,GNFC,https://niftyindices.com/Press_Release/ind_prs22082025.pdf,press_release,UPSTREAM_EXPLICIT,
NIFTYMICROCAP250,2025-09-30,REMOVE,GOPAL,https://niftyindices.com/Press_Release/ind_prs23082024.pdf,press_release,UPSTREAM_EXPLICIT,closed by ind_prs22082025.pdf
NIFTYMICROCAP250,2025-09-30,ADD,GPPL,https://niftyindices.com/Press_Release/ind_prs22082025.pdf,press_release,UPSTREAM_EXPLICIT,
NIFTYMICROCAP250,2025-09-30,REMOVE,HATHWAY,https://niftyindices.com/Press_Release/ind_prs01092022.pdf,press_release,UPSTREAM_EXPLICIT,closed by ind_prs22082025.pdf
NIFTYMICROCAP250,2025-09-30,REMOVE,HEIDELBERG,https://niftyindices.com/Press_Release/ind_prs24022022_1.pdf,press_release,UPSTREAM_EXPLICIT,closed by ind_prs22082025.pdf
NIFTYMICROCAP250,2025-09-30,REMOVE,JTLIND,https://niftyindices.com/Press_Release/ind_prs17082023.pdf,press_release,UPSTREAM_EXPLICIT,closed by ind_prs22082025.pdf
NIFTYMICROCAP250,2025-09-30,ADD,JUSTDIAL,https://niftyindices.com/Press_Release/ind_prs22082025.pdf,press_release,UPSTREAM_EXPLICIT,
NIFTYMICROCAP250,2025-09-30,ADD,KNRCON,https://niftyindices.com/Press_Release/ind_prs22082025.pdf,press_release,UPSTREAM_EXPLICIT,
NIFTYMICROCAP250,2025-09-30,ADD,KRN,https://niftyindices.com/Press_Release/ind_prs22082025.pdf,press_release,UPSTREAM_EXPLICIT,
NIFTYMICROCAP250,2025-09-30,REMOVE,KSB,https://niftyindices.com/Press_Release/ind_prs21022025.pdf,press_release,UPSTREAM_EXPLICIT,closed by ind_prs22082025.pdf
NIFTYMICROCAP250,2025-09-30,ADD,LUMAXTECH,https://niftyindices.com/Press_Release/ind_prs22082025.pdf,press_release,UPSTREAM_EXPLICIT,
NIFTYMICROCAP250,2025-09-30,REMOVE,MAHSCOOTER,https://niftyindices.com/Press_Release/ind_prs21022025.pdf,press_release,UPSTREAM_EXPLICIT,closed by ind_prs22082025.pdf
NIFTYMICROCAP250,2025-09-30,ADD,MANORAMA,https://niftyindices.com/Press_Release/ind_prs22082025.pdf,press_release,UPSTREAM_EXPLICIT,
NIFTYMICROCAP250,2025-09-30,ADD,MASTEK,https://niftyindices.com/Press_Release/ind_prs22082025.pdf,press_release,UPSTREAM_EXPLICIT,
NIFTYMICROCAP250,2025-09-30,ADD,NETWORK18,https://niftyindices.com/Press_Release/ind_prs22082025.pdf,press_release,UPSTREAM_EXPLICIT,
NIFTYMICROCAP250,2025-09-30,REMOVE,NOCIL,https://niftyindices.com/Press_Release/ind_prs17082023.pdf,press_release,UPSTREAM_EXPLICIT,closed by ind_prs22082025.pdf
NIFTYMICROCAP250,2025-09-30,REMOVE,NUVOCO,https://niftyindices.com/Press_Release/ind_prs21022025.pdf,press_release,UPSTREAM_EXPLICIT,closed by ind_prs22082025.pdf
NIFTYMICROCAP250,2025-09-30,REMOVE,ORISSAMINE,https://niftyindices.com/Press_Release/ind_prs28022024.pdf,press_release,UPSTREAM_EXPLICIT,closed by ind_prs22082025.pdf
NIFTYMICROCAP250,2025-09-30,ADD,OSWALPUMPS,https://niftyindices.com/Press_Release/ind_prs22082025.pdf,press_release,UPSTREAM_EXPLICIT,
NIFTYMICROCAP250,2025-09-30,ADD,PNCINFRA,https://niftyindices.com/Press_Release/ind_prs22082025.pdf,press_release,UPSTREAM_EXPLICIT,
NIFTYMICROCAP250,2025-09-30,ADD,PRIVISCL,https://niftyindices.com/Press_Release/ind_prs22082025.pdf,press_release,UPSTREAM_EXPLICIT,
NIFTYMICROCAP250,2025-09-30,ADD,PURVA,https://niftyindices.com/Press_Release/ind_prs22082025.pdf,press_release,UPSTREAM_EXPLICIT,
NIFTYMICROCAP250,2025-09-30,ADD,QUESS,https://niftyindices.com/Press_Release/ind_prs22082025.pdf,press_release,UPSTREAM_EXPLICIT,
NIFTYMICROCAP250,2025-09-30,ADD,RAYMONDLSL,https://niftyindices.com/Press_Release/ind_prs22082025.pdf,press_release,UPSTREAM_EXPLICIT,
NIFTYMICROCAP250,2025-09-30,REMOVE,REDTAPE,https://niftyindices.com/Press_Release/ind_prs28022024.pdf,press_release,UPSTREAM_EXPLICIT,closed by ind_prs22082025.pdf
NIFTYMICROCAP250,2025-09-30,ADD,RELAXO,https://niftyindices.com/Press_Release/ind_prs22082025.pdf,press_release,UPSTREAM_EXPLICIT,
NIFTYMICROCAP250,2025-09-30,ADD,RENUKA,https://niftyindices.com/Press_Release/ind_prs22082025.pdf,press_release,UPSTREAM_EXPLICIT,
NIFTYMICROCAP250,2025-09-30,REMOVE,RESPONIND,https://niftyindices.com/Press_Release/ind_prs17082023.pdf,press_release,UPSTREAM_EXPLICIT,closed by ind_prs22082025.pdf
NIFTYMICROCAP250,2025-09-30,REMOVE,ROSSARI,https://niftyindices.com/Press_Release/ind_prs28022024.pdf,press_release,UPSTREAM_EXPLICIT,closed by ind_prs22082025.pdf
NIFTYMICROCAP250,2025-09-30,ADD,ROUTE,https://niftyindices.com/Press_Release/ind_prs22082025.pdf,press_release,UPSTREAM_EXPLICIT,
NIFTYMICROCAP250,2025-09-30,ADD,RTNINDIA,https://niftyindices.com/Press_Release/ind_prs22082025.pdf,press_release,UPSTREAM_EXPLICIT,
NIFTYMICROCAP250,2025-09-30,ADD,SANDUMA,https://niftyindices.com/Press_Release/ind_prs22082025.pdf,press_release,UPSTREAM_EXPLICIT,
NIFTYMICROCAP250,2025-09-30,REMOVE,SBCL,https://niftyindices.com/Press_Release/ind_prs01092022.pdf,press_release,UPSTREAM_EXPLICIT,closed by ind_prs22082025.pdf
NIFTYMICROCAP250,2025-09-30,ADD,SHARDAMOTR,https://niftyindices.com/Press_Release/ind_prs22082025.pdf,press_release,UPSTREAM_EXPLICIT,closed by ind_prs23022026.pdf
NIFTYMICROCAP250,2025-09-30,REMOVE,SHOPERSTOP,https://niftyindices.com/Press_Release/ind_prs21022025.pdf,press_release,UPSTREAM_EXPLICIT,closed by ind_prs22082025.pdf
NIFTYMICROCAP250,2025-09-30,ADD,SKYGOLD,https://niftyindices.com/Press_Release/ind_prs22082025.pdf,press_release,UPSTREAM_EXPLICIT,
NIFTYMICROCAP250,2025-09-30,REMOVE,SPANDANA,https://niftyindices.com/Press_Release/ind_prs24022022_1.pdf,press_release,UPSTREAM_EXPLICIT,closed by ind_prs22082025.pdf
NIFTYMICROCAP250,2025-09-30,REMOVE,STYLAMIND,https://niftyindices.com/Press_Release/ind_prs17082023.pdf,press_release,UPSTREAM_EXPLICIT,closed by ind_prs22082025.pdf
NIFTYMICROCAP250,2025-09-30,ADD,STYRENIX,https://niftyindices.com/Press_Release/ind_prs22082025.pdf,press_release,UPSTREAM_EXPLICIT,
NIFTYMICROCAP250,2025-09-30,REMOVE,SULA,https://niftyindices.com/Press_Release/ind_prs17022023_1.pdf,press_release,UPSTREAM_EXPLICIT,closed by ind_prs22082025.pdf
NIFTYMICROCAP250,2025-09-30,ADD,SUNDARMHLD,https://niftyindices.com/Press_Release/ind_prs22082025.pdf,press_release,UPSTREAM_EXPLICIT,"inferred-exclude: not in NSE current snapshot, no PR found (closed at next semi-annual review)"
NIFTYMICROCAP250,2025-09-30,REMOVE,SUPRAJIT,https://niftyindices.com/Press_Release/ind_prs28022024.pdf,press_release,UPSTREAM_EXPLICIT,closed by ind_prs22082025.pdf
NIFTYMICROCAP250,2025-09-30,ADD,SWSOLAR,https://niftyindices.com/Press_Release/ind_prs22082025.pdf,press_release,UPSTREAM_EXPLICIT,
NIFTYMICROCAP250,2025-09-30,ADD,TANLA,https://niftyindices.com/Press_Release/ind_prs22082025.pdf,press_release,UPSTREAM_EXPLICIT,
NIFTYMICROCAP250,2025-09-30,ADD,THYROCARE,https://niftyindices.com/Press_Release/ind_prs22082025.pdf,press_release,UPSTREAM_EXPLICIT,
NIFTYMICROCAP250,2025-09-30,REMOVE,TIIL,https://niftyindices.com/Press_Release/ind_prs23082024.pdf,press_release,UPSTREAM_EXPLICIT,closed by ind_prs22082025.pdf
NIFTYMICROCAP250,2025-09-30,ADD,V2RETAIL,https://niftyindices.com/Press_Release/ind_prs22082025.pdf,press_release,UPSTREAM_EXPLICIT,
NIFTYMICROCAP250,2025-09-30,REMOVE,VENTIVE,https://niftyindices.com/Press_Release/ind_prs21022025.pdf,press_release,UPSTREAM_EXPLICIT,closed by ind_prs22082025.pdf
NIFTYMICROCAP250,2025-09-30,REMOVE,VENUSPIPES,https://niftyindices.com/Press_Release/ind_prs23082024.pdf,press_release,UPSTREAM_EXPLICIT,closed by ind_prs22082025.pdf
NIFTYMICROCAP250,2025-09-30,ADD,VINATIORGA,https://niftyindices.com/Press_Release/ind_prs22082025.pdf,press_release,UPSTREAM_EXPLICIT,closed by ind_prs23022026.pdf
NIFTYMICROCAP250,2025-09-30,ADD,WAAREERTL,https://niftyindices.com/Press_Release/ind_prs22082025.pdf,press_release,UPSTREAM_EXPLICIT,
NIFTYMICROCAP250,2025-09-30,ADD,WESTLIFE,https://niftyindices.com/Press_Release/ind_prs22082025.pdf,press_release,UPSTREAM_EXPLICIT,
NIFTYMICROCAP250,2025-09-30,REMOVE,WONDERLA,https://niftyindices.com/Press_Release/ind_prs17082023.pdf,press_release,UPSTREAM_EXPLICIT,closed by ind_prs22082025.pdf
NIFTYMICROCAP250,2025-10-28,REMOVE,DHANI,https://niftyindices.com/Press_Release/ind_prs17022023_1.pdf,press_release,UPSTREAM_EXPLICIT,closed by ind_prs20102025.pdf
NIFTYMICROCAP250,2025-10-28,ADD,RATNAMANI,https://niftyindices.com/Press_Release/ind_prs20102025.pdf,press_release,UPSTREAM_EXPLICIT,closed by ind_prs23022026.pdf
NIFTYMICROCAP250,2025-12-26,ADD,KANSAINER,https://niftyindices.com/Press_Release/ind_prs23122025.pdf,press_release,UPSTREAM_EXPLICIT,
NIFTYMICROCAP250,2025-12-26,REMOVE,RAJESHEXPO,https://niftyindices.com/Press_Release/ind_prs21022025.pdf,press_release,UPSTREAM_EXPLICIT,closed by ind_prs23122025.pdf
NIFTYMICROCAP250,2026-03-30,REMOVE,ABDL,https://niftyindices.com/Press_Release/ind_prs21022025.pdf,press_release,UPSTREAM_EXPLICIT,closed by ind_prs23022026.pdf
NIFTYMICROCAP250,2026-03-30,ADD,AEQUS,https://niftyindices.com/Press_Release/ind_prs23022026.pdf,press_release,UPSTREAM_EXPLICIT,
NIFTYMICROCAP250,2026-03-30,ADD,AGARWALEYE,https://niftyindices.com/Press_Release/ind_prs23022026.pdf,press_release,UPSTREAM_EXPLICIT,
NIFTYMICROCAP250,2026-03-30,REMOVE,AJAXENGG,https://niftyindices.com/Press_Release/ind_prs22082025.pdf,press_release,UPSTREAM_EXPLICIT,closed by ind_prs23022026.pdf
NIFTYMICROCAP250,2026-03-30,ADD,AKUMS,https://niftyindices.com/Press_Release/ind_prs23022026.pdf,press_release,UPSTREAM_EXPLICIT,
NIFTYMICROCAP250,2026-03-30,ADD,ALKYLAMINE,https://niftyindices.com/Press_Release/ind_prs23022026.pdf,press_release,UPSTREAM_EXPLICIT,
NIFTYMICROCAP250,2026-03-30,ADD,ALOKINDS,https://niftyindices.com/Press_Release/ind_prs23022026.pdf,press_release,UPSTREAM_EXPLICIT,
NIFTYMICROCAP250,2026-03-30,REMOVE,ANURAS,https://niftyindices.com/Press_Release/ind_prs22082025.pdf,press_release,UPSTREAM_EXPLICIT,closed by ind_prs23022026.pdf
NIFTYMICROCAP250,2026-03-30,ADD,APLLTD,https://niftyindices.com/Press_Release/ind_prs23022026.pdf,press_release,UPSTREAM_EXPLICIT,
NIFTYMICROCAP250,2026-03-30,ADD,APOLLO,https://niftyindices.com/Press_Release/ind_prs23022026.pdf,press_release,UPSTREAM_EXPLICIT,
NIFTYMICROCAP250,2026-03-30,ADD,ASHAPURMIN,https://niftyindices.com/Press_Release/ind_prs23022026.pdf,press_release,UPSTREAM_EXPLICIT,
NIFTYMICROCAP250,2026-03-30,ADD,ATLANTAELE,https://niftyindices.com/Press_Release/ind_prs23022026.pdf,press_release,UPSTREAM_EXPLICIT,
NIFTYMICROCAP250,2026-03-30,ADD,AVL,https://niftyindices.com/Press_Release/ind_prs23022026.pdf,press_release,UPSTREAM_EXPLICIT,
NIFTYMICROCAP250,2026-03-30,ADD,AXISCADES,https://niftyindices.com/Press_Release/ind_prs23022026.pdf,press_release,UPSTREAM_EXPLICIT,
NIFTYMICROCAP250,2026-03-30,REMOVE,BBL,https://niftyindices.com/Press_Release/ind_prs23082024.pdf,press_release,UPSTREAM_EXPLICIT,closed by ind_prs23022026.pdf
NIFTYMICROCAP250,2026-03-30,ADD,BBOX,https://niftyindices.com/Press_Release/ind_prs23022026.pdf,press_release,UPSTREAM_EXPLICIT,
NIFTYMICROCAP250,2026-03-30,REMOVE,BELRISE,https://niftyindices.com/Press_Release/ind_prs22082025.pdf,press_release,UPSTREAM_EXPLICIT,closed by ind_prs23022026.pdf
NIFTYMICROCAP250,2026-03-30,ADD,BLUESTONE,https://niftyindices.com/Press_Release/ind_prs23022026.pdf,press_release,UPSTREAM_EXPLICIT,
NIFTYMICROCAP250,2026-03-30,ADD,CAMPUS,https://niftyindices.com/Press_Release/ind_prs23022026.pdf,press_release,UPSTREAM_EXPLICIT,
NIFTYMICROCAP250,2026-03-30,ADD,CAPILLARY,https://niftyindices.com/Press_Release/ind_prs23022026.pdf,press_release,UPSTREAM_EXPLICIT,
NIFTYMICROCAP250,2026-03-30,REMOVE,CARTRADE,https://niftyindices.com/Press_Release/ind_prs24022022_1.pdf,press_release,UPSTREAM_EXPLICIT,closed by ind_prs23022026.pdf
NIFTYMICROCAP250,2026-03-30,REMOVE,CEIGALL,https://niftyindices.com/Press_Release/ind_prs21022025.pdf,press_release,UPSTREAM_EXPLICIT,closed by ind_prs23022026.pdf
NIFTYMICROCAP250,2026-03-30,ADD,CENTURYPLY,https://niftyindices.com/Press_Release/ind_prs23022026.pdf,press_release,UPSTREAM_EXPLICIT,
NIFTYMICROCAP250,2026-03-30,ADD,CERA,https://niftyindices.com/Press_Release/ind_prs23022026.pdf,press_release,UPSTREAM_EXPLICIT,
NIFTYMICROCAP250,2026-03-30,ADD,CORONA,https://niftyindices.com/Press_Release/ind_prs23022026.pdf,press_release,UPSTREAM_EXPLICIT,
NIFTYMICROCAP250,2026-03-30,ADD,CRAMC,https://niftyindices.com/Press_Release/ind_prs23022026.pdf,press_release,UPSTREAM_EXPLICIT,
NIFTYMICROCAP250,2026-03-30,ADD,CRIZAC,https://niftyindices.com/Press_Release/ind_prs23022026.pdf,press_release,UPSTREAM_EXPLICIT,
NIFTYMICROCAP250,2026-03-30,ADD,CUPID,https://niftyindices.com/Press_Release/ind_prs23022026.pdf,press_release,UPSTREAM_EXPLICIT,
NIFTYMICROCAP250,2026-03-30,REMOVE,CYIENTDLM,https://niftyindices.com/Press_Release/ind_prs28022024.pdf,press_release,UPSTREAM_EXPLICIT,closed by ind_prs23022026.pdf
NIFTYMICROCAP250,2026-03-30,ADD,DBREALTY,https://niftyindices.com/Press_Release/ind_prs23022026.pdf,press_release,UPSTREAM_EXPLICIT,
NIFTYMICROCAP250,2026-03-30,REMOVE,DCAL,https://niftyindices.com/Press_Release/ind_prs15092021.pdf,press_release,UPSTREAM_EXPLICIT,closed by ind_prs23022026.pdf
NIFTYMICROCAP250,2026-03-30,REMOVE,DHANUKA,https://niftyindices.com/Press_Release/ind_prs22082025.pdf,press_release,UPSTREAM_EXPLICIT,closed by ind_prs23022026.pdf
NIFTYMICROCAP250,2026-03-30,REMOVE,DODLA,https://niftyindices.com/Press_Release/ind_prs17082023.pdf,press_release,UPSTREAM_EXPLICIT,closed by ind_prs23022026.pdf
NIFTYMICROCAP250,2026-03-30,REMOVE,EASEMYTRIP,https://niftyindices.com/Press_Release/ind_prs21022025.pdf,press_release,UPSTREAM_EXPLICIT,closed by ind_prs23022026.pdf
NIFTYMICROCAP250,2026-03-30,ADD,ELLEN,https://niftyindices.com/Press_Release/ind_prs23022026.pdf,press_release,UPSTREAM_EXPLICIT,
NIFTYMICROCAP250,2026-03-30,REMOVE,EMUDHRA,https://niftyindices.com/Press_Release/ind_prs01092022.pdf,press_release,UPSTREAM_EXPLICIT,closed by ind_prs23022026.pdf
NIFTYMICROCAP250,2026-03-30,REMOVE,EPIGRAL,https://niftyindices.com/Press_Release/ind_prs28022024.pdf,press_release,UPSTREAM_EXPLICIT,closed by ind_prs23022026.pdf
NIFTYMICROCAP250,2026-03-30,REMOVE,FDC,https://niftyindices.com/Press_Release/ind_prs23082024.pdf,press_release,UPSTREAM_EXPLICIT,closed by ind_prs23022026.pdf
NIFTYMICROCAP250,2026-03-30,ADD,FEDFINA,https://niftyindices.com/Press_Release/ind_prs23022026.pdf,press_release,UPSTREAM_EXPLICIT,
NIFTYMICROCAP250,2026-03-30,REMOVE,FINEORG,https://niftyindices.com/Press_Release/ind_prs21022025.pdf,press_release,UPSTREAM_EXPLICIT,closed by ind_prs23022026.pdf
NIFTYMICROCAP250,2026-03-30,ADD,FINPIPE,https://niftyindices.com/Press_Release/ind_prs23022026.pdf,press_release,UPSTREAM_EXPLICIT,
NIFTYMICROCAP250,2026-03-30,REMOVE,GALLANTT,https://niftyindices.com/Press_Release/ind_prs22082025.pdf,press_release,UPSTREAM_EXPLICIT,closed by ind_prs23022026.pdf
NIFTYMICROCAP250,2026-03-30,REMOVE,GANECOS,https://niftyindices.com/Press_Release/ind_prs21022025.pdf,press_release,UPSTREAM_EXPLICIT,closed by ind_prs23022026.pdf
NIFTYMICROCAP250,2026-03-30,REMOVE,GARFIBRES,https://niftyindices.com/Press_Release/ind_prs21022025.pdf,press_release,UPSTREAM_EXPLICIT,closed by ind_prs23022026.pdf
NIFTYMICROCAP250,2026-03-30,REMOVE,GATEWAY,https://niftyindices.com/Press_Release/ind_prs24052022.pdf,press_release,UPSTREAM_EXPLICIT,closed by ind_prs23022026.pdf
NIFTYMICROCAP250,2026-03-30,ADD,GODREJAGRO,https://niftyindices.com/Press_Release/ind_prs23022026.pdf,press_release,UPSTREAM_EXPLICIT,
NIFTYMICROCAP250,2026-03-30,ADD,GOKULAGRO,https://niftyindices.com/Press_Release/ind_prs23022026.pdf,press_release,UPSTREAM_EXPLICIT,
NIFTYMICROCAP250,2026-03-30,REMOVE,GREENPANEL,https://niftyindices.com/Press_Release/ind_prs17082023.pdf,press_release,UPSTREAM_EXPLICIT,closed by ind_prs23022026.pdf
NIFTYMICROCAP250,2026-03-30,REMOVE,GRINFRA,https://niftyindices.com/Press_Release/ind_prs21022025.pdf,press_release,UPSTREAM_EXPLICIT,closed by ind_prs23022026.pdf
NIFTYMICROCAP250,2026-03-30,REMOVE,GULFOILLUB,https://niftyindices.com/Press_Release/ind_prs28022024.pdf,press_release,UPSTREAM_EXPLICIT,closed by ind_prs23022026.pdf
NIFTYMICROCAP250,2026-03-30,ADD,HAPPSTMNDS,https://niftyindices.com/Press_Release/ind_prs23022026.pdf,press_release,UPSTREAM_EXPLICIT,
NIFTYMICROCAP250,2026-03-30,REMOVE,HIKAL,https://niftyindices.com/Press_Release/ind_prs17082023.pdf,press_release,UPSTREAM_EXPLICIT,closed by ind_prs23022026.pdf
NIFTYMICROCAP250,2026-03-30,REMOVE,IMAGICAA,https://niftyindices.com/Press_Release/ind_prs23082024.pdf,press_release,UPSTREAM_EXPLICIT,closed by ind_prs23022026.pdf
NIFTYMICROCAP250,2026-03-30,REMOVE,INGERRAND,https://niftyindices.com/Press_Release/ind_prs28022024.pdf,press_release,UPSTREAM_EXPLICIT,closed by ind_prs23022026.pdf
NIFTYMICROCAP250,2026-03-30,REMOVE,INNOVACAP,https://niftyindices.com/Press_Release/ind_prs06032025.pdf,press_release,UPSTREAM_EXPLICIT,closed by ind_prs23022026.pdf
NIFTYMICROCAP250,2026-03-30,ADD,INOXINDIA,https://niftyindices.com/Press_Release/ind_prs23022026.pdf,press_release,UPSTREAM_EXPLICIT,
NIFTYMICROCAP250,2026-03-30,REMOVE,ISGEC,https://niftyindices.com/Press_Release/ind_prs22102021.pdf,press_release,UPSTREAM_EXPLICIT,closed by ind_prs23022026.pdf
NIFTYMICROCAP250,2026-03-30,ADD,JAYNECOIND,https://niftyindices.com/Press_Release/ind_prs23022026.pdf,press_release,UPSTREAM_EXPLICIT,
NIFTYMICROCAP250,2026-03-30,REMOVE,JINDWORLD,https://niftyindices.com/Press_Release/ind_prs17102023.pdf,press_release,UPSTREAM_EXPLICIT,closed by ind_prs23022026.pdf
NIFTYMICROCAP250,2026-03-30,REMOVE,JISLJALEQS,https://niftyindices.com/Press_Release/ind_prs06042022.pdf,press_release,UPSTREAM_EXPLICIT,closed by ind_prs23022026.pdf
NIFTYMICROCAP250,2026-03-30,REMOVE,JKIL,https://niftyindices.com/Press_Release/ind_prs01092022.pdf,press_release,UPSTREAM_EXPLICIT,closed by ind_prs23022026.pdf
NIFTYMICROCAP250,2026-03-30,ADD,JLHL,https://niftyindices.com/Press_Release/ind_prs23022026.pdf,press_release,UPSTREAM_EXPLICIT,
NIFTYMICROCAP250,2026-03-30,ADD,JSLL,https://niftyindices.com/Press_Release/ind_prs23022026.pdf,press_release,UPSTREAM_EXPLICIT,
NIFTYMICROCAP250,2026-03-30,ADD,JYOTHYLAB,https://niftyindices.com/Press_Release/ind_prs23022026.pdf,press_release,UPSTREAM_EXPLICIT,
NIFTYMICROCAP250,2026-03-30,ADD,KIRLOSBROS,https://niftyindices.com/Press_Release/ind_prs23022026.pdf,press_release,UPSTREAM_EXPLICIT,
NIFTYMICROCAP250,2026-03-30,ADD,KSB,https://niftyindices.com/Press_Release/ind_prs23022026.pdf,press_release,UPSTREAM_EXPLICIT,
NIFTYMICROCAP250,2026-03-30,REMOVE,KSL,https://niftyindices.com/Press_Release/ind_prs27082024.pdf,press_release,UPSTREAM_EXPLICIT,closed by ind_prs23022026.pdf
NIFTYMICROCAP250,2026-03-30,ADD,LOTUSDEV,https://niftyindices.com/Press_Release/ind_prs23022026.pdf,press_release,UPSTREAM_EXPLICIT,
NIFTYMICROCAP250,2026-03-30,REMOVE,LUXIND,https://niftyindices.com/Press_Release/ind_prs28022024.pdf,press_release,UPSTREAM_EXPLICIT,closed by ind_prs23022026.pdf
NIFTYMICROCAP250,2026-03-30,REMOVE,MAHLIFE,https://niftyindices.com/Press_Release/ind_prs21022025.pdf,press_release,UPSTREAM_EXPLICIT,closed by ind_prs23022026.pdf
NIFTYMICROCAP250,2026-03-30,ADD,MAHSCOOTER,https://niftyindices.com/Press_Release/ind_prs23022026.pdf,press_release,UPSTREAM_EXPLICIT,
NIFTYMICROCAP250,2026-03-30,ADD,MAHSEAMLES,https://niftyindices.com/Press_Release/ind_prs23022026.pdf,press_release,UPSTREAM_EXPLICIT,
NIFTYMICROCAP250,2026-03-30,ADD,MANYAVAR,https://niftyindices.com/Press_Release/ind_prs23022026.pdf,press_release,UPSTREAM_EXPLICIT,
NIFTYMICROCAP250,2026-03-30,REMOVE,MAXESTATES,https://niftyindices.com/Press_Release/ind_prs21022025.pdf,press_release,UPSTREAM_EXPLICIT,closed by ind_prs23022026.pdf
NIFTYMICROCAP250,2026-03-30,ADD,METROPOLIS,https://niftyindices.com/Press_Release/ind_prs23022026.pdf,press_release,UPSTREAM_EXPLICIT,
NIFTYMICROCAP250,2026-03-30,REMOVE,ORCHPHARMA,https://niftyindices.com/Press_Release/ind_prs23082024.pdf,press_release,UPSTREAM_EXPLICIT,closed by ind_prs23022026.pdf
NIFTYMICROCAP250,2026-03-30,ADD,ORKLAINDIA,https://niftyindices.com/Press_Release/ind_prs23022026.pdf,press_release,UPSTREAM_EXPLICIT,
NIFTYMICROCAP250,2026-03-30,REMOVE,PARADEEP,https://niftyindices.com/Press_Release/ind_prs01092022.pdf,press_release,UPSTREAM_EXPLICIT,closed by ind_prs23022026.pdf
NIFTYMICROCAP250,2026-03-30,ADD,PARKHOSPS,https://niftyindices.com/Press_Release/ind_prs23022026.pdf,press_release,UPSTREAM_EXPLICIT,
NIFTYMICROCAP250,2026-03-30,REMOVE,PARKHOTELS,https://niftyindices.com/Press_Release/ind_prs23082024.pdf,press_release,UPSTREAM_EXPLICIT,closed by ind_prs23022026.pdf
NIFTYMICROCAP250,2026-03-30,REMOVE,PATELENG,https://niftyindices.com/Press_Release/ind_prs28022024.pdf,press_release,UPSTREAM_EXPLICIT,closed by ind_prs23022026.pdf
NIFTYMICROCAP250,2026-03-30,ADD,PFOCUS,https://niftyindices.com/Press_Release/ind_prs23022026.pdf,press_release,UPSTREAM_EXPLICIT,
NIFTYMICROCAP250,2026-03-30,ADD,PICCADIL,https://niftyindices.com/Press_Release/ind_prs23022026.pdf,press_release,UPSTREAM_EXPLICIT,
NIFTYMICROCAP250,2026-03-30,REMOVE,POLYPLEX,https://niftyindices.com/Press_Release/ind_prs28022024.pdf,press_release,UPSTREAM_EXPLICIT,closed by ind_prs23022026.pdf
NIFTYMICROCAP250,2026-03-30,ADD,PRAJIND,https://niftyindices.com/Press_Release/ind_prs23022026.pdf,press_release,UPSTREAM_EXPLICIT,
NIFTYMICROCAP250,2026-03-30,REMOVE,PRINCEPIPE,https://niftyindices.com/Press_Release/ind_prs23082024.pdf,press_release,UPSTREAM_EXPLICIT,closed by ind_prs23022026.pdf
NIFTYMICROCAP250,2026-03-30,ADD,QPOWER,https://niftyindices.com/Press_Release/ind_prs23022026.pdf,press_release,UPSTREAM_EXPLICIT,
NIFTYMICROCAP250,2026-03-30,REMOVE,RATNAMANI,https://niftyindices.com/Press_Release/ind_prs20102025.pdf,press_release,UPSTREAM_EXPLICIT,closed by ind_prs23022026.pdf
NIFTYMICROCAP250,2026-03-30,ADD,RCF,https://niftyindices.com/Press_Release/ind_prs23022026.pdf,press_release,UPSTREAM_EXPLICIT,
NIFTYMICROCAP250,2026-03-30,ADD,REDTAPE,https://niftyindices.com/Press_Release/ind_prs23022026.pdf,press_release,UPSTREAM_EXPLICIT,
NIFTYMICROCAP250,2026-03-30,ADD,RUBICON,https://niftyindices.com/Press_Release/ind_prs23022026.pdf,press_release,UPSTREAM_EXPLICIT,
NIFTYMICROCAP250,2026-03-30,ADD,SAATVIKGL,https://niftyindices.com/Press_Release/ind_prs23022026.pdf,press_release,UPSTREAM_EXPLICIT,
NIFTYMICROCAP250,2026-03-30,REMOVE,SANOFI,https://niftyindices.com/Press_Release/ind_prs21022025.pdf,press_release,UPSTREAM_EXPLICIT,closed by ind_prs23022026.pdf
NIFTYMICROCAP250,2026-03-30,REMOVE,SANOFICONR,https://niftyindices.com/Press_Release/ind_prs21022025.pdf,press_release,UPSTREAM_EXPLICIT,closed by ind_prs23022026.pdf
NIFTYMICROCAP250,2026-03-30,REMOVE,SHARDAMOTR,https://niftyindices.com/Press_Release/ind_prs22082025.pdf,press_release,UPSTREAM_EXPLICIT,closed by ind_prs23022026.pdf
NIFTYMICROCAP250,2026-03-30,ADD,SKFINDIA,https://niftyindices.com/Press_Release/ind_prs23022026.pdf,press_release,UPSTREAM_EXPLICIT,
NIFTYMICROCAP250,2026-03-30,ADD,SKFINDUS,https://niftyindices.com/Press_Release/ind_prs23022026.pdf,press_release,UPSTREAM_EXPLICIT,
NIFTYMICROCAP250,2026-03-30,ADD,SMARTWORKS,https://niftyindices.com/Press_Release/ind_prs23022026.pdf,press_release,UPSTREAM_EXPLICIT,
NIFTYMICROCAP250,2026-03-30,ADD,SMLMAH,https://niftyindices.com/Press_Release/ind_prs23022026.pdf,press_release,UPSTREAM_EXPLICIT,
NIFTYMICROCAP250,2026-03-30,ADD,STYL,https://niftyindices.com/Press_Release/ind_prs23022026.pdf,press_release,UPSTREAM_EXPLICIT,
NIFTYMICROCAP250,2026-03-30,ADD,SUDEEPPHRM,https://niftyindices.com/Press_Release/ind_prs23022026.pdf,press_release,UPSTREAM_EXPLICIT,
NIFTYMICROCAP250,2026-03-30,REMOVE,SUNFLAG,https://niftyindices.com/Press_Release/ind_prs17082023.pdf,press_release,UPSTREAM_EXPLICIT,closed by ind_prs23022026.pdf
NIFTYMICROCAP250,2026-03-30,REMOVE,SYMPHONY,https://niftyindices.com/Press_Release/ind_prs23082024.pdf,press_release,UPSTREAM_EXPLICIT,closed by ind_prs23022026.pdf
NIFTYMICROCAP250,2026-03-30,REMOVE,TEAMLEASE,https://niftyindices.com/Press_Release/ind_prs28022024.pdf,press_release,UPSTREAM_EXPLICIT,closed by ind_prs23022026.pdf
NIFTYMICROCAP250,2026-03-30,REMOVE,TEGA,https://niftyindices.com/Press_Release/ind_prs24022022_1.pdf,press_release,UPSTREAM_EXPLICIT,closed by ind_prs23022026.pdf
NIFTYMICROCAP250,2026-03-30,ADD,TMB,https://niftyindices.com/Press_Release/ind_prs23022026.pdf,press_release,UPSTREAM_EXPLICIT,
NIFTYMICROCAP250,2026-03-30,ADD,TRIVENI,https://niftyindices.com/Press_Release/ind_prs23022026.pdf,press_release,UPSTREAM_EXPLICIT,
NIFTYMICROCAP250,2026-03-30,REMOVE,UNIMECH,https://niftyindices.com/Press_Release/ind_prs21022025.pdf,press_release,UPSTREAM_EXPLICIT,closed by ind_prs23022026.pdf
NIFTYMICROCAP250,2026-03-30,ADD,UTLSOLAR,https://niftyindices.com/Press_Release/ind_prs23022026.pdf,press_release,UPSTREAM_EXPLICIT,
NIFTYMICROCAP250,2026-03-30,REMOVE,VESUVIUS,https://niftyindices.com/Press_Release/ind_prs23082024.pdf,press_release,UPSTREAM_EXPLICIT,closed by ind_prs23022026.pdf
NIFTYMICROCAP250,2026-03-30,ADD,VGUARD,https://niftyindices.com/Press_Release/ind_prs23022026.pdf,press_release,UPSTREAM_EXPLICIT,
NIFTYMICROCAP250,2026-03-30,ADD,VIKRAMSOLR,https://niftyindices.com/Press_Release/ind_prs23022026.pdf,press_release,UPSTREAM_EXPLICIT,
NIFTYMICROCAP250,2026-03-30,REMOVE,VINATIORGA,https://niftyindices.com/Press_Release/ind_prs22082025.pdf,press_release,UPSTREAM_EXPLICIT,closed by ind_prs23022026.pdf
NIFTYMICROCAP250,2026-03-30,REMOVE,VSTIND,https://niftyindices.com/Press_Release/ind_prs23082024.pdf,press_release,UPSTREAM_EXPLICIT,closed by ind_prs23022026.pdf
NIFTYMICROCAP250,2026-03-30,ADD,WAKEFIT,https://niftyindices.com/Press_Release/ind_prs23022026.pdf,press_release,UPSTREAM_EXPLICIT,
NIFTYMICROCAP250,2026-03-30,ADD,WEWORK,https://niftyindices.com/Press_Release/ind_prs23022026.pdf,press_release,UPSTREAM_EXPLICIT,
NIFTYMICROCAP250,2026-03-30,REMOVE,ZYDUSWELL,https://niftyindices.com/Press_Release/ind_prs28022024.pdf,press_release,UPSTREAM_EXPLICIT,closed by ind_prs23022026.pdf
NIFTYMICROCAP250,2026-03-31,REMOVE,SUNDARMHLD,https://niftyindices.com/Press_Release/ind_prs22082025.pdf,press_release,UPSTREAM_EXPLICIT,"inferred-exclude: not in NSE current snapshot, no PR found (closed at next semi-annual review)"
NIFTYMICROCAP250,2026-05-12,REMOVE,CIEINDIA,https://niftyindices.com/Press_Release/ind_prs21022025.pdf,press_release,UPSTREAM_EXPLICIT,closed by ind_prs04052026.pdf
NIFTYMICROCAP250,2026-05-12,ADD,RATNAMANI,https://niftyindices.com/Press_Release/ind_prs04052026.pdf,press_release,UPSTREAM_EXPLICIT,
NIFTYMICROCAP250,2026-05-15,ADD,SANOFICONR,https://niftyindices.com/Press_Release/ind_prs08052026.pdf,press_release,UPSTREAM_EXPLICIT,
NIFTYMIDCAP150,2017-01-23,ADD,RBLBANK,https://niftyindices.com/Press_Release/ind_prs16012017.pdf,press_release,UPSTREAM_EXPLICIT,closed by ind_prs24022022_1.pdf
NIFTYMIDCAP150,2017-03-31,ADD,APOLLOHOSP,https://niftyindices.com/Press_Release/ind_prs16022017.pdf,press_release,UPSTREAM_EXPLICIT,closed by ind_prs23022021.pdf
NIFTYMIDCAP150,2017-03-31,ADD,BHARATFORG,https://niftyindices.com/Press_Release/ind_prs16022017.pdf,press_release,UPSTREAM_EXPLICIT,
NIFTYMIDCAP150,2017-03-31,ADD,CASTROLIND,https://niftyindices.com/Press_Release/ind_prs16022017.pdf,press_release,UPSTREAM_EXPLICIT,closed by ind_prs24022022_1.pdf
NIFTYMIDCAP150,2017-03-31,ADD,ENDURANCE,https://niftyindices.com/Press_Release/ind_prs16022017.pdf,press_release,UPSTREAM_EXPLICIT,
NIFTYMIDCAP150,2017-03-31,ADD,LTM,https://niftyindices.com/Press_Release/ind_prs16022017.pdf,press_release,UPSTREAM_EXPLICIT,closed by ind_prs24022022_1.pdf
NIFTYMIDCAP150,2017-03-31,ADD,LTTS,https://niftyindices.com/Press_Release/ind_prs16022017.pdf,press_release,UPSTREAM_EXPLICIT,
NIFTYMIDCAP150,2017-03-31,ADD,MANAPPURAM,https://niftyindices.com/Press_Release/ind_prs16022017.pdf,press_release,UPSTREAM_EXPLICIT,closed by ind_prs01092022.pdf
NIFTYMIDCAP150,2017-03-31,ADD,MOTILALOFS,https://niftyindices.com/Press_Release/ind_prs16022017.pdf,press_release,UPSTREAM_EXPLICIT,closed by ind_prs24022022_1.pdf
NIFTYMIDCAP150,2017-03-31,ADD,QUESS,https://niftyindices.com/Press_Release/ind_prs16022017.pdf,press_release,UPSTREAM_EXPLICIT,closed by ind_prs20082020.pdf
NIFTYMIDCAP150,2017-05-26,ADD,FRETAIL,https://niftyindices.com/Press_Release/ind_prs27042017.pdf,press_release,UPSTREAM_EXPLICIT,closed by ind_prs16102017.pdf
NIFTYMIDCAP150,2017-05-26,ADD,MGL,https://niftyindices.com/Press_Release/ind_prs27042017.pdf,press_release,UPSTREAM_EXPLICIT,closed by ind_prs24022022_1.pdf
NIFTYMIDCAP150,2017-05-26,ADD,PNBHOUSING,https://niftyindices.com/Press_Release/ind_prs27042017.pdf,press_release,UPSTREAM_EXPLICIT,closed by ind_prs20082020.pdf
NIFTYMIDCAP150,2017-06-23,ADD,KRBL,https://niftyindices.com/Press_Release/ind_prs15062017.pdf,press_release,UPSTREAM_EXPLICIT,closed by ind_prs10062020.pdf
NIFTYMIDCAP150,2017-09-29,ADD,ADANIENSOL,https://niftyindices.com/Press_Release/ind_prs28082017.pdf,press_release,UPSTREAM_EXPLICIT,closed by ind_prs18022020.pdf
NIFTYMIDCAP150,2017-09-29,ADD,DIVISLAB,https://niftyindices.com/Press_Release/ind_prs28082017.pdf,press_release,UPSTREAM_EXPLICIT,closed by ind_prs25022019.pdf
NIFTYMIDCAP150,2017-09-29,ADD,FINCABLES,https://niftyindices.com/Press_Release/ind_prs28082017.pdf,press_release,UPSTREAM_EXPLICIT,closed by ind_prs28082019.pdf
NIFTYMIDCAP150,2017-09-29,ADD,JMFINANCIL,https://niftyindices.com/Press_Release/ind_prs28082017.pdf,press_release,UPSTREAM_EXPLICIT,closed by ind_prs28082019.pdf
NIFTYMIDCAP150,2017-09-29,ADD,MFSL,https://niftyindices.com/Press_Release/ind_prs29082017.pdf,press_release,UPSTREAM_EXPLICIT,
NIFTYMIDCAP150,2017-09-29,ADD,SUNDRMFAST,https://niftyindices.com/Press_Release/ind_prs28082017.pdf,press_release,UPSTREAM_EXPLICIT,closed by ind_prs21022025.pdf
NIFTYMIDCAP150,2017-09-29,ADD,UBL,https://niftyindices.com/Press_Release/ind_prs28082017.pdf,press_release,UPSTREAM_EXPLICIT,closed by ind_prs25022019.pdf
NIFTYMIDCAP150,2017-09-29,ADD,VBL,https://niftyindices.com/Press_Release/ind_prs28082017.pdf,press_release,UPSTREAM_EXPLICIT,closed by ind_prs17022023_1.pdf
NIFTYMIDCAP150,2017-09-29,ADD,VGUARD,https://niftyindices.com/Press_Release/ind_prs28082017.pdf,press_release,UPSTREAM_EXPLICIT,closed by ind_prs15092021.pdf
NIFTYMIDCAP150,2017-09-29,ADD,VIJAYABANK,https://niftyindices.com/Press_Release/ind_prs28082017.pdf,press_release,UPSTREAM_EXPLICIT,closed by ind_prs21022018.pdf
NIFTYMIDCAP150,2017-10-30,REMOVE,FRETAIL,https://niftyindices.com/Press_Release/ind_prs27042017.pdf,press_release,UPSTREAM_EXPLICIT,closed by ind_prs16102017.pdf
NIFTYMIDCAP150,2017-10-30,ADD,HUDCO,https://niftyindices.com/Press_Release/ind_prs16102017.pdf,press_release,UPSTREAM_EXPLICIT,closed by ind_prs23022021.pdf
NIFTYMIDCAP150,2017-11-13,ADD,AUBANK,https://niftyindices.com/Press_Release/ind_prs03112017.pdf,press_release,UPSTREAM_EXPLICIT,
NIFTYMIDCAP150,2018-02-05,ADD,HATSUN,https://niftyindices.com/Press_Release/ind_prs08012018.pdf,press_release,UPSTREAM_EXPLICIT,closed by ind_prs17022023_1.pdf
NIFTYMIDCAP150,2018-02-05,ADD,RELCAPITAL,https://niftyindices.com/Press_Release/ind_prs08012018.pdf,press_release,UPSTREAM_EXPLICIT,closed by ind_prs28082019.pdf
NIFTYMIDCAP150,2018-02-05,ADD,TIFIN,https://niftyindices.com/Press_Release/ind_prs08012018.pdf,press_release,UPSTREAM_EXPLICIT,"inferred-exclude: not in NSE current snapshot, no PR found (closed at next semi-annual review)"
NIFTYMIDCAP150,2018-03-31,REMOVE,TIFIN,https://niftyindices.com/Press_Release/ind_prs08012018.pdf,press_release,UPSTREAM_EXPLICIT,"inferred-exclude: not in NSE current snapshot, no PR found (closed at next semi-annual review)"
NIFTYMIDCAP150,2018-04-02,ADD,AVANTIFEED,https://niftyindices.com/Press_Release/ind_prs21022018.pdf,press_release,UPSTREAM_EXPLICIT,closed by ind_prs25022019.pdf
NIFTYMIDCAP150,2018-04-02,ADD,DBL,https://niftyindices.com/Press_Release/ind_prs21022018.pdf,press_release,UPSTREAM_EXPLICIT,closed by ind_prs28082019.pdf
NIFTYMIDCAP150,2018-04-02,ADD,DHANI,https://niftyindices.com/Press_Release/ind_prs21022018.pdf,press_release,UPSTREAM_EXPLICIT,closed by ind_prs24022022_1.pdf
NIFTYMIDCAP150,2018-04-02,ADD,FCONSUMER,https://niftyindices.com/Press_Release/ind_prs21022018.pdf,press_release,UPSTREAM_EXPLICIT,closed by ind_prs10062020.pdf
NIFTYMIDCAP150,2018-04-02,ADD,GLAXO,https://niftyindices.com/Press_Release/ind_prs21022018.pdf,press_release,UPSTREAM_EXPLICIT,
NIFTYMIDCAP150,2018-04-02,ADD,GLENMARK,https://niftyindices.com/Press_Release/ind_prs21022018.pdf,press_release,UPSTREAM_EXPLICIT,closed by ind_prs01092022.pdf
NIFTYMIDCAP150,2018-04-02,ADD,GODREJAGRO,https://niftyindices.com/Press_Release/ind_prs21022018.pdf,press_release,UPSTREAM_EXPLICIT,"inferred-exclude: not in NSE current snapshot, no PR found (closed at next semi-annual review)"
NIFTYMIDCAP150,2018-04-02,ADD,GSKCONS,https://niftyindices.com/Press_Release/ind_prs21022018.pdf,press_release,UPSTREAM_EXPLICIT,"inferred-exclude: not in NSE current snapshot, no PR found (closed at next semi-annual review)"
NIFTYMIDCAP150,2018-04-02,ADD,HONAUT,https://niftyindices.com/Press_Release/ind_prs21022018.pdf,press_release,UPSTREAM_EXPLICIT,
NIFTYMIDCAP150,2018-04-02,ADD,IBREALEST,https://niftyindices.com/Press_Release/ind_prs21022018.pdf,press_release,UPSTREAM_EXPLICIT,closed by ind_prs28082018.pdf
NIFTYMIDCAP150,2018-04-02,ADD,ICICIGI,https://niftyindices.com/Press_Release/ind_prs21022018.pdf,press_release,UPSTREAM_EXPLICIT,closed by ind_prs28082018.pdf
NIFTYMIDCAP150,2018-04-02,ADD,IIFL,https://niftyindices.com/Press_Release/ind_prs21022018.pdf,press_release,UPSTREAM_EXPLICIT,closed by ind_prs14122018.pdf
NIFTYMIDCAP150,2018-04-02,ADD,STRTECH,https://niftyindices.com/Press_Release/ind_prs21022018.pdf,press_release,UPSTREAM_EXPLICIT,closed by ind_prs10062020.pdf
NIFTYMIDCAP150,2018-04-02,ADD,TATAPOWER,https://niftyindices.com/Press_Release/ind_prs21022018.pdf,press_release,UPSTREAM_EXPLICIT,"inferred-exclude: not in NSE current snapshot, no PR found (closed at next semi-annual review)"
NIFTYMIDCAP150,2018-04-02,ADD,TORNTPHARM,https://niftyindices.com/Press_Release/ind_prs21022018.pdf,press_release,UPSTREAM_EXPLICIT,closed by ind_prs10062020.pdf
NIFTYMIDCAP150,2018-04-02,REMOVE,VIJAYABANK,https://niftyindices.com/Press_Release/ind_prs28082017.pdf,press_release,UPSTREAM_EXPLICIT,closed by ind_prs21022018.pdf
NIFTYMIDCAP150,2018-06-29,ADD,FRETAIL,https://niftyindices.com/Press_Release/ind_prs24052018.pdf,press_release,UPSTREAM_EXPLICIT,closed by ind_prs23022021.pdf
NIFTYMIDCAP150,2018-06-29,ADD,KIOCL,https://niftyindices.com/Press_Release/ind_prs24052018.pdf,press_release,UPSTREAM_EXPLICIT,closed by ind_prs28082019.pdf
NIFTYMIDCAP150,2018-09-28,ADD,ASTRAL,https://niftyindices.com/Press_Release/ind_prs28082018.pdf,press_release,UPSTREAM_EXPLICIT,
NIFTYMIDCAP150,2018-09-28,ADD,CUMMINSIND,https://niftyindices.com/Press_Release/ind_prs28082018.pdf,press_release,UPSTREAM_EXPLICIT,closed by ind_prs23022026.pdf
NIFTYMIDCAP150,2018-09-28,ADD,EMAMILTD,https://niftyindices.com/Press_Release/ind_prs28082018.pdf,press_release,UPSTREAM_EXPLICIT,closed by ind_prs22082025.pdf
NIFTYMIDCAP150,2018-09-28,ADD,ESCORTS,https://niftyindices.com/Press_Release/ind_prs28082018.pdf,press_release,UPSTREAM_EXPLICIT,
NIFTYMIDCAP150,2018-09-28,ADD,GRAPHITE,https://niftyindices.com/Press_Release/ind_prs28082018.pdf,press_release,UPSTREAM_EXPLICIT,closed by ind_prs10062020.pdf
NIFTYMIDCAP150,2018-09-28,ADD,HAL,https://niftyindices.com/Press_Release/ind_prs28082018.pdf,press_release,UPSTREAM_EXPLICIT,closed by ind_prs01092022.pdf
NIFTYMIDCAP150,2018-09-28,ADD,HEG,https://niftyindices.com/Press_Release/ind_prs28082018.pdf,press_release,UPSTREAM_EXPLICIT,closed by ind_prs10062020.pdf
NIFTYMIDCAP150,2018-09-28,REMOVE,IBREALEST,https://niftyindices.com/Press_Release/ind_prs21022018.pdf,press_release,UPSTREAM_EXPLICIT,closed by ind_prs28082018.pdf
NIFTYMIDCAP150,2018-09-28,REMOVE,ICICIGI,https://niftyindices.com/Press_Release/ind_prs21022018.pdf,press_release,UPSTREAM_EXPLICIT,closed by ind_prs28082018.pdf
NIFTYMIDCAP150,2018-09-28,ADD,ISEC,https://niftyindices.com/Press_Release/ind_prs28082018.pdf,press_release,UPSTREAM_EXPLICIT,closed by ind_prs23082024.pdf
NIFTYMIDCAP150,2018-09-28,ADD,NAM-INDIA,https://niftyindices.com/Press_Release/ind_prs28082018.pdf,press_release,UPSTREAM_EXPLICIT,closed by ind_prs17082023.pdf
NIFTYMIDCAP150,2018-09-28,ADD,PFC,https://niftyindices.com/Press_Release/ind_prs28082018.pdf,press_release,UPSTREAM_EXPLICIT,closed by ind_prs28082019.pdf
NIFTYMIDCAP150,2018-09-28,ADD,PNB,https://niftyindices.com/Press_Release/ind_prs28082018.pdf,press_release,UPSTREAM_EXPLICIT,closed by ind_prs28082019.pdf
NIFTYMIDCAP150,2018-09-28,ADD,RECLTD,https://niftyindices.com/Press_Release/ind_prs28082018.pdf,press_release,UPSTREAM_EXPLICIT,closed by ind_prs28022024.pdf
NIFTYMIDCAP150,2018-09-28,ADD,SUNDARMFIN,https://niftyindices.com/Press_Release/ind_prs28082018.pdf,press_release,UPSTREAM_EXPLICIT,
NIFTYMIDCAP150,2018-09-30,REMOVE,GODREJAGRO,https://niftyindices.com/Press_Release/ind_prs21022018.pdf,press_release,UPSTREAM_EXPLICIT,"inferred-exclude: not in NSE current snapshot, no PR found (closed at next semi-annual review)"
NIFTYMIDCAP150,2018-09-30,REMOVE,GSKCONS,https://niftyindices.com/Press_Release/ind_prs21022018.pdf,press_release,UPSTREAM_EXPLICIT,"inferred-exclude: not in NSE current snapshot, no PR found (closed at next semi-annual review)"
NIFTYMIDCAP150,2018-09-30,REMOVE,TATAPOWER,https://niftyindices.com/Press_Release/ind_prs21022018.pdf,press_release,UPSTREAM_EXPLICIT,"inferred-exclude: not in NSE current snapshot, no PR found (closed at next semi-annual review)"
NIFTYMIDCAP150,2018-12-28,ADD,AARTIIND,https://niftyindices.com/Press_Release/ind_prs14122018.pdf,press_release,UPSTREAM_EXPLICIT,closed by ind_prs25022019.pdf
NIFTYMIDCAP150,2018-12-28,ADD,BBTC,https://niftyindices.com/Press_Release/ind_prs14122018.pdf,press_release,UPSTREAM_EXPLICIT,"inferred-exclude: not in NSE current snapshot, no PR found (closed at next semi-annual review)"
NIFTYMIDCAP150,2018-12-28,REMOVE,IIFL,https://niftyindices.com/Press_Release/ind_prs21022018.pdf,press_release,UPSTREAM_EXPLICIT,closed by ind_prs14122018.pdf
NIFTYMIDCAP150,2018-12-28,ADD,VARROC,https://niftyindices.com/Press_Release/ind_prs14122018.pdf,press_release,UPSTREAM_EXPLICIT,closed by ind_prs10062020.pdf
NIFTYMIDCAP150,2019-03-29,REMOVE,AARTIIND,https://niftyindices.com/Press_Release/ind_prs14122018.pdf,press_release,UPSTREAM_EXPLICIT,closed by ind_prs25022019.pdf
NIFTYMIDCAP150,2019-03-29,ADD,ABCAPITAL,https://niftyindices.com/Press_Release/ind_prs25022019.pdf,press_release,UPSTREAM_EXPLICIT,
NIFTYMIDCAP150,2019-03-29,ADD,ATUL,https://niftyindices.com/Press_Release/ind_prs25022019.pdf,press_release,UPSTREAM_EXPLICIT,closed by ind_prs23082024.pdf
NIFTYMIDCAP150,2019-03-29,REMOVE,AVANTIFEED,https://niftyindices.com/Press_Release/ind_prs21022018.pdf,press_release,UPSTREAM_EXPLICIT,closed by ind_prs25022019.pdf
NIFTYMIDCAP150,2019-03-29,ADD,BEL,https://niftyindices.com/Press_Release/ind_prs25022019.pdf,press_release,UPSTREAM_EXPLICIT,closed by ind_prs01092022.pdf
NIFTYMIDCAP150,2019-03-29,REMOVE,DIVISLAB,https://niftyindices.com/Press_Release/ind_prs28082017.pdf,press_release,UPSTREAM_EXPLICIT,closed by ind_prs25022019.pdf
NIFTYMIDCAP150,2019-03-29,ADD,ERIS,https://niftyindices.com/Press_Release/ind_prs25022019.pdf,press_release,UPSTREAM_EXPLICIT,closed by ind_prs23022021.pdf
NIFTYMIDCAP150,2019-03-29,ADD,GUJFLUORO,https://niftyindices.com/Press_Release/ind_prs25022019.pdf,press_release,UPSTREAM_EXPLICIT,closed by ind_prs13062019.pdf
NIFTYMIDCAP150,2019-03-29,ADD,IPCALAB,https://niftyindices.com/Press_Release/ind_prs25022019.pdf,press_release,UPSTREAM_EXPLICIT,
NIFTYMIDCAP150,2019-03-29,ADD,LICHSGFIN,https://niftyindices.com/Press_Release/ind_prs25022019.pdf,press_release,UPSTREAM_EXPLICIT,
NIFTYMIDCAP150,2019-03-29,ADD,OIL,https://niftyindices.com/Press_Release/ind_prs25022019.pdf,press_release,UPSTREAM_EXPLICIT,
NIFTYMIDCAP150,2019-03-29,ADD,RELAXO,https://niftyindices.com/Press_Release/ind_prs25022019.pdf,press_release,UPSTREAM_EXPLICIT,closed by ind_prs28022024.pdf
NIFTYMIDCAP150,2019-03-29,ADD,SUNTV,https://niftyindices.com/Press_Release/ind_prs25022019.pdf,press_release,UPSTREAM_EXPLICIT,closed by ind_prs22082025.pdf
NIFTYMIDCAP150,2019-03-29,REMOVE,UBL,https://niftyindices.com/Press_Release/ind_prs28082017.pdf,press_release,UPSTREAM_EXPLICIT,closed by ind_prs25022019.pdf
NIFTYMIDCAP150,2019-03-31,REMOVE,BBTC,https://niftyindices.com/Press_Release/ind_prs14122018.pdf,press_release,UPSTREAM_EXPLICIT,"inferred-exclude: not in NSE current snapshot, no PR found (closed at next semi-annual review)"
NIFTYMIDCAP150,2019-06-28,ADD,DALBHARAT,https://niftyindices.com/Press_Release/ind_prs13062019.pdf,press_release,UPSTREAM_EXPLICIT,
NIFTYMIDCAP150,2019-06-28,REMOVE,GUJFLUORO,https://niftyindices.com/Press_Release/ind_prs25022019.pdf,press_release,UPSTREAM_EXPLICIT,closed by ind_prs13062019.pdf
NIFTYMIDCAP150,2019-09-27,ADD,AAVAS,https://niftyindices.com/Press_Release/ind_prs28082019.pdf,press_release,UPSTREAM_EXPLICIT,closed by ind_prs17082023.pdf
NIFTYMIDCAP150,2019-09-27,ADD,ABBOTINDIA,https://niftyindices.com/Press_Release/ind_prs28082019.pdf,press_release,UPSTREAM_EXPLICIT,closed by ind_prs10062020.pdf
NIFTYMIDCAP150,2019-09-27,ADD,ALBK,https://niftyindices.com/Press_Release/ind_prs28082019.pdf,press_release,UPSTREAM_EXPLICIT,closed by ind_prs16122019.pdf
NIFTYMIDCAP150,2019-09-27,ADD,ATGL,https://niftyindices.com/Press_Release/ind_prs28082019.pdf,press_release,UPSTREAM_EXPLICIT,closed by ind_prs01092022.pdf
NIFTYMIDCAP150,2019-09-27,ADD,BAYERCROP,https://niftyindices.com/Press_Release/ind_prs28082019.pdf,press_release,UPSTREAM_EXPLICIT,closed by ind_prs21022025.pdf
NIFTYMIDCAP150,2019-09-27,ADD,BHEL,https://niftyindices.com/Press_Release/ind_prs28082019.pdf,press_release,UPSTREAM_EXPLICIT,closed by ind_prs23082024.pdf
NIFTYMIDCAP150,2019-09-27,ADD,CESC,https://niftyindices.com/Press_Release/ind_prs28082019.pdf,press_release,UPSTREAM_EXPLICIT,"inferred-exclude: not in NSE current snapshot, no PR found (closed at next semi-annual review)"
NIFTYMIDCAP150,2019-09-27,ADD,CORPBANK,https://niftyindices.com/Press_Release/ind_prs28082019.pdf,press_release,UPSTREAM_EXPLICIT,closed by ind_prs16122019.pdf
NIFTYMIDCAP150,2019-09-27,REMOVE,DBL,https://niftyindices.com/Press_Release/ind_prs21022018.pdf,press_release,UPSTREAM_EXPLICIT,closed by ind_prs28082019.pdf
NIFTYMIDCAP150,2019-09-27,REMOVE,FINCABLES,https://niftyindices.com/Press_Release/ind_prs28082017.pdf,press_release,UPSTREAM_EXPLICIT,closed by ind_prs28082019.pdf
NIFTYMIDCAP150,2019-09-27,ADD,FORTIS,https://niftyindices.com/Press_Release/ind_prs28082019.pdf,press_release,UPSTREAM_EXPLICIT,
NIFTYMIDCAP150,2019-09-27,ADD,IOB,https://niftyindices.com/Press_Release/ind_prs28082019.pdf,press_release,UPSTREAM_EXPLICIT,closed by ind_prs20082020.pdf
NIFTYMIDCAP150,2019-09-27,REMOVE,JMFINANCIL,https://niftyindices.com/Press_Release/ind_prs28082017.pdf,press_release,UPSTREAM_EXPLICIT,closed by ind_prs28082019.pdf
NIFTYMIDCAP150,2019-09-27,REMOVE,KIOCL,https://niftyindices.com/Press_Release/ind_prs24052018.pdf,press_release,UPSTREAM_EXPLICIT,closed by ind_prs28082019.pdf
NIFTYMIDCAP150,2019-09-27,ADD,MRF,https://niftyindices.com/Press_Release/ind_prs28082019.pdf,press_release,UPSTREAM_EXPLICIT,closed by ind_prs23022021.pdf
NIFTYMIDCAP150,2019-09-27,ADD,ORIENTBANK,https://niftyindices.com/Press_Release/ind_prs28082019.pdf,press_release,UPSTREAM_EXPLICIT,closed by ind_prs16122019.pdf
NIFTYMIDCAP150,2019-09-27,REMOVE,PFC,https://niftyindices.com/Press_Release/ind_prs28082018.pdf,press_release,UPSTREAM_EXPLICIT,closed by ind_prs28082019.pdf
NIFTYMIDCAP150,2019-09-27,REMOVE,PNB,https://niftyindices.com/Press_Release/ind_prs28082018.pdf,press_release,UPSTREAM_EXPLICIT,closed by ind_prs28082019.pdf
NIFTYMIDCAP150,2019-09-27,REMOVE,RELCAPITAL,https://niftyindices.com/Press_Release/ind_prs08012018.pdf,press_release,UPSTREAM_EXPLICIT,closed by ind_prs28082019.pdf
NIFTYMIDCAP150,2019-09-27,ADD,SAIL,https://niftyindices.com/Press_Release/ind_prs28082019.pdf,press_release,UPSTREAM_EXPLICIT,closed by ind_prs15092021.pdf
NIFTYMIDCAP150,2019-09-27,ADD,TTKPRESTIG,https://niftyindices.com/Press_Release/ind_prs17092019.pdf,press_release,UPSTREAM_EXPLICIT,closed by ind_prs24022022_1.pdf
NIFTYMIDCAP150,2019-09-27,ADD,UCOBANK,https://niftyindices.com/Press_Release/ind_prs28082019.pdf,press_release,UPSTREAM_EXPLICIT,closed by ind_prs20082020.pdf
NIFTYMIDCAP150,2019-09-27,ADD,VINATIORGA,https://niftyindices.com/Press_Release/ind_prs28082019.pdf,press_release,UPSTREAM_EXPLICIT,closed by ind_prs28022024.pdf
NIFTYMIDCAP150,2019-09-30,REMOVE,CESC,https://niftyindices.com/Press_Release/ind_prs28082019.pdf,press_release,UPSTREAM_EXPLICIT,"inferred-exclude: not in NSE current snapshot, no PR found (closed at next semi-annual review)"
NIFTYMIDCAP150,2019-12-27,ADD,AARTIIND,https://niftyindices.com/Press_Release/ind_prs16122019.pdf,press_release,UPSTREAM_EXPLICIT,closed by ind_prs05042022.pdf
NIFTYMIDCAP150,2019-12-27,REMOVE,ALBK,https://niftyindices.com/Press_Release/ind_prs28082019.pdf,press_release,UPSTREAM_EXPLICIT,closed by ind_prs16122019.pdf
NIFTYMIDCAP150,2019-12-27,REMOVE,CORPBANK,https://niftyindices.com/Press_Release/ind_prs28082019.pdf,press_release,UPSTREAM_EXPLICIT,closed by ind_prs16122019.pdf
NIFTYMIDCAP150,2019-12-27,ADD,LALPATHLAB,https://niftyindices.com/Press_Release/ind_prs16122019.pdf,press_release,UPSTREAM_EXPLICIT,closed by ind_prs23082024.pdf
NIFTYMIDCAP150,2019-12-27,REMOVE,ORIENTBANK,https://niftyindices.com/Press_Release/ind_prs28082019.pdf,press_release,UPSTREAM_EXPLICIT,closed by ind_prs16122019.pdf
NIFTYMIDCAP150,2019-12-27,ADD,POLYCAB,https://niftyindices.com/Press_Release/ind_prs16122019.pdf,press_release,UPSTREAM_EXPLICIT,
NIFTYMIDCAP150,2019-12-27,ADD,SCHAEFFLER,https://niftyindices.com/Press_Release/ind_prs16122019.pdf,press_release,UPSTREAM_EXPLICIT,
NIFTYMIDCAP150,2020-03-27,REMOVE,ADANIENSOL,https://niftyindices.com/Press_Release/ind_prs28082017.pdf,press_release,UPSTREAM_EXPLICIT,closed by ind_prs18022020.pdf
NIFTYMIDCAP150,2020-03-27,ADD,ADANIGREEN,https://niftyindices.com/Press_Release/ind_prs18022020.pdf,press_release,UPSTREAM_EXPLICIT,closed by ind_prs20082020.pdf
NIFTYMIDCAP150,2020-06-26,ADD,ABB,https://niftyindices.com/Press_Release/ind_prs10062020.pdf,press_release,UPSTREAM_EXPLICIT,closed by ind_prs17022023_1.pdf
NIFTYMIDCAP150,2020-06-26,REMOVE,ABBOTINDIA,https://niftyindices.com/Press_Release/ind_prs28082019.pdf,press_release,UPSTREAM_EXPLICIT,closed by ind_prs10062020.pdf
NIFTYMIDCAP150,2020-06-26,ADD,AKZOINDIA,https://niftyindices.com/Press_Release/ind_prs10062020.pdf,press_release,UPSTREAM_EXPLICIT,"inferred-exclude: not in NSE current snapshot, no PR found (closed at next semi-annual review)"
NIFTYMIDCAP150,2020-06-26,ADD,ASHOKLEY,https://niftyindices.com/Press_Release/ind_prs10062020.pdf,press_release,UPSTREAM_EXPLICIT,
NIFTYMIDCAP150,2020-06-26,ADD,COFORGE,https://niftyindices.com/Press_Release/ind_prs10062020.pdf,press_release,UPSTREAM_EXPLICIT,
NIFTYMIDCAP150,2020-06-26,ADD,CREDITACC,https://niftyindices.com/Press_Release/ind_prs10062020.pdf,press_release,UPSTREAM_EXPLICIT,"inferred-exclude: not in NSE current snapshot, no PR found (closed at next semi-annual review)"
NIFTYMIDCAP150,2020-06-26,REMOVE,FCONSUMER,https://niftyindices.com/Press_Release/ind_prs21022018.pdf,press_release,UPSTREAM_EXPLICIT,closed by ind_prs10062020.pdf
NIFTYMIDCAP150,2020-06-26,REMOVE,GRAPHITE,https://niftyindices.com/Press_Release/ind_prs28082018.pdf,press_release,UPSTREAM_EXPLICIT,closed by ind_prs10062020.pdf
NIFTYMIDCAP150,2020-06-26,REMOVE,HEG,https://niftyindices.com/Press_Release/ind_prs28082018.pdf,press_release,UPSTREAM_EXPLICIT,closed by ind_prs10062020.pdf
NIFTYMIDCAP150,2020-06-26,ADD,IDEA,https://niftyindices.com/Press_Release/ind_prs10062020.pdf,press_release,UPSTREAM_EXPLICIT,closed by ind_prs23082024.pdf
NIFTYMIDCAP150,2020-06-26,ADD,IIFLWAM,https://niftyindices.com/Press_Release/ind_prs10062020.pdf,press_release,UPSTREAM_EXPLICIT,closed by ind_prs15092021.pdf
NIFTYMIDCAP150,2020-06-26,ADD,IRCTC,https://niftyindices.com/Press_Release/ind_prs10062020.pdf,press_release,UPSTREAM_EXPLICIT,closed by ind_prs01092022.pdf
NIFTYMIDCAP150,2020-06-26,ADD,JKCEMENT,https://niftyindices.com/Press_Release/ind_prs10062020.pdf,press_release,UPSTREAM_EXPLICIT,
NIFTYMIDCAP150,2020-06-26,REMOVE,KRBL,https://niftyindices.com/Press_Release/ind_prs15062017.pdf,press_release,UPSTREAM_EXPLICIT,closed by ind_prs10062020.pdf
NIFTYMIDCAP150,2020-06-26,ADD,LTF,https://niftyindices.com/Press_Release/ind_prs10062020.pdf,press_release,UPSTREAM_EXPLICIT,
NIFTYMIDCAP150,2020-06-26,ADD,NIACL,https://niftyindices.com/Press_Release/ind_prs10062020.pdf,press_release,UPSTREAM_EXPLICIT,
NIFTYMIDCAP150,2020-06-26,ADD,SAMMAANCAP,https://niftyindices.com/Press_Release/ind_prs10062020.pdf,press_release,UPSTREAM_EXPLICIT,closed by ind_prs15092021.pdf
NIFTYMIDCAP150,2020-06-26,REMOVE,STRTECH,https://niftyindices.com/Press_Release/ind_prs21022018.pdf,press_release,UPSTREAM_EXPLICIT,closed by ind_prs10062020.pdf
NIFTYMIDCAP150,2020-06-26,ADD,SUMICHEM,https://niftyindices.com/Press_Release/ind_prs10062020.pdf,press_release,UPSTREAM_EXPLICIT,closed by ind_prs23082024.pdf
NIFTYMIDCAP150,2020-06-26,ADD,TATACOMM,https://niftyindices.com/Press_Release/ind_prs10062020.pdf,press_release,UPSTREAM_EXPLICIT,
NIFTYMIDCAP150,2020-06-26,REMOVE,TORNTPHARM,https://niftyindices.com/Press_Release/ind_prs21022018.pdf,press_release,UPSTREAM_EXPLICIT,closed by ind_prs10062020.pdf
NIFTYMIDCAP150,2020-06-26,ADD,UNOMINDA,https://niftyindices.com/Press_Release/ind_prs10062020.pdf,press_release,UPSTREAM_EXPLICIT,
NIFTYMIDCAP150,2020-06-26,REMOVE,VARROC,https://niftyindices.com/Press_Release/ind_prs14122018.pdf,press_release,UPSTREAM_EXPLICIT,closed by ind_prs10062020.pdf
NIFTYMIDCAP150,2020-09-25,ADD,ADANIENT,https://niftyindices.com/Press_Release/ind_prs20082020.pdf,press_release,UPSTREAM_EXPLICIT,closed by ind_prs23022021.pdf
NIFTYMIDCAP150,2020-09-25,REMOVE,ADANIGREEN,https://niftyindices.com/Press_Release/ind_prs18022020.pdf,press_release,UPSTREAM_EXPLICIT,closed by ind_prs20082020.pdf
NIFTYMIDCAP150,2020-09-25,ADD,ASTRAZEN,https://niftyindices.com/Press_Release/ind_prs20082020.pdf,press_release,UPSTREAM_EXPLICIT,"inferred-exclude: not in NSE current snapshot, no PR found (closed at next semi-annual review)"
NIFTYMIDCAP150,2020-09-25,REMOVE,IOB,https://niftyindices.com/Press_Release/ind_prs28082019.pdf,press_release,UPSTREAM_EXPLICIT,closed by ind_prs20082020.pdf
NIFTYMIDCAP150,2020-09-25,ADD,ITI,https://niftyindices.com/Press_Release/ind_prs20082020.pdf,press_release,UPSTREAM_EXPLICIT,closed by ind_prs24022022_1.pdf
NIFTYMIDCAP150,2020-09-25,ADD,JMFINANCIL,https://niftyindices.com/Press_Release/ind_prs20082020.pdf,press_release,UPSTREAM_EXPLICIT,closed by ind_prs15092021.pdf
NIFTYMIDCAP150,2020-09-25,ADD,METROPOLIS,https://niftyindices.com/Press_Release/ind_prs20082020.pdf,press_release,UPSTREAM_EXPLICIT,closed by ind_prs01092022.pdf
NIFTYMIDCAP150,2020-09-25,ADD,NAVINFLUOR,https://niftyindices.com/Press_Release/ind_prs20082020.pdf,press_release,UPSTREAM_EXPLICIT,closed by ind_prs28022024.pdf
NIFTYMIDCAP150,2020-09-25,ADD,NHPC,https://niftyindices.com/Press_Release/ind_prs20082020.pdf,press_release,UPSTREAM_EXPLICIT,closed by ind_prs23082024.pdf
NIFTYMIDCAP150,2020-09-25,ADD,PAGEIND,https://niftyindices.com/Press_Release/ind_prs20082020.pdf,press_release,UPSTREAM_EXPLICIT,closed by ind_prs17022023_1.pdf
NIFTYMIDCAP150,2020-09-25,REMOVE,PNBHOUSING,https://niftyindices.com/Press_Release/ind_prs27042017.pdf,press_release,UPSTREAM_EXPLICIT,closed by ind_prs20082020.pdf
NIFTYMIDCAP150,2020-09-25,REMOVE,QUESS,https://niftyindices.com/Press_Release/ind_prs16022017.pdf,press_release,UPSTREAM_EXPLICIT,closed by ind_prs20082020.pdf
NIFTYMIDCAP150,2020-09-25,ADD,SFL,https://niftyindices.com/Press_Release/ind_prs20082020.pdf,press_release,UPSTREAM_EXPLICIT,closed by ind_prs23022021.pdf
NIFTYMIDCAP150,2020-09-25,ADD,SHRIRAMFIN,https://niftyindices.com/Press_Release/ind_prs20082020.pdf,press_release,UPSTREAM_EXPLICIT,closed by ind_prs17082023.pdf
NIFTYMIDCAP150,2020-09-25,ADD,TATACHEM,https://niftyindices.com/Press_Release/ind_prs20082020.pdf,press_release,UPSTREAM_EXPLICIT,closed by ind_prs21022025.pdf
NIFTYMIDCAP150,2020-09-25,ADD,TIINDIA,https://niftyindices.com/Press_Release/ind_prs20082020.pdf,press_release,UPSTREAM_EXPLICIT,
NIFTYMIDCAP150,2020-09-25,REMOVE,UCOBANK,https://niftyindices.com/Press_Release/ind_prs28082019.pdf,press_release,UPSTREAM_EXPLICIT,closed by ind_prs20082020.pdf
NIFTYMIDCAP150,2020-09-25,ADD,YESBANK,https://niftyindices.com/Press_Release/ind_prs20082020.pdf,press_release,UPSTREAM_EXPLICIT,closed by ind_prs23022021.pdf
NIFTYMIDCAP150,2020-09-25,ADD,ZEEL,https://niftyindices.com/Press_Release/ind_prs20082020.pdf,press_release,UPSTREAM_EXPLICIT,closed by ind_prs23082024.pdf
NIFTYMIDCAP150,2020-09-25,ADD,ZYDUSWELL,https://niftyindices.com/Press_Release/ind_prs20082020.pdf,press_release,UPSTREAM_EXPLICIT,closed by ind_prs24022022_1.pdf
NIFTYMIDCAP150,2020-09-30,REMOVE,AKZOINDIA,https://niftyindices.com/Press_Release/ind_prs10062020.pdf,press_release,UPSTREAM_EXPLICIT,"inferred-exclude: not in NSE current snapshot, no PR found (closed at next semi-annual review)"
NIFTYMIDCAP150,2020-09-30,REMOVE,ASTRAZEN,https://niftyindices.com/Press_Release/ind_prs20082020.pdf,press_release,UPSTREAM_EXPLICIT,"inferred-exclude: not in NSE current snapshot, no PR found (closed at next semi-annual review)"
NIFTYMIDCAP150,2020-09-30,REMOVE,CREDITACC,https://niftyindices.com/Press_Release/ind_prs10062020.pdf,press_release,UPSTREAM_EXPLICIT,"inferred-exclude: not in NSE current snapshot, no PR found (closed at next semi-annual review)"
NIFTYMIDCAP150,2021-03-31,REMOVE,ADANIENT,https://niftyindices.com/Press_Release/ind_prs20082020.pdf,press_release,UPSTREAM_EXPLICIT,closed by ind_prs23022021.pdf
NIFTYMIDCAP150,2021-03-31,REMOVE,APOLLOHOSP,https://niftyindices.com/Press_Release/ind_prs16022017.pdf,press_release,UPSTREAM_EXPLICIT,closed by ind_prs23022021.pdf
NIFTYMIDCAP150,2021-03-31,ADD,BANKBARODA,https://niftyindices.com/Press_Release/ind_prs23022021.pdf,press_release,UPSTREAM_EXPLICIT,"inferred-exclude: not in NSE current snapshot, no PR found (closed at next semi-annual review)"
NIFTYMIDCAP150,2021-03-31,ADD,CONCOR,https://niftyindices.com/Press_Release/ind_prs23022021.pdf,press_release,UPSTREAM_EXPLICIT,
NIFTYMIDCAP150,2021-03-31,ADD,DEEPAKNTR,https://niftyindices.com/Press_Release/ind_prs23022021.pdf,press_release,UPSTREAM_EXPLICIT,closed by ind_prs23022026.pdf
NIFTYMIDCAP150,2021-03-31,ADD,DIXON,https://niftyindices.com/Press_Release/ind_prs23022021.pdf,press_release,UPSTREAM_EXPLICIT,
NIFTYMIDCAP150,2021-03-31,REMOVE,ERIS,https://niftyindices.com/Press_Release/ind_prs25022019.pdf,press_release,UPSTREAM_EXPLICIT,closed by ind_prs23022021.pdf
NIFTYMIDCAP150,2021-03-31,REMOVE,FRETAIL,https://niftyindices.com/Press_Release/ind_prs24052018.pdf,press_release,UPSTREAM_EXPLICIT,closed by ind_prs23022021.pdf
NIFTYMIDCAP150,2021-03-31,ADD,GICRE,https://niftyindices.com/Press_Release/ind_prs23022021.pdf,press_release,UPSTREAM_EXPLICIT,
NIFTYMIDCAP150,2021-03-31,ADD,HINDZINC,https://niftyindices.com/Press_Release/ind_prs23022021.pdf,press_release,UPSTREAM_EXPLICIT,closed by ind_prs22082025.pdf
NIFTYMIDCAP150,2021-03-31,REMOVE,HUDCO,https://niftyindices.com/Press_Release/ind_prs16102017.pdf,press_release,UPSTREAM_EXPLICIT,closed by ind_prs23022021.pdf
NIFTYMIDCAP150,2021-03-31,ADD,IDBI,https://niftyindices.com/Press_Release/ind_prs23022021.pdf,press_release,UPSTREAM_EXPLICIT,closed by ind_prs15092021.pdf
NIFTYMIDCAP150,2021-03-31,ADD,INDIAMART,https://niftyindices.com/Press_Release/ind_prs23022021.pdf,press_release,UPSTREAM_EXPLICIT,closed by ind_prs17022023_1.pdf
NIFTYMIDCAP150,2021-03-31,ADD,LAURUSLABS,https://niftyindices.com/Press_Release/ind_prs23022021.pdf,press_release,UPSTREAM_EXPLICIT,closed by ind_prs23082024.pdf
NIFTYMIDCAP150,2021-03-31,ADD,MAXHEALTH,https://niftyindices.com/Press_Release/ind_prs23022021.pdf,press_release,UPSTREAM_EXPLICIT,closed by ind_prs22082025.pdf
NIFTYMIDCAP150,2021-03-31,REMOVE,MRF,https://niftyindices.com/Press_Release/ind_prs28082019.pdf,press_release,UPSTREAM_EXPLICIT,closed by ind_prs23022021.pdf
NIFTYMIDCAP150,2021-03-31,ADD,OFSS,https://niftyindices.com/Press_Release/ind_prs23022021.pdf,press_release,UPSTREAM_EXPLICIT,
NIFTYMIDCAP150,2021-03-31,ADD,PERSISTENT,https://niftyindices.com/Press_Release/ind_prs23022021.pdf,press_release,UPSTREAM_EXPLICIT,
NIFTYMIDCAP150,2021-03-31,ADD,PFC,https://niftyindices.com/Press_Release/ind_prs23022021.pdf,press_release,UPSTREAM_EXPLICIT,closed by ind_prs28022024.pdf
NIFTYMIDCAP150,2021-03-31,ADD,PGHL,https://niftyindices.com/Press_Release/ind_prs23022021.pdf,press_release,UPSTREAM_EXPLICIT,closed by ind_prs15092021.pdf
NIFTYMIDCAP150,2021-03-31,REMOVE,SFL,https://niftyindices.com/Press_Release/ind_prs20082020.pdf,press_release,UPSTREAM_EXPLICIT,closed by ind_prs23022021.pdf
NIFTYMIDCAP150,2021-03-31,ADD,SUVENPHAR,https://niftyindices.com/Press_Release/ind_prs23022021.pdf,press_release,UPSTREAM_EXPLICIT,closed by ind_prs24022022_1.pdf
NIFTYMIDCAP150,2021-03-31,ADD,TATAELXSI,https://niftyindices.com/Press_Release/ind_prs23022021.pdf,press_release,UPSTREAM_EXPLICIT,
NIFTYMIDCAP150,2021-03-31,REMOVE,YESBANK,https://niftyindices.com/Press_Release/ind_prs20082020.pdf,press_release,UPSTREAM_EXPLICIT,closed by ind_prs23022021.pdf
NIFTYMIDCAP150,2021-09-30,ADD,ABBOTINDIA,https://niftyindices.com/Press_Release/ind_prs15092021.pdf,press_release,UPSTREAM_EXPLICIT,
NIFTYMIDCAP150,2021-09-30,ADD,AFFLE,https://niftyindices.com/Press_Release/ind_prs15092021.pdf,press_release,UPSTREAM_EXPLICIT,closed by ind_prs17082023.pdf
NIFTYMIDCAP150,2021-09-30,ADD,ALKEM,https://niftyindices.com/Press_Release/ind_prs15092021.pdf,press_release,UPSTREAM_EXPLICIT,
NIFTYMIDCAP150,2021-09-30,ADD,ALKYLAMINE,https://niftyindices.com/Press_Release/ind_prs15092021.pdf,press_release,UPSTREAM_EXPLICIT,closed by ind_prs17082023.pdf
NIFTYMIDCAP150,2021-09-30,ADD,APLAPOLLO,https://niftyindices.com/Press_Release/ind_prs15092021.pdf,press_release,UPSTREAM_EXPLICIT,
NIFTYMIDCAP150,2021-09-30,REMOVE,BANKBARODA,https://niftyindices.com/Press_Release/ind_prs23022021.pdf,press_release,UPSTREAM_EXPLICIT,"inferred-exclude: not in NSE current snapshot, no PR found (closed at next semi-annual review)"
NIFTYMIDCAP150,2021-09-30,ADD,BLUEDART,https://niftyindices.com/Press_Release/ind_prs23082021.pdf,press_release,UPSTREAM_EXPLICIT,closed by ind_prs28022024.pdf
NIFTYMIDCAP150,2021-09-30,ADD,HINDCOPPER,https://niftyindices.com/Press_Release/ind_prs15092021.pdf,press_release,UPSTREAM_EXPLICIT,closed by ind_prs24022022_1.pdf
NIFTYMIDCAP150,2021-09-30,REMOVE,IDBI,https://niftyindices.com/Press_Release/ind_prs23022021.pdf,press_release,UPSTREAM_EXPLICIT,closed by ind_prs15092021.pdf
NIFTYMIDCAP150,2021-09-30,REMOVE,IIFLWAM,https://niftyindices.com/Press_Release/ind_prs10062020.pdf,press_release,UPSTREAM_EXPLICIT,closed by ind_prs15092021.pdf
NIFTYMIDCAP150,2021-09-30,ADD,INDIANB,https://niftyindices.com/Press_Release/ind_prs15092021.pdf,press_release,UPSTREAM_EXPLICIT,
NIFTYMIDCAP150,2021-09-30,ADD,IRFC,https://niftyindices.com/Press_Release/ind_prs15092021.pdf,press_release,UPSTREAM_EXPLICIT,closed by ind_prs28022024.pdf
NIFTYMIDCAP150,2021-09-30,REMOVE,JMFINANCIL,https://niftyindices.com/Press_Release/ind_prs20082020.pdf,press_release,UPSTREAM_EXPLICIT,closed by ind_prs15092021.pdf
NIFTYMIDCAP150,2021-09-30,ADD,KAJARIACER,https://niftyindices.com/Press_Release/ind_prs15092021.pdf,press_release,UPSTREAM_EXPLICIT,closed by ind_prs23082024.pdf
NIFTYMIDCAP150,2021-09-30,ADD,LINDEINDIA,https://niftyindices.com/Press_Release/ind_prs15092021.pdf,press_release,UPSTREAM_EXPLICIT,
NIFTYMIDCAP150,2021-09-30,ADD,LODHA,https://niftyindices.com/Press_Release/ind_prs15092021.pdf,press_release,UPSTREAM_EXPLICIT,closed by ind_prs23082024.pdf
NIFTYMIDCAP150,2021-09-30,ADD,MRF,https://niftyindices.com/Press_Release/ind_prs15092021.pdf,press_release,UPSTREAM_EXPLICIT,
NIFTYMIDCAP150,2021-09-30,ADD,NATIONALUM,https://niftyindices.com/Press_Release/ind_prs15092021.pdf,press_release,UPSTREAM_EXPLICIT,closed by ind_prs17022023_1.pdf
NIFTYMIDCAP150,2021-09-30,ADD,PETRONET,https://niftyindices.com/Press_Release/ind_prs15092021.pdf,press_release,UPSTREAM_EXPLICIT,
NIFTYMIDCAP150,2021-09-30,REMOVE,PGHL,https://niftyindices.com/Press_Release/ind_prs23022021.pdf,press_release,UPSTREAM_EXPLICIT,closed by ind_prs15092021.pdf
NIFTYMIDCAP150,2021-09-30,REMOVE,SAIL,https://niftyindices.com/Press_Release/ind_prs28082019.pdf,press_release,UPSTREAM_EXPLICIT,closed by ind_prs15092021.pdf
NIFTYMIDCAP150,2021-09-30,REMOVE,SAMMAANCAP,https://niftyindices.com/Press_Release/ind_prs10062020.pdf,press_release,UPSTREAM_EXPLICIT,closed by ind_prs15092021.pdf
NIFTYMIDCAP150,2021-09-30,ADD,UBL,https://niftyindices.com/Press_Release/ind_prs15092021.pdf,press_release,UPSTREAM_EXPLICIT,
NIFTYMIDCAP150,2021-09-30,ADD,VAIBHAVGBL,https://niftyindices.com/Press_Release/ind_prs15092021.pdf,press_release,UPSTREAM_EXPLICIT,closed by ind_prs24022022_1.pdf
NIFTYMIDCAP150,2021-09-30,REMOVE,VGUARD,https://niftyindices.com/Press_Release/ind_prs28082017.pdf,press_release,UPSTREAM_EXPLICIT,closed by ind_prs15092021.pdf
NIFTYMIDCAP150,2021-09-30,ADD,ZFCVINDIA,https://niftyindices.com/Press_Release/ind_prs15092021.pdf,press_release,UPSTREAM_EXPLICIT,closed by ind_prs21022025.pdf
NIFTYMIDCAP150,2021-10-29,ADD,SONACOMS,https://niftyindices.com/Press_Release/ind_prs22102021.pdf,press_release,UPSTREAM_EXPLICIT,closed by ind_prs23022026.pdf
NIFTYMIDCAP150,2022-03-31,ADD,AUROPHARMA,https://niftyindices.com/Press_Release/ind_prs24022022_1.pdf,press_release,UPSTREAM_EXPLICIT,
NIFTYMIDCAP150,2022-03-31,REMOVE,CASTROLIND,https://niftyindices.com/Press_Release/ind_prs16022017.pdf,press_release,UPSTREAM_EXPLICIT,closed by ind_prs24022022_1.pdf
NIFTYMIDCAP150,2022-03-31,ADD,CGPOWER,https://niftyindices.com/Press_Release/ind_prs24022022_1.pdf,press_release,UPSTREAM_EXPLICIT,closed by ind_prs21022025.pdf
NIFTYMIDCAP150,2022-03-31,ADD,CLEAN,https://niftyindices.com/Press_Release/ind_prs24022022_1.pdf,press_release,UPSTREAM_EXPLICIT,closed by ind_prs17082023.pdf
NIFTYMIDCAP150,2022-03-31,REMOVE,DHANI,https://niftyindices.com/Press_Release/ind_prs21022018.pdf,press_release,UPSTREAM_EXPLICIT,closed by ind_prs24022022_1.pdf
NIFTYMIDCAP150,2022-03-31,ADD,FLUOROCHEM,https://niftyindices.com/Press_Release/ind_prs24022022_1.pdf,press_release,UPSTREAM_EXPLICIT,
NIFTYMIDCAP150,2022-03-31,ADD,GRINDWELL,https://niftyindices.com/Press_Release/ind_prs24022022_1.pdf,press_release,UPSTREAM_EXPLICIT,closed by ind_prs21022025.pdf
NIFTYMIDCAP150,2022-03-31,ADD,HAPPSTMNDS,https://niftyindices.com/Press_Release/ind_prs24022022_1.pdf,press_release,UPSTREAM_EXPLICIT,closed by ind_prs17082023.pdf
NIFTYMIDCAP150,2022-03-31,REMOVE,HINDCOPPER,https://niftyindices.com/Press_Release/ind_prs15092021.pdf,press_release,UPSTREAM_EXPLICIT,closed by ind_prs24022022_1.pdf
NIFTYMIDCAP150,2022-03-31,ADD,HINDPETRO,https://niftyindices.com/Press_Release/ind_prs24022022_1.pdf,press_release,UPSTREAM_EXPLICIT,
NIFTYMIDCAP150,2022-03-31,ADD,IDBI,https://niftyindices.com/Press_Release/ind_prs24022022_1.pdf,press_release,UPSTREAM_EXPLICIT,closed by ind_prs01092022.pdf
NIFTYMIDCAP150,2022-03-31,ADD,IEX,https://niftyindices.com/Press_Release/ind_prs24022022_1.pdf,press_release,UPSTREAM_EXPLICIT,closed by ind_prs17022023_1.pdf
NIFTYMIDCAP150,2022-03-31,ADD,IGL,https://niftyindices.com/Press_Release/ind_prs24022022_1.pdf,press_release,UPSTREAM_EXPLICIT,closed by ind_prs23022026.pdf
NIFTYMIDCAP150,2022-03-31,REMOVE,ITI,https://niftyindices.com/Press_Release/ind_prs20082020.pdf,press_release,UPSTREAM_EXPLICIT,closed by ind_prs24022022_1.pdf
NIFTYMIDCAP150,2022-03-31,ADD,JINDALSTEL,https://niftyindices.com/Press_Release/ind_prs24022022_1.pdf,press_release,UPSTREAM_EXPLICIT,"inferred-exclude: not in NSE current snapshot, no PR found (closed at next semi-annual review)"
NIFTYMIDCAP150,2022-03-31,REMOVE,LTM,https://niftyindices.com/Press_Release/ind_prs16022017.pdf,press_release,UPSTREAM_EXPLICIT,closed by ind_prs24022022_1.pdf
NIFTYMIDCAP150,2022-03-31,REMOVE,MGL,https://niftyindices.com/Press_Release/ind_prs27042017.pdf,press_release,UPSTREAM_EXPLICIT,closed by ind_prs24022022_1.pdf
NIFTYMIDCAP150,2022-03-31,REMOVE,MOTILALOFS,https://niftyindices.com/Press_Release/ind_prs16022017.pdf,press_release,UPSTREAM_EXPLICIT,closed by ind_prs24022022_1.pdf
NIFTYMIDCAP150,2022-03-31,ADD,NUVOCO,https://niftyindices.com/Press_Release/ind_prs24022022_1.pdf,press_release,UPSTREAM_EXPLICIT,closed by ind_prs01092022.pdf
NIFTYMIDCAP150,2022-03-31,ADD,POLICYBZR,https://niftyindices.com/Press_Release/ind_prs24022022_1.pdf,press_release,UPSTREAM_EXPLICIT,
NIFTYMIDCAP150,2022-03-31,REMOVE,RBLBANK,https://niftyindices.com/Press_Release/ind_prs16012017.pdf,press_release,UPSTREAM_EXPLICIT,closed by ind_prs24022022_1.pdf
NIFTYMIDCAP150,2022-03-31,ADD,STARHEALTH,https://niftyindices.com/Press_Release/ind_prs24022022_1.pdf,press_release,UPSTREAM_EXPLICIT,closed by ind_prs22082025.pdf
NIFTYMIDCAP150,2022-03-31,REMOVE,SUVENPHAR,https://niftyindices.com/Press_Release/ind_prs23022021.pdf,press_release,UPSTREAM_EXPLICIT,closed by ind_prs24022022_1.pdf
NIFTYMIDCAP150,2022-03-31,ADD,TRIDENT,https://niftyindices.com/Press_Release/ind_prs24022022_1.pdf,press_release,UPSTREAM_EXPLICIT,closed by ind_prs28022024.pdf
NIFTYMIDCAP150,2022-03-31,REMOVE,TTKPRESTIG,https://niftyindices.com/Press_Release/ind_prs17092019.pdf,press_release,UPSTREAM_EXPLICIT,closed by ind_prs24022022_1.pdf
NIFTYMIDCAP150,2022-03-31,ADD,TTML,https://niftyindices.com/Press_Release/ind_prs24022022_1.pdf,press_release,UPSTREAM_EXPLICIT,closed by ind_prs17082023.pdf
NIFTYMIDCAP150,2022-03-31,REMOVE,VAIBHAVGBL,https://niftyindices.com/Press_Release/ind_prs15092021.pdf,press_release,UPSTREAM_EXPLICIT,closed by ind_prs24022022_1.pdf
NIFTYMIDCAP150,2022-03-31,ADD,YESBANK,https://niftyindices.com/Press_Release/ind_prs24022022_1.pdf,press_release,UPSTREAM_EXPLICIT,
NIFTYMIDCAP150,2022-03-31,REMOVE,ZYDUSWELL,https://niftyindices.com/Press_Release/ind_prs20082020.pdf,press_release,UPSTREAM_EXPLICIT,closed by ind_prs24022022_1.pdf
NIFTYMIDCAP150,2022-05-04,REMOVE,AARTIIND,https://niftyindices.com/Press_Release/ind_prs16122019.pdf,press_release,UPSTREAM_EXPLICIT,closed by ind_prs05042022.pdf
NIFTYMIDCAP150,2022-05-04,ADD,GMRAIRPORT,https://niftyindices.com/Press_Release/ind_prs05042022.pdf,press_release,UPSTREAM_EXPLICIT,
NIFTYMIDCAP150,2022-08-08,ADD,DELHIVERY,https://niftyindices.com/Press_Release/ind_prs11072022.pdf,press_release,UPSTREAM_EXPLICIT,closed by ind_prs21022025.pdf
NIFTYMIDCAP150,2022-09-30,REMOVE,ATGL,https://niftyindices.com/Press_Release/ind_prs28082019.pdf,press_release,UPSTREAM_EXPLICIT,closed by ind_prs01092022.pdf
NIFTYMIDCAP150,2022-09-30,ADD,AWL,https://niftyindices.com/Press_Release/ind_prs01092022.pdf,press_release,UPSTREAM_EXPLICIT,closed by ind_prs17022023_1.pdf
NIFTYMIDCAP150,2022-09-30,REMOVE,BEL,https://niftyindices.com/Press_Release/ind_prs25022019.pdf,press_release,UPSTREAM_EXPLICIT,closed by ind_prs01092022.pdf
NIFTYMIDCAP150,2022-09-30,ADD,DEVYANI,https://niftyindices.com/Press_Release/ind_prs01092022.pdf,press_release,UPSTREAM_EXPLICIT,closed by ind_prs23082024.pdf
NIFTYMIDCAP150,2022-09-30,REMOVE,GLENMARK,https://niftyindices.com/Press_Release/ind_prs21022018.pdf,press_release,UPSTREAM_EXPLICIT,closed by ind_prs01092022.pdf
NIFTYMIDCAP150,2022-09-30,REMOVE,HAL,https://niftyindices.com/Press_Release/ind_prs28082018.pdf,press_release,UPSTREAM_EXPLICIT,closed by ind_prs01092022.pdf
NIFTYMIDCAP150,2022-09-30,REMOVE,IDBI,https://niftyindices.com/Press_Release/ind_prs24022022_1.pdf,press_release,UPSTREAM_EXPLICIT,closed by ind_prs01092022.pdf
NIFTYMIDCAP150,2022-09-30,REMOVE,IRCTC,https://niftyindices.com/Press_Release/ind_prs10062020.pdf,press_release,UPSTREAM_EXPLICIT,closed by ind_prs01092022.pdf
NIFTYMIDCAP150,2022-09-30,REMOVE,JINDALSTEL,https://niftyindices.com/Press_Release/ind_prs24022022_1.pdf,press_release,UPSTREAM_EXPLICIT,"inferred-exclude: not in NSE current snapshot, no PR found (closed at next semi-annual review)"
NIFTYMIDCAP150,2022-09-30,ADD,JUBLFOOD,https://niftyindices.com/Press_Release/ind_prs01092022.pdf,press_release,UPSTREAM_EXPLICIT,
NIFTYMIDCAP150,2022-09-30,ADD,KPRMILL,https://niftyindices.com/Press_Release/ind_prs01092022.pdf,press_release,UPSTREAM_EXPLICIT,
NIFTYMIDCAP150,2022-09-30,ADD,LUPIN,https://niftyindices.com/Press_Release/ind_prs01092022.pdf,press_release,UPSTREAM_EXPLICIT,
NIFTYMIDCAP150,2022-09-30,REMOVE,MANAPPURAM,https://niftyindices.com/Press_Release/ind_prs16022017.pdf,press_release,UPSTREAM_EXPLICIT,closed by ind_prs01092022.pdf
NIFTYMIDCAP150,2022-09-30,ADD,MANYAVAR,https://niftyindices.com/Press_Release/ind_prs01092022.pdf,press_release,UPSTREAM_EXPLICIT,closed by ind_prs23082024.pdf
NIFTYMIDCAP150,2022-09-30,REMOVE,METROPOLIS,https://niftyindices.com/Press_Release/ind_prs20082020.pdf,press_release,UPSTREAM_EXPLICIT,closed by ind_prs01092022.pdf
NIFTYMIDCAP150,2022-09-30,ADD,MOTHERSON,https://niftyindices.com/Press_Release/ind_prs01092022.pdf,press_release,UPSTREAM_EXPLICIT,closed by ind_prs22082025.pdf
NIFTYMIDCAP150,2022-09-30,REMOVE,NUVOCO,https://niftyindices.com/Press_Release/ind_prs24022022_1.pdf,press_release,UPSTREAM_EXPLICIT,closed by ind_prs01092022.pdf
NIFTYMIDCAP150,2022-09-30,ADD,PATANJALI,https://niftyindices.com/Press_Release/ind_prs01092022.pdf,press_release,UPSTREAM_EXPLICIT,
NIFTYMIDCAP150,2022-09-30,ADD,PNB,https://niftyindices.com/Press_Release/ind_prs01092022.pdf,press_release,UPSTREAM_EXPLICIT,closed by ind_prs17082023.pdf
NIFTYMIDCAP150,2022-09-30,ADD,POONAWALLA,https://niftyindices.com/Press_Release/ind_prs01092022.pdf,press_release,UPSTREAM_EXPLICIT,closed by ind_prs21022025.pdf
NIFTYMIDCAP150,2022-09-30,ADD,SAIL,https://niftyindices.com/Press_Release/ind_prs01092022.pdf,press_release,UPSTREAM_EXPLICIT,
NIFTYMIDCAP150,2022-09-30,ADD,ZYDUSLIFE,https://niftyindices.com/Press_Release/ind_prs01092022.pdf,press_release,UPSTREAM_EXPLICIT,closed by ind_prs17082023.pdf
NIFTYMIDCAP150,2023-03-31,ADD,AARTIIND,https://niftyindices.com/Press_Release/ind_prs17022023_1.pdf,press_release,UPSTREAM_EXPLICIT,closed by ind_prs28022024.pdf
NIFTYMIDCAP150,2023-03-31,REMOVE,ABB,https://niftyindices.com/Press_Release/ind_prs10062020.pdf,press_release,UPSTREAM_EXPLICIT,closed by ind_prs17022023_1.pdf
NIFTYMIDCAP150,2023-03-31,ADD,ADANIPOWER,https://niftyindices.com/Press_Release/ind_prs17022023_1.pdf,press_release,UPSTREAM_EXPLICIT,closed by ind_prs28022024.pdf
NIFTYMIDCAP150,2023-03-31,ADD,APOLLOTYRE,https://niftyindices.com/Press_Release/ind_prs17022023_1.pdf,press_release,UPSTREAM_EXPLICIT,
NIFTYMIDCAP150,2023-03-31,REMOVE,AWL,https://niftyindices.com/Press_Release/ind_prs01092022.pdf,press_release,UPSTREAM_EXPLICIT,closed by ind_prs17022023_1.pdf
NIFTYMIDCAP150,2023-03-31,ADD,BANDHANBNK,https://niftyindices.com/Press_Release/ind_prs17022023_1.pdf,press_release,UPSTREAM_EXPLICIT,closed by ind_prs22082025.pdf
NIFTYMIDCAP150,2023-03-31,ADD,BIOCON,https://niftyindices.com/Press_Release/ind_prs17022023_1.pdf,press_release,UPSTREAM_EXPLICIT,
NIFTYMIDCAP150,2023-03-31,ADD,FINEORG,https://niftyindices.com/Press_Release/ind_prs17022023_1.pdf,press_release,UPSTREAM_EXPLICIT,closed by ind_prs17082023.pdf
NIFTYMIDCAP150,2023-03-31,ADD,GLAND,https://niftyindices.com/Press_Release/ind_prs17022023_1.pdf,press_release,UPSTREAM_EXPLICIT,closed by ind_prs22082025.pdf
NIFTYMIDCAP150,2023-03-31,REMOVE,HATSUN,https://niftyindices.com/Press_Release/ind_prs08012018.pdf,press_release,UPSTREAM_EXPLICIT,closed by ind_prs17022023_1.pdf
NIFTYMIDCAP150,2023-03-31,REMOVE,IEX,https://niftyindices.com/Press_Release/ind_prs24022022_1.pdf,press_release,UPSTREAM_EXPLICIT,closed by ind_prs17022023_1.pdf
NIFTYMIDCAP150,2023-03-31,REMOVE,INDIAMART,https://niftyindices.com/Press_Release/ind_prs23022021.pdf,press_release,UPSTREAM_EXPLICIT,closed by ind_prs17022023_1.pdf
NIFTYMIDCAP150,2023-03-31,ADD,METROBRAND,https://niftyindices.com/Press_Release/ind_prs17022023_1.pdf,press_release,UPSTREAM_EXPLICIT,closed by ind_prs21022025.pdf
NIFTYMIDCAP150,2023-03-31,ADD,MPHASIS,https://niftyindices.com/Press_Release/ind_prs17022023_1.pdf,press_release,UPSTREAM_EXPLICIT,
NIFTYMIDCAP150,2023-03-31,REMOVE,NATIONALUM,https://niftyindices.com/Press_Release/ind_prs15092021.pdf,press_release,UPSTREAM_EXPLICIT,closed by ind_prs17022023_1.pdf
NIFTYMIDCAP150,2023-03-31,ADD,NMDC,https://niftyindices.com/Press_Release/ind_prs17022023_1.pdf,press_release,UPSTREAM_EXPLICIT,
NIFTYMIDCAP150,2023-03-31,REMOVE,PAGEIND,https://niftyindices.com/Press_Release/ind_prs20082020.pdf,press_release,UPSTREAM_EXPLICIT,closed by ind_prs17022023_1.pdf
NIFTYMIDCAP150,2023-03-31,ADD,PAYTM,https://niftyindices.com/Press_Release/ind_prs17022023_1.pdf,press_release,UPSTREAM_EXPLICIT,
NIFTYMIDCAP150,2023-03-31,ADD,PEL,https://niftyindices.com/Press_Release/ind_prs17022023_1.pdf,press_release,UPSTREAM_EXPLICIT,closed by ind_prs23082024.pdf
NIFTYMIDCAP150,2023-03-31,ADD,TIMKEN,https://niftyindices.com/Press_Release/ind_prs17022023_1.pdf,press_release,UPSTREAM_EXPLICIT,closed by ind_prs21022025.pdf
NIFTYMIDCAP150,2023-03-31,REMOVE,VBL,https://niftyindices.com/Press_Release/ind_prs28082017.pdf,press_release,UPSTREAM_EXPLICIT,closed by ind_prs17022023_1.pdf
NIFTYMIDCAP150,2023-07-13,ADD,MANKIND,https://niftyindices.com/Press_Release/ind_prs04072023.pdf,press_release,UPSTREAM_EXPLICIT,
NIFTYMIDCAP150,2023-09-29,REMOVE,AAVAS,https://niftyindices.com/Press_Release/ind_prs28082019.pdf,press_release,UPSTREAM_EXPLICIT,closed by ind_prs17082023.pdf
NIFTYMIDCAP150,2023-09-29,ADD,ACC,https://niftyindices.com/Press_Release/ind_prs17082023.pdf,press_release,UPSTREAM_EXPLICIT,
NIFTYMIDCAP150,2023-09-29,REMOVE,AFFLE,https://niftyindices.com/Press_Release/ind_prs15092021.pdf,press_release,UPSTREAM_EXPLICIT,closed by ind_prs17082023.pdf
NIFTYMIDCAP150,2023-09-29,REMOVE,ALKYLAMINE,https://niftyindices.com/Press_Release/ind_prs15092021.pdf,press_release,UPSTREAM_EXPLICIT,closed by ind_prs17082023.pdf
NIFTYMIDCAP150,2023-09-29,ADD,BDL,https://niftyindices.com/Press_Release/ind_prs17082023.pdf,press_release,UPSTREAM_EXPLICIT,
NIFTYMIDCAP150,2023-09-29,ADD,CARBORUNIV,https://niftyindices.com/Press_Release/ind_prs17082023.pdf,press_release,UPSTREAM_EXPLICIT,closed by ind_prs21022025.pdf
NIFTYMIDCAP150,2023-09-29,REMOVE,CLEAN,https://niftyindices.com/Press_Release/ind_prs24022022_1.pdf,press_release,UPSTREAM_EXPLICIT,closed by ind_prs17082023.pdf
NIFTYMIDCAP150,2023-09-29,ADD,FACT,https://niftyindices.com/Press_Release/ind_prs17082023.pdf,press_release,UPSTREAM_EXPLICIT,closed by ind_prs21022025.pdf
NIFTYMIDCAP150,2023-09-29,REMOVE,FINEORG,https://niftyindices.com/Press_Release/ind_prs17022023_1.pdf,press_release,UPSTREAM_EXPLICIT,closed by ind_prs17082023.pdf
NIFTYMIDCAP150,2023-09-29,REMOVE,HAPPSTMNDS,https://niftyindices.com/Press_Release/ind_prs24022022_1.pdf,press_release,UPSTREAM_EXPLICIT,closed by ind_prs17082023.pdf
NIFTYMIDCAP150,2023-09-29,ADD,HDFCAMC,https://niftyindices.com/Press_Release/ind_prs17082023.pdf,press_release,UPSTREAM_EXPLICIT,closed by ind_prs23022026.pdf
NIFTYMIDCAP150,2023-09-29,ADD,INDUSTOWER,https://niftyindices.com/Press_Release/ind_prs17082023.pdf,press_release,UPSTREAM_EXPLICIT,
NIFTYMIDCAP150,2023-09-29,ADD,JSL,https://niftyindices.com/Press_Release/ind_prs17082023.pdf,press_release,UPSTREAM_EXPLICIT,
NIFTYMIDCAP150,2023-09-29,ADD,KPITTECH,https://niftyindices.com/Press_Release/ind_prs17082023.pdf,press_release,UPSTREAM_EXPLICIT,
NIFTYMIDCAP150,2023-09-29,ADD,MAHABANK,https://niftyindices.com/Press_Release/ind_prs17082023.pdf,press_release,UPSTREAM_EXPLICIT,
NIFTYMIDCAP150,2023-09-29,ADD,MAZDOCK,https://niftyindices.com/Press_Release/ind_prs17082023.pdf,press_release,UPSTREAM_EXPLICIT,closed by ind_prs22082025.pdf
NIFTYMIDCAP150,2023-09-29,REMOVE,NAM-INDIA,https://niftyindices.com/Press_Release/ind_prs28082018.pdf,press_release,UPSTREAM_EXPLICIT,closed by ind_prs17082023.pdf
NIFTYMIDCAP150,2023-09-29,ADD,NYKAA,https://niftyindices.com/Press_Release/ind_prs17082023.pdf,press_release,UPSTREAM_EXPLICIT,
NIFTYMIDCAP150,2023-09-29,ADD,PAGEIND,https://niftyindices.com/Press_Release/ind_prs17082023.pdf,press_release,UPSTREAM_EXPLICIT,
NIFTYMIDCAP150,2023-09-29,REMOVE,PNB,https://niftyindices.com/Press_Release/ind_prs01092022.pdf,press_release,UPSTREAM_EXPLICIT,closed by ind_prs17082023.pdf
NIFTYMIDCAP150,2023-09-29,ADD,RVNL,https://niftyindices.com/Press_Release/ind_prs17082023.pdf,press_release,UPSTREAM_EXPLICIT,
NIFTYMIDCAP150,2023-09-29,REMOVE,SHRIRAMFIN,https://niftyindices.com/Press_Release/ind_prs20082020.pdf,press_release,UPSTREAM_EXPLICIT,closed by ind_prs17082023.pdf
NIFTYMIDCAP150,2023-09-29,REMOVE,TTML,https://niftyindices.com/Press_Release/ind_prs24022022_1.pdf,press_release,UPSTREAM_EXPLICIT,closed by ind_prs17082023.pdf
NIFTYMIDCAP150,2023-09-29,REMOVE,ZYDUSLIFE,https://niftyindices.com/Press_Release/ind_prs01092022.pdf,press_release,UPSTREAM_EXPLICIT,closed by ind_prs17082023.pdf
NIFTYMIDCAP150,2024-03-28,REMOVE,AARTIIND,https://niftyindices.com/Press_Release/ind_prs17022023_1.pdf,press_release,UPSTREAM_EXPLICIT,closed by ind_prs28022024.pdf
NIFTYMIDCAP150,2024-03-28,REMOVE,ADANIPOWER,https://niftyindices.com/Press_Release/ind_prs17022023_1.pdf,press_release,UPSTREAM_EXPLICIT,closed by ind_prs28022024.pdf
NIFTYMIDCAP150,2024-03-28,ADD,AWL,https://niftyindices.com/Press_Release/ind_prs28022024.pdf,press_release,UPSTREAM_EXPLICIT,
NIFTYMIDCAP150,2024-03-28,REMOVE,BLUEDART,https://niftyindices.com/Press_Release/ind_prs23082021.pdf,press_release,UPSTREAM_EXPLICIT,closed by ind_prs28022024.pdf
NIFTYMIDCAP150,2024-03-28,ADD,IDBI,https://niftyindices.com/Press_Release/ind_prs28022024.pdf,press_release,UPSTREAM_EXPLICIT,closed by ind_prs21022025.pdf
NIFTYMIDCAP150,2024-03-28,REMOVE,IRFC,https://niftyindices.com/Press_Release/ind_prs15092021.pdf,press_release,UPSTREAM_EXPLICIT,closed by ind_prs28022024.pdf
NIFTYMIDCAP150,2024-03-28,ADD,JSWINFRA,https://niftyindices.com/Press_Release/ind_prs28022024.pdf,press_release,UPSTREAM_EXPLICIT,
NIFTYMIDCAP150,2024-03-28,ADD,KALYANKJIL,https://niftyindices.com/Press_Release/ind_prs28022024.pdf,press_release,UPSTREAM_EXPLICIT,
NIFTYMIDCAP150,2024-03-28,ADD,KEI,https://niftyindices.com/Press_Release/ind_prs28022024.pdf,press_release,UPSTREAM_EXPLICIT,
NIFTYMIDCAP150,2024-03-28,ADD,LLOYDSME,https://niftyindices.com/Press_Release/ind_prs28022024.pdf,press_release,UPSTREAM_EXPLICIT,
NIFTYMIDCAP150,2024-03-28,ADD,MUTHOOTFIN,https://niftyindices.com/Press_Release/ind_prs28022024.pdf,press_release,UPSTREAM_EXPLICIT,closed by ind_prs23022026.pdf
NIFTYMIDCAP150,2024-03-28,REMOVE,NAVINFLUOR,https://niftyindices.com/Press_Release/ind_prs20082020.pdf,press_release,UPSTREAM_EXPLICIT,closed by ind_prs28022024.pdf
NIFTYMIDCAP150,2024-03-28,REMOVE,PFC,https://niftyindices.com/Press_Release/ind_prs23022021.pdf,press_release,UPSTREAM_EXPLICIT,closed by ind_prs28022024.pdf
NIFTYMIDCAP150,2024-03-28,ADD,PGHH,https://niftyindices.com/Press_Release/ind_prs28022024.pdf,press_release,UPSTREAM_EXPLICIT,closed by ind_prs21022025.pdf
NIFTYMIDCAP150,2024-03-28,ADD,PIIND,https://niftyindices.com/Press_Release/ind_prs28022024.pdf,press_release,UPSTREAM_EXPLICIT,
NIFTYMIDCAP150,2024-03-28,REMOVE,RECLTD,https://niftyindices.com/Press_Release/ind_prs28082018.pdf,press_release,UPSTREAM_EXPLICIT,closed by ind_prs28022024.pdf
NIFTYMIDCAP150,2024-03-28,REMOVE,RELAXO,https://niftyindices.com/Press_Release/ind_prs25022019.pdf,press_release,UPSTREAM_EXPLICIT,closed by ind_prs28022024.pdf
NIFTYMIDCAP150,2024-03-28,ADD,SJVN,https://niftyindices.com/Press_Release/ind_prs28022024.pdf,press_release,UPSTREAM_EXPLICIT,
NIFTYMIDCAP150,2024-03-28,ADD,SUZLON,https://niftyindices.com/Press_Release/ind_prs28022024.pdf,press_release,UPSTREAM_EXPLICIT,
NIFTYMIDCAP150,2024-03-28,ADD,TATATECH,https://niftyindices.com/Press_Release/ind_prs28022024.pdf,press_release,UPSTREAM_EXPLICIT,closed by ind_prs23022026.pdf
NIFTYMIDCAP150,2024-03-28,REMOVE,TRIDENT,https://niftyindices.com/Press_Release/ind_prs24022022_1.pdf,press_release,UPSTREAM_EXPLICIT,closed by ind_prs28022024.pdf
NIFTYMIDCAP150,2024-03-28,ADD,UPL,https://niftyindices.com/Press_Release/ind_prs28022024.pdf,press_release,UPSTREAM_EXPLICIT,
NIFTYMIDCAP150,2024-03-28,REMOVE,VINATIORGA,https://niftyindices.com/Press_Release/ind_prs28082019.pdf,press_release,UPSTREAM_EXPLICIT,closed by ind_prs28022024.pdf
NIFTYMIDCAP150,2024-09-30,REMOVE,ATUL,https://niftyindices.com/Press_Release/ind_prs25022019.pdf,press_release,UPSTREAM_EXPLICIT,closed by ind_prs23082024.pdf
NIFTYMIDCAP150,2024-09-30,ADD,BERGEPAINT,https://niftyindices.com/Press_Release/ind_prs23082024.pdf,press_release,UPSTREAM_EXPLICIT,
NIFTYMIDCAP150,2024-09-30,ADD,BHARTIHEXA,https://niftyindices.com/Press_Release/ind_prs23082024.pdf,press_release,UPSTREAM_EXPLICIT,
NIFTYMIDCAP150,2024-09-30,REMOVE,BHEL,https://niftyindices.com/Press_Release/ind_prs28082019.pdf,press_release,UPSTREAM_EXPLICIT,closed by ind_prs23082024.pdf
NIFTYMIDCAP150,2024-09-30,ADD,CENTRALBK,https://niftyindices.com/Press_Release/ind_prs23082024.pdf,press_release,UPSTREAM_EXPLICIT,"inferred-exclude: not in NSE current snapshot, no PR found (closed at next semi-annual review)"
NIFTYMIDCAP150,2024-09-30,ADD,COCHINSHIP,https://niftyindices.com/Press_Release/ind_prs23082024.pdf,press_release,UPSTREAM_EXPLICIT,
NIFTYMIDCAP150,2024-09-30,ADD,COLPAL,https://niftyindices.com/Press_Release/ind_prs23082024.pdf,press_release,UPSTREAM_EXPLICIT,
NIFTYMIDCAP150,2024-09-30,REMOVE,DEVYANI,https://niftyindices.com/Press_Release/ind_prs01092022.pdf,press_release,UPSTREAM_EXPLICIT,closed by ind_prs23082024.pdf
NIFTYMIDCAP150,2024-09-30,ADD,EXIDEIND,https://niftyindices.com/Press_Release/ind_prs23082024.pdf,press_release,UPSTREAM_EXPLICIT,
NIFTYMIDCAP150,2024-09-30,ADD,HUDCO,https://niftyindices.com/Press_Release/ind_prs23082024.pdf,press_release,UPSTREAM_EXPLICIT,
NIFTYMIDCAP150,2024-09-30,REMOVE,IDEA,https://niftyindices.com/Press_Release/ind_prs10062020.pdf,press_release,UPSTREAM_EXPLICIT,closed by ind_prs23082024.pdf
NIFTYMIDCAP150,2024-09-30,ADD,IOB,https://niftyindices.com/Press_Release/ind_prs23082024.pdf,press_release,UPSTREAM_EXPLICIT,closed by ind_prs21022025.pdf
NIFTYMIDCAP150,2024-09-30,ADD,IRB,https://niftyindices.com/Press_Release/ind_prs23082024.pdf,press_release,UPSTREAM_EXPLICIT,closed by ind_prs23022026.pdf
NIFTYMIDCAP150,2024-09-30,ADD,IREDA,https://niftyindices.com/Press_Release/ind_prs23082024.pdf,press_release,UPSTREAM_EXPLICIT,
NIFTYMIDCAP150,2024-09-30,REMOVE,ISEC,https://niftyindices.com/Press_Release/ind_prs28082018.pdf,press_release,UPSTREAM_EXPLICIT,closed by ind_prs23082024.pdf
NIFTYMIDCAP150,2024-09-30,REMOVE,KAJARIACER,https://niftyindices.com/Press_Release/ind_prs15092021.pdf,press_release,UPSTREAM_EXPLICIT,closed by ind_prs23082024.pdf
NIFTYMIDCAP150,2024-09-30,REMOVE,LALPATHLAB,https://niftyindices.com/Press_Release/ind_prs16122019.pdf,press_release,UPSTREAM_EXPLICIT,closed by ind_prs23082024.pdf
NIFTYMIDCAP150,2024-09-30,REMOVE,LAURUSLABS,https://niftyindices.com/Press_Release/ind_prs23022021.pdf,press_release,UPSTREAM_EXPLICIT,closed by ind_prs23082024.pdf
NIFTYMIDCAP150,2024-09-30,REMOVE,LODHA,https://niftyindices.com/Press_Release/ind_prs15092021.pdf,press_release,UPSTREAM_EXPLICIT,closed by ind_prs23082024.pdf
NIFTYMIDCAP150,2024-09-30,REMOVE,MANYAVAR,https://niftyindices.com/Press_Release/ind_prs01092022.pdf,press_release,UPSTREAM_EXPLICIT,closed by ind_prs23082024.pdf
NIFTYMIDCAP150,2024-09-30,ADD,MARICO,https://niftyindices.com/Press_Release/ind_prs23082024.pdf,press_release,UPSTREAM_EXPLICIT,
NIFTYMIDCAP150,2024-09-30,ADD,MEDANTA,https://niftyindices.com/Press_Release/ind_prs23082024.pdf,press_release,UPSTREAM_EXPLICIT,
NIFTYMIDCAP150,2024-09-30,ADD,MRPL,https://niftyindices.com/Press_Release/ind_prs23082024.pdf,press_release,UPSTREAM_EXPLICIT,closed by ind_prs22082025.pdf
NIFTYMIDCAP150,2024-09-30,ADD,NAM-INDIA,https://niftyindices.com/Press_Release/ind_prs23082024.pdf,press_release,UPSTREAM_EXPLICIT,
NIFTYMIDCAP150,2024-09-30,REMOVE,NHPC,https://niftyindices.com/Press_Release/ind_prs20082020.pdf,press_release,UPSTREAM_EXPLICIT,closed by ind_prs23082024.pdf
NIFTYMIDCAP150,2024-09-30,ADD,NLCINDIA,https://niftyindices.com/Press_Release/ind_prs23082024.pdf,press_release,UPSTREAM_EXPLICIT,
NIFTYMIDCAP150,2024-09-30,REMOVE,PEL,https://niftyindices.com/Press_Release/ind_prs17022023_1.pdf,press_release,UPSTREAM_EXPLICIT,closed by ind_prs23082024.pdf
NIFTYMIDCAP150,2024-09-30,ADD,POWERINDIA,https://niftyindices.com/Press_Release/ind_prs23082024.pdf,press_release,UPSTREAM_EXPLICIT,
NIFTYMIDCAP150,2024-09-30,ADD,SBICARD,https://niftyindices.com/Press_Release/ind_prs23082024.pdf,press_release,UPSTREAM_EXPLICIT,
NIFTYMIDCAP150,2024-09-30,ADD,SRF,https://niftyindices.com/Press_Release/ind_prs23082024.pdf,press_release,UPSTREAM_EXPLICIT,
NIFTYMIDCAP150,2024-09-30,REMOVE,SUMICHEM,https://niftyindices.com/Press_Release/ind_prs10062020.pdf,press_release,UPSTREAM_EXPLICIT,closed by ind_prs23082024.pdf
NIFTYMIDCAP150,2024-09-30,ADD,TATAINVEST,https://niftyindices.com/Press_Release/ind_prs23082024.pdf,press_release,UPSTREAM_EXPLICIT,
NIFTYMIDCAP150,2024-09-30,REMOVE,ZEEL,https://niftyindices.com/Press_Release/ind_prs20082020.pdf,press_release,UPSTREAM_EXPLICIT,closed by ind_prs23082024.pdf
NIFTYMIDCAP150,2025-03-28,ADD,APARINDS,https://niftyindices.com/Press_Release/ind_prs21022025.pdf,press_release,UPSTREAM_EXPLICIT,
NIFTYMIDCAP150,2025-03-28,ADD,ATGL,https://niftyindices.com/Press_Release/ind_prs21022025.pdf,press_release,UPSTREAM_EXPLICIT,
NIFTYMIDCAP150,2025-03-28,REMOVE,BAYERCROP,https://niftyindices.com/Press_Release/ind_prs28082019.pdf,press_release,UPSTREAM_EXPLICIT,closed by ind_prs21022025.pdf
NIFTYMIDCAP150,2025-03-28,ADD,BHEL,https://niftyindices.com/Press_Release/ind_prs21022025.pdf,press_release,UPSTREAM_EXPLICIT,
NIFTYMIDCAP150,2025-03-28,ADD,BLUESTARCO,https://niftyindices.com/Press_Release/ind_prs21022025.pdf,press_release,UPSTREAM_EXPLICIT,
NIFTYMIDCAP150,2025-03-28,REMOVE,CARBORUNIV,https://niftyindices.com/Press_Release/ind_prs17082023.pdf,press_release,UPSTREAM_EXPLICIT,closed by ind_prs21022025.pdf
NIFTYMIDCAP150,2025-03-28,REMOVE,CGPOWER,https://niftyindices.com/Press_Release/ind_prs24022022_1.pdf,press_release,UPSTREAM_EXPLICIT,closed by ind_prs21022025.pdf
NIFTYMIDCAP150,2025-03-28,REMOVE,DELHIVERY,https://niftyindices.com/Press_Release/ind_prs11072022.pdf,press_release,UPSTREAM_EXPLICIT,closed by ind_prs21022025.pdf
NIFTYMIDCAP150,2025-03-28,REMOVE,FACT,https://niftyindices.com/Press_Release/ind_prs17082023.pdf,press_release,UPSTREAM_EXPLICIT,closed by ind_prs21022025.pdf
NIFTYMIDCAP150,2025-03-28,ADD,GLENMARK,https://niftyindices.com/Press_Release/ind_prs21022025.pdf,press_release,UPSTREAM_EXPLICIT,
NIFTYMIDCAP150,2025-03-28,REMOVE,GRINDWELL,https://niftyindices.com/Press_Release/ind_prs24022022_1.pdf,press_release,UPSTREAM_EXPLICIT,closed by ind_prs21022025.pdf
NIFTYMIDCAP150,2025-03-28,ADD,GVT&D,https://niftyindices.com/Press_Release/ind_prs21022025.pdf,press_release,UPSTREAM_EXPLICIT,
NIFTYMIDCAP150,2025-03-28,REMOVE,IDBI,https://niftyindices.com/Press_Release/ind_prs28022024.pdf,press_release,UPSTREAM_EXPLICIT,closed by ind_prs21022025.pdf
NIFTYMIDCAP150,2025-03-28,REMOVE,IOB,https://niftyindices.com/Press_Release/ind_prs23082024.pdf,press_release,UPSTREAM_EXPLICIT,closed by ind_prs21022025.pdf
NIFTYMIDCAP150,2025-03-28,ADD,IRCTC,https://niftyindices.com/Press_Release/ind_prs21022025.pdf,press_release,UPSTREAM_EXPLICIT,
NIFTYMIDCAP150,2025-03-28,REMOVE,METROBRAND,https://niftyindices.com/Press_Release/ind_prs17022023_1.pdf,press_release,UPSTREAM_EXPLICIT,closed by ind_prs21022025.pdf
NIFTYMIDCAP150,2025-03-28,ADD,MOTILALOFS,https://niftyindices.com/Press_Release/ind_prs21022025.pdf,press_release,UPSTREAM_EXPLICIT,
NIFTYMIDCAP150,2025-03-28,ADD,NATIONALUM,https://niftyindices.com/Press_Release/ind_prs21022025.pdf,press_release,UPSTREAM_EXPLICIT,
NIFTYMIDCAP150,2025-03-28,ADD,NHPC,https://niftyindices.com/Press_Release/ind_prs21022025.pdf,press_release,UPSTREAM_EXPLICIT,
NIFTYMIDCAP150,2025-03-28,ADD,NTPCGREEN,https://niftyindices.com/Press_Release/ind_prs21022025.pdf,press_release,UPSTREAM_EXPLICIT,
NIFTYMIDCAP150,2025-03-28,ADD,OLAELEC,https://niftyindices.com/Press_Release/ind_prs21022025.pdf,press_release,UPSTREAM_EXPLICIT,closed by ind_prs22082025.pdf
NIFTYMIDCAP150,2025-03-28,REMOVE,PGHH,https://niftyindices.com/Press_Release/ind_prs28022024.pdf,press_release,UPSTREAM_EXPLICIT,closed by ind_prs21022025.pdf
NIFTYMIDCAP150,2025-03-28,REMOVE,POONAWALLA,https://niftyindices.com/Press_Release/ind_prs01092022.pdf,press_release,UPSTREAM_EXPLICIT,closed by ind_prs21022025.pdf
NIFTYMIDCAP150,2025-03-28,ADD,PREMIERENE,https://niftyindices.com/Press_Release/ind_prs21022025.pdf,press_release,UPSTREAM_EXPLICIT,
NIFTYMIDCAP150,2025-03-28,REMOVE,SUNDRMFAST,https://niftyindices.com/Press_Release/ind_prs28082017.pdf,press_release,UPSTREAM_EXPLICIT,closed by ind_prs21022025.pdf
NIFTYMIDCAP150,2025-03-28,REMOVE,TATACHEM,https://niftyindices.com/Press_Release/ind_prs20082020.pdf,press_release,UPSTREAM_EXPLICIT,closed by ind_prs21022025.pdf
NIFTYMIDCAP150,2025-03-28,REMOVE,TIMKEN,https://niftyindices.com/Press_Release/ind_prs17022023_1.pdf,press_release,UPSTREAM_EXPLICIT,closed by ind_prs21022025.pdf
NIFTYMIDCAP150,2025-03-28,ADD,UNIONBANK,https://niftyindices.com/Press_Release/ind_prs21022025.pdf,press_release,UPSTREAM_EXPLICIT,closed by ind_prs23022026.pdf
NIFTYMIDCAP150,2025-03-28,ADD,VMM,https://niftyindices.com/Press_Release/ind_prs21022025.pdf,press_release,UPSTREAM_EXPLICIT,
NIFTYMIDCAP150,2025-03-28,ADD,WAAREEENER,https://niftyindices.com/Press_Release/ind_prs21022025.pdf,press_release,UPSTREAM_EXPLICIT,
NIFTYMIDCAP150,2025-03-28,REMOVE,ZFCVINDIA,https://niftyindices.com/Press_Release/ind_prs15092021.pdf,press_release,UPSTREAM_EXPLICIT,closed by ind_prs21022025.pdf
NIFTYMIDCAP150,2025-03-31,REMOVE,CENTRALBK,https://niftyindices.com/Press_Release/ind_prs23082024.pdf,press_release,UPSTREAM_EXPLICIT,"inferred-exclude: not in NSE current snapshot, no PR found (closed at next semi-annual review)"
NIFTYMIDCAP150,2025-09-30,REMOVE,BANDHANBNK,https://niftyindices.com/Press_Release/ind_prs17022023_1.pdf,press_release,UPSTREAM_EXPLICIT,closed by ind_prs22082025.pdf
NIFTYMIDCAP150,2025-09-30,ADD,DABUR,https://niftyindices.com/Press_Release/ind_prs22082025.pdf,press_release,UPSTREAM_EXPLICIT,
NIFTYMIDCAP150,2025-09-30,REMOVE,EMAMILTD,https://niftyindices.com/Press_Release/ind_prs28082018.pdf,press_release,UPSTREAM_EXPLICIT,closed by ind_prs22082025.pdf
NIFTYMIDCAP150,2025-09-30,ADD,FACT,https://niftyindices.com/Press_Release/ind_prs22082025.pdf,press_release,UPSTREAM_EXPLICIT,closed by ind_prs23022026.pdf
NIFTYMIDCAP150,2025-09-30,REMOVE,GLAND,https://niftyindices.com/Press_Release/ind_prs17022023_1.pdf,press_release,UPSTREAM_EXPLICIT,closed by ind_prs22082025.pdf
NIFTYMIDCAP150,2025-09-30,ADD,GODFRYPHLP,https://niftyindices.com/Press_Release/ind_prs22082025.pdf,press_release,UPSTREAM_EXPLICIT,
NIFTYMIDCAP150,2025-09-30,ADD,HEROMOTOCO,https://niftyindices.com/Press_Release/ind_prs22082025.pdf,press_release,UPSTREAM_EXPLICIT,
NIFTYMIDCAP150,2025-09-30,ADD,HEXT,https://niftyindices.com/Press_Release/ind_prs22082025.pdf,press_release,UPSTREAM_EXPLICIT,
NIFTYMIDCAP150,2025-09-30,REMOVE,HINDZINC,https://niftyindices.com/Press_Release/ind_prs23022021.pdf,press_release,UPSTREAM_EXPLICIT,closed by ind_prs22082025.pdf
NIFTYMIDCAP150,2025-09-30,ADD,ICICIPRULI,https://niftyindices.com/Press_Release/ind_prs22082025.pdf,press_release,UPSTREAM_EXPLICIT,
NIFTYMIDCAP150,2025-09-30,ADD,IDBI,https://niftyindices.com/Press_Release/ind_prs22082025.pdf,press_release,UPSTREAM_EXPLICIT,closed by ind_prs23022026.pdf
NIFTYMIDCAP150,2025-09-30,ADD,INDUSINDBK,https://niftyindices.com/Press_Release/ind_prs22082025.pdf,press_release,UPSTREAM_EXPLICIT,
NIFTYMIDCAP150,2025-09-30,ADD,IOB,https://niftyindices.com/Press_Release/ind_prs22082025.pdf,press_release,UPSTREAM_EXPLICIT,closed by ind_prs23022026.pdf
NIFTYMIDCAP150,2025-09-30,ADD,ITCHOTELS,https://niftyindices.com/Press_Release/ind_prs22082025.pdf,press_release,UPSTREAM_EXPLICIT,
NIFTYMIDCAP150,2025-09-30,REMOVE,MAXHEALTH,https://niftyindices.com/Press_Release/ind_prs23022021.pdf,press_release,UPSTREAM_EXPLICIT,closed by ind_prs22082025.pdf
NIFTYMIDCAP150,2025-09-30,REMOVE,MAZDOCK,https://niftyindices.com/Press_Release/ind_prs17082023.pdf,press_release,UPSTREAM_EXPLICIT,closed by ind_prs22082025.pdf
NIFTYMIDCAP150,2025-09-30,REMOVE,MOTHERSON,https://niftyindices.com/Press_Release/ind_prs01092022.pdf,press_release,UPSTREAM_EXPLICIT,closed by ind_prs22082025.pdf
NIFTYMIDCAP150,2025-09-30,REMOVE,MRPL,https://niftyindices.com/Press_Release/ind_prs23082024.pdf,press_release,UPSTREAM_EXPLICIT,closed by ind_prs22082025.pdf
NIFTYMIDCAP150,2025-09-30,REMOVE,OLAELEC,https://niftyindices.com/Press_Release/ind_prs21022025.pdf,press_release,UPSTREAM_EXPLICIT,closed by ind_prs22082025.pdf
NIFTYMIDCAP150,2025-09-30,ADD,PGHH,https://niftyindices.com/Press_Release/ind_prs22082025.pdf,press_release,UPSTREAM_EXPLICIT,closed by ind_prs23022026.pdf
NIFTYMIDCAP150,2025-09-30,REMOVE,STARHEALTH,https://niftyindices.com/Press_Release/ind_prs24022022_1.pdf,press_release,UPSTREAM_EXPLICIT,closed by ind_prs22082025.pdf
NIFTYMIDCAP150,2025-09-30,REMOVE,SUNTV,https://niftyindices.com/Press_Release/ind_prs25022019.pdf,press_release,UPSTREAM_EXPLICIT,closed by ind_prs22082025.pdf
NIFTYMIDCAP150,2025-09-30,ADD,SWIGGY,https://niftyindices.com/Press_Release/ind_prs22082025.pdf,press_release,UPSTREAM_EXPLICIT,
NIFTYMIDCAP150,2025-09-30,ADD,UCOBANK,https://niftyindices.com/Press_Release/ind_prs22082025.pdf,press_release,UPSTREAM_EXPLICIT,closed by ind_prs23022026.pdf
NIFTYMIDCAP150,2026-03-30,ADD,AIIL,https://niftyindices.com/Press_Release/ind_prs23022026.pdf,press_release,UPSTREAM_EXPLICIT,
NIFTYMIDCAP150,2026-03-30,ADD,ANTHEM,https://niftyindices.com/Press_Release/ind_prs23022026.pdf,press_release,UPSTREAM_EXPLICIT,
NIFTYMIDCAP150,2026-03-30,ADD,BAJAJHFL,https://niftyindices.com/Press_Release/ind_prs23022026.pdf,press_release,UPSTREAM_EXPLICIT,
NIFTYMIDCAP150,2026-03-30,REMOVE,CUMMINSIND,https://niftyindices.com/Press_Release/ind_prs28082018.pdf,press_release,UPSTREAM_EXPLICIT,closed by ind_prs23022026.pdf
NIFTYMIDCAP150,2026-03-30,REMOVE,DEEPAKNTR,https://niftyindices.com/Press_Release/ind_prs23022021.pdf,press_release,UPSTREAM_EXPLICIT,closed by ind_prs23022026.pdf
NIFTYMIDCAP150,2026-03-30,REMOVE,FACT,https://niftyindices.com/Press_Release/ind_prs22082025.pdf,press_release,UPSTREAM_EXPLICIT,closed by ind_prs23022026.pdf
NIFTYMIDCAP150,2026-03-30,ADD,GROWW,https://niftyindices.com/Press_Release/ind_prs23022026.pdf,press_release,UPSTREAM_EXPLICIT,
NIFTYMIDCAP150,2026-03-30,ADD,HAVELLS,https://niftyindices.com/Press_Release/ind_prs23022026.pdf,press_release,UPSTREAM_EXPLICIT,
NIFTYMIDCAP150,2026-03-30,ADD,HDBFS,https://niftyindices.com/Press_Release/ind_prs23022026.pdf,press_release,UPSTREAM_EXPLICIT,
NIFTYMIDCAP150,2026-03-30,REMOVE,HDFCAMC,https://niftyindices.com/Press_Release/ind_prs17082023.pdf,press_release,UPSTREAM_EXPLICIT,closed by ind_prs23022026.pdf
NIFTYMIDCAP150,2026-03-30,ADD,ICICIAMC,https://niftyindices.com/Press_Release/ind_prs23022026.pdf,press_release,UPSTREAM_EXPLICIT,
NIFTYMIDCAP150,2026-03-30,ADD,ICICIGI,https://niftyindices.com/Press_Release/ind_prs23022026.pdf,press_release,UPSTREAM_EXPLICIT,
NIFTYMIDCAP150,2026-03-30,REMOVE,IDBI,https://niftyindices.com/Press_Release/ind_prs22082025.pdf,press_release,UPSTREAM_EXPLICIT,closed by ind_prs23022026.pdf
NIFTYMIDCAP150,2026-03-30,REMOVE,IGL,https://niftyindices.com/Press_Release/ind_prs24022022_1.pdf,press_release,UPSTREAM_EXPLICIT,closed by ind_prs23022026.pdf
NIFTYMIDCAP150,2026-03-30,REMOVE,IOB,https://niftyindices.com/Press_Release/ind_prs22082025.pdf,press_release,UPSTREAM_EXPLICIT,closed by ind_prs23022026.pdf
NIFTYMIDCAP150,2026-03-30,REMOVE,IRB,https://niftyindices.com/Press_Release/ind_prs23082024.pdf,press_release,UPSTREAM_EXPLICIT,closed by ind_prs23022026.pdf
NIFTYMIDCAP150,2026-03-30,ADD,JSWENERGY,https://niftyindices.com/Press_Release/ind_prs23022026.pdf,press_release,UPSTREAM_EXPLICIT,
NIFTYMIDCAP150,2026-03-30,ADD,LAURUSLABS,https://niftyindices.com/Press_Release/ind_prs23022026.pdf,press_release,UPSTREAM_EXPLICIT,
NIFTYMIDCAP150,2026-03-30,ADD,LENSKART,https://niftyindices.com/Press_Release/ind_prs23022026.pdf,press_release,UPSTREAM_EXPLICIT,
NIFTYMIDCAP150,2026-03-30,ADD,LGEINDIA,https://niftyindices.com/Press_Release/ind_prs23022026.pdf,press_release,UPSTREAM_EXPLICIT,
NIFTYMIDCAP150,2026-03-30,ADD,LICI,https://niftyindices.com/Press_Release/ind_prs23022026.pdf,press_release,UPSTREAM_EXPLICIT,
NIFTYMIDCAP150,2026-03-30,ADD,MCX,https://niftyindices.com/Press_Release/ind_prs23022026.pdf,press_release,UPSTREAM_EXPLICIT,
NIFTYMIDCAP150,2026-03-30,REMOVE,MUTHOOTFIN,https://niftyindices.com/Press_Release/ind_prs28022024.pdf,press_release,UPSTREAM_EXPLICIT,closed by ind_prs23022026.pdf
NIFTYMIDCAP150,2026-03-30,ADD,NAUKRI,https://niftyindices.com/Press_Release/ind_prs23022026.pdf,press_release,UPSTREAM_EXPLICIT,
NIFTYMIDCAP150,2026-03-30,REMOVE,PGHH,https://niftyindices.com/Press_Release/ind_prs22082025.pdf,press_release,UPSTREAM_EXPLICIT,closed by ind_prs23022026.pdf
NIFTYMIDCAP150,2026-03-30,ADD,RADICO,https://niftyindices.com/Press_Release/ind_prs23022026.pdf,press_release,UPSTREAM_EXPLICIT,
NIFTYMIDCAP150,2026-03-30,REMOVE,SONACOMS,https://niftyindices.com/Press_Release/ind_prs22102021.pdf,press_release,UPSTREAM_EXPLICIT,closed by ind_prs23022026.pdf
NIFTYMIDCAP150,2026-03-30,REMOVE,TATATECH,https://niftyindices.com/Press_Release/ind_prs28022024.pdf,press_release,UPSTREAM_EXPLICIT,closed by ind_prs23022026.pdf
NIFTYMIDCAP150,2026-03-30,REMOVE,UCOBANK,https://niftyindices.com/Press_Release/ind_prs22082025.pdf,press_release,UPSTREAM_EXPLICIT,closed by ind_prs23022026.pdf
NIFTYMIDCAP150,2026-03-30,REMOVE,UNIONBANK,https://niftyindices.com/Press_Release/ind_prs21022025.pdf,press_release,UPSTREAM_EXPLICIT,closed by ind_prs23022026.pdf
NIFTYNEXT50,2014-03-28,ADD,INGVYSYABK,https://niftyindices.com/Press_Release/ind_prs27022014.pdf,press_release,UPSTREAM_EXPLICIT,"inferred-exclude: not in NSE current snapshot, no PR found (closed at next semi-annual review)"
NIFTYNEXT50,2014-03-28,ADD,RANBAXY,https://niftyindices.com/Press_Release/ind_prs27022014.pdf,press_release,UPSTREAM_EXPLICIT,"inferred-exclude: not in NSE current snapshot, no PR found (closed at next semi-annual review)"
NIFTYNEXT50,2014-03-31,REMOVE,INGVYSYABK,https://niftyindices.com/Press_Release/ind_prs27022014.pdf,press_release,UPSTREAM_EXPLICIT,"inferred-exclude: not in NSE current snapshot, no PR found (closed at next semi-annual review)"
NIFTYNEXT50,2014-03-31,REMOVE,RANBAXY,https://niftyindices.com/Press_Release/ind_prs27022014.pdf,press_release,UPSTREAM_EXPLICIT,"inferred-exclude: not in NSE current snapshot, no PR found (closed at next semi-annual review)"
NIFTYNEXT50,2014-09-19,ADD,MOTHERSON,https://niftyindices.com/Press_Release/ind_prs20082014.pdf,press_release,UPSTREAM_EXPLICIT,closed by ind_prs15062021.pdf
NIFTYNEXT50,2015-03-27,ADD,MCDOWELL-N,https://niftyindices.com/Press_Release/ind_prs20022015.pdf,press_release,UPSTREAM_EXPLICIT,"inferred-exclude: not in NSE current snapshot, no PR found (closed at next semi-annual review)"
NIFTYNEXT50,2015-03-27,ADD,SAMMAANCAP,https://niftyindices.com/Press_Release/ind_prs20022015.pdf,press_release,UPSTREAM_EXPLICIT,closed by ind_prs16022017.pdf
NIFTYNEXT50,2015-03-31,REMOVE,MCDOWELL-N,https://niftyindices.com/Press_Release/ind_prs20022015.pdf,press_release,UPSTREAM_EXPLICIT,"inferred-exclude: not in NSE current snapshot, no PR found (closed at next semi-annual review)"
NIFTYNEXT50,2015-09-28,ADD,ASHOKLEY,https://niftyindices.com/Press_Release/ind_prs24082015.pdf,press_release,UPSTREAM_EXPLICIT,closed by ind_prs10062020.pdf
NIFTYNEXT50,2015-09-28,ADD,MARICO,https://niftyindices.com/Press_Release/ind_prs12082015.pdf,press_release,UPSTREAM_EXPLICIT,closed by ind_prs23082024.pdf
NIFTYNEXT50,2015-09-28,ADD,NMDC,https://niftyindices.com/Press_Release/ind_prs12082015.pdf,press_release,UPSTREAM_EXPLICIT,closed by ind_prs11072022.pdf
NIFTYNEXT50,2015-09-28,ADD,SUNDARMFIN,https://niftyindices.com/Press_Release/ind_prs12082015.pdf,press_release,UPSTREAM_EXPLICIT,"inferred-exclude: not in NSE current snapshot, no PR found (closed at next semi-annual review)"
NIFTYNEXT50,2015-09-30,REMOVE,SUNDARMFIN,https://niftyindices.com/Press_Release/ind_prs12082015.pdf,press_release,UPSTREAM_EXPLICIT,"inferred-exclude: not in NSE current snapshot, no PR found (closed at next semi-annual review)"
NIFTYNEXT50,2015-10-19,ADD,IOC,https://niftyindices.com/Press_Release/ind_prs18092015.pdf,press_release,UPSTREAM_EXPLICIT,closed by ind_prs16022017.pdf
NIFTYNEXT50,2017-03-31,ADD,BHEL,https://niftyindices.com/Press_Release/ind_prs16022017.pdf,press_release,UPSTREAM_EXPLICIT,closed by ind_prs28082019.pdf
NIFTYNEXT50,2017-03-31,ADD,ICICIPRULI,https://niftyindices.com/Press_Release/ind_prs16022017.pdf,press_release,UPSTREAM_EXPLICIT,closed by ind_prs22082025.pdf
NIFTYNEXT50,2017-03-31,ADD,IDEA,https://niftyindices.com/Press_Release/ind_prs16022017.pdf,press_release,UPSTREAM_EXPLICIT,closed by ind_prs10062020.pdf
NIFTYNEXT50,2017-03-31,REMOVE,IOC,https://niftyindices.com/Press_Release/ind_prs18092015.pdf,press_release,UPSTREAM_EXPLICIT,closed by ind_prs16022017.pdf
NIFTYNEXT50,2017-03-31,ADD,PETRONET,https://niftyindices.com/Press_Release/ind_prs16022017.pdf,press_release,UPSTREAM_EXPLICIT,closed by ind_prs23082021.pdf
NIFTYNEXT50,2017-03-31,ADD,RECLTD,https://niftyindices.com/Press_Release/ind_prs16022017.pdf,press_release,UPSTREAM_EXPLICIT,closed by ind_prs28082018.pdf
NIFTYNEXT50,2017-03-31,REMOVE,SAMMAANCAP,https://niftyindices.com/Press_Release/ind_prs20022015.pdf,press_release,UPSTREAM_EXPLICIT,closed by ind_prs16022017.pdf
NIFTYNEXT50,2017-05-26,ADD,SUNTV,https://niftyindices.com/Press_Release/ind_prs27042017.pdf,press_release,UPSTREAM_EXPLICIT,closed by ind_prs25022019.pdf
NIFTYNEXT50,2017-09-29,ADD,ACC,https://niftyindices.com/Press_Release/ind_prs28082017.pdf,press_release,UPSTREAM_EXPLICIT,closed by ind_prs17082023.pdf
NIFTYNEXT50,2017-09-29,ADD,BANKBARODA,https://niftyindices.com/Press_Release/ind_prs28082017.pdf,press_release,UPSTREAM_EXPLICIT,closed by ind_prs23022021.pdf
NIFTYNEXT50,2017-09-29,ADD,DMART,https://niftyindices.com/Press_Release/ind_prs28082017.pdf,press_release,UPSTREAM_EXPLICIT,
NIFTYNEXT50,2017-09-29,ADD,MRF,https://niftyindices.com/Press_Release/ind_prs28082017.pdf,press_release,UPSTREAM_EXPLICIT,closed by ind_prs28082019.pdf
NIFTYNEXT50,2017-09-29,ADD,TATAPOWER,https://niftyindices.com/Press_Release/ind_prs28082017.pdf,press_release,UPSTREAM_EXPLICIT,closed by ind_prs21022018.pdf
NIFTYNEXT50,2018-04-02,ADD,ABCAPITAL,https://niftyindices.com/Press_Release/ind_prs21022018.pdf,press_release,UPSTREAM_EXPLICIT,closed by ind_prs25022019.pdf
NIFTYNEXT50,2018-04-02,ADD,AMBUJACEM,https://niftyindices.com/Press_Release/ind_prs21022018.pdf,press_release,UPSTREAM_EXPLICIT,
NIFTYNEXT50,2018-04-02,ADD,AUROPHARMA,https://niftyindices.com/Press_Release/ind_prs21022018.pdf,press_release,UPSTREAM_EXPLICIT,closed by ind_prs24022022_1.pdf
NIFTYNEXT50,2018-04-02,ADD,BOSCHLTD,https://niftyindices.com/Press_Release/ind_prs21022018.pdf,press_release,UPSTREAM_EXPLICIT,
NIFTYNEXT50,2018-04-02,ADD,GICRE,https://niftyindices.com/Press_Release/ind_prs21022018.pdf,press_release,UPSTREAM_EXPLICIT,closed by ind_prs23022021.pdf
NIFTYNEXT50,2018-04-02,ADD,LTF,https://niftyindices.com/Press_Release/ind_prs21022018.pdf,press_release,UPSTREAM_EXPLICIT,closed by ind_prs10062020.pdf
NIFTYNEXT50,2018-04-02,ADD,SBILIFE,https://niftyindices.com/Press_Release/ind_prs21022018.pdf,press_release,UPSTREAM_EXPLICIT,closed by ind_prs20082020.pdf
NIFTYNEXT50,2018-04-02,REMOVE,TATAPOWER,https://niftyindices.com/Press_Release/ind_prs28082017.pdf,press_release,UPSTREAM_EXPLICIT,closed by ind_prs21022018.pdf
NIFTYNEXT50,2018-09-28,ADD,BANDHANBNK,https://niftyindices.com/Press_Release/ind_prs28082018.pdf,press_release,UPSTREAM_EXPLICIT,closed by ind_prs17022023_1.pdf
NIFTYNEXT50,2018-09-28,ADD,BIOCON,https://niftyindices.com/Press_Release/ind_prs28082018.pdf,press_release,UPSTREAM_EXPLICIT,closed by ind_prs17022023_1.pdf
NIFTYNEXT50,2018-09-28,ADD,HDFCLIFE,https://niftyindices.com/Press_Release/ind_prs28082018.pdf,press_release,UPSTREAM_EXPLICIT,closed by ind_prs02072020_1.pdf
NIFTYNEXT50,2018-09-28,ADD,ICICIGI,https://niftyindices.com/Press_Release/ind_prs28082018.pdf,press_release,UPSTREAM_EXPLICIT,closed by ind_prs23022026.pdf
NIFTYNEXT50,2018-09-28,ADD,LUPIN,https://niftyindices.com/Press_Release/ind_prs28082018.pdf,press_release,UPSTREAM_EXPLICIT,closed by ind_prs01092022.pdf
NIFTYNEXT50,2018-09-28,ADD,NIACL,https://niftyindices.com/Press_Release/ind_prs28082018.pdf,press_release,UPSTREAM_EXPLICIT,closed by ind_prs10062020.pdf
NIFTYNEXT50,2018-09-28,REMOVE,RECLTD,https://niftyindices.com/Press_Release/ind_prs16022017.pdf,press_release,UPSTREAM_EXPLICIT,closed by ind_prs28082018.pdf
NIFTYNEXT50,2019-03-29,REMOVE,ABCAPITAL,https://niftyindices.com/Press_Release/ind_prs21022018.pdf,press_release,UPSTREAM_EXPLICIT,closed by ind_prs25022019.pdf
NIFTYNEXT50,2019-03-29,ADD,BAJAJHLDNG,https://niftyindices.com/Press_Release/ind_prs25022019.pdf,press_release,UPSTREAM_EXPLICIT,
NIFTYNEXT50,2019-03-29,ADD,DIVISLAB,https://niftyindices.com/Press_Release/ind_prs25022019.pdf,press_release,UPSTREAM_EXPLICIT,closed by ind_prs20082020.pdf
NIFTYNEXT50,2019-03-29,ADD,HDFCAMC,https://niftyindices.com/Press_Release/ind_prs25022019.pdf,press_release,UPSTREAM_EXPLICIT,closed by ind_prs17082023.pdf
NIFTYNEXT50,2019-03-29,ADD,HINDPETRO,https://niftyindices.com/Press_Release/ind_prs25022019.pdf,press_release,UPSTREAM_EXPLICIT,closed by ind_prs24022022_1.pdf
NIFTYNEXT50,2019-03-29,ADD,PAGEIND,https://niftyindices.com/Press_Release/ind_prs25022019.pdf,press_release,UPSTREAM_EXPLICIT,closed by ind_prs20082020.pdf
NIFTYNEXT50,2019-03-29,REMOVE,SUNTV,https://niftyindices.com/Press_Release/ind_prs27042017.pdf,press_release,UPSTREAM_EXPLICIT,closed by ind_prs25022019.pdf
NIFTYNEXT50,2019-03-29,ADD,UBL,https://niftyindices.com/Press_Release/ind_prs25022019.pdf,press_release,UPSTREAM_EXPLICIT,"inferred-exclude: not in NSE current snapshot, no PR found (closed at next semi-annual review)"
NIFTYNEXT50,2019-03-31,REMOVE,UBL,https://niftyindices.com/Press_Release/ind_prs25022019.pdf,press_release,UPSTREAM_EXPLICIT,"inferred-exclude: not in NSE current snapshot, no PR found (closed at next semi-annual review)"
NIFTYNEXT50,2019-09-27,ADD,BERGEPAINT,https://niftyindices.com/Press_Release/ind_prs28082019.pdf,press_release,UPSTREAM_EXPLICIT,closed by ind_prs23082024.pdf
NIFTYNEXT50,2019-09-27,REMOVE,BHEL,https://niftyindices.com/Press_Release/ind_prs16022017.pdf,press_release,UPSTREAM_EXPLICIT,closed by ind_prs28082019.pdf
NIFTYNEXT50,2019-09-27,REMOVE,MRF,https://niftyindices.com/Press_Release/ind_prs28082017.pdf,press_release,UPSTREAM_EXPLICIT,closed by ind_prs28082019.pdf
NIFTYNEXT50,2019-09-27,ADD,PFC,https://niftyindices.com/Press_Release/ind_prs28082019.pdf,press_release,UPSTREAM_EXPLICIT,closed by ind_prs23022021.pdf
NIFTYNEXT50,2019-09-27,ADD,PNB,https://niftyindices.com/Press_Release/ind_prs28082019.pdf,press_release,UPSTREAM_EXPLICIT,closed by ind_prs01092022.pdf
NIFTYNEXT50,2019-09-27,ADD,SAMMAANCAP,https://niftyindices.com/Press_Release/ind_prs28082019.pdf,press_release,UPSTREAM_EXPLICIT,closed by ind_prs10062020.pdf
NIFTYNEXT50,2020-03-27,ADD,ADANIENSOL,https://niftyindices.com/Press_Release/ind_prs18022020.pdf,press_release,UPSTREAM_EXPLICIT,
NIFTYNEXT50,2020-03-27,ADD,IDBI,https://niftyindices.com/Press_Release/ind_prs18022020.pdf,press_release,UPSTREAM_EXPLICIT,"inferred-exclude: not in NSE current snapshot, no PR found (closed at next semi-annual review)"
NIFTYNEXT50,2020-03-31,REMOVE,IDBI,https://niftyindices.com/Press_Release/ind_prs18022020.pdf,press_release,UPSTREAM_EXPLICIT,"inferred-exclude: not in NSE current snapshot, no PR found (closed at next semi-annual review)"
NIFTYNEXT50,2020-06-26,ADD,ABBOTINDIA,https://niftyindices.com/Press_Release/ind_prs10062020.pdf,press_release,UPSTREAM_EXPLICIT,closed by ind_prs23082021.pdf
NIFTYNEXT50,2020-06-26,REMOVE,ASHOKLEY,https://niftyindices.com/Press_Release/ind_prs24082015.pdf,press_release,UPSTREAM_EXPLICIT,closed by ind_prs10062020.pdf
NIFTYNEXT50,2020-06-26,REMOVE,IDEA,https://niftyindices.com/Press_Release/ind_prs16022017.pdf,press_release,UPSTREAM_EXPLICIT,closed by ind_prs10062020.pdf
NIFTYNEXT50,2020-06-26,ADD,IGL,https://niftyindices.com/Press_Release/ind_prs10062020.pdf,press_release,UPSTREAM_EXPLICIT,closed by ind_prs24022022_1.pdf
NIFTYNEXT50,2020-06-26,REMOVE,LTF,https://niftyindices.com/Press_Release/ind_prs21022018.pdf,press_release,UPSTREAM_EXPLICIT,closed by ind_prs10062020.pdf
NIFTYNEXT50,2020-06-26,ADD,MUTHOOTFIN,https://niftyindices.com/Press_Release/ind_prs10062020.pdf,press_release,UPSTREAM_EXPLICIT,closed by ind_prs28022024.pdf
NIFTYNEXT50,2020-06-26,ADD,NAUKRI,https://niftyindices.com/Press_Release/ind_prs10062020.pdf,press_release,UPSTREAM_EXPLICIT,closed by ind_prs23022026.pdf
NIFTYNEXT50,2020-06-26,REMOVE,NIACL,https://niftyindices.com/Press_Release/ind_prs28082018.pdf,press_release,UPSTREAM_EXPLICIT,closed by ind_prs10062020.pdf
NIFTYNEXT50,2020-06-26,REMOVE,SAMMAANCAP,https://niftyindices.com/Press_Release/ind_prs28082019.pdf,press_release,UPSTREAM_EXPLICIT,closed by ind_prs10062020.pdf
NIFTYNEXT50,2020-06-26,ADD,TORNTPHARM,https://niftyindices.com/Press_Release/ind_prs10062020.pdf,press_release,UPSTREAM_EXPLICIT,
NIFTYNEXT50,2020-07-31,REMOVE,HDFCLIFE,https://niftyindices.com/Press_Release/ind_prs28082018.pdf,press_release,UPSTREAM_EXPLICIT,closed by ind_prs02072020_1.pdf
NIFTYNEXT50,2020-07-31,ADD,SBICARD,https://niftyindices.com/Press_Release/ind_prs02072020_1.pdf,press_release,UPSTREAM_EXPLICIT,closed by ind_prs23082024.pdf
NIFTYNEXT50,2020-09-25,ADD,ADANIGREEN,https://niftyindices.com/Press_Release/ind_prs20082020.pdf,press_release,UPSTREAM_EXPLICIT,
NIFTYNEXT50,2020-09-25,ADD,ALKEM,https://niftyindices.com/Press_Release/ind_prs20082020.pdf,press_release,UPSTREAM_EXPLICIT,closed by ind_prs23082021.pdf
NIFTYNEXT50,2020-09-25,REMOVE,DIVISLAB,https://niftyindices.com/Press_Release/ind_prs25022019.pdf,press_release,UPSTREAM_EXPLICIT,closed by ind_prs20082020.pdf
NIFTYNEXT50,2020-09-25,ADD,INDUSTOWER,https://niftyindices.com/Press_Release/ind_prs20082020.pdf,press_release,UPSTREAM_EXPLICIT,closed by ind_prs17082023.pdf
NIFTYNEXT50,2020-09-25,REMOVE,PAGEIND,https://niftyindices.com/Press_Release/ind_prs25022019.pdf,press_release,UPSTREAM_EXPLICIT,closed by ind_prs20082020.pdf
NIFTYNEXT50,2020-09-25,REMOVE,SBILIFE,https://niftyindices.com/Press_Release/ind_prs21022018.pdf,press_release,UPSTREAM_EXPLICIT,closed by ind_prs20082020.pdf
NIFTYNEXT50,2020-09-25,ADD,TATACONSUM,https://niftyindices.com/Press_Release/ind_prs20082020.pdf,press_release,UPSTREAM_EXPLICIT,closed by ind_prs23022021.pdf
NIFTYNEXT50,2021-03-31,ADD,ADANIENT,https://niftyindices.com/Press_Release/ind_prs23022021.pdf,press_release,UPSTREAM_EXPLICIT,closed by ind_prs01092022.pdf
NIFTYNEXT50,2021-03-31,ADD,APOLLOHOSP,https://niftyindices.com/Press_Release/ind_prs23022021.pdf,press_release,UPSTREAM_EXPLICIT,closed by ind_prs24022022_1.pdf
NIFTYNEXT50,2021-03-31,REMOVE,BANKBARODA,https://niftyindices.com/Press_Release/ind_prs28082017.pdf,press_release,UPSTREAM_EXPLICIT,closed by ind_prs23022021.pdf
NIFTYNEXT50,2021-03-31,ADD,GAIL,https://niftyindices.com/Press_Release/ind_prs23022021.pdf,press_release,UPSTREAM_EXPLICIT,
NIFTYNEXT50,2021-03-31,REMOVE,GICRE,https://niftyindices.com/Press_Release/ind_prs21022018.pdf,press_release,UPSTREAM_EXPLICIT,closed by ind_prs23022021.pdf
NIFTYNEXT50,2021-03-31,ADD,JUBLFOOD,https://niftyindices.com/Press_Release/ind_prs23022021.pdf,press_release,UPSTREAM_EXPLICIT,closed by ind_prs01092022.pdf
NIFTYNEXT50,2021-03-31,ADD,MRF,https://niftyindices.com/Press_Release/ind_prs23022021.pdf,press_release,UPSTREAM_EXPLICIT,"inferred-exclude: not in NSE current snapshot, no PR found (closed at next semi-annual review)"
NIFTYNEXT50,2021-03-31,REMOVE,PFC,https://niftyindices.com/Press_Release/ind_prs28082019.pdf,press_release,UPSTREAM_EXPLICIT,closed by ind_prs23022021.pdf
NIFTYNEXT50,2021-03-31,REMOVE,TATACONSUM,https://niftyindices.com/Press_Release/ind_prs20082020.pdf,press_release,UPSTREAM_EXPLICIT,closed by ind_prs23022021.pdf
NIFTYNEXT50,2021-03-31,ADD,VEDL,https://niftyindices.com/Press_Release/ind_prs23022021.pdf,press_release,UPSTREAM_EXPLICIT,
NIFTYNEXT50,2021-03-31,ADD,YESBANK,https://niftyindices.com/Press_Release/ind_prs23022021.pdf,press_release,UPSTREAM_EXPLICIT,closed by ind_prs24022022_1.pdf
NIFTYNEXT50,2021-06-30,ADD,GLAND,https://niftyindices.com/Press_Release/ind_prs15062021.pdf,press_release,UPSTREAM_EXPLICIT,closed by ind_prs17022023_1.pdf
NIFTYNEXT50,2021-06-30,REMOVE,MOTHERSON,https://niftyindices.com/Press_Release/ind_prs20082014.pdf,press_release,UPSTREAM_EXPLICIT,closed by ind_prs15062021.pdf
NIFTYNEXT50,2021-09-30,REMOVE,ABBOTINDIA,https://niftyindices.com/Press_Release/ind_prs10062020.pdf,press_release,UPSTREAM_EXPLICIT,closed by ind_prs23082021.pdf
NIFTYNEXT50,2021-09-30,REMOVE,ALKEM,https://niftyindices.com/Press_Release/ind_prs20082020.pdf,press_release,UPSTREAM_EXPLICIT,closed by ind_prs23082021.pdf
NIFTYNEXT50,2021-09-30,REMOVE,MRF,https://niftyindices.com/Press_Release/ind_prs23022021.pdf,press_release,UPSTREAM_EXPLICIT,"inferred-exclude: not in NSE current snapshot, no PR found (closed at next semi-annual review)"
NIFTYNEXT50,2021-09-30,ADD,PEIND,https://niftyindices.com/Press_Release/ind_prs23082021.pdf,press_release,UPSTREAM_EXPLICIT,"inferred-exclude: not in NSE current snapshot, no PR found (closed at next semi-annual review)"
NIFTYNEXT50,2021-09-30,REMOVE,PETRONET,https://niftyindices.com/Press_Release/ind_prs16022017.pdf,press_release,UPSTREAM_EXPLICIT,closed by ind_prs23082021.pdf
NIFTYNEXT50,2022-03-31,REMOVE,APOLLOHOSP,https://niftyindices.com/Press_Release/ind_prs23022021.pdf,press_release,UPSTREAM_EXPLICIT,closed by ind_prs24022022_1.pdf
NIFTYNEXT50,2022-03-31,REMOVE,AUROPHARMA,https://niftyindices.com/Press_Release/ind_prs21022018.pdf,press_release,UPSTREAM_EXPLICIT,closed by ind_prs24022022_1.pdf
NIFTYNEXT50,2022-03-31,ADD,ETERNAL,https://niftyindices.com/Press_Release/ind_prs24022022_1.pdf,press_release,UPSTREAM_EXPLICIT,closed by ind_prs21022025.pdf
NIFTYNEXT50,2022-03-31,REMOVE,HINDPETRO,https://niftyindices.com/Press_Release/ind_prs25022019.pdf,press_release,UPSTREAM_EXPLICIT,closed by ind_prs24022022_1.pdf
NIFTYNEXT50,2022-03-31,REMOVE,IGL,https://niftyindices.com/Press_Release/ind_prs10062020.pdf,press_release,UPSTREAM_EXPLICIT,closed by ind_prs24022022_1.pdf
NIFTYNEXT50,2022-03-31,ADD,IOC,https://niftyindices.com/Press_Release/ind_prs24022022_1.pdf,press_release,UPSTREAM_EXPLICIT,
NIFTYNEXT50,2022-03-31,ADD,NYKAA,https://niftyindices.com/Press_Release/ind_prs24022022_1.pdf,press_release,UPSTREAM_EXPLICIT,closed by ind_prs17082023.pdf
NIFTYNEXT50,2022-03-31,ADD,PAYTM,https://niftyindices.com/Press_Release/ind_prs24022022_1.pdf,press_release,UPSTREAM_EXPLICIT,closed by ind_prs17022023_1.pdf
NIFTYNEXT50,2022-03-31,REMOVE,PEIND,https://niftyindices.com/Press_Release/ind_prs23082021.pdf,press_release,UPSTREAM_EXPLICIT,"inferred-exclude: not in NSE current snapshot, no PR found (closed at next semi-annual review)"
NIFTYNEXT50,2022-03-31,ADD,SRF,https://niftyindices.com/Press_Release/ind_prs24022022_1.pdf,press_release,UPSTREAM_EXPLICIT,closed by ind_prs23082024.pdf
NIFTYNEXT50,2022-03-31,REMOVE,YESBANK,https://niftyindices.com/Press_Release/ind_prs23022021.pdf,press_release,UPSTREAM_EXPLICIT,closed by ind_prs24022022_1.pdf
NIFTYNEXT50,2022-08-08,ADD,LICI,https://niftyindices.com/Press_Release/ind_prs11072022.pdf,press_release,UPSTREAM_EXPLICIT,closed by ind_prs23022026.pdf
NIFTYNEXT50,2022-08-08,REMOVE,NMDC,https://niftyindices.com/Press_Release/ind_prs12082015.pdf,press_release,UPSTREAM_EXPLICIT,closed by ind_prs11072022.pdf
NIFTYNEXT50,2022-08-08,ADD,TATAPOWER,https://niftyindices.com/Press_Release/ind_prs11072022.pdf,press_release,UPSTREAM_EXPLICIT,
NIFTYNEXT50,2022-09-30,REMOVE,ADANIENT,https://niftyindices.com/Press_Release/ind_prs23022021.pdf,press_release,UPSTREAM_EXPLICIT,closed by ind_prs01092022.pdf
NIFTYNEXT50,2022-09-30,ADD,ATGL,https://niftyindices.com/Press_Release/ind_prs01092022.pdf,press_release,UPSTREAM_EXPLICIT,closed by ind_prs21022025.pdf
NIFTYNEXT50,2022-09-30,ADD,BEL,https://niftyindices.com/Press_Release/ind_prs01092022.pdf,press_release,UPSTREAM_EXPLICIT,closed by ind_prs23082024.pdf
NIFTYNEXT50,2022-09-30,ADD,HAL,https://niftyindices.com/Press_Release/ind_prs01092022.pdf,press_release,UPSTREAM_EXPLICIT,
NIFTYNEXT50,2022-09-30,ADD,IRCTC,https://niftyindices.com/Press_Release/ind_prs01092022.pdf,press_release,UPSTREAM_EXPLICIT,closed by ind_prs21022025.pdf
NIFTYNEXT50,2022-09-30,REMOVE,JUBLFOOD,https://niftyindices.com/Press_Release/ind_prs23022021.pdf,press_release,UPSTREAM_EXPLICIT,closed by ind_prs01092022.pdf
NIFTYNEXT50,2022-09-30,REMOVE,LUPIN,https://niftyindices.com/Press_Release/ind_prs28082018.pdf,press_release,UPSTREAM_EXPLICIT,closed by ind_prs01092022.pdf
NIFTYNEXT50,2022-09-30,ADD,MOTHERSON,https://niftyindices.com/Press_Release/ind_prs01092022.pdf,press_release,UPSTREAM_EXPLICIT,
NIFTYNEXT50,2022-09-30,ADD,MPHASIS,https://niftyindices.com/Press_Release/ind_prs01092022.pdf,press_release,UPSTREAM_EXPLICIT,closed by ind_prs17022023_1.pdf
NIFTYNEXT50,2022-09-30,REMOVE,PNB,https://niftyindices.com/Press_Release/ind_prs28082019.pdf,press_release,UPSTREAM_EXPLICIT,closed by ind_prs01092022.pdf
NIFTYNEXT50,2022-09-30,ADD,SHREECEM,https://niftyindices.com/Press_Release/ind_prs01092022.pdf,press_release,UPSTREAM_EXPLICIT,
NIFTYNEXT50,2023-03-31,ADD,ABB,https://niftyindices.com/Press_Release/ind_prs17022023_1.pdf,press_release,UPSTREAM_EXPLICIT,
NIFTYNEXT50,2023-03-31,ADD,AWL,https://niftyindices.com/Press_Release/ind_prs17022023_1.pdf,press_release,UPSTREAM_EXPLICIT,closed by ind_prs28022024.pdf
NIFTYNEXT50,2023-03-31,REMOVE,BANDHANBNK,https://niftyindices.com/Press_Release/ind_prs28082018.pdf,press_release,UPSTREAM_EXPLICIT,closed by ind_prs17022023_1.pdf
NIFTYNEXT50,2023-03-31,REMOVE,BIOCON,https://niftyindices.com/Press_Release/ind_prs28082018.pdf,press_release,UPSTREAM_EXPLICIT,closed by ind_prs17022023_1.pdf
NIFTYNEXT50,2023-03-31,ADD,CANBK,https://niftyindices.com/Press_Release/ind_prs17022023_1.pdf,press_release,UPSTREAM_EXPLICIT,
NIFTYNEXT50,2023-03-31,REMOVE,GLAND,https://niftyindices.com/Press_Release/ind_prs15062021.pdf,press_release,UPSTREAM_EXPLICIT,closed by ind_prs17022023_1.pdf
NIFTYNEXT50,2023-03-31,REMOVE,MPHASIS,https://niftyindices.com/Press_Release/ind_prs01092022.pdf,press_release,UPSTREAM_EXPLICIT,closed by ind_prs17022023_1.pdf
NIFTYNEXT50,2023-03-31,ADD,PAGEIND,https://niftyindices.com/Press_Release/ind_prs17022023_1.pdf,press_release,UPSTREAM_EXPLICIT,closed by ind_prs17082023.pdf
NIFTYNEXT50,2023-03-31,REMOVE,PAYTM,https://niftyindices.com/Press_Release/ind_prs24022022_1.pdf,press_release,UPSTREAM_EXPLICIT,closed by ind_prs17022023_1.pdf
NIFTYNEXT50,2023-03-31,ADD,VBL,https://niftyindices.com/Press_Release/ind_prs17022023_1.pdf,press_release,UPSTREAM_EXPLICIT,
NIFTYNEXT50,2023-07-13,ADD,JINDALSTEL,https://niftyindices.com/Press_Release/ind_prs04072023.pdf,press_release,UPSTREAM_EXPLICIT,
NIFTYNEXT50,2023-09-29,REMOVE,ACC,https://niftyindices.com/Press_Release/ind_prs28082017.pdf,press_release,UPSTREAM_EXPLICIT,closed by ind_prs17082023.pdf
NIFTYNEXT50,2023-09-29,REMOVE,HDFCAMC,https://niftyindices.com/Press_Release/ind_prs25022019.pdf,press_release,UPSTREAM_EXPLICIT,closed by ind_prs17082023.pdf
NIFTYNEXT50,2023-09-29,REMOVE,INDUSTOWER,https://niftyindices.com/Press_Release/ind_prs20082020.pdf,press_release,UPSTREAM_EXPLICIT,closed by ind_prs17082023.pdf
NIFTYNEXT50,2023-09-29,REMOVE,NYKAA,https://niftyindices.com/Press_Release/ind_prs24022022_1.pdf,press_release,UPSTREAM_EXPLICIT,closed by ind_prs17082023.pdf
NIFTYNEXT50,2023-09-29,REMOVE,PAGEIND,https://niftyindices.com/Press_Release/ind_prs17022023_1.pdf,press_release,UPSTREAM_EXPLICIT,closed by ind_prs17082023.pdf
NIFTYNEXT50,2023-09-29,ADD,PNB,https://niftyindices.com/Press_Release/ind_prs17082023.pdf,press_release,UPSTREAM_EXPLICIT,
NIFTYNEXT50,2023-09-29,ADD,SHRIRAMFIN,https://niftyindices.com/Press_Release/ind_prs17082023.pdf,press_release,UPSTREAM_EXPLICIT,closed by ind_prs28022024.pdf
NIFTYNEXT50,2023-09-29,ADD,TRENT,https://niftyindices.com/Press_Release/ind_prs17082023.pdf,press_release,UPSTREAM_EXPLICIT,closed by ind_prs23082024.pdf
NIFTYNEXT50,2023-09-29,ADD,TVSMOTOR,https://niftyindices.com/Press_Release/ind_prs17082023.pdf,press_release,UPSTREAM_EXPLICIT,
NIFTYNEXT50,2023-09-29,ADD,ZYDUSLIFE,https://niftyindices.com/Press_Release/ind_prs17082023.pdf,press_release,UPSTREAM_EXPLICIT,
NIFTYNEXT50,2024-03-28,ADD,ADANIPOWER,https://niftyindices.com/Press_Release/ind_prs28022024.pdf,press_release,UPSTREAM_EXPLICIT,
NIFTYNEXT50,2024-03-28,REMOVE,AWL,https://niftyindices.com/Press_Release/ind_prs17022023_1.pdf,press_release,UPSTREAM_EXPLICIT,closed by ind_prs28022024.pdf
NIFTYNEXT50,2024-03-28,ADD,IRFC,https://niftyindices.com/Press_Release/ind_prs28022024.pdf,press_release,UPSTREAM_EXPLICIT,
NIFTYNEXT50,2024-03-28,ADD,JIOFIN,https://niftyindices.com/Press_Release/ind_prs28022024.pdf,press_release,UPSTREAM_EXPLICIT,closed by ind_prs21022025.pdf
NIFTYNEXT50,2024-03-28,REMOVE,MUTHOOTFIN,https://niftyindices.com/Press_Release/ind_prs10062020.pdf,press_release,UPSTREAM_EXPLICIT,closed by ind_prs28022024.pdf
NIFTYNEXT50,2024-03-28,ADD,PFC,https://niftyindices.com/Press_Release/ind_prs28022024.pdf,press_release,UPSTREAM_EXPLICIT,
NIFTYNEXT50,2024-03-28,ADD,RECLTD,https://niftyindices.com/Press_Release/ind_prs28022024.pdf,press_release,UPSTREAM_EXPLICIT,
NIFTYNEXT50,2024-03-28,REMOVE,SHRIRAMFIN,https://niftyindices.com/Press_Release/ind_prs17082023.pdf,press_release,UPSTREAM_EXPLICIT,closed by ind_prs28022024.pdf
NIFTYNEXT50,2024-09-30,REMOVE,BEL,https://niftyindices.com/Press_Release/ind_prs01092022.pdf,press_release,UPSTREAM_EXPLICIT,closed by ind_prs23082024.pdf
NIFTYNEXT50,2024-09-30,REMOVE,BERGEPAINT,https://niftyindices.com/Press_Release/ind_prs28082019.pdf,press_release,UPSTREAM_EXPLICIT,closed by ind_prs23082024.pdf
NIFTYNEXT50,2024-09-30,ADD,BHEL,https://niftyindices.com/Press_Release/ind_prs23082024.pdf,press_release,UPSTREAM_EXPLICIT,closed by ind_prs21022025.pdf
NIFTYNEXT50,2024-09-30,ADD,DIVISLAB,https://niftyindices.com/Press_Release/ind_prs23082024.pdf,press_release,UPSTREAM_EXPLICIT,
NIFTYNEXT50,2024-09-30,ADD,JSWENERGY,https://niftyindices.com/Press_Release/ind_prs23082024.pdf,press_release,UPSTREAM_EXPLICIT,closed by ind_prs23022026.pdf
NIFTYNEXT50,2024-09-30,ADD,LODHA,https://niftyindices.com/Press_Release/ind_prs23082024.pdf,press_release,UPSTREAM_EXPLICIT,
NIFTYNEXT50,2024-09-30,ADD,LTM,https://niftyindices.com/Press_Release/ind_prs23082024.pdf,press_release,UPSTREAM_EXPLICIT,
NIFTYNEXT50,2024-09-30,REMOVE,MARICO,https://niftyindices.com/Press_Release/ind_prs12082015.pdf,press_release,UPSTREAM_EXPLICIT,closed by ind_prs23082024.pdf
NIFTYNEXT50,2024-09-30,ADD,NHPC,https://niftyindices.com/Press_Release/ind_prs23082024.pdf,press_release,UPSTREAM_EXPLICIT,"inferred-exclude: not in NSE current snapshot, no PR found (closed at next semi-annual review)"
NIFTYNEXT50,2024-09-30,REMOVE,SBICARD,https://niftyindices.com/Press_Release/ind_prs02072020_1.pdf,press_release,UPSTREAM_EXPLICIT,closed by ind_prs23082024.pdf
NIFTYNEXT50,2024-09-30,REMOVE,SRF,https://niftyindices.com/Press_Release/ind_prs24022022_1.pdf,press_release,UPSTREAM_EXPLICIT,closed by ind_prs23082024.pdf
NIFTYNEXT50,2024-09-30,REMOVE,TRENT,https://niftyindices.com/Press_Release/ind_prs17082023.pdf,press_release,UPSTREAM_EXPLICIT,closed by ind_prs23082024.pdf
NIFTYNEXT50,2024-09-30,ADD,UNIONBANK,https://niftyindices.com/Press_Release/ind_prs23082024.pdf,press_release,UPSTREAM_EXPLICIT,closed by ind_prs21022025.pdf
NIFTYNEXT50,2025-03-28,REMOVE,ATGL,https://niftyindices.com/Press_Release/ind_prs01092022.pdf,press_release,UPSTREAM_EXPLICIT,closed by ind_prs21022025.pdf
NIFTYNEXT50,2025-03-28,ADD,BAJAJHFL,https://niftyindices.com/Press_Release/ind_prs21022025.pdf,press_release,UPSTREAM_EXPLICIT,closed by ind_prs23022026.pdf
NIFTYNEXT50,2025-03-28,REMOVE,BHEL,https://niftyindices.com/Press_Release/ind_prs23082024.pdf,press_release,UPSTREAM_EXPLICIT,closed by ind_prs21022025.pdf
NIFTYNEXT50,2025-03-28,ADD,BPCL,https://niftyindices.com/Press_Release/ind_prs21022025.pdf,press_release,UPSTREAM_EXPLICIT,
NIFTYNEXT50,2025-03-28,ADD,BRITANNIA,https://niftyindices.com/Press_Release/ind_prs21022025.pdf,press_release,UPSTREAM_EXPLICIT,
NIFTYNEXT50,2025-03-28,ADD,CGPOWER,https://niftyindices.com/Press_Release/ind_prs21022025.pdf,press_release,UPSTREAM_EXPLICIT,
NIFTYNEXT50,2025-03-28,REMOVE,ETERNAL,https://niftyindices.com/Press_Release/ind_prs24022022_1.pdf,press_release,UPSTREAM_EXPLICIT,closed by ind_prs21022025.pdf
NIFTYNEXT50,2025-03-28,ADD,HYUNDAI,https://niftyindices.com/Press_Release/ind_prs21022025.pdf,press_release,UPSTREAM_EXPLICIT,
NIFTYNEXT50,2025-03-28,ADD,INDHOTEL,https://niftyindices.com/Press_Release/ind_prs21022025.pdf,press_release,UPSTREAM_EXPLICIT,
NIFTYNEXT50,2025-03-28,REMOVE,IRCTC,https://niftyindices.com/Press_Release/ind_prs01092022.pdf,press_release,UPSTREAM_EXPLICIT,closed by ind_prs21022025.pdf
NIFTYNEXT50,2025-03-28,REMOVE,JIOFIN,https://niftyindices.com/Press_Release/ind_prs28022024.pdf,press_release,UPSTREAM_EXPLICIT,closed by ind_prs21022025.pdf
NIFTYNEXT50,2025-03-28,ADD,SWIGGY,https://niftyindices.com/Press_Release/ind_prs21022025.pdf,press_release,UPSTREAM_EXPLICIT,closed by ind_prs22082025.pdf
NIFTYNEXT50,2025-03-28,REMOVE,UNIONBANK,https://niftyindices.com/Press_Release/ind_prs23082024.pdf,press_release,UPSTREAM_EXPLICIT,closed by ind_prs21022025.pdf
NIFTYNEXT50,2025-03-31,REMOVE,NHPC,https://niftyindices.com/Press_Release/ind_prs23082024.pdf,press_release,UPSTREAM_EXPLICIT,"inferred-exclude: not in NSE current snapshot, no PR found (closed at next semi-annual review)"
NIFTYNEXT50,2025-09-30,ADD,ENRIN,https://niftyindices.com/Press_Release/ind_prs22082025.pdf,press_release,UPSTREAM_EXPLICIT,
NIFTYNEXT50,2025-09-30,ADD,HINDZINC,https://niftyindices.com/Press_Release/ind_prs22082025.pdf,press_release,UPSTREAM_EXPLICIT,
NIFTYNEXT50,2025-09-30,REMOVE,ICICIPRULI,https://niftyindices.com/Press_Release/ind_prs16022017.pdf,press_release,UPSTREAM_EXPLICIT,closed by ind_prs22082025.pdf
NIFTYNEXT50,2025-09-30,ADD,MAZDOCK,https://niftyindices.com/Press_Release/ind_prs22082025.pdf,press_release,UPSTREAM_EXPLICIT,
NIFTYNEXT50,2025-09-30,ADD,SOLARINDS,https://niftyindices.com/Press_Release/ind_prs22082025.pdf,press_release,UPSTREAM_EXPLICIT,
NIFTYNEXT50,2025-09-30,REMOVE,SWIGGY,https://niftyindices.com/Press_Release/ind_prs21022025.pdf,press_release,UPSTREAM_EXPLICIT,closed by ind_prs22082025.pdf
NIFTYNEXT50,2026-03-30,REMOVE,BAJAJHFL,https://niftyindices.com/Press_Release/ind_prs21022025.pdf,press_release,UPSTREAM_EXPLICIT,closed by ind_prs23022026.pdf
NIFTYNEXT50,2026-03-30,ADD,CUMMINSIND,https://niftyindices.com/Press_Release/ind_prs23022026.pdf,press_release,UPSTREAM_EXPLICIT,
NIFTYNEXT50,2026-03-30,ADD,HDFCAMC,https://niftyindices.com/Press_Release/ind_prs23022026.pdf,press_release,UPSTREAM_EXPLICIT,
NIFTYNEXT50,2026-03-30,REMOVE,ICICIGI,https://niftyindices.com/Press_Release/ind_prs28082018.pdf,press_release,UPSTREAM_EXPLICIT,closed by ind_prs23022026.pdf
NIFTYNEXT50,2026-03-30,REMOVE,JSWENERGY,https://niftyindices.com/Press_Release/ind_prs23082024.pdf,press_release,UPSTREAM_EXPLICIT,closed by ind_prs23022026.pdf
NIFTYNEXT50,2026-03-30,REMOVE,LICI,https://niftyindices.com/Press_Release/ind_prs11072022.pdf,press_release,UPSTREAM_EXPLICIT,closed by ind_prs23022026.pdf
NIFTYNEXT50,2026-03-30,ADD,MUTHOOTFIN,https://niftyindices.com/Press_Release/ind_prs23022026.pdf,press_release,UPSTREAM_EXPLICIT,
NIFTYNEXT50,2026-03-30,REMOVE,NAUKRI,https://niftyindices.com/Press_Release/ind_prs10062020.pdf,press_release,UPSTREAM_EXPLICIT,closed by ind_prs23022026.pdf
NIFTYNEXT50,2026-03-30,ADD,TATACAP,https://niftyindices.com/Press_Release/ind_prs23022026.pdf,press_release,UPSTREAM_EXPLICIT,
NIFTYNEXT50,2026-03-30,ADD,TMCV,https://niftyindices.com/Press_Release/ind_prs23022026.pdf,press_release,UPSTREAM_EXPLICIT,
NIFTYNEXT50,2026-03-30,ADD,UNIONBANK,https://niftyindices.com/Press_Release/ind_prs23022026.pdf,press_release,UPSTREAM_EXPLICIT,
NIFTYSMALLCAP250,2016-04-29,ADD,GULFOILLUB,https://niftyindices.com/Press_Release/ind_prs22042016.pdf,press_release,UPSTREAM_EXPLICIT,closed by ind_prs15092021.pdf
NIFTYSMALLCAP250,2016-04-29,ADD,SHK,https://niftyindices.com/Press_Release/ind_prs22042016.pdf,press_release,UPSTREAM_EXPLICIT,closed by ind_prs10062020.pdf
NIFTYSMALLCAP250,2016-04-29,ADD,TVTODAY,https://niftyindices.com/Press_Release/ind_prs22042016.pdf,press_release,UPSTREAM_EXPLICIT,closed by ind_prs23022021.pdf
NIFTYSMALLCAP250,2017-01-23,ADD,ADVENZYMES,https://niftyindices.com/Press_Release/ind_prs16012017.pdf,press_release,UPSTREAM_EXPLICIT,closed by ind_prs01092022.pdf
NIFTYSMALLCAP250,2017-01-23,ADD,ASAHIINDIA,https://niftyindices.com/Press_Release/ind_prs16012017.pdf,press_release,UPSTREAM_EXPLICIT,closed by ind_prs28082017.pdf
NIFTYSMALLCAP250,2017-01-23,ADD,UJJIVAN,https://niftyindices.com/Press_Release/ind_prs16012017.pdf,press_release,UPSTREAM_EXPLICIT,closed by ind_prs24022022_1.pdf
NIFTYSMALLCAP250,2017-03-31,ADD,DBL,https://niftyindices.com/Press_Release/ind_prs16022017.pdf,press_release,UPSTREAM_EXPLICIT,closed by ind_prs21022018.pdf
NIFTYSMALLCAP250,2017-03-31,ADD,FMGOETZE,https://niftyindices.com/Press_Release/ind_prs16022017.pdf,press_release,UPSTREAM_EXPLICIT,closed by ind_prs28082017.pdf
NIFTYSMALLCAP250,2017-03-31,ADD,FRETAIL,https://niftyindices.com/Press_Release/ind_prs16022017.pdf,press_release,UPSTREAM_EXPLICIT,closed by ind_prs27042017.pdf
NIFTYSMALLCAP250,2017-03-31,ADD,GHCL,https://niftyindices.com/Press_Release/ind_prs16022017.pdf,press_release,UPSTREAM_EXPLICIT,closed by ind_prs22042021.pdf
NIFTYSMALLCAP250,2017-03-31,ADD,GNFC,https://niftyindices.com/Press_Release/ind_prs16022017.pdf,press_release,UPSTREAM_EXPLICIT,closed by ind_prs22082025.pdf
NIFTYSMALLCAP250,2017-03-31,ADD,GUJALKALI,https://niftyindices.com/Press_Release/ind_prs16022017.pdf,press_release,UPSTREAM_EXPLICIT,closed by ind_prs28022024.pdf
NIFTYSMALLCAP250,2017-03-31,ADD,INOXWIND,https://niftyindices.com/Press_Release/ind_prs16022017.pdf,press_release,UPSTREAM_EXPLICIT,closed by ind_prs28082019.pdf
NIFTYSMALLCAP250,2017-03-31,ADD,JETAIRWAYS,https://niftyindices.com/Press_Release/ind_prs16022017.pdf,press_release,UPSTREAM_EXPLICIT,closed by ind_prs17092019_1.pdf
NIFTYSMALLCAP250,2017-03-31,ADD,JUSTDIAL,https://niftyindices.com/Press_Release/ind_prs16022017.pdf,press_release,UPSTREAM_EXPLICIT,closed by ind_prs22082025.pdf
NIFTYSMALLCAP250,2017-03-31,ADD,KNRCON,https://niftyindices.com/Press_Release/ind_prs16022017.pdf,press_release,UPSTREAM_EXPLICIT,closed by ind_prs28082017.pdf
NIFTYSMALLCAP250,2017-03-31,ADD,MAXINDIA,https://niftyindices.com/Press_Release/ind_prs16022017.pdf,press_release,UPSTREAM_EXPLICIT,closed by ind_prs16122019.pdf
NIFTYSMALLCAP250,2017-03-31,ADD,MGL,https://niftyindices.com/Press_Release/ind_prs16022017.pdf,press_release,UPSTREAM_EXPLICIT,closed by ind_prs27042017.pdf
NIFTYSMALLCAP250,2017-03-31,ADD,MINDACORP,https://niftyindices.com/Press_Release/ind_prs16022017.pdf,press_release,UPSTREAM_EXPLICIT,closed by ind_prs24022022_1.pdf
NIFTYSMALLCAP250,2017-03-31,ADD,NAVNETEDUL,https://niftyindices.com/Press_Release/ind_prs16022017.pdf,press_release,UPSTREAM_EXPLICIT,closed by ind_prs21022018.pdf
NIFTYSMALLCAP250,2017-03-31,ADD,NBVENTURES,https://niftyindices.com/Press_Release/ind_prs16022017.pdf,press_release,UPSTREAM_EXPLICIT,closed by ind_prs20082020.pdf
NIFTYSMALLCAP250,2017-03-31,ADD,NETWORK18,https://niftyindices.com/Press_Release/ind_prs16022017.pdf,press_release,UPSTREAM_EXPLICIT,closed by ind_prs10062020.pdf
NIFTYSMALLCAP250,2017-03-31,ADD,PARAGMILK,https://niftyindices.com/Press_Release/ind_prs16022017.pdf,press_release,UPSTREAM_EXPLICIT,closed by ind_prs10062020.pdf
NIFTYSMALLCAP250,2017-03-31,ADD,PERSISTENT,https://niftyindices.com/Press_Release/ind_prs16022017.pdf,press_release,UPSTREAM_EXPLICIT,closed by ind_prs23022021.pdf
NIFTYSMALLCAP250,2017-03-31,ADD,RATNAMANI,https://niftyindices.com/Press_Release/ind_prs16022017.pdf,press_release,UPSTREAM_EXPLICIT,closed by ind_prs28082017.pdf
NIFTYSMALLCAP250,2017-03-31,ADD,SADBHAV,https://niftyindices.com/Press_Release/ind_prs16022017.pdf,press_release,UPSTREAM_EXPLICIT,closed by ind_prs20082020.pdf
NIFTYSMALLCAP250,2017-03-31,ADD,SHILPI,https://niftyindices.com/Press_Release/ind_prs16022017.pdf,press_release,UPSTREAM_EXPLICIT,closed by ind_prs03112017.pdf
NIFTYSMALLCAP250,2017-03-31,ADD,STRTECH,https://niftyindices.com/Press_Release/ind_prs16022017.pdf,press_release,UPSTREAM_EXPLICIT,closed by ind_prs21022018.pdf
NIFTYSMALLCAP250,2017-03-31,ADD,SUDARSCHEM,https://niftyindices.com/Press_Release/ind_prs16022017.pdf,press_release,UPSTREAM_EXPLICIT,closed by ind_prs17022023_1.pdf
NIFTYSMALLCAP250,2017-03-31,ADD,TATAELXSI,https://niftyindices.com/Press_Release/ind_prs16022017.pdf,press_release,UPSTREAM_EXPLICIT,closed by ind_prs23022021.pdf
NIFTYSMALLCAP250,2017-03-31,ADD,TATAINVEST,https://niftyindices.com/Press_Release/ind_prs16022017.pdf,press_release,UPSTREAM_EXPLICIT,closed by ind_prs15092021.pdf
NIFTYSMALLCAP250,2017-03-31,ADD,THYROCARE,https://niftyindices.com/Press_Release/ind_prs16022017.pdf,press_release,UPSTREAM_EXPLICIT,closed by ind_prs17022023_1.pdf
NIFTYSMALLCAP250,2017-03-31,ADD,UNOMINDA,https://niftyindices.com/Press_Release/ind_prs16022017.pdf,press_release,UPSTREAM_EXPLICIT,closed by ind_prs10062020.pdf
NIFTYSMALLCAP250,2017-05-26,REMOVE,FRETAIL,https://niftyindices.com/Press_Release/ind_prs16022017.pdf,press_release,UPSTREAM_EXPLICIT,closed by ind_prs27042017.pdf
NIFTYSMALLCAP250,2017-05-26,ADD,LAURUSLABS,https://niftyindices.com/Press_Release/ind_prs27042017.pdf,press_release,UPSTREAM_EXPLICIT,closed by ind_prs23022021.pdf
NIFTYSMALLCAP250,2017-05-26,REMOVE,MGL,https://niftyindices.com/Press_Release/ind_prs16022017.pdf,press_release,UPSTREAM_EXPLICIT,closed by ind_prs27042017.pdf
NIFTYSMALLCAP250,2017-05-26,ADD,VBL,https://niftyindices.com/Press_Release/ind_prs27042017.pdf,press_release,UPSTREAM_EXPLICIT,closed by ind_prs28082017.pdf
NIFTYSMALLCAP250,2017-06-23,ADD,SFL,https://niftyindices.com/Press_Release/ind_prs15062017.pdf,press_release,UPSTREAM_EXPLICIT,closed by ind_prs28082018.pdf
NIFTYSMALLCAP250,2017-09-29,REMOVE,ASAHIINDIA,https://niftyindices.com/Press_Release/ind_prs16012017.pdf,press_release,UPSTREAM_EXPLICIT,closed by ind_prs28082017.pdf
NIFTYSMALLCAP250,2017-09-29,ADD,BAJAJCON,https://niftyindices.com/Press_Release/ind_prs28082017.pdf,press_release,UPSTREAM_EXPLICIT,closed by ind_prs24022022_1.pdf
NIFTYSMALLCAP250,2017-09-29,ADD,BRFL,https://niftyindices.com/Press_Release/ind_prs28082017.pdf,press_release,UPSTREAM_EXPLICIT,closed by ind_prs28082018.pdf
NIFTYSMALLCAP250,2017-09-29,ADD,BRIGADE,https://niftyindices.com/Press_Release/ind_prs28082017.pdf,press_release,UPSTREAM_EXPLICIT,
NIFTYSMALLCAP250,2017-09-29,ADD,BSE,https://niftyindices.com/Press_Release/ind_prs28082017.pdf,press_release,UPSTREAM_EXPLICIT,closed by ind_prs19032024.pdf
NIFTYSMALLCAP250,2017-09-29,ADD,CYIENT,https://niftyindices.com/Press_Release/ind_prs28082017.pdf,press_release,UPSTREAM_EXPLICIT,
NIFTYSMALLCAP250,2017-09-29,ADD,DHANI,https://niftyindices.com/Press_Release/ind_prs28082017.pdf,press_release,UPSTREAM_EXPLICIT,closed by ind_prs21022018.pdf
NIFTYSMALLCAP250,2017-09-29,ADD,ECLERX,https://niftyindices.com/Press_Release/ind_prs28082017.pdf,press_release,UPSTREAM_EXPLICIT,
NIFTYSMALLCAP250,2017-09-29,ADD,FLFL,https://niftyindices.com/Press_Release/ind_prs28082017.pdf,press_release,UPSTREAM_EXPLICIT,closed by ind_prs10062020.pdf
NIFTYSMALLCAP250,2017-09-29,REMOVE,FMGOETZE,https://niftyindices.com/Press_Release/ind_prs16022017.pdf,press_release,UPSTREAM_EXPLICIT,closed by ind_prs28082017.pdf
NIFTYSMALLCAP250,2017-09-29,ADD,GESHIP,https://niftyindices.com/Press_Release/ind_prs28082017.pdf,press_release,UPSTREAM_EXPLICIT,
NIFTYSMALLCAP250,2017-09-29,ADD,HERITGFOOD,https://niftyindices.com/Press_Release/ind_prs28082017.pdf,press_release,UPSTREAM_EXPLICIT,closed by ind_prs23022021.pdf
NIFTYSMALLCAP250,2017-09-29,ADD,HINDCOPPER,https://niftyindices.com/Press_Release/ind_prs28082017.pdf,press_release,UPSTREAM_EXPLICIT,closed by ind_prs15092021.pdf
NIFTYSMALLCAP250,2017-09-29,ADD,IFBIND,https://niftyindices.com/Press_Release/ind_prs28082017.pdf,press_release,UPSTREAM_EXPLICIT,closed by ind_prs17082023.pdf
NIFTYSMALLCAP250,2017-09-29,ADD,INGERRAND,https://niftyindices.com/Press_Release/ind_prs28082017.pdf,press_release,UPSTREAM_EXPLICIT,closed by ind_prs21022018.pdf
NIFTYSMALLCAP250,2017-09-29,ADD,ITDC,https://niftyindices.com/Press_Release/ind_prs28082017.pdf,press_release,UPSTREAM_EXPLICIT,closed by ind_prs20082020.pdf
NIFTYSMALLCAP250,2017-09-29,ADD,ITI,https://niftyindices.com/Press_Release/ind_prs28082017.pdf,press_release,UPSTREAM_EXPLICIT,closed by ind_prs20082020.pdf
NIFTYSMALLCAP250,2017-09-29,ADD,JAGRAN,https://niftyindices.com/Press_Release/ind_prs28082017.pdf,press_release,UPSTREAM_EXPLICIT,closed by ind_prs23022021.pdf
NIFTYSMALLCAP250,2017-09-29,ADD,JINDALSAW,https://niftyindices.com/Press_Release/ind_prs28082017.pdf,press_release,UPSTREAM_EXPLICIT,closed by ind_prs24022022_1.pdf
NIFTYSMALLCAP250,2017-09-29,ADD,JPPOWER,https://niftyindices.com/Press_Release/ind_prs28082017.pdf,press_release,UPSTREAM_EXPLICIT,closed by ind_prs25022019.pdf
NIFTYSMALLCAP250,2017-09-29,ADD,JSL,https://niftyindices.com/Press_Release/ind_prs28082017.pdf,press_release,UPSTREAM_EXPLICIT,closed by ind_prs17082023.pdf
NIFTYSMALLCAP250,2017-09-29,ADD,JSLHISAR,https://niftyindices.com/Press_Release/ind_prs28082017.pdf,press_release,UPSTREAM_EXPLICIT,closed by ind_prs24052022.pdf
NIFTYSMALLCAP250,2017-09-29,REMOVE,KNRCON,https://niftyindices.com/Press_Release/ind_prs16022017.pdf,press_release,UPSTREAM_EXPLICIT,closed by ind_prs28082017.pdf
NIFTYSMALLCAP250,2017-09-29,ADD,LINDEINDIA,https://niftyindices.com/Press_Release/ind_prs28082017.pdf,press_release,UPSTREAM_EXPLICIT,closed by ind_prs21022018.pdf
NIFTYSMALLCAP250,2017-09-29,ADD,NFL,https://niftyindices.com/Press_Release/ind_prs28082017.pdf,press_release,UPSTREAM_EXPLICIT,closed by ind_prs24022022_1.pdf
NIFTYSMALLCAP250,2017-09-29,REMOVE,RATNAMANI,https://niftyindices.com/Press_Release/ind_prs16022017.pdf,press_release,UPSTREAM_EXPLICIT,closed by ind_prs28082017.pdf
NIFTYSMALLCAP250,2017-09-29,ADD,RUPA,https://niftyindices.com/Press_Release/ind_prs28082017.pdf,press_release,UPSTREAM_EXPLICIT,closed by ind_prs28082019.pdf
NIFTYSMALLCAP250,2017-09-29,ADD,SHOPERSTOP,https://niftyindices.com/Press_Release/ind_prs28082017.pdf,press_release,UPSTREAM_EXPLICIT,closed by ind_prs15092021.pdf
NIFTYSMALLCAP250,2017-09-29,ADD,SUPPETRO,https://niftyindices.com/Press_Release/ind_prs28082017.pdf,press_release,UPSTREAM_EXPLICIT,closed by ind_prs21022018.pdf
NIFTYSMALLCAP250,2017-09-29,ADD,SUPRAJIT,https://niftyindices.com/Press_Release/ind_prs28082017.pdf,press_release,UPSTREAM_EXPLICIT,closed by ind_prs21022018.pdf
NIFTYSMALLCAP250,2017-09-29,ADD,TIMETECHNO,https://niftyindices.com/Press_Release/ind_prs28082017.pdf,press_release,UPSTREAM_EXPLICIT,closed by ind_prs20082020.pdf
NIFTYSMALLCAP250,2017-09-29,ADD,UNITEDBNK,https://niftyindices.com/Press_Release/ind_prs28082017.pdf,press_release,UPSTREAM_EXPLICIT,closed by ind_prs21022018.pdf
NIFTYSMALLCAP250,2017-09-29,REMOVE,VBL,https://niftyindices.com/Press_Release/ind_prs27042017.pdf,press_release,UPSTREAM_EXPLICIT,closed by ind_prs28082017.pdf
NIFTYSMALLCAP250,2017-09-29,ADD,VESUVIUS,https://niftyindices.com/Press_Release/ind_prs28082017.pdf,press_release,UPSTREAM_EXPLICIT,closed by ind_prs21022018.pdf
NIFTYSMALLCAP250,2017-11-13,ADD,RELAXO,https://niftyindices.com/Press_Release/ind_prs03112017.pdf,press_release,UPSTREAM_EXPLICIT,closed by ind_prs25022019.pdf
NIFTYSMALLCAP250,2017-11-13,REMOVE,SHILPI,https://niftyindices.com/Press_Release/ind_prs16022017.pdf,press_release,UPSTREAM_EXPLICIT,closed by ind_prs03112017.pdf
NIFTYSMALLCAP250,2017-11-20,ADD,STARCEMENT,https://niftyindices.com/Press_Release/ind_prs10112017.pdf,press_release,UPSTREAM_EXPLICIT,closed by ind_prs24022022_1.pdf
NIFTYSMALLCAP250,2018-02-05,ADD,COCHINSHIP,https://niftyindices.com/Press_Release/ind_prs08012018.pdf,press_release,UPSTREAM_EXPLICIT,closed by ind_prs23082024.pdf
NIFTYSMALLCAP250,2018-04-02,ADD,ASAHIINDIA,https://niftyindices.com/Press_Release/ind_prs21022018.pdf,press_release,UPSTREAM_EXPLICIT,closed by ind_prs28082018.pdf
NIFTYSMALLCAP250,2018-04-02,ADD,CDSL,https://niftyindices.com/Press_Release/ind_prs21022018.pdf,press_release,UPSTREAM_EXPLICIT,
NIFTYSMALLCAP250,2018-04-02,ADD,DBCORP,https://niftyindices.com/Press_Release/ind_prs21022018.pdf,press_release,UPSTREAM_EXPLICIT,closed by ind_prs23022021.pdf
NIFTYSMALLCAP250,2018-04-02,REMOVE,DBL,https://niftyindices.com/Press_Release/ind_prs16022017.pdf,press_release,UPSTREAM_EXPLICIT,closed by ind_prs21022018.pdf
NIFTYSMALLCAP250,2018-04-02,ADD,DCAL,https://niftyindices.com/Press_Release/ind_prs21022018.pdf,press_release,UPSTREAM_EXPLICIT,closed by ind_prs15092021.pdf
NIFTYSMALLCAP250,2018-04-02,REMOVE,DHANI,https://niftyindices.com/Press_Release/ind_prs28082017.pdf,press_release,UPSTREAM_EXPLICIT,closed by ind_prs21022018.pdf
NIFTYSMALLCAP250,2018-04-02,ADD,DIXON,https://niftyindices.com/Press_Release/ind_prs21022018.pdf,press_release,UPSTREAM_EXPLICIT,closed by ind_prs23022021.pdf
NIFTYSMALLCAP250,2018-04-02,ADD,ERIS,https://niftyindices.com/Press_Release/ind_prs21022018.pdf,press_release,UPSTREAM_EXPLICIT,closed by ind_prs25022019.pdf
NIFTYSMALLCAP250,2018-04-02,ADD,GPPL,https://niftyindices.com/Press_Release/ind_prs21022018.pdf,press_release,UPSTREAM_EXPLICIT,closed by ind_prs22082025.pdf
NIFTYSMALLCAP250,2018-04-02,ADD,GRAPHITE,https://niftyindices.com/Press_Release/ind_prs21022018.pdf,press_release,UPSTREAM_EXPLICIT,closed by ind_prs28082018.pdf
NIFTYSMALLCAP250,2018-04-02,ADD,HEG,https://niftyindices.com/Press_Release/ind_prs21022018.pdf,press_release,UPSTREAM_EXPLICIT,closed by ind_prs28082018.pdf
NIFTYSMALLCAP250,2018-04-02,ADD,HSCL,https://niftyindices.com/Press_Release/ind_prs21022018.pdf,press_release,UPSTREAM_EXPLICIT,closed by ind_prs15092021.pdf
NIFTYSMALLCAP250,2018-04-02,ADD,IEX,https://niftyindices.com/Press_Release/ind_prs21022018.pdf,press_release,UPSTREAM_EXPLICIT,closed by ind_prs24022022_1.pdf
NIFTYSMALLCAP250,2018-04-02,REMOVE,INGERRAND,https://niftyindices.com/Press_Release/ind_prs28082017.pdf,press_release,UPSTREAM_EXPLICIT,closed by ind_prs21022018.pdf
NIFTYSMALLCAP250,2018-04-02,ADD,IOB,https://niftyindices.com/Press_Release/ind_prs21022018.pdf,press_release,UPSTREAM_EXPLICIT,closed by ind_prs28082019.pdf
NIFTYSMALLCAP250,2018-04-02,ADD,IPCALAB,https://niftyindices.com/Press_Release/ind_prs21022018.pdf,press_release,UPSTREAM_EXPLICIT,closed by ind_prs25022019.pdf
NIFTYSMALLCAP250,2018-04-02,ADD,JYOTHYLAB,https://niftyindices.com/Press_Release/ind_prs21022018.pdf,press_release,UPSTREAM_EXPLICIT,closed by ind_prs23022026.pdf
NIFTYSMALLCAP250,2018-04-02,ADD,KNRCON,https://niftyindices.com/Press_Release/ind_prs21022018.pdf,press_release,UPSTREAM_EXPLICIT,closed by ind_prs22082025.pdf
NIFTYSMALLCAP250,2018-04-02,ADD,LALPATHLAB,https://niftyindices.com/Press_Release/ind_prs21022018.pdf,press_release,UPSTREAM_EXPLICIT,closed by ind_prs16122019.pdf
NIFTYSMALLCAP250,2018-04-02,REMOVE,LINDEINDIA,https://niftyindices.com/Press_Release/ind_prs28082017.pdf,press_release,UPSTREAM_EXPLICIT,closed by ind_prs21022018.pdf
NIFTYSMALLCAP250,2018-04-02,ADD,MASFIN,https://niftyindices.com/Press_Release/ind_prs21022018.pdf,press_release,UPSTREAM_EXPLICIT,closed by ind_prs15092021.pdf
NIFTYSMALLCAP250,2018-04-02,REMOVE,NAVNETEDUL,https://niftyindices.com/Press_Release/ind_prs16022017.pdf,press_release,UPSTREAM_EXPLICIT,closed by ind_prs21022018.pdf
NIFTYSMALLCAP250,2018-04-02,ADD,NESCO,https://niftyindices.com/Press_Release/ind_prs21022018.pdf,press_release,UPSTREAM_EXPLICIT,closed by ind_prs01092022.pdf
NIFTYSMALLCAP250,2018-04-02,ADD,NH,https://niftyindices.com/Press_Release/ind_prs21022018.pdf,press_release,UPSTREAM_EXPLICIT,
NIFTYSMALLCAP250,2018-04-02,ADD,RCOM,https://niftyindices.com/Press_Release/ind_prs21022018.pdf,press_release,UPSTREAM_EXPLICIT,closed by ind_prs28082019.pdf
NIFTYSMALLCAP250,2018-04-02,ADD,RHFL,https://niftyindices.com/Press_Release/ind_prs21022018.pdf,press_release,UPSTREAM_EXPLICIT,closed by ind_prs28082019.pdf
NIFTYSMALLCAP250,2018-04-02,ADD,SADBHIN,https://niftyindices.com/Press_Release/ind_prs21022018.pdf,press_release,UPSTREAM_EXPLICIT,closed by ind_prs25022019.pdf
NIFTYSMALLCAP250,2018-04-02,ADD,SHANKARA,https://niftyindices.com/Press_Release/ind_prs21022018.pdf,press_release,UPSTREAM_EXPLICIT,closed by ind_prs28082019.pdf
NIFTYSMALLCAP250,2018-04-02,ADD,SIS,https://niftyindices.com/Press_Release/ind_prs21022018.pdf,press_release,UPSTREAM_EXPLICIT,closed by ind_prs17022023_1.pdf
NIFTYSMALLCAP250,2018-04-02,ADD,SPTL,https://niftyindices.com/Press_Release/ind_prs21022018.pdf,press_release,UPSTREAM_EXPLICIT,closed by ind_prs28082019.pdf
NIFTYSMALLCAP250,2018-04-02,REMOVE,STRTECH,https://niftyindices.com/Press_Release/ind_prs16022017.pdf,press_release,UPSTREAM_EXPLICIT,closed by ind_prs21022018.pdf
NIFTYSMALLCAP250,2018-04-02,REMOVE,SUPPETRO,https://niftyindices.com/Press_Release/ind_prs28082017.pdf,press_release,UPSTREAM_EXPLICIT,closed by ind_prs21022018.pdf
NIFTYSMALLCAP250,2018-04-02,REMOVE,SUPRAJIT,https://niftyindices.com/Press_Release/ind_prs28082017.pdf,press_release,UPSTREAM_EXPLICIT,closed by ind_prs21022018.pdf
NIFTYSMALLCAP250,2018-04-02,ADD,SYNDIBANK,https://niftyindices.com/Press_Release/ind_prs21022018.pdf,press_release,UPSTREAM_EXPLICIT,closed by ind_prs16122019.pdf
NIFTYSMALLCAP250,2018-04-02,REMOVE,UNITEDBNK,https://niftyindices.com/Press_Release/ind_prs28082017.pdf,press_release,UPSTREAM_EXPLICIT,closed by ind_prs21022018.pdf
NIFTYSMALLCAP250,2018-04-02,REMOVE,VESUVIUS,https://niftyindices.com/Press_Release/ind_prs28082017.pdf,press_release,UPSTREAM_EXPLICIT,closed by ind_prs21022018.pdf
NIFTYSMALLCAP250,2018-04-02,ADD,VIJAYABANK,https://niftyindices.com/Press_Release/ind_prs21022018.pdf,press_release,UPSTREAM_EXPLICIT,closed by ind_prs21012019.pdf
NIFTYSMALLCAP250,2018-04-02,ADD,VTL,https://niftyindices.com/Press_Release/ind_prs21022018.pdf,press_release,UPSTREAM_EXPLICIT,
NIFTYSMALLCAP250,2018-04-02,ADD,WELSPUNIND,https://niftyindices.com/Press_Release/ind_prs21022018.pdf,press_release,UPSTREAM_EXPLICIT,"inferred-exclude: not in NSE current snapshot, no PR found (closed at next semi-annual review)"
NIFTYSMALLCAP250,2018-06-29,ADD,ASTERDM,https://niftyindices.com/Press_Release/ind_prs20062018.pdf,press_release,UPSTREAM_EXPLICIT,
NIFTYSMALLCAP250,2018-06-29,ADD,TIINDIA,https://niftyindices.com/Press_Release/ind_prs24052018.pdf,press_release,UPSTREAM_EXPLICIT,closed by ind_prs20082020.pdf
NIFTYSMALLCAP250,2018-08-08,ADD,BDL,https://niftyindices.com/Press_Release/ind_prs01082018.pdf,press_release,UPSTREAM_EXPLICIT,closed by ind_prs17082023.pdf
NIFTYSMALLCAP250,2018-09-28,ADD,AKZOINDIA,https://niftyindices.com/Press_Release/ind_prs28082018.pdf,press_release,UPSTREAM_EXPLICIT,closed by ind_prs10062020.pdf
NIFTYSMALLCAP250,2018-09-28,REMOVE,ASAHIINDIA,https://niftyindices.com/Press_Release/ind_prs21022018.pdf,press_release,UPSTREAM_EXPLICIT,closed by ind_prs28082018.pdf
NIFTYSMALLCAP250,2018-09-28,REMOVE,BRFL,https://niftyindices.com/Press_Release/ind_prs28082017.pdf,press_release,UPSTREAM_EXPLICIT,closed by ind_prs28082018.pdf
NIFTYSMALLCAP250,2018-09-28,ADD,ELGIEQUIP,https://niftyindices.com/Press_Release/ind_prs28082018.pdf,press_release,UPSTREAM_EXPLICIT,
NIFTYSMALLCAP250,2018-09-28,ADD,EXCELCROP,https://niftyindices.com/Press_Release/ind_prs28082018.pdf,press_release,UPSTREAM_EXPLICIT,closed by ind_prs08042019.pdf
NIFTYSMALLCAP250,2018-09-28,ADD,FDC,https://niftyindices.com/Press_Release/ind_prs28082018.pdf,press_release,UPSTREAM_EXPLICIT,closed by ind_prs23082024.pdf
NIFTYSMALLCAP250,2018-09-28,ADD,GALAXYSURF,https://niftyindices.com/Press_Release/ind_prs28082018.pdf,press_release,UPSTREAM_EXPLICIT,closed by ind_prs28022024.pdf
NIFTYSMALLCAP250,2018-09-28,ADD,GAYAPROJ,https://niftyindices.com/Press_Release/ind_prs28082018.pdf,press_release,UPSTREAM_EXPLICIT,closed by ind_prs10062020.pdf
NIFTYSMALLCAP250,2018-09-28,REMOVE,GRAPHITE,https://niftyindices.com/Press_Release/ind_prs21022018.pdf,press_release,UPSTREAM_EXPLICIT,closed by ind_prs28082018.pdf
NIFTYSMALLCAP250,2018-09-28,ADD,GRINDWELL,https://niftyindices.com/Press_Release/ind_prs28082018.pdf,press_release,UPSTREAM_EXPLICIT,closed by ind_prs24022022_1.pdf
NIFTYSMALLCAP250,2018-09-28,ADD,GUJFLUORO,https://niftyindices.com/Press_Release/ind_prs28082018.pdf,press_release,UPSTREAM_EXPLICIT,closed by ind_prs25022019.pdf
NIFTYSMALLCAP250,2018-09-28,REMOVE,HEG,https://niftyindices.com/Press_Release/ind_prs21022018.pdf,press_release,UPSTREAM_EXPLICIT,closed by ind_prs28082018.pdf
NIFTYSMALLCAP250,2018-09-28,ADD,IBREALEST,https://niftyindices.com/Press_Release/ind_prs28082018.pdf,press_release,UPSTREAM_EXPLICIT,closed by ind_prs17082023.pdf
NIFTYSMALLCAP250,2018-09-28,ADD,IDFC,https://niftyindices.com/Press_Release/ind_prs28082018.pdf,press_release,UPSTREAM_EXPLICIT,closed by ind_prs04102024.pdf
NIFTYSMALLCAP250,2018-09-28,ADD,IRB,https://niftyindices.com/Press_Release/ind_prs28082018.pdf,press_release,UPSTREAM_EXPLICIT,closed by ind_prs23082024.pdf
NIFTYSMALLCAP250,2018-09-28,ADD,KAJARIACER,https://niftyindices.com/Press_Release/ind_prs28082018.pdf,press_release,UPSTREAM_EXPLICIT,closed by ind_prs15092021.pdf
NIFTYSMALLCAP250,2018-09-28,ADD,KARURVYSYA,https://niftyindices.com/Press_Release/ind_prs28082018.pdf,press_release,UPSTREAM_EXPLICIT,
NIFTYSMALLCAP250,2018-09-28,ADD,LEMONTREE,https://niftyindices.com/Press_Release/ind_prs28082018.pdf,press_release,UPSTREAM_EXPLICIT,closed by ind_prs24022022_1.pdf
NIFTYSMALLCAP250,2018-09-28,ADD,LINDEINDIA,https://niftyindices.com/Press_Release/ind_prs28082018.pdf,press_release,UPSTREAM_EXPLICIT,closed by ind_prs15092021.pdf
NIFTYSMALLCAP250,2018-09-28,ADD,LUXIND,https://niftyindices.com/Press_Release/ind_prs28082018.pdf,press_release,UPSTREAM_EXPLICIT,closed by ind_prs28022024.pdf
NIFTYSMALLCAP250,2018-09-28,ADD,MAHLOG,https://niftyindices.com/Press_Release/ind_prs28082018.pdf,press_release,UPSTREAM_EXPLICIT,closed by ind_prs17082023.pdf
NIFTYSMALLCAP250,2018-09-28,ADD,MONSANTO,https://niftyindices.com/Press_Release/ind_prs28082018.pdf,press_release,UPSTREAM_EXPLICIT,closed by ind_prs13062019.pdf
NIFTYSMALLCAP250,2018-09-28,ADD,PHILIPCARB,https://niftyindices.com/Press_Release/ind_prs28082018.pdf,press_release,UPSTREAM_EXPLICIT,"inferred-exclude: not in NSE current snapshot, no PR found (closed at next semi-annual review)"
NIFTYSMALLCAP250,2018-09-28,ADD,SCHAEFFLER,https://niftyindices.com/Press_Release/ind_prs28082018.pdf,press_release,UPSTREAM_EXPLICIT,closed by ind_prs16122019.pdf
NIFTYSMALLCAP250,2018-09-28,REMOVE,SFL,https://niftyindices.com/Press_Release/ind_prs15062017.pdf,press_release,UPSTREAM_EXPLICIT,closed by ind_prs28082018.pdf
NIFTYSMALLCAP250,2018-09-28,ADD,SHILPAMED,https://niftyindices.com/Press_Release/ind_prs31082018.pdf,press_release,UPSTREAM_EXPLICIT,closed by ind_prs10062020.pdf
NIFTYSMALLCAP250,2018-09-28,ADD,STAR,https://niftyindices.com/Press_Release/ind_prs28082018.pdf,press_release,UPSTREAM_EXPLICIT,closed by ind_prs01092022.pdf
NIFTYSMALLCAP250,2018-09-28,ADD,SUZLON,https://niftyindices.com/Press_Release/ind_prs28082018.pdf,press_release,UPSTREAM_EXPLICIT,closed by ind_prs28022024.pdf
NIFTYSMALLCAP250,2018-09-28,ADD,TEAMLEASE,https://niftyindices.com/Press_Release/ind_prs28082018.pdf,press_release,UPSTREAM_EXPLICIT,closed by ind_prs28022024.pdf
NIFTYSMALLCAP250,2018-09-28,ADD,TTKPRESTIG,https://niftyindices.com/Press_Release/ind_prs28082018.pdf,press_release,UPSTREAM_EXPLICIT,closed by ind_prs17092019.pdf
NIFTYSMALLCAP250,2018-09-28,ADD,VENKEYS,https://niftyindices.com/Press_Release/ind_prs28082018.pdf,press_release,UPSTREAM_EXPLICIT,closed by ind_prs01092022.pdf
NIFTYSMALLCAP250,2018-09-28,ADD,VMART,https://niftyindices.com/Press_Release/ind_prs28082018.pdf,press_release,UPSTREAM_EXPLICIT,closed by ind_prs28022024.pdf
NIFTYSMALLCAP250,2018-09-28,ADD,WOCKPHARMA,https://niftyindices.com/Press_Release/ind_prs28082018.pdf,press_release,UPSTREAM_EXPLICIT,closed by ind_prs17022023_1.pdf
NIFTYSMALLCAP250,2018-09-28,ADD,ZENSARTECH,https://niftyindices.com/Press_Release/ind_prs28082018.pdf,press_release,UPSTREAM_EXPLICIT,
NIFTYSMALLCAP250,2018-09-28,ADD,ZYDUSWELL,https://niftyindices.com/Press_Release/ind_prs28082018.pdf,press_release,UPSTREAM_EXPLICIT,closed by ind_prs20082020.pdf
NIFTYSMALLCAP250,2018-09-30,REMOVE,PHILIPCARB,https://niftyindices.com/Press_Release/ind_prs28082018.pdf,press_release,UPSTREAM_EXPLICIT,"inferred-exclude: not in NSE current snapshot, no PR found (closed at next semi-annual review)"
NIFTYSMALLCAP250,2018-09-30,REMOVE,WELSPUNIND,https://niftyindices.com/Press_Release/ind_prs21022018.pdf,press_release,UPSTREAM_EXPLICIT,"inferred-exclude: not in NSE current snapshot, no PR found (closed at next semi-annual review)"
NIFTYSMALLCAP250,2018-12-28,ADD,ADANIGREEN,https://niftyindices.com/Press_Release/ind_prs14122018.pdf,press_release,UPSTREAM_EXPLICIT,closed by ind_prs18022020.pdf
NIFTYSMALLCAP250,2018-12-28,ADD,FORTIS,https://niftyindices.com/Press_Release/ind_prs14122018.pdf,press_release,UPSTREAM_EXPLICIT,closed by ind_prs28082019.pdf
NIFTYSMALLCAP250,2018-12-28,ADD,RITES,https://niftyindices.com/Press_Release/ind_prs14122018.pdf,press_release,UPSTREAM_EXPLICIT,
NIFTYSMALLCAP250,2018-12-28,ADD,SFL,https://niftyindices.com/Press_Release/ind_prs14122018.pdf,press_release,UPSTREAM_EXPLICIT,closed by ind_prs20082020.pdf
NIFTYSMALLCAP250,2019-01-28,ADD,CORPBANK,https://niftyindices.com/Press_Release/ind_prs21012019.pdf,press_release,UPSTREAM_EXPLICIT,closed by ind_prs28082019.pdf
NIFTYSMALLCAP250,2019-01-28,ADD,CREDITACC,https://niftyindices.com/Press_Release/ind_prs21012019.pdf,press_release,UPSTREAM_EXPLICIT,closed by ind_prs10062020.pdf
NIFTYSMALLCAP250,2019-01-28,REMOVE,VIJAYABANK,https://niftyindices.com/Press_Release/ind_prs21022018.pdf,press_release,UPSTREAM_EXPLICIT,closed by ind_prs21012019.pdf
NIFTYSMALLCAP250,2019-03-29,ADD,AAVAS,https://niftyindices.com/Press_Release/ind_prs25022019.pdf,press_release,UPSTREAM_EXPLICIT,closed by ind_prs28082019.pdf
NIFTYSMALLCAP250,2019-03-29,ADD,ASTRAZEN,https://niftyindices.com/Press_Release/ind_prs25022019.pdf,press_release,UPSTREAM_EXPLICIT,closed by ind_prs20082020.pdf
NIFTYSMALLCAP250,2019-03-29,ADD,AVANTIFEED,https://niftyindices.com/Press_Release/ind_prs25022019.pdf,press_release,UPSTREAM_EXPLICIT,closed by ind_prs21022025.pdf
NIFTYSMALLCAP250,2019-03-29,ADD,CESC,https://niftyindices.com/Press_Release/ind_prs25022019.pdf,press_release,UPSTREAM_EXPLICIT,closed by ind_prs28082019.pdf
NIFTYSMALLCAP250,2019-03-29,ADD,COX&KINGS,https://niftyindices.com/Press_Release/ind_prs25022019.pdf,press_release,UPSTREAM_EXPLICIT,closed by ind_prs18122019.pdf
NIFTYSMALLCAP250,2019-03-29,ADD,DEEPAKNTR,https://niftyindices.com/Press_Release/ind_prs25022019.pdf,press_release,UPSTREAM_EXPLICIT,closed by ind_prs23022021.pdf
NIFTYSMALLCAP250,2019-03-29,ADD,EPL,https://niftyindices.com/Press_Release/ind_prs25022019.pdf,press_release,UPSTREAM_EXPLICIT,closed by ind_prs23082024.pdf
NIFTYSMALLCAP250,2019-03-29,REMOVE,ERIS,https://niftyindices.com/Press_Release/ind_prs21022018.pdf,press_release,UPSTREAM_EXPLICIT,closed by ind_prs25022019.pdf
NIFTYSMALLCAP250,2019-03-29,ADD,FINEORG,https://niftyindices.com/Press_Release/ind_prs25022019.pdf,press_release,UPSTREAM_EXPLICIT,closed by ind_prs17022023_1.pdf
NIFTYSMALLCAP250,2019-03-29,ADD,GET&D,https://niftyindices.com/Press_Release/ind_prs25022019.pdf,press_release,UPSTREAM_EXPLICIT,closed by ind_prs20082020.pdf
NIFTYSMALLCAP250,2019-03-29,REMOVE,GUJFLUORO,https://niftyindices.com/Press_Release/ind_prs28082018.pdf,press_release,UPSTREAM_EXPLICIT,closed by ind_prs25022019.pdf
NIFTYSMALLCAP250,2019-03-29,ADD,IBULISL,https://niftyindices.com/Press_Release/ind_prs25022019.pdf,press_release,UPSTREAM_EXPLICIT,closed by ind_prs10062020.pdf
NIFTYSMALLCAP250,2019-03-29,ADD,ICRA,https://niftyindices.com/Press_Release/ind_prs25022019.pdf,press_release,UPSTREAM_EXPLICIT,closed by ind_prs23022021.pdf
NIFTYSMALLCAP250,2019-03-29,ADD,INDOSTAR,https://niftyindices.com/Press_Release/ind_prs25022019.pdf,press_release,UPSTREAM_EXPLICIT,closed by ind_prs20082020.pdf
NIFTYSMALLCAP250,2019-03-29,REMOVE,IPCALAB,https://niftyindices.com/Press_Release/ind_prs21022018.pdf,press_release,UPSTREAM_EXPLICIT,closed by ind_prs25022019.pdf
NIFTYSMALLCAP250,2019-03-29,ADD,IRCON,https://niftyindices.com/Press_Release/ind_prs25022019.pdf,press_release,UPSTREAM_EXPLICIT,closed by ind_prs01092022.pdf
NIFTYSMALLCAP250,2019-03-29,ADD,JAMNAAUTO,https://niftyindices.com/Press_Release/ind_prs25022019.pdf,press_release,UPSTREAM_EXPLICIT,closed by ind_prs28022024.pdf
NIFTYSMALLCAP250,2019-03-29,ADD,JKPAPER,https://niftyindices.com/Press_Release/ind_prs25022019.pdf,press_release,UPSTREAM_EXPLICIT,closed by ind_prs23082024.pdf
NIFTYSMALLCAP250,2019-03-29,REMOVE,JPPOWER,https://niftyindices.com/Press_Release/ind_prs28082017.pdf,press_release,UPSTREAM_EXPLICIT,closed by ind_prs25022019.pdf
NIFTYSMALLCAP250,2019-03-29,ADD,KEI,https://niftyindices.com/Press_Release/ind_prs25022019.pdf,press_release,UPSTREAM_EXPLICIT,closed by ind_prs28022024.pdf
NIFTYSMALLCAP250,2019-03-29,ADD,KIRLOSENG,https://niftyindices.com/Press_Release/ind_prs25022019.pdf,press_release,UPSTREAM_EXPLICIT,closed by ind_prs10062020.pdf
NIFTYSMALLCAP250,2019-03-29,ADD,MAHABANK,https://niftyindices.com/Press_Release/ind_prs25022019.pdf,press_release,UPSTREAM_EXPLICIT,closed by ind_prs17082023.pdf
NIFTYSMALLCAP250,2019-03-29,ADD,MAHSCOOTER,https://niftyindices.com/Press_Release/ind_prs25022019.pdf,press_release,UPSTREAM_EXPLICIT,closed by ind_prs15092021.pdf
NIFTYSMALLCAP250,2019-03-29,ADD,MAHSEAMLES,https://niftyindices.com/Press_Release/ind_prs25022019.pdf,press_release,UPSTREAM_EXPLICIT,closed by ind_prs15092021.pdf
NIFTYSMALLCAP250,2019-03-29,ADD,ORIENTELEC,https://niftyindices.com/Press_Release/ind_prs25022019.pdf,press_release,UPSTREAM_EXPLICIT,closed by ind_prs28022024.pdf
NIFTYSMALLCAP250,2019-03-29,ADD,PCJEWELLER,https://niftyindices.com/Press_Release/ind_prs25022019.pdf,press_release,UPSTREAM_EXPLICIT,closed by ind_prs10062020.pdf
NIFTYSMALLCAP250,2019-03-29,REMOVE,RELAXO,https://niftyindices.com/Press_Release/ind_prs03112017.pdf,press_release,UPSTREAM_EXPLICIT,closed by ind_prs25022019.pdf
NIFTYSMALLCAP250,2019-03-29,REMOVE,SADBHIN,https://niftyindices.com/Press_Release/ind_prs21022018.pdf,press_release,UPSTREAM_EXPLICIT,closed by ind_prs25022019.pdf
NIFTYSMALLCAP250,2019-03-29,ADD,SHARDACROP,https://niftyindices.com/Press_Release/ind_prs25022019.pdf,press_release,UPSTREAM_EXPLICIT,closed by ind_prs28082019.pdf
NIFTYSMALLCAP250,2019-03-29,ADD,SUPRAJIT,https://niftyindices.com/Press_Release/ind_prs25022019.pdf,press_release,UPSTREAM_EXPLICIT,closed by ind_prs28022024.pdf
NIFTYSMALLCAP250,2019-03-29,ADD,TCNSBRANDS,https://niftyindices.com/Press_Release/ind_prs25022019.pdf,press_release,UPSTREAM_EXPLICIT,closed by ind_prs17082023.pdf
NIFTYSMALLCAP250,2019-03-29,ADD,TRITURBINE,https://niftyindices.com/Press_Release/ind_prs25022019.pdf,press_release,UPSTREAM_EXPLICIT,closed by ind_prs28082019.pdf
NIFTYSMALLCAP250,2019-03-29,ADD,TV18BRDCST,https://niftyindices.com/Press_Release/ind_prs25022019.pdf,press_release,UPSTREAM_EXPLICIT,closed by ind_prs10102024.pdf
NIFTYSMALLCAP250,2019-03-29,ADD,VAKRANGEE,https://niftyindices.com/Press_Release/ind_prs25022019.pdf,press_release,UPSTREAM_EXPLICIT,closed by ind_prs01092022.pdf
NIFTYSMALLCAP250,2019-03-29,ADD,VSTIND,https://niftyindices.com/Press_Release/ind_prs25022019.pdf,press_release,UPSTREAM_EXPLICIT,closed by ind_prs15092021.pdf
NIFTYSMALLCAP250,2019-04-15,REMOVE,EXCELCROP,https://niftyindices.com/Press_Release/ind_prs28082018.pdf,press_release,UPSTREAM_EXPLICIT,closed by ind_prs08042019.pdf
NIFTYSMALLCAP250,2019-04-15,ADD,SUNCLAYLTD,https://niftyindices.com/Press_Release/ind_prs08042019.pdf,press_release,UPSTREAM_EXPLICIT,closed by ind_prs10062020.pdf
NIFTYSMALLCAP250,2019-06-28,ADD,CHALET,https://niftyindices.com/Press_Release/ind_prs13062019.pdf,press_release,UPSTREAM_EXPLICIT,closed by ind_prs10062020.pdf
NIFTYSMALLCAP250,2019-06-28,REMOVE,MONSANTO,https://niftyindices.com/Press_Release/ind_prs28082018.pdf,press_release,UPSTREAM_EXPLICIT,closed by ind_prs13062019.pdf
NIFTYSMALLCAP250,2019-09-24,REMOVE,JETAIRWAYS,https://niftyindices.com/Press_Release/ind_prs16022017.pdf,press_release,UPSTREAM_EXPLICIT,closed by ind_prs17092019_1.pdf
NIFTYSMALLCAP250,2019-09-24,ADD,VAIBHAVGBL,https://niftyindices.com/Press_Release/ind_prs17092019_1.pdf,press_release,UPSTREAM_EXPLICIT,closed by ind_prs15092021.pdf
NIFTYSMALLCAP250,2019-09-27,REMOVE,AAVAS,https://niftyindices.com/Press_Release/ind_prs25022019.pdf,press_release,UPSTREAM_EXPLICIT,closed by ind_prs28082019.pdf
NIFTYSMALLCAP250,2019-09-27,ADD,AMBER,https://niftyindices.com/Press_Release/ind_prs28082019.pdf,press_release,UPSTREAM_EXPLICIT,
NIFTYSMALLCAP250,2019-09-27,ADD,ARVINDFASN,https://niftyindices.com/Press_Release/ind_prs28082019.pdf,press_release,UPSTREAM_EXPLICIT,closed by ind_prs07092020.pdf
NIFTYSMALLCAP250,2019-09-27,ADD,BSOFT,https://niftyindices.com/Press_Release/ind_prs28082019.pdf,press_release,UPSTREAM_EXPLICIT,
NIFTYSMALLCAP250,2019-09-27,REMOVE,CESC,https://niftyindices.com/Press_Release/ind_prs25022019.pdf,press_release,UPSTREAM_EXPLICIT,closed by ind_prs28082019.pdf
NIFTYSMALLCAP250,2019-09-27,ADD,CGCL,https://niftyindices.com/Press_Release/ind_prs28082019.pdf,press_release,UPSTREAM_EXPLICIT,closed by ind_prs24022022_1.pdf
NIFTYSMALLCAP250,2019-09-27,REMOVE,CORPBANK,https://niftyindices.com/Press_Release/ind_prs21012019.pdf,press_release,UPSTREAM_EXPLICIT,closed by ind_prs28082019.pdf
NIFTYSMALLCAP250,2019-09-27,ADD,DBL,https://niftyindices.com/Press_Release/ind_prs28082019.pdf,press_release,UPSTREAM_EXPLICIT,closed by ind_prs17022023_1.pdf
NIFTYSMALLCAP250,2019-09-27,ADD,DEN,https://niftyindices.com/Press_Release/ind_prs28082019.pdf,press_release,UPSTREAM_EXPLICIT,closed by ind_prs19122019.pdf
NIFTYSMALLCAP250,2019-09-27,ADD,DHFL,https://niftyindices.com/Press_Release/ind_prs28082019.pdf,press_release,UPSTREAM_EXPLICIT,closed by ind_prs10062020.pdf
NIFTYSMALLCAP250,2019-09-27,ADD,DISHTV,https://niftyindices.com/Press_Release/ind_prs28082019.pdf,press_release,UPSTREAM_EXPLICIT,closed by ind_prs15092021.pdf
NIFTYSMALLCAP250,2019-09-27,ADD,FINCABLES,https://niftyindices.com/Press_Release/ind_prs28082019.pdf,press_release,UPSTREAM_EXPLICIT,
NIFTYSMALLCAP250,2019-09-27,ADD,FMGOETZE,https://niftyindices.com/Press_Release/ind_prs28082019.pdf,press_release,UPSTREAM_EXPLICIT,closed by ind_prs10062020.pdf
NIFTYSMALLCAP250,2019-09-27,REMOVE,FORTIS,https://niftyindices.com/Press_Release/ind_prs14122018.pdf,press_release,UPSTREAM_EXPLICIT,closed by ind_prs28082019.pdf
NIFTYSMALLCAP250,2019-09-27,ADD,GARFIBRES,https://niftyindices.com/Press_Release/ind_prs28082019.pdf,press_release,UPSTREAM_EXPLICIT,closed by ind_prs17082023.pdf
NIFTYSMALLCAP250,2019-09-27,ADD,IIFL,https://niftyindices.com/Press_Release/ind_prs17092019.pdf,press_release,UPSTREAM_EXPLICIT,
NIFTYSMALLCAP250,2019-09-27,REMOVE,INOXWIND,https://niftyindices.com/Press_Release/ind_prs16022017.pdf,press_release,UPSTREAM_EXPLICIT,closed by ind_prs28082019.pdf
NIFTYSMALLCAP250,2019-09-27,REMOVE,IOB,https://niftyindices.com/Press_Release/ind_prs21022018.pdf,press_release,UPSTREAM_EXPLICIT,closed by ind_prs28082019.pdf
NIFTYSMALLCAP250,2019-09-27,ADD,JCHAC,https://niftyindices.com/Press_Release/ind_prs28082019.pdf,press_release,UPSTREAM_EXPLICIT,"inferred-exclude: not in NSE current snapshot, no PR found (closed at next semi-annual review)"
NIFTYSMALLCAP250,2019-09-27,ADD,JMFINANCIL,https://niftyindices.com/Press_Release/ind_prs28082019.pdf,press_release,UPSTREAM_EXPLICIT,closed by ind_prs20082020.pdf
NIFTYSMALLCAP250,2019-09-27,ADD,KPITTECH,https://niftyindices.com/Press_Release/ind_prs28082019.pdf,press_release,UPSTREAM_EXPLICIT,closed by ind_prs07092020.pdf
NIFTYSMALLCAP250,2019-09-27,ADD,MCX,https://niftyindices.com/Press_Release/ind_prs28082019.pdf,press_release,UPSTREAM_EXPLICIT,closed by ind_prs23022026.pdf
NIFTYSMALLCAP250,2019-09-27,ADD,METROPOLIS,https://niftyindices.com/Press_Release/ind_prs28082019.pdf,press_release,UPSTREAM_EXPLICIT,closed by ind_prs20082020.pdf
NIFTYSMALLCAP250,2019-09-27,ADD,ORIENTREF,https://niftyindices.com/Press_Release/ind_prs28082019.pdf,press_release,UPSTREAM_EXPLICIT,"inferred-exclude: not in NSE current snapshot, no PR found (closed at next semi-annual review)"
NIFTYSMALLCAP250,2019-09-27,ADD,POLYCAB,https://niftyindices.com/Press_Release/ind_prs28082019.pdf,press_release,UPSTREAM_EXPLICIT,closed by ind_prs16122019.pdf
NIFTYSMALLCAP250,2019-09-27,ADD,RATNAMANI,https://niftyindices.com/Press_Release/ind_prs28082019.pdf,press_release,UPSTREAM_EXPLICIT,closed by ind_prs21022025.pdf
NIFTYSMALLCAP250,2019-09-27,REMOVE,RCOM,https://niftyindices.com/Press_Release/ind_prs21022018.pdf,press_release,UPSTREAM_EXPLICIT,closed by ind_prs28082019.pdf
NIFTYSMALLCAP250,2019-09-27,ADD,RELCAPITAL,https://niftyindices.com/Press_Release/ind_prs28082019.pdf,press_release,UPSTREAM_EXPLICIT,closed by ind_prs10062020.pdf
NIFTYSMALLCAP250,2019-09-27,ADD,RELINFRA,https://niftyindices.com/Press_Release/ind_prs28082019.pdf,press_release,UPSTREAM_EXPLICIT,closed by ind_prs10062020.pdf
NIFTYSMALLCAP250,2019-09-27,REMOVE,RHFL,https://niftyindices.com/Press_Release/ind_prs21022018.pdf,press_release,UPSTREAM_EXPLICIT,closed by ind_prs28082019.pdf
NIFTYSMALLCAP250,2019-09-27,ADD,RPOWER,https://niftyindices.com/Press_Release/ind_prs28082019.pdf,press_release,UPSTREAM_EXPLICIT,closed by ind_prs10062020.pdf
NIFTYSMALLCAP250,2019-09-27,REMOVE,RUPA,https://niftyindices.com/Press_Release/ind_prs28082017.pdf,press_release,UPSTREAM_EXPLICIT,closed by ind_prs28082019.pdf
NIFTYSMALLCAP250,2019-09-27,ADD,RVNL,https://niftyindices.com/Press_Release/ind_prs28082019.pdf,press_release,UPSTREAM_EXPLICIT,closed by ind_prs17082023.pdf
NIFTYSMALLCAP250,2019-09-27,REMOVE,SHANKARA,https://niftyindices.com/Press_Release/ind_prs21022018.pdf,press_release,UPSTREAM_EXPLICIT,closed by ind_prs28082019.pdf
NIFTYSMALLCAP250,2019-09-27,REMOVE,SHARDACROP,https://niftyindices.com/Press_Release/ind_prs25022019.pdf,press_release,UPSTREAM_EXPLICIT,closed by ind_prs28082019.pdf
NIFTYSMALLCAP250,2019-09-27,ADD,SPARC,https://niftyindices.com/Press_Release/ind_prs28082019.pdf,press_release,UPSTREAM_EXPLICIT,closed by ind_prs21022025.pdf
NIFTYSMALLCAP250,2019-09-27,REMOVE,SPTL,https://niftyindices.com/Press_Release/ind_prs21022018.pdf,press_release,UPSTREAM_EXPLICIT,closed by ind_prs28082019.pdf
NIFTYSMALLCAP250,2019-09-27,ADD,TCIEXP,https://niftyindices.com/Press_Release/ind_prs28082019.pdf,press_release,UPSTREAM_EXPLICIT,closed by ind_prs17082023.pdf
NIFTYSMALLCAP250,2019-09-27,ADD,TECHNOE,https://niftyindices.com/Press_Release/ind_prs28082019.pdf,press_release,UPSTREAM_EXPLICIT,closed by ind_prs10062020.pdf
NIFTYSMALLCAP250,2019-09-27,REMOVE,TRITURBINE,https://niftyindices.com/Press_Release/ind_prs25022019.pdf,press_release,UPSTREAM_EXPLICIT,closed by ind_prs28082019.pdf
NIFTYSMALLCAP250,2019-09-27,REMOVE,TTKPRESTIG,https://niftyindices.com/Press_Release/ind_prs28082018.pdf,press_release,UPSTREAM_EXPLICIT,closed by ind_prs17092019.pdf
NIFTYSMALLCAP250,2019-09-30,REMOVE,JCHAC,https://niftyindices.com/Press_Release/ind_prs28082019.pdf,press_release,UPSTREAM_EXPLICIT,"inferred-exclude: not in NSE current snapshot, no PR found (closed at next semi-annual review)"
NIFTYSMALLCAP250,2019-09-30,REMOVE,ORIENTREF,https://niftyindices.com/Press_Release/ind_prs28082019.pdf,press_release,UPSTREAM_EXPLICIT,"inferred-exclude: not in NSE current snapshot, no PR found (closed at next semi-annual review)"
NIFTYSMALLCAP250,2019-12-26,ADD,AFFLE,https://niftyindices.com/Press_Release/ind_prs18122019.pdf,press_release,UPSTREAM_EXPLICIT,closed by ind_prs15092021.pdf
NIFTYSMALLCAP250,2019-12-26,REMOVE,COX&KINGS,https://niftyindices.com/Press_Release/ind_prs25022019.pdf,press_release,UPSTREAM_EXPLICIT,closed by ind_prs18122019.pdf
NIFTYSMALLCAP250,2019-12-26,ADD,MIDHANI,https://niftyindices.com/Press_Release/ind_prs18122019.pdf,press_release,UPSTREAM_EXPLICIT,closed by ind_prs24022022_1.pdf
NIFTYSMALLCAP250,2019-12-26,ADD,RESPONIND,https://niftyindices.com/Press_Release/ind_prs18122019.pdf,press_release,UPSTREAM_EXPLICIT,closed by ind_prs10062020.pdf
NIFTYSMALLCAP250,2019-12-27,ADD,ASAHIINDIA,https://niftyindices.com/Press_Release/ind_prs16122019.pdf,press_release,UPSTREAM_EXPLICIT,closed by ind_prs07092020.pdf
NIFTYSMALLCAP250,2019-12-27,REMOVE,DEN,https://niftyindices.com/Press_Release/ind_prs28082019.pdf,press_release,UPSTREAM_EXPLICIT,closed by ind_prs19122019.pdf
NIFTYSMALLCAP250,2019-12-27,ADD,INDIAMART,https://niftyindices.com/Press_Release/ind_prs16122019.pdf,press_release,UPSTREAM_EXPLICIT,closed by ind_prs23022021.pdf
NIFTYSMALLCAP250,2019-12-27,ADD,KENNAMET,https://niftyindices.com/Press_Release/ind_prs19122019.pdf,press_release,UPSTREAM_EXPLICIT,closed by ind_prs10062020.pdf
NIFTYSMALLCAP250,2019-12-27,REMOVE,LALPATHLAB,https://niftyindices.com/Press_Release/ind_prs21022018.pdf,press_release,UPSTREAM_EXPLICIT,closed by ind_prs16122019.pdf
NIFTYSMALLCAP250,2019-12-27,REMOVE,MAXINDIA,https://niftyindices.com/Press_Release/ind_prs16022017.pdf,press_release,UPSTREAM_EXPLICIT,closed by ind_prs16122019.pdf
NIFTYSMALLCAP250,2019-12-27,REMOVE,POLYCAB,https://niftyindices.com/Press_Release/ind_prs28082019.pdf,press_release,UPSTREAM_EXPLICIT,closed by ind_prs16122019.pdf
NIFTYSMALLCAP250,2019-12-27,REMOVE,SCHAEFFLER,https://niftyindices.com/Press_Release/ind_prs28082018.pdf,press_release,UPSTREAM_EXPLICIT,closed by ind_prs16122019.pdf
NIFTYSMALLCAP250,2019-12-27,ADD,SPANDANA,https://niftyindices.com/Press_Release/ind_prs16122019.pdf,press_release,UPSTREAM_EXPLICIT,closed by ind_prs07092020.pdf
NIFTYSMALLCAP250,2019-12-27,ADD,SPICEJET,https://niftyindices.com/Press_Release/ind_prs16122019.pdf,press_release,UPSTREAM_EXPLICIT,closed by ind_prs01092022.pdf
NIFTYSMALLCAP250,2019-12-27,REMOVE,SYNDIBANK,https://niftyindices.com/Press_Release/ind_prs21022018.pdf,press_release,UPSTREAM_EXPLICIT,closed by ind_prs16122019.pdf
NIFTYSMALLCAP250,2019-12-27,ADD,TASTYBITE,https://niftyindices.com/Press_Release/ind_prs19122019.pdf,press_release,UPSTREAM_EXPLICIT,closed by ind_prs24022022_1.pdf
NIFTYSMALLCAP250,2019-12-27,ADD,TRITURBINE,https://niftyindices.com/Press_Release/ind_prs16122019.pdf,press_release,UPSTREAM_EXPLICIT,closed by ind_prs10062020.pdf
NIFTYSMALLCAP250,2019-12-27,ADD,WESTLIFE,https://niftyindices.com/Press_Release/ind_prs16122019.pdf,press_release,UPSTREAM_EXPLICIT,closed by ind_prs22082025.pdf
NIFTYSMALLCAP250,2020-01-16,ADD,TATASTLBSL,https://niftyindices.com/Press_Release/ind_prs09012020.pdf,press_release,UPSTREAM_EXPLICIT,closed by ind_prs22042021.pdf
NIFTYSMALLCAP250,2020-03-27,REMOVE,ADANIGREEN,https://niftyindices.com/Press_Release/ind_prs14122018.pdf,press_release,UPSTREAM_EXPLICIT,closed by ind_prs18022020.pdf
NIFTYSMALLCAP250,2020-03-27,ADD,FSC,https://niftyindices.com/Press_Release/ind_prs18022020.pdf,press_release,UPSTREAM_EXPLICIT,"inferred-exclude: not in NSE current snapshot, no PR found (closed at next semi-annual review)"
NIFTYSMALLCAP250,2020-03-27,ADD,SWSOLAR,https://niftyindices.com/Press_Release/ind_prs18022020.pdf,press_release,UPSTREAM_EXPLICIT,closed by ind_prs22082025.pdf
NIFTYSMALLCAP250,2020-03-31,REMOVE,FSC,https://niftyindices.com/Press_Release/ind_prs18022020.pdf,press_release,UPSTREAM_EXPLICIT,"inferred-exclude: not in NSE current snapshot, no PR found (closed at next semi-annual review)"
NIFTYSMALLCAP250,2020-06-26,REMOVE,AKZOINDIA,https://niftyindices.com/Press_Release/ind_prs28082018.pdf,press_release,UPSTREAM_EXPLICIT,closed by ind_prs10062020.pdf
NIFTYSMALLCAP250,2020-06-26,ADD,ALKYLAMINE,https://niftyindices.com/Press_Release/ind_prs10062020.pdf,press_release,UPSTREAM_EXPLICIT,closed by ind_prs15092021.pdf
NIFTYSMALLCAP250,2020-06-26,ADD,BHARATRAS,https://niftyindices.com/Press_Release/ind_prs10062020.pdf,press_release,UPSTREAM_EXPLICIT,closed by ind_prs24022022_1.pdf
NIFTYSMALLCAP250,2020-06-26,ADD,CENTURYTEX,https://niftyindices.com/Press_Release/ind_prs10062020.pdf,press_release,UPSTREAM_EXPLICIT,"inferred-exclude: not in NSE current snapshot, no PR found (closed at next semi-annual review)"
NIFTYSMALLCAP250,2020-06-26,REMOVE,CHALET,https://niftyindices.com/Press_Release/ind_prs13062019.pdf,press_release,UPSTREAM_EXPLICIT,closed by ind_prs10062020.pdf
NIFTYSMALLCAP250,2020-06-26,REMOVE,CREDITACC,https://niftyindices.com/Press_Release/ind_prs21012019.pdf,press_release,UPSTREAM_EXPLICIT,closed by ind_prs10062020.pdf
NIFTYSMALLCAP250,2020-06-26,ADD,CSBBANK,https://niftyindices.com/Press_Release/ind_prs10062020.pdf,press_release,UPSTREAM_EXPLICIT,closed by ind_prs23082024.pdf
NIFTYSMALLCAP250,2020-06-26,ADD,DHANUKA,https://niftyindices.com/Press_Release/ind_prs10062020.pdf,press_release,UPSTREAM_EXPLICIT,closed by ind_prs24022022_1.pdf
NIFTYSMALLCAP250,2020-06-26,REMOVE,DHFL,https://niftyindices.com/Press_Release/ind_prs28082019.pdf,press_release,UPSTREAM_EXPLICIT,closed by ind_prs10062020.pdf
NIFTYSMALLCAP250,2020-06-26,ADD,ENGINERSIN,https://niftyindices.com/Press_Release/ind_prs10062020.pdf,press_release,UPSTREAM_EXPLICIT,
NIFTYSMALLCAP250,2020-06-26,ADD,ESABINDIA,https://niftyindices.com/Press_Release/ind_prs10062020.pdf,press_release,UPSTREAM_EXPLICIT,closed by ind_prs23022021.pdf
NIFTYSMALLCAP250,2020-06-26,ADD,FCONSUMER,https://niftyindices.com/Press_Release/ind_prs10062020.pdf,press_release,UPSTREAM_EXPLICIT,closed by ind_prs15092021.pdf
NIFTYSMALLCAP250,2020-06-26,REMOVE,FLFL,https://niftyindices.com/Press_Release/ind_prs28082017.pdf,press_release,UPSTREAM_EXPLICIT,closed by ind_prs10062020.pdf
NIFTYSMALLCAP250,2020-06-26,ADD,FLUOROCHEM,https://niftyindices.com/Press_Release/ind_prs10062020.pdf,press_release,UPSTREAM_EXPLICIT,closed by ind_prs24022022_1.pdf
NIFTYSMALLCAP250,2020-06-26,REMOVE,FMGOETZE,https://niftyindices.com/Press_Release/ind_prs28082019.pdf,press_release,UPSTREAM_EXPLICIT,closed by ind_prs10062020.pdf
NIFTYSMALLCAP250,2020-06-26,REMOVE,GAYAPROJ,https://niftyindices.com/Press_Release/ind_prs28082018.pdf,press_release,UPSTREAM_EXPLICIT,closed by ind_prs10062020.pdf
NIFTYSMALLCAP250,2020-06-26,ADD,GMMPFAUDLR,https://niftyindices.com/Press_Release/ind_prs10062020.pdf,press_release,UPSTREAM_EXPLICIT,closed by ind_prs23082024.pdf
NIFTYSMALLCAP250,2020-06-26,ADD,GRAPHITE,https://niftyindices.com/Press_Release/ind_prs10062020.pdf,press_release,UPSTREAM_EXPLICIT,
NIFTYSMALLCAP250,2020-06-26,ADD,GRSE,https://niftyindices.com/Press_Release/ind_prs10062020.pdf,press_release,UPSTREAM_EXPLICIT,closed by ind_prs15092021.pdf
NIFTYSMALLCAP250,2020-06-26,ADD,HATHWAY,https://niftyindices.com/Press_Release/ind_prs10062020.pdf,press_release,UPSTREAM_EXPLICIT,closed by ind_prs23022021.pdf
NIFTYSMALLCAP250,2020-06-26,ADD,HEG,https://niftyindices.com/Press_Release/ind_prs10062020.pdf,press_release,UPSTREAM_EXPLICIT,
NIFTYSMALLCAP250,2020-06-26,REMOVE,IBULISL,https://niftyindices.com/Press_Release/ind_prs25022019.pdf,press_release,UPSTREAM_EXPLICIT,closed by ind_prs10062020.pdf
NIFTYSMALLCAP250,2020-06-26,ADD,INDIANB,https://niftyindices.com/Press_Release/ind_prs10062020.pdf,press_release,UPSTREAM_EXPLICIT,closed by ind_prs15092021.pdf
NIFTYSMALLCAP250,2020-06-26,ADD,INDOCO,https://niftyindices.com/Press_Release/ind_prs10062020.pdf,press_release,UPSTREAM_EXPLICIT,closed by ind_prs17022023_1.pdf
NIFTYSMALLCAP250,2020-06-26,ADD,INGERRAND,https://niftyindices.com/Press_Release/ind_prs10062020.pdf,press_release,UPSTREAM_EXPLICIT,closed by ind_prs24022022_1.pdf
NIFTYSMALLCAP250,2020-06-26,REMOVE,KENNAMET,https://niftyindices.com/Press_Release/ind_prs19122019.pdf,press_release,UPSTREAM_EXPLICIT,closed by ind_prs10062020.pdf
NIFTYSMALLCAP250,2020-06-26,REMOVE,KIRLOSENG,https://niftyindices.com/Press_Release/ind_prs25022019.pdf,press_release,UPSTREAM_EXPLICIT,closed by ind_prs10062020.pdf
NIFTYSMALLCAP250,2020-06-26,ADD,KRBL,https://niftyindices.com/Press_Release/ind_prs10062020.pdf,press_release,UPSTREAM_EXPLICIT,closed by ind_prs23082024.pdf
NIFTYSMALLCAP250,2020-06-26,ADD,KSB,https://niftyindices.com/Press_Release/ind_prs10062020.pdf,press_release,UPSTREAM_EXPLICIT,closed by ind_prs24022022_1.pdf
NIFTYSMALLCAP250,2020-06-26,ADD,LAOPALA,https://niftyindices.com/Press_Release/ind_prs10062020.pdf,press_release,UPSTREAM_EXPLICIT,closed by ind_prs24022022_1.pdf
NIFTYSMALLCAP250,2020-06-26,ADD,MAHINDCIE,https://niftyindices.com/Press_Release/ind_prs10062020.pdf,press_release,UPSTREAM_EXPLICIT,closed by ind_prs20082020.pdf
NIFTYSMALLCAP250,2020-06-26,ADD,NBCC,https://niftyindices.com/Press_Release/ind_prs10062020.pdf,press_release,UPSTREAM_EXPLICIT,
NIFTYSMALLCAP250,2020-06-26,REMOVE,NETWORK18,https://niftyindices.com/Press_Release/ind_prs16022017.pdf,press_release,UPSTREAM_EXPLICIT,closed by ind_prs10062020.pdf
NIFTYSMALLCAP250,2020-06-26,REMOVE,PARAGMILK,https://niftyindices.com/Press_Release/ind_prs16022017.pdf,press_release,UPSTREAM_EXPLICIT,closed by ind_prs10062020.pdf
NIFTYSMALLCAP250,2020-06-26,REMOVE,PCJEWELLER,https://niftyindices.com/Press_Release/ind_prs25022019.pdf,press_release,UPSTREAM_EXPLICIT,closed by ind_prs10062020.pdf
NIFTYSMALLCAP250,2020-06-26,ADD,POLYMED,https://niftyindices.com/Press_Release/ind_prs10062020.pdf,press_release,UPSTREAM_EXPLICIT,
NIFTYSMALLCAP250,2020-06-26,REMOVE,RELCAPITAL,https://niftyindices.com/Press_Release/ind_prs28082019.pdf,press_release,UPSTREAM_EXPLICIT,closed by ind_prs10062020.pdf
NIFTYSMALLCAP250,2020-06-26,REMOVE,RELINFRA,https://niftyindices.com/Press_Release/ind_prs28082019.pdf,press_release,UPSTREAM_EXPLICIT,closed by ind_prs10062020.pdf
NIFTYSMALLCAP250,2020-06-26,REMOVE,RESPONIND,https://niftyindices.com/Press_Release/ind_prs18122019.pdf,press_release,UPSTREAM_EXPLICIT,closed by ind_prs10062020.pdf
NIFTYSMALLCAP250,2020-06-26,REMOVE,RPOWER,https://niftyindices.com/Press_Release/ind_prs28082019.pdf,press_release,UPSTREAM_EXPLICIT,closed by ind_prs10062020.pdf
NIFTYSMALLCAP250,2020-06-26,ADD,SCHNEIDER,https://niftyindices.com/Press_Release/ind_prs10062020.pdf,press_release,UPSTREAM_EXPLICIT,closed by ind_prs24022022_1.pdf
NIFTYSMALLCAP250,2020-06-26,ADD,SCI,https://niftyindices.com/Press_Release/ind_prs10062020.pdf,press_release,UPSTREAM_EXPLICIT,closed by ind_prs06122022.pdf
NIFTYSMALLCAP250,2020-06-26,ADD,SEQUENT,https://niftyindices.com/Press_Release/ind_prs10062020.pdf,press_release,UPSTREAM_EXPLICIT,closed by ind_prs01092022.pdf
NIFTYSMALLCAP250,2020-06-26,REMOVE,SHILPAMED,https://niftyindices.com/Press_Release/ind_prs31082018.pdf,press_release,UPSTREAM_EXPLICIT,closed by ind_prs10062020.pdf
NIFTYSMALLCAP250,2020-06-26,REMOVE,SHK,https://niftyindices.com/Press_Release/ind_prs22042016.pdf,press_release,UPSTREAM_EXPLICIT,closed by ind_prs10062020.pdf
NIFTYSMALLCAP250,2020-06-26,ADD,STRTECH,https://niftyindices.com/Press_Release/ind_prs10062020.pdf,press_release,UPSTREAM_EXPLICIT,"inferred-exclude: not in NSE current snapshot, no PR found (closed at next semi-annual review)"
NIFTYSMALLCAP250,2020-06-26,REMOVE,SUNCLAYLTD,https://niftyindices.com/Press_Release/ind_prs08042019.pdf,press_release,UPSTREAM_EXPLICIT,closed by ind_prs10062020.pdf
NIFTYSMALLCAP250,2020-06-26,REMOVE,TECHNOE,https://niftyindices.com/Press_Release/ind_prs28082019.pdf,press_release,UPSTREAM_EXPLICIT,closed by ind_prs10062020.pdf
NIFTYSMALLCAP250,2020-06-26,REMOVE,TRITURBINE,https://niftyindices.com/Press_Release/ind_prs16122019.pdf,press_release,UPSTREAM_EXPLICIT,closed by ind_prs10062020.pdf
NIFTYSMALLCAP250,2020-06-26,ADD,UJJIVANSFB,https://niftyindices.com/Press_Release/ind_prs10062020.pdf,press_release,UPSTREAM_EXPLICIT,closed by ind_prs24022022_1.pdf
NIFTYSMALLCAP250,2020-06-26,REMOVE,UNOMINDA,https://niftyindices.com/Press_Release/ind_prs16022017.pdf,press_release,UPSTREAM_EXPLICIT,closed by ind_prs10062020.pdf
NIFTYSMALLCAP250,2020-06-26,ADD,VARROC,https://niftyindices.com/Press_Release/ind_prs10062020.pdf,press_release,UPSTREAM_EXPLICIT,closed by ind_prs21022025.pdf
NIFTYSMALLCAP250,2020-06-26,ADD,VESUVIUS,https://niftyindices.com/Press_Release/ind_prs10062020.pdf,press_release,UPSTREAM_EXPLICIT,closed by ind_prs20082020.pdf
NIFTYSMALLCAP250,2020-09-14,REMOVE,ARVINDFASN,https://niftyindices.com/Press_Release/ind_prs28082019.pdf,press_release,UPSTREAM_EXPLICIT,closed by ind_prs07092020.pdf
NIFTYSMALLCAP250,2020-09-14,REMOVE,ASAHIINDIA,https://niftyindices.com/Press_Release/ind_prs16122019.pdf,press_release,UPSTREAM_EXPLICIT,closed by ind_prs07092020.pdf
NIFTYSMALLCAP250,2020-09-14,ADD,JTEKTINDIA,https://niftyindices.com/Press_Release/ind_prs07092020.pdf,press_release,UPSTREAM_EXPLICIT,closed by ind_prs15092021.pdf
NIFTYSMALLCAP250,2020-09-14,REMOVE,KPITTECH,https://niftyindices.com/Press_Release/ind_prs28082019.pdf,press_release,UPSTREAM_EXPLICIT,closed by ind_prs07092020.pdf
NIFTYSMALLCAP250,2020-09-14,ADD,NOCIL,https://niftyindices.com/Press_Release/ind_prs07092020.pdf,press_release,UPSTREAM_EXPLICIT,closed by ind_prs17082023.pdf
NIFTYSMALLCAP250,2020-09-14,ADD,PSPPROJECT,https://niftyindices.com/Press_Release/ind_prs07092020.pdf,press_release,UPSTREAM_EXPLICIT,closed by ind_prs23022021.pdf
NIFTYSMALLCAP250,2020-09-14,REMOVE,SPANDANA,https://niftyindices.com/Press_Release/ind_prs16122019.pdf,press_release,UPSTREAM_EXPLICIT,closed by ind_prs07092020.pdf
NIFTYSMALLCAP250,2020-09-14,ADD,SWARAJENG,https://niftyindices.com/Press_Release/ind_prs07092020.pdf,press_release,UPSTREAM_EXPLICIT,closed by ind_prs23022021.pdf
NIFTYSMALLCAP250,2020-09-14,ADD,TATACOFFEE,https://niftyindices.com/Press_Release/ind_prs07092020.pdf,press_release,UPSTREAM_EXPLICIT,"inferred-exclude: not in NSE current snapshot, no PR found (closed at next semi-annual review)"
NIFTYSMALLCAP250,2020-09-25,ADD,AARTIDRUGS,https://niftyindices.com/Press_Release/ind_prs20082020.pdf,press_release,UPSTREAM_EXPLICIT,closed by ind_prs28022024.pdf
NIFTYSMALLCAP250,2020-09-25,ADD,ALEMBICLTD,https://niftyindices.com/Press_Release/ind_prs20082020.pdf,press_release,UPSTREAM_EXPLICIT,closed by ind_prs24022022_1.pdf
NIFTYSMALLCAP250,2020-09-25,ADD,ALOKINDS,https://niftyindices.com/Press_Release/ind_prs20082020.pdf,press_release,UPSTREAM_EXPLICIT,closed by ind_prs17022023_1.pdf
NIFTYSMALLCAP250,2020-09-25,REMOVE,ASTRAZEN,https://niftyindices.com/Press_Release/ind_prs25022019.pdf,press_release,UPSTREAM_EXPLICIT,closed by ind_prs20082020.pdf
NIFTYSMALLCAP250,2020-09-25,ADD,BLUEDART,https://niftyindices.com/Press_Release/ind_prs20082020.pdf,press_release,UPSTREAM_EXPLICIT,closed by ind_prs15092021.pdf
NIFTYSMALLCAP250,2020-09-25,ADD,CENTRALBK,https://niftyindices.com/Press_Release/ind_prs20082020.pdf,press_release,UPSTREAM_EXPLICIT,closed by ind_prs23082024.pdf
NIFTYSMALLCAP250,2020-09-25,ADD,CHALET,https://niftyindices.com/Press_Release/ind_prs20082020.pdf,press_release,UPSTREAM_EXPLICIT,
NIFTYSMALLCAP250,2020-09-25,ADD,EIHOTEL,https://niftyindices.com/Press_Release/ind_prs20082020.pdf,press_release,UPSTREAM_EXPLICIT,
NIFTYSMALLCAP250,2020-09-25,ADD,GAEL,https://niftyindices.com/Press_Release/ind_prs20082020.pdf,press_release,UPSTREAM_EXPLICIT,closed by ind_prs21022025.pdf
NIFTYSMALLCAP250,2020-09-25,REMOVE,GET&D,https://niftyindices.com/Press_Release/ind_prs25022019.pdf,press_release,UPSTREAM_EXPLICIT,closed by ind_prs20082020.pdf
NIFTYSMALLCAP250,2020-09-25,ADD,IDBI,https://niftyindices.com/Press_Release/ind_prs20082020.pdf,press_release,UPSTREAM_EXPLICIT,closed by ind_prs23022021.pdf
NIFTYSMALLCAP250,2020-09-25,REMOVE,INDOSTAR,https://niftyindices.com/Press_Release/ind_prs25022019.pdf,press_release,UPSTREAM_EXPLICIT,closed by ind_prs20082020.pdf
NIFTYSMALLCAP250,2020-09-25,ADD,IOB,https://niftyindices.com/Press_Release/ind_prs20082020.pdf,press_release,UPSTREAM_EXPLICIT,closed by ind_prs23082024.pdf
NIFTYSMALLCAP250,2020-09-25,ADD,IOLCP,https://niftyindices.com/Press_Release/ind_prs20082020.pdf,press_release,UPSTREAM_EXPLICIT,closed by ind_prs24022022_1.pdf
NIFTYSMALLCAP250,2020-09-25,REMOVE,ITDC,https://niftyindices.com/Press_Release/ind_prs28082017.pdf,press_release,UPSTREAM_EXPLICIT,closed by ind_prs20082020.pdf
NIFTYSMALLCAP250,2020-09-25,REMOVE,ITI,https://niftyindices.com/Press_Release/ind_prs28082017.pdf,press_release,UPSTREAM_EXPLICIT,closed by ind_prs20082020.pdf
NIFTYSMALLCAP250,2020-09-25,REMOVE,JMFINANCIL,https://niftyindices.com/Press_Release/ind_prs28082019.pdf,press_release,UPSTREAM_EXPLICIT,closed by ind_prs20082020.pdf
NIFTYSMALLCAP250,2020-09-25,REMOVE,MAHINDCIE,https://niftyindices.com/Press_Release/ind_prs10062020.pdf,press_release,UPSTREAM_EXPLICIT,closed by ind_prs20082020.pdf
NIFTYSMALLCAP250,2020-09-25,REMOVE,METROPOLIS,https://niftyindices.com/Press_Release/ind_prs28082019.pdf,press_release,UPSTREAM_EXPLICIT,closed by ind_prs20082020.pdf
NIFTYSMALLCAP250,2020-09-25,ADD,NAVNETEDUL,https://niftyindices.com/Press_Release/ind_prs20082020.pdf,press_release,UPSTREAM_EXPLICIT,closed by ind_prs23022021.pdf
NIFTYSMALLCAP250,2020-09-25,REMOVE,NBVENTURES,https://niftyindices.com/Press_Release/ind_prs16022017.pdf,press_release,UPSTREAM_EXPLICIT,closed by ind_prs20082020.pdf
NIFTYSMALLCAP250,2020-09-25,ADD,PAPERPROD,https://niftyindices.com/Press_Release/ind_prs20082020.pdf,press_release,UPSTREAM_EXPLICIT,"inferred-exclude: not in NSE current snapshot, no PR found (closed at next semi-annual review)"
NIFTYSMALLCAP250,2020-09-25,ADD,PNBHOUSING,https://niftyindices.com/Press_Release/ind_prs20082020.pdf,press_release,UPSTREAM_EXPLICIT,
NIFTYSMALLCAP250,2020-09-25,ADD,POLYPLEX,https://niftyindices.com/Press_Release/ind_prs20082020.pdf,press_release,UPSTREAM_EXPLICIT,closed by ind_prs28022024.pdf
NIFTYSMALLCAP250,2020-09-25,ADD,POWERINDIA,https://niftyindices.com/Press_Release/ind_prs20082020.pdf,press_release,UPSTREAM_EXPLICIT,closed by ind_prs23082024.pdf
NIFTYSMALLCAP250,2020-09-25,ADD,QUESS,https://niftyindices.com/Press_Release/ind_prs20082020.pdf,press_release,UPSTREAM_EXPLICIT,closed by ind_prs04042025_2.pdf
NIFTYSMALLCAP250,2020-09-25,REMOVE,SADBHAV,https://niftyindices.com/Press_Release/ind_prs16022017.pdf,press_release,UPSTREAM_EXPLICIT,closed by ind_prs20082020.pdf
NIFTYSMALLCAP250,2020-09-25,REMOVE,SFL,https://niftyindices.com/Press_Release/ind_prs14122018.pdf,press_release,UPSTREAM_EXPLICIT,closed by ind_prs20082020.pdf
NIFTYSMALLCAP250,2020-09-25,ADD,SHILPAMED,https://niftyindices.com/Press_Release/ind_prs20082020.pdf,press_release,UPSTREAM_EXPLICIT,closed by ind_prs17022023_1.pdf
NIFTYSMALLCAP250,2020-09-25,ADD,SOLARA,https://niftyindices.com/Press_Release/ind_prs20082020.pdf,press_release,UPSTREAM_EXPLICIT,closed by ind_prs01092022.pdf
NIFTYSMALLCAP250,2020-09-25,ADD,SUPPETRO,https://niftyindices.com/Press_Release/ind_prs20082020.pdf,press_release,UPSTREAM_EXPLICIT,closed by ind_prs06042022.pdf
NIFTYSMALLCAP250,2020-09-25,ADD,SUVENPHAR,https://niftyindices.com/Press_Release/ind_prs20082020.pdf,press_release,UPSTREAM_EXPLICIT,closed by ind_prs23022021.pdf
NIFTYSMALLCAP250,2020-09-25,REMOVE,TIINDIA,https://niftyindices.com/Press_Release/ind_prs24052018.pdf,press_release,UPSTREAM_EXPLICIT,closed by ind_prs20082020.pdf
NIFTYSMALLCAP250,2020-09-25,REMOVE,TIMETECHNO,https://niftyindices.com/Press_Release/ind_prs28082017.pdf,press_release,UPSTREAM_EXPLICIT,closed by ind_prs20082020.pdf
NIFTYSMALLCAP250,2020-09-25,ADD,UCOBANK,https://niftyindices.com/Press_Release/ind_prs20082020.pdf,press_release,UPSTREAM_EXPLICIT,closed by ind_prs01092022.pdf
NIFTYSMALLCAP250,2020-09-25,REMOVE,VESUVIUS,https://niftyindices.com/Press_Release/ind_prs10062020.pdf,press_release,UPSTREAM_EXPLICIT,closed by ind_prs20082020.pdf
NIFTYSMALLCAP250,2020-09-25,REMOVE,ZYDUSWELL,https://niftyindices.com/Press_Release/ind_prs28082018.pdf,press_release,UPSTREAM_EXPLICIT,closed by ind_prs20082020.pdf
NIFTYSMALLCAP250,2020-09-30,REMOVE,CENTURYTEX,https://niftyindices.com/Press_Release/ind_prs10062020.pdf,press_release,UPSTREAM_EXPLICIT,"inferred-exclude: not in NSE current snapshot, no PR found (closed at next semi-annual review)"
NIFTYSMALLCAP250,2020-09-30,REMOVE,PAPERPROD,https://niftyindices.com/Press_Release/ind_prs20082020.pdf,press_release,UPSTREAM_EXPLICIT,"inferred-exclude: not in NSE current snapshot, no PR found (closed at next semi-annual review)"
NIFTYSMALLCAP250,2020-09-30,REMOVE,STRTECH,https://niftyindices.com/Press_Release/ind_prs10062020.pdf,press_release,UPSTREAM_EXPLICIT,"inferred-exclude: not in NSE current snapshot, no PR found (closed at next semi-annual review)"
NIFTYSMALLCAP250,2020-09-30,REMOVE,TATACOFFEE,https://niftyindices.com/Press_Release/ind_prs07092020.pdf,press_release,UPSTREAM_EXPLICIT,"inferred-exclude: not in NSE current snapshot, no PR found (closed at next semi-annual review)"
NIFTYSMALLCAP250,2020-11-02,ADD,NETWORK18,https://niftyindices.com/Press_Release/ind_prs26102020.pdf,press_release,UPSTREAM_EXPLICIT,closed by ind_prs22082025.pdf
NIFTYSMALLCAP250,2020-11-25,ADD,MAHINDCIE,https://niftyindices.com/Press_Release/ind_prs18112020.pdf,press_release,UPSTREAM_EXPLICIT,"inferred-exclude: not in NSE current snapshot, no PR found (closed at next semi-annual review)"
NIFTYSMALLCAP250,2021-03-31,ADD,ANGELBRKG,https://niftyindices.com/Press_Release/ind_prs23022021.pdf,press_release,UPSTREAM_EXPLICIT,"inferred-exclude: not in NSE current snapshot, no PR found (closed at next semi-annual review)"
NIFTYSMALLCAP250,2021-03-31,ADD,ASAHIINDIA,https://niftyindices.com/Press_Release/ind_prs23022021.pdf,press_release,UPSTREAM_EXPLICIT,
NIFTYSMALLCAP250,2021-03-31,ADD,BALAMINES,https://niftyindices.com/Press_Release/ind_prs23022021.pdf,press_release,UPSTREAM_EXPLICIT,closed by ind_prs21022025.pdf
NIFTYSMALLCAP250,2021-03-31,ADD,CAMS,https://niftyindices.com/Press_Release/ind_prs23022021.pdf,press_release,UPSTREAM_EXPLICIT,
NIFTYSMALLCAP250,2021-03-31,REMOVE,DBCORP,https://niftyindices.com/Press_Release/ind_prs21022018.pdf,press_release,UPSTREAM_EXPLICIT,closed by ind_prs23022021.pdf
NIFTYSMALLCAP250,2021-03-31,REMOVE,DEEPAKNTR,https://niftyindices.com/Press_Release/ind_prs25022019.pdf,press_release,UPSTREAM_EXPLICIT,closed by ind_prs23022021.pdf
NIFTYSMALLCAP250,2021-03-31,REMOVE,DIXON,https://niftyindices.com/Press_Release/ind_prs21022018.pdf,press_release,UPSTREAM_EXPLICIT,closed by ind_prs23022021.pdf
NIFTYSMALLCAP250,2021-03-31,ADD,EDELWEISS,https://niftyindices.com/Press_Release/ind_prs23022021.pdf,press_release,UPSTREAM_EXPLICIT,closed by ind_prs19042023_1.pdf
NIFTYSMALLCAP250,2021-03-31,ADD,ERIS,https://niftyindices.com/Press_Release/ind_prs23022021.pdf,press_release,UPSTREAM_EXPLICIT,closed by ind_prs01092022.pdf
NIFTYSMALLCAP250,2021-03-31,REMOVE,ESABINDIA,https://niftyindices.com/Press_Release/ind_prs10062020.pdf,press_release,UPSTREAM_EXPLICIT,closed by ind_prs23022021.pdf
NIFTYSMALLCAP250,2021-03-31,ADD,FRETAIL,https://niftyindices.com/Press_Release/ind_prs23022021.pdf,press_release,UPSTREAM_EXPLICIT,closed by ind_prs24022022_1.pdf
NIFTYSMALLCAP250,2021-03-31,ADD,HAPPSTMNDS,https://niftyindices.com/Press_Release/ind_prs23022021.pdf,press_release,UPSTREAM_EXPLICIT,closed by ind_prs24022022_1.pdf
NIFTYSMALLCAP250,2021-03-31,REMOVE,HATHWAY,https://niftyindices.com/Press_Release/ind_prs10062020.pdf,press_release,UPSTREAM_EXPLICIT,closed by ind_prs23022021.pdf
NIFTYSMALLCAP250,2021-03-31,ADD,HEMIPROP,https://niftyindices.com/Press_Release/ind_prs23022021.pdf,press_release,UPSTREAM_EXPLICIT,closed by ind_prs01092022.pdf
NIFTYSMALLCAP250,2021-03-31,REMOVE,HERITGFOOD,https://niftyindices.com/Press_Release/ind_prs28082017.pdf,press_release,UPSTREAM_EXPLICIT,closed by ind_prs23022021.pdf
NIFTYSMALLCAP250,2021-03-31,ADD,HUDCO,https://niftyindices.com/Press_Release/ind_prs23022021.pdf,press_release,UPSTREAM_EXPLICIT,closed by ind_prs23082024.pdf
NIFTYSMALLCAP250,2021-03-31,ADD,ICIL,https://niftyindices.com/Press_Release/ind_prs23022021.pdf,press_release,UPSTREAM_EXPLICIT,closed by ind_prs01092022.pdf
NIFTYSMALLCAP250,2021-03-31,REMOVE,ICRA,https://niftyindices.com/Press_Release/ind_prs25022019.pdf,press_release,UPSTREAM_EXPLICIT,closed by ind_prs23022021.pdf
NIFTYSMALLCAP250,2021-03-31,REMOVE,IDBI,https://niftyindices.com/Press_Release/ind_prs20082020.pdf,press_release,UPSTREAM_EXPLICIT,closed by ind_prs23022021.pdf
NIFTYSMALLCAP250,2021-03-31,REMOVE,INDIAMART,https://niftyindices.com/Press_Release/ind_prs16122019.pdf,press_release,UPSTREAM_EXPLICIT,closed by ind_prs23022021.pdf
NIFTYSMALLCAP250,2021-03-31,ADD,INTELLECT,https://niftyindices.com/Press_Release/ind_prs23022021.pdf,press_release,UPSTREAM_EXPLICIT,
NIFTYSMALLCAP250,2021-03-31,REMOVE,JAGRAN,https://niftyindices.com/Press_Release/ind_prs28082017.pdf,press_release,UPSTREAM_EXPLICIT,closed by ind_prs23022021.pdf
NIFTYSMALLCAP250,2021-03-31,ADD,KPITTECH,https://niftyindices.com/Press_Release/ind_prs23022021.pdf,press_release,UPSTREAM_EXPLICIT,closed by ind_prs17082023.pdf
NIFTYSMALLCAP250,2021-03-31,ADD,KPRMILL,https://niftyindices.com/Press_Release/ind_prs23022021.pdf,press_release,UPSTREAM_EXPLICIT,closed by ind_prs01092022.pdf
NIFTYSMALLCAP250,2021-03-31,REMOVE,LAURUSLABS,https://niftyindices.com/Press_Release/ind_prs27042017.pdf,press_release,UPSTREAM_EXPLICIT,closed by ind_prs23022021.pdf
NIFTYSMALLCAP250,2021-03-31,REMOVE,MAHINDCIE,https://niftyindices.com/Press_Release/ind_prs18112020.pdf,press_release,UPSTREAM_EXPLICIT,"inferred-exclude: not in NSE current snapshot, no PR found (closed at next semi-annual review)"
NIFTYSMALLCAP250,2021-03-31,ADD,MAZDOCK,https://niftyindices.com/Press_Release/ind_prs23022021.pdf,press_release,UPSTREAM_EXPLICIT,closed by ind_prs17082023.pdf
NIFTYSMALLCAP250,2021-03-31,ADD,MRPL,https://niftyindices.com/Press_Release/ind_prs23022021.pdf,press_release,UPSTREAM_EXPLICIT,closed by ind_prs23082024.pdf
NIFTYSMALLCAP250,2021-03-31,ADD,NATIONALUM,https://niftyindices.com/Press_Release/ind_prs23022021.pdf,press_release,UPSTREAM_EXPLICIT,closed by ind_prs15092021.pdf
NIFTYSMALLCAP250,2021-03-31,REMOVE,NAVNETEDUL,https://niftyindices.com/Press_Release/ind_prs20082020.pdf,press_release,UPSTREAM_EXPLICIT,closed by ind_prs23022021.pdf
NIFTYSMALLCAP250,2021-03-31,ADD,NLCINDIA,https://niftyindices.com/Press_Release/ind_prs23022021.pdf,press_release,UPSTREAM_EXPLICIT,closed by ind_prs23082024.pdf
NIFTYSMALLCAP250,2021-03-31,REMOVE,PERSISTENT,https://niftyindices.com/Press_Release/ind_prs16022017.pdf,press_release,UPSTREAM_EXPLICIT,closed by ind_prs23022021.pdf
NIFTYSMALLCAP250,2021-03-31,ADD,PRINCEPIPE,https://niftyindices.com/Press_Release/ind_prs23022021.pdf,press_release,UPSTREAM_EXPLICIT,closed by ind_prs23082024.pdf
NIFTYSMALLCAP250,2021-03-31,REMOVE,PSPPROJECT,https://niftyindices.com/Press_Release/ind_prs07092020.pdf,press_release,UPSTREAM_EXPLICIT,closed by ind_prs23022021.pdf
NIFTYSMALLCAP250,2021-03-31,ADD,RESPONIND,https://niftyindices.com/Press_Release/ind_prs23022021.pdf,press_release,UPSTREAM_EXPLICIT,closed by ind_prs15092021.pdf
NIFTYSMALLCAP250,2021-03-31,ADD,ROSSARI,https://niftyindices.com/Press_Release/ind_prs23022021.pdf,press_release,UPSTREAM_EXPLICIT,closed by ind_prs28022024.pdf
NIFTYSMALLCAP250,2021-03-31,ADD,ROUTE,https://niftyindices.com/Press_Release/ind_prs23022021.pdf,press_release,UPSTREAM_EXPLICIT,closed by ind_prs22082025.pdf
NIFTYSMALLCAP250,2021-03-31,ADD,SFL,https://niftyindices.com/Press_Release/ind_prs23022021.pdf,press_release,UPSTREAM_EXPLICIT,closed by ind_prs17022023_1.pdf
NIFTYSMALLCAP250,2021-03-31,ADD,SHARDACROP,https://niftyindices.com/Press_Release/ind_prs23022021.pdf,press_release,UPSTREAM_EXPLICIT,closed by ind_prs24022022_1.pdf
NIFTYSMALLCAP250,2021-03-31,ADD,SHRIRAMCIT,https://niftyindices.com/Press_Release/ind_prs23022021.pdf,press_release,UPSTREAM_EXPLICIT,closed by ind_prs11072022.pdf
NIFTYSMALLCAP250,2021-03-31,ADD,SPANDANA,https://niftyindices.com/Press_Release/ind_prs23022021.pdf,press_release,UPSTREAM_EXPLICIT,closed by ind_prs24022022_1.pdf
NIFTYSMALLCAP250,2021-03-31,ADD,SUNCLAYLTD,https://niftyindices.com/Press_Release/ind_prs23022021.pdf,press_release,UPSTREAM_EXPLICIT,closed by ind_prs15092021.pdf
NIFTYSMALLCAP250,2021-03-31,REMOVE,SUVENPHAR,https://niftyindices.com/Press_Release/ind_prs20082020.pdf,press_release,UPSTREAM_EXPLICIT,closed by ind_prs23022021.pdf
NIFTYSMALLCAP250,2021-03-31,REMOVE,SWARAJENG,https://niftyindices.com/Press_Release/ind_prs07092020.pdf,press_release,UPSTREAM_EXPLICIT,closed by ind_prs23022021.pdf
NIFTYSMALLCAP250,2021-03-31,ADD,SYMPHONY,https://niftyindices.com/Press_Release/ind_prs23022021.pdf,press_release,UPSTREAM_EXPLICIT,closed by ind_prs17022023_1.pdf
NIFTYSMALLCAP250,2021-03-31,ADD,TANLA,https://niftyindices.com/Press_Release/ind_prs23022021.pdf,press_release,UPSTREAM_EXPLICIT,closed by ind_prs22082025.pdf
NIFTYSMALLCAP250,2021-03-31,REMOVE,TATAELXSI,https://niftyindices.com/Press_Release/ind_prs16022017.pdf,press_release,UPSTREAM_EXPLICIT,closed by ind_prs23022021.pdf
NIFTYSMALLCAP250,2021-03-31,ADD,TRITURBINE,https://niftyindices.com/Press_Release/ind_prs23022021.pdf,press_release,UPSTREAM_EXPLICIT,
NIFTYSMALLCAP250,2021-03-31,REMOVE,TVTODAY,https://niftyindices.com/Press_Release/ind_prs22042016.pdf,press_release,UPSTREAM_EXPLICIT,closed by ind_prs23022021.pdf
NIFTYSMALLCAP250,2021-03-31,ADD,UTIAMC,https://niftyindices.com/Press_Release/ind_prs23022021.pdf,press_release,UPSTREAM_EXPLICIT,
NIFTYSMALLCAP250,2021-03-31,ADD,VALIANTORG,https://niftyindices.com/Press_Release/ind_prs23022021.pdf,press_release,UPSTREAM_EXPLICIT,closed by ind_prs24022022_1.pdf
NIFTYSMALLCAP250,2021-03-31,ADD,ZFCVINDIA,https://niftyindices.com/Press_Release/ind_prs23022021.pdf,press_release,UPSTREAM_EXPLICIT,closed by ind_prs15092021.pdf
NIFTYSMALLCAP250,2021-04-29,REMOVE,GHCL,https://niftyindices.com/Press_Release/ind_prs16022017.pdf,press_release,UPSTREAM_EXPLICIT,closed by ind_prs22042021.pdf
NIFTYSMALLCAP250,2021-04-29,ADD,INFIBEAM,https://niftyindices.com/Press_Release/ind_prs22042021.pdf,press_release,UPSTREAM_EXPLICIT,closed by ind_prs28022024.pdf
NIFTYSMALLCAP250,2021-04-29,ADD,RBA,https://niftyindices.com/Press_Release/ind_prs22042021.pdf,press_release,UPSTREAM_EXPLICIT,closed by ind_prs23082024.pdf
NIFTYSMALLCAP250,2021-04-29,REMOVE,TATASTLBSL,https://niftyindices.com/Press_Release/ind_prs09012020.pdf,press_release,UPSTREAM_EXPLICIT,closed by ind_prs22042021.pdf
NIFTYSMALLCAP250,2021-09-30,REMOVE,AFFLE,https://niftyindices.com/Press_Release/ind_prs18122019.pdf,press_release,UPSTREAM_EXPLICIT,closed by ind_prs15092021.pdf
NIFTYSMALLCAP250,2021-09-30,REMOVE,ALKYLAMINE,https://niftyindices.com/Press_Release/ind_prs10062020.pdf,press_release,UPSTREAM_EXPLICIT,closed by ind_prs15092021.pdf
NIFTYSMALLCAP250,2021-09-30,REMOVE,ANGELBRKG,https://niftyindices.com/Press_Release/ind_prs23022021.pdf,press_release,UPSTREAM_EXPLICIT,"inferred-exclude: not in NSE current snapshot, no PR found (closed at next semi-annual review)"
NIFTYSMALLCAP250,2021-09-30,ADD,ANURAS,https://niftyindices.com/Press_Release/ind_prs15092021.pdf,press_release,UPSTREAM_EXPLICIT,closed by ind_prs23082024.pdf
NIFTYSMALLCAP250,2021-09-30,ADD,ASTRAZEN,https://niftyindices.com/Press_Release/ind_prs15092021.pdf,press_release,UPSTREAM_EXPLICIT,closed by ind_prs17022023_1.pdf
NIFTYSMALLCAP250,2021-09-30,ADD,BBTC,https://niftyindices.com/Press_Release/ind_prs15092021.pdf,press_release,UPSTREAM_EXPLICIT,
NIFTYSMALLCAP250,2021-09-30,REMOVE,BLUEDART,https://niftyindices.com/Press_Release/ind_prs20082020.pdf,press_release,UPSTREAM_EXPLICIT,closed by ind_prs15092021.pdf
NIFTYSMALLCAP250,2021-09-30,ADD,CESC,https://niftyindices.com/Press_Release/ind_prs15092021.pdf,press_release,UPSTREAM_EXPLICIT,
NIFTYSMALLCAP250,2021-09-30,ADD,CGPOWER,https://niftyindices.com/Press_Release/ind_prs15092021.pdf,press_release,UPSTREAM_EXPLICIT,closed by ind_prs24022022_1.pdf
NIFTYSMALLCAP250,2021-09-30,ADD,CREDITACC,https://niftyindices.com/Press_Release/ind_prs15092021.pdf,press_release,UPSTREAM_EXPLICIT,
NIFTYSMALLCAP250,2021-09-30,REMOVE,DCAL,https://niftyindices.com/Press_Release/ind_prs21022018.pdf,press_release,UPSTREAM_EXPLICIT,closed by ind_prs15092021.pdf
NIFTYSMALLCAP250,2021-09-30,REMOVE,DISHTV,https://niftyindices.com/Press_Release/ind_prs28082019.pdf,press_release,UPSTREAM_EXPLICIT,closed by ind_prs15092021.pdf
NIFTYSMALLCAP250,2021-09-30,ADD,EQUITASBNK,https://niftyindices.com/Press_Release/ind_prs15092021.pdf,press_release,UPSTREAM_EXPLICIT,closed by ind_prs21022025.pdf
NIFTYSMALLCAP250,2021-09-30,ADD,FACT,https://niftyindices.com/Press_Release/ind_prs15092021.pdf,press_release,UPSTREAM_EXPLICIT,closed by ind_prs17082023.pdf
NIFTYSMALLCAP250,2021-09-30,REMOVE,FCONSUMER,https://niftyindices.com/Press_Release/ind_prs10062020.pdf,press_release,UPSTREAM_EXPLICIT,closed by ind_prs15092021.pdf
NIFTYSMALLCAP250,2021-09-30,ADD,GODREJAGRO,https://niftyindices.com/Press_Release/ind_prs15092021.pdf,press_release,UPSTREAM_EXPLICIT,closed by ind_prs17082023.pdf
NIFTYSMALLCAP250,2021-09-30,REMOVE,GRSE,https://niftyindices.com/Press_Release/ind_prs10062020.pdf,press_release,UPSTREAM_EXPLICIT,closed by ind_prs15092021.pdf
NIFTYSMALLCAP250,2021-09-30,REMOVE,GULFOILLUB,https://niftyindices.com/Press_Release/ind_prs22042016.pdf,press_release,UPSTREAM_EXPLICIT,closed by ind_prs15092021.pdf
NIFTYSMALLCAP250,2021-09-30,ADD,HATHWAY,https://niftyindices.com/Press_Release/ind_prs15092021.pdf,press_release,UPSTREAM_EXPLICIT,closed by ind_prs01092022.pdf
NIFTYSMALLCAP250,2021-09-30,ADD,HGS,https://niftyindices.com/Press_Release/ind_prs15092021.pdf,press_release,UPSTREAM_EXPLICIT,closed by ind_prs17082023.pdf
NIFTYSMALLCAP250,2021-09-30,ADD,HIKAL,https://niftyindices.com/Press_Release/ind_prs15092021.pdf,press_release,UPSTREAM_EXPLICIT,closed by ind_prs17082023.pdf
NIFTYSMALLCAP250,2021-09-30,REMOVE,HINDCOPPER,https://niftyindices.com/Press_Release/ind_prs28082017.pdf,press_release,UPSTREAM_EXPLICIT,closed by ind_prs15092021.pdf
NIFTYSMALLCAP250,2021-09-30,ADD,HOMEFIRST,https://niftyindices.com/Press_Release/ind_prs15092021.pdf,press_release,UPSTREAM_EXPLICIT,
NIFTYSMALLCAP250,2021-09-30,REMOVE,HSCL,https://niftyindices.com/Press_Release/ind_prs21022018.pdf,press_release,UPSTREAM_EXPLICIT,closed by ind_prs15092021.pdf
NIFTYSMALLCAP250,2021-09-30,ADD,IDBI,https://niftyindices.com/Press_Release/ind_prs15092021.pdf,press_release,UPSTREAM_EXPLICIT,closed by ind_prs24022022_1.pdf
NIFTYSMALLCAP250,2021-09-30,ADD,IIFLWAM,https://niftyindices.com/Press_Release/ind_prs15092021.pdf,press_release,UPSTREAM_EXPLICIT,"inferred-exclude: not in NSE current snapshot, no PR found (closed at next semi-annual review)"
NIFTYSMALLCAP250,2021-09-30,REMOVE,INDIANB,https://niftyindices.com/Press_Release/ind_prs10062020.pdf,press_release,UPSTREAM_EXPLICIT,closed by ind_prs15092021.pdf
NIFTYSMALLCAP250,2021-09-30,ADD,INDIGOPNTS,https://niftyindices.com/Press_Release/ind_prs15092021.pdf,press_release,UPSTREAM_EXPLICIT,closed by ind_prs23082024.pdf
NIFTYSMALLCAP250,2021-09-30,ADD,JMFINANCIL,https://niftyindices.com/Press_Release/ind_prs15092021.pdf,press_release,UPSTREAM_EXPLICIT,
NIFTYSMALLCAP250,2021-09-30,REMOVE,JTEKTINDIA,https://niftyindices.com/Press_Release/ind_prs07092020.pdf,press_release,UPSTREAM_EXPLICIT,closed by ind_prs15092021.pdf
NIFTYSMALLCAP250,2021-09-30,ADD,JUBLINGREA,https://niftyindices.com/Press_Release/ind_prs15092021.pdf,press_release,UPSTREAM_EXPLICIT,
NIFTYSMALLCAP250,2021-09-30,ADD,JUBLPHARMA,https://niftyindices.com/Press_Release/ind_prs15092021.pdf,press_release,UPSTREAM_EXPLICIT,
NIFTYSMALLCAP250,2021-09-30,REMOVE,KAJARIACER,https://niftyindices.com/Press_Release/ind_prs28082018.pdf,press_release,UPSTREAM_EXPLICIT,closed by ind_prs15092021.pdf
NIFTYSMALLCAP250,2021-09-30,ADD,KALYANKJIL,https://niftyindices.com/Press_Release/ind_prs15092021.pdf,press_release,UPSTREAM_EXPLICIT,closed by ind_prs28022024.pdf
NIFTYSMALLCAP250,2021-09-30,REMOVE,LINDEINDIA,https://niftyindices.com/Press_Release/ind_prs28082018.pdf,press_release,UPSTREAM_EXPLICIT,closed by ind_prs15092021.pdf
NIFTYSMALLCAP250,2021-09-30,ADD,LXCHEM,https://niftyindices.com/Press_Release/ind_prs15092021.pdf,press_release,UPSTREAM_EXPLICIT,closed by ind_prs23082024.pdf
NIFTYSMALLCAP250,2021-09-30,REMOVE,MAHSCOOTER,https://niftyindices.com/Press_Release/ind_prs25022019.pdf,press_release,UPSTREAM_EXPLICIT,closed by ind_prs15092021.pdf
NIFTYSMALLCAP250,2021-09-30,REMOVE,MAHSEAMLES,https://niftyindices.com/Press_Release/ind_prs25022019.pdf,press_release,UPSTREAM_EXPLICIT,closed by ind_prs15092021.pdf
NIFTYSMALLCAP250,2021-09-30,REMOVE,MASFIN,https://niftyindices.com/Press_Release/ind_prs21022018.pdf,press_release,UPSTREAM_EXPLICIT,closed by ind_prs15092021.pdf
NIFTYSMALLCAP250,2021-09-30,ADD,MASTEK,https://niftyindices.com/Press_Release/ind_prs15092021.pdf,press_release,UPSTREAM_EXPLICIT,closed by ind_prs22082025.pdf
NIFTYSMALLCAP250,2021-09-30,REMOVE,NATIONALUM,https://niftyindices.com/Press_Release/ind_prs23022021.pdf,press_release,UPSTREAM_EXPLICIT,closed by ind_prs15092021.pdf
NIFTYSMALLCAP250,2021-09-30,ADD,NAZARA,https://niftyindices.com/Press_Release/ind_prs15092021.pdf,press_release,UPSTREAM_EXPLICIT,closed by ind_prs28022024.pdf
NIFTYSMALLCAP250,2021-09-30,ADD,PGHL,https://niftyindices.com/Press_Release/ind_prs15092021.pdf,press_release,UPSTREAM_EXPLICIT,closed by ind_prs17022023_1.pdf
NIFTYSMALLCAP250,2021-09-30,ADD,POONAWALLA,https://niftyindices.com/Press_Release/ind_prs15092021.pdf,press_release,UPSTREAM_EXPLICIT,closed by ind_prs01092022.pdf
NIFTYSMALLCAP250,2021-09-30,ADD,PRAJIND,https://niftyindices.com/Press_Release/ind_prs15092021.pdf,press_release,UPSTREAM_EXPLICIT,closed by ind_prs23022026.pdf
NIFTYSMALLCAP250,2021-09-30,ADD,RAILTEL,https://niftyindices.com/Press_Release/ind_prs15092021.pdf,press_release,UPSTREAM_EXPLICIT,closed by ind_prs01092022.pdf
NIFTYSMALLCAP250,2021-09-30,REMOVE,RESPONIND,https://niftyindices.com/Press_Release/ind_prs23022021.pdf,press_release,UPSTREAM_EXPLICIT,closed by ind_prs15092021.pdf
NIFTYSMALLCAP250,2021-09-30,ADD,SAMMAANCAP,https://niftyindices.com/Press_Release/ind_prs15092021.pdf,press_release,UPSTREAM_EXPLICIT,
NIFTYSMALLCAP250,2021-09-30,REMOVE,SHOPERSTOP,https://niftyindices.com/Press_Release/ind_prs28082017.pdf,press_release,UPSTREAM_EXPLICIT,closed by ind_prs15092021.pdf
NIFTYSMALLCAP250,2021-09-30,ADD,SJVN,https://niftyindices.com/Press_Release/ind_prs15092021.pdf,press_release,UPSTREAM_EXPLICIT,closed by ind_prs28022024.pdf
NIFTYSMALLCAP250,2021-09-30,REMOVE,SUNCLAYLTD,https://niftyindices.com/Press_Release/ind_prs23022021.pdf,press_release,UPSTREAM_EXPLICIT,closed by ind_prs15092021.pdf
NIFTYSMALLCAP250,2021-09-30,REMOVE,TATAINVEST,https://niftyindices.com/Press_Release/ind_prs16022017.pdf,press_release,UPSTREAM_EXPLICIT,closed by ind_prs15092021.pdf
NIFTYSMALLCAP250,2021-09-30,ADD,TATASTLLP,https://niftyindices.com/Press_Release/ind_prs15092021.pdf,press_release,UPSTREAM_EXPLICIT,closed by ind_prs01092022.pdf
NIFTYSMALLCAP250,2021-09-30,ADD,TTML,https://niftyindices.com/Press_Release/ind_prs15092021.pdf,press_release,UPSTREAM_EXPLICIT,closed by ind_prs24022022_1.pdf
NIFTYSMALLCAP250,2021-09-30,REMOVE,VAIBHAVGBL,https://niftyindices.com/Press_Release/ind_prs17092019_1.pdf,press_release,UPSTREAM_EXPLICIT,closed by ind_prs15092021.pdf
NIFTYSMALLCAP250,2021-09-30,ADD,VGUARD,https://niftyindices.com/Press_Release/ind_prs15092021.pdf,press_release,UPSTREAM_EXPLICIT,closed by ind_prs23022026.pdf
NIFTYSMALLCAP250,2021-09-30,REMOVE,VSTIND,https://niftyindices.com/Press_Release/ind_prs25022019.pdf,press_release,UPSTREAM_EXPLICIT,closed by ind_prs15092021.pdf
NIFTYSMALLCAP250,2021-09-30,REMOVE,ZFCVINDIA,https://niftyindices.com/Press_Release/ind_prs23022021.pdf,press_release,UPSTREAM_EXPLICIT,closed by ind_prs15092021.pdf
NIFTYSMALLCAP250,2022-03-31,ADD,ABSLAMC,https://niftyindices.com/Press_Release/ind_prs24022022_1.pdf,press_release,UPSTREAM_EXPLICIT,closed by ind_prs17022023_1.pdf
NIFTYSMALLCAP250,2022-03-31,REMOVE,ALEMBICLTD,https://niftyindices.com/Press_Release/ind_prs20082020.pdf,press_release,UPSTREAM_EXPLICIT,closed by ind_prs24022022_1.pdf
NIFTYSMALLCAP250,2022-03-31,ADD,ALLCARGO,https://niftyindices.com/Press_Release/ind_prs24022022_1.pdf,press_release,UPSTREAM_EXPLICIT,closed by ind_prs06122022.pdf
NIFTYSMALLCAP250,2022-03-31,ADD,APTUS,https://niftyindices.com/Press_Release/ind_prs24022022_1.pdf,press_release,UPSTREAM_EXPLICIT,
NIFTYSMALLCAP250,2022-03-31,ADD,ARE&M,https://niftyindices.com/Press_Release/ind_prs24022022_1.pdf,press_release,UPSTREAM_EXPLICIT,
NIFTYSMALLCAP250,2022-03-31,REMOVE,BAJAJCON,https://niftyindices.com/Press_Release/ind_prs28082017.pdf,press_release,UPSTREAM_EXPLICIT,closed by ind_prs24022022_1.pdf
NIFTYSMALLCAP250,2022-03-31,ADD,BCG,https://niftyindices.com/Press_Release/ind_prs24022022_1.pdf,press_release,UPSTREAM_EXPLICIT,closed by ind_prs28022024.pdf
NIFTYSMALLCAP250,2022-03-31,REMOVE,BHARATRAS,https://niftyindices.com/Press_Release/ind_prs10062020.pdf,press_release,UPSTREAM_EXPLICIT,closed by ind_prs24022022_1.pdf
NIFTYSMALLCAP250,2022-03-31,ADD,BORORENEW,https://niftyindices.com/Press_Release/ind_prs24022022_1.pdf,press_release,UPSTREAM_EXPLICIT,closed by ind_prs23082024.pdf
NIFTYSMALLCAP250,2022-03-31,ADD,CASTROLIND,https://niftyindices.com/Press_Release/ind_prs24022022_1.pdf,press_release,UPSTREAM_EXPLICIT,
NIFTYSMALLCAP250,2022-03-31,REMOVE,CGCL,https://niftyindices.com/Press_Release/ind_prs28082019.pdf,press_release,UPSTREAM_EXPLICIT,closed by ind_prs24022022_1.pdf
NIFTYSMALLCAP250,2022-03-31,REMOVE,CGPOWER,https://niftyindices.com/Press_Release/ind_prs15092021.pdf,press_release,UPSTREAM_EXPLICIT,closed by ind_prs24022022_1.pdf
NIFTYSMALLCAP250,2022-03-31,ADD,CHEMPLASTS,https://niftyindices.com/Press_Release/ind_prs24022022_1.pdf,press_release,UPSTREAM_EXPLICIT,closed by ind_prs21022025.pdf
NIFTYSMALLCAP250,2022-03-31,ADD,CHOLAHLDNG,https://niftyindices.com/Press_Release/ind_prs24022022_1.pdf,press_release,UPSTREAM_EXPLICIT,
NIFTYSMALLCAP250,2022-03-31,ADD,CUB,https://niftyindices.com/Press_Release/ind_prs24022022_1.pdf,press_release,UPSTREAM_EXPLICIT,
NIFTYSMALLCAP250,2022-03-31,ADD,DEVYANI,https://niftyindices.com/Press_Release/ind_prs24022022_1.pdf,press_release,UPSTREAM_EXPLICIT,closed by ind_prs01092022.pdf
NIFTYSMALLCAP250,2022-03-31,ADD,DHANI,https://niftyindices.com/Press_Release/ind_prs24022022_1.pdf,press_release,UPSTREAM_EXPLICIT,closed by ind_prs17022023_1.pdf
NIFTYSMALLCAP250,2022-03-31,REMOVE,DHANUKA,https://niftyindices.com/Press_Release/ind_prs10062020.pdf,press_release,UPSTREAM_EXPLICIT,closed by ind_prs24022022_1.pdf
NIFTYSMALLCAP250,2022-03-31,ADD,EASEMYTRIP,https://niftyindices.com/Press_Release/ind_prs24022022_1.pdf,press_release,UPSTREAM_EXPLICIT,closed by ind_prs21022025.pdf
NIFTYSMALLCAP250,2022-03-31,REMOVE,FLUOROCHEM,https://niftyindices.com/Press_Release/ind_prs10062020.pdf,press_release,UPSTREAM_EXPLICIT,closed by ind_prs24022022_1.pdf
NIFTYSMALLCAP250,2022-03-31,REMOVE,FRETAIL,https://niftyindices.com/Press_Release/ind_prs23022021.pdf,press_release,UPSTREAM_EXPLICIT,closed by ind_prs24022022_1.pdf
NIFTYSMALLCAP250,2022-03-31,ADD,GLS,https://niftyindices.com/Press_Release/ind_prs24022022_1.pdf,press_release,UPSTREAM_EXPLICIT,closed by ind_prs01092022.pdf
NIFTYSMALLCAP250,2022-03-31,ADD,GOCOLORS,https://niftyindices.com/Press_Release/ind_prs24022022_1.pdf,press_release,UPSTREAM_EXPLICIT,closed by ind_prs28022024.pdf
NIFTYSMALLCAP250,2022-03-31,REMOVE,GRINDWELL,https://niftyindices.com/Press_Release/ind_prs28082018.pdf,press_release,UPSTREAM_EXPLICIT,closed by ind_prs24022022_1.pdf
NIFTYSMALLCAP250,2022-03-31,ADD,GRINFRA,https://niftyindices.com/Press_Release/ind_prs24022022_1.pdf,press_release,UPSTREAM_EXPLICIT,closed by ind_prs28022024.pdf
NIFTYSMALLCAP250,2022-03-31,REMOVE,HAPPSTMNDS,https://niftyindices.com/Press_Release/ind_prs23022021.pdf,press_release,UPSTREAM_EXPLICIT,closed by ind_prs24022022_1.pdf
NIFTYSMALLCAP250,2022-03-31,ADD,HINDCOPPER,https://niftyindices.com/Press_Release/ind_prs24022022_1.pdf,press_release,UPSTREAM_EXPLICIT,
NIFTYSMALLCAP250,2022-03-31,ADD,HLEGLAS,https://niftyindices.com/Press_Release/ind_prs24022022_1.pdf,press_release,UPSTREAM_EXPLICIT,closed by ind_prs28022024.pdf
NIFTYSMALLCAP250,2022-03-31,REMOVE,IDBI,https://niftyindices.com/Press_Release/ind_prs15092021.pdf,press_release,UPSTREAM_EXPLICIT,closed by ind_prs24022022_1.pdf
NIFTYSMALLCAP250,2022-03-31,REMOVE,IEX,https://niftyindices.com/Press_Release/ind_prs21022018.pdf,press_release,UPSTREAM_EXPLICIT,closed by ind_prs24022022_1.pdf
NIFTYSMALLCAP250,2022-03-31,REMOVE,IIFLWAM,https://niftyindices.com/Press_Release/ind_prs15092021.pdf,press_release,UPSTREAM_EXPLICIT,"inferred-exclude: not in NSE current snapshot, no PR found (closed at next semi-annual review)"
NIFTYSMALLCAP250,2022-03-31,REMOVE,INGERRAND,https://niftyindices.com/Press_Release/ind_prs10062020.pdf,press_release,UPSTREAM_EXPLICIT,closed by ind_prs24022022_1.pdf
NIFTYSMALLCAP250,2022-03-31,REMOVE,IOLCP,https://niftyindices.com/Press_Release/ind_prs20082020.pdf,press_release,UPSTREAM_EXPLICIT,closed by ind_prs24022022_1.pdf
NIFTYSMALLCAP250,2022-03-31,ADD,ITI,https://niftyindices.com/Press_Release/ind_prs24022022_1.pdf,press_release,UPSTREAM_EXPLICIT,
NIFTYSMALLCAP250,2022-03-31,REMOVE,JINDALSAW,https://niftyindices.com/Press_Release/ind_prs28082017.pdf,press_release,UPSTREAM_EXPLICIT,closed by ind_prs24022022_1.pdf
NIFTYSMALLCAP250,2022-03-31,ADD,KIMS,https://niftyindices.com/Press_Release/ind_prs24022022_1.pdf,press_release,UPSTREAM_EXPLICIT,
NIFTYSMALLCAP250,2022-03-31,REMOVE,KSB,https://niftyindices.com/Press_Release/ind_prs10062020.pdf,press_release,UPSTREAM_EXPLICIT,closed by ind_prs24022022_1.pdf
NIFTYSMALLCAP250,2022-03-31,REMOVE,LAOPALA,https://niftyindices.com/Press_Release/ind_prs10062020.pdf,press_release,UPSTREAM_EXPLICIT,closed by ind_prs24022022_1.pdf
NIFTYSMALLCAP250,2022-03-31,ADD,LATENTVIEW,https://niftyindices.com/Press_Release/ind_prs24022022_1.pdf,press_release,UPSTREAM_EXPLICIT,
NIFTYSMALLCAP250,2022-03-31,REMOVE,LEMONTREE,https://niftyindices.com/Press_Release/ind_prs28082018.pdf,press_release,UPSTREAM_EXPLICIT,closed by ind_prs24022022_1.pdf
NIFTYSMALLCAP250,2022-03-31,ADD,MAPMYINDIA,https://niftyindices.com/Press_Release/ind_prs24022022_1.pdf,press_release,UPSTREAM_EXPLICIT,
NIFTYSMALLCAP250,2022-03-31,ADD,MEDPLUS,https://niftyindices.com/Press_Release/ind_prs24022022_1.pdf,press_release,UPSTREAM_EXPLICIT,closed by ind_prs23082024.pdf
NIFTYSMALLCAP250,2022-03-31,ADD,METROBRAND,https://niftyindices.com/Press_Release/ind_prs24022022_1.pdf,press_release,UPSTREAM_EXPLICIT,closed by ind_prs17022023_1.pdf
NIFTYSMALLCAP250,2022-03-31,ADD,MGL,https://niftyindices.com/Press_Release/ind_prs24022022_1.pdf,press_release,UPSTREAM_EXPLICIT,
NIFTYSMALLCAP250,2022-03-31,REMOVE,MIDHANI,https://niftyindices.com/Press_Release/ind_prs18122019.pdf,press_release,UPSTREAM_EXPLICIT,closed by ind_prs24022022_1.pdf
NIFTYSMALLCAP250,2022-03-31,REMOVE,MINDACORP,https://niftyindices.com/Press_Release/ind_prs16022017.pdf,press_release,UPSTREAM_EXPLICIT,closed by ind_prs24022022_1.pdf
NIFTYSMALLCAP250,2022-03-31,ADD,MOTILALOFS,https://niftyindices.com/Press_Release/ind_prs24022022_1.pdf,press_release,UPSTREAM_EXPLICIT,closed by ind_prs21022025.pdf
NIFTYSMALLCAP250,2022-03-31,REMOVE,NFL,https://niftyindices.com/Press_Release/ind_prs28082017.pdf,press_release,UPSTREAM_EXPLICIT,closed by ind_prs24022022_1.pdf
NIFTYSMALLCAP250,2022-03-31,ADD,PRIVISCL,https://niftyindices.com/Press_Release/ind_prs24022022_1.pdf,press_release,UPSTREAM_EXPLICIT,closed by ind_prs17022023_1.pdf
NIFTYSMALLCAP250,2022-03-31,ADD,RBLBANK,https://niftyindices.com/Press_Release/ind_prs24022022_1.pdf,press_release,UPSTREAM_EXPLICIT,
NIFTYSMALLCAP250,2022-03-31,ADD,RENUKA,https://niftyindices.com/Press_Release/ind_prs24022022_1.pdf,press_release,UPSTREAM_EXPLICIT,closed by ind_prs22082025.pdf
NIFTYSMALLCAP250,2022-03-31,ADD,RTNINDIA,https://niftyindices.com/Press_Release/ind_prs24022022_1.pdf,press_release,UPSTREAM_EXPLICIT,closed by ind_prs22082025.pdf
NIFTYSMALLCAP250,2022-03-31,ADD,SAPPHIRE,https://niftyindices.com/Press_Release/ind_prs24022022_1.pdf,press_release,UPSTREAM_EXPLICIT,
NIFTYSMALLCAP250,2022-03-31,ADD,SAREGAMA,https://niftyindices.com/Press_Release/ind_prs24022022_1.pdf,press_release,UPSTREAM_EXPLICIT,closed by ind_prs22122022.pdf
NIFTYSMALLCAP250,2022-03-31,REMOVE,SCHNEIDER,https://niftyindices.com/Press_Release/ind_prs10062020.pdf,press_release,UPSTREAM_EXPLICIT,closed by ind_prs24022022_1.pdf
NIFTYSMALLCAP250,2022-03-31,REMOVE,SHARDACROP,https://niftyindices.com/Press_Release/ind_prs23022021.pdf,press_release,UPSTREAM_EXPLICIT,closed by ind_prs24022022_1.pdf
NIFTYSMALLCAP250,2022-03-31,ADD,SHYAMMETL,https://niftyindices.com/Press_Release/ind_prs24022022_1.pdf,press_release,UPSTREAM_EXPLICIT,
NIFTYSMALLCAP250,2022-03-31,REMOVE,SPANDANA,https://niftyindices.com/Press_Release/ind_prs23022021.pdf,press_release,UPSTREAM_EXPLICIT,closed by ind_prs24022022_1.pdf
NIFTYSMALLCAP250,2022-03-31,REMOVE,STARCEMENT,https://niftyindices.com/Press_Release/ind_prs10112017.pdf,press_release,UPSTREAM_EXPLICIT,closed by ind_prs24022022_1.pdf
NIFTYSMALLCAP250,2022-03-31,ADD,SUVENPHAR,https://niftyindices.com/Press_Release/ind_prs24022022_1.pdf,press_release,UPSTREAM_EXPLICIT,"inferred-exclude: not in NSE current snapshot, no PR found (closed at next semi-annual review)"
NIFTYSMALLCAP250,2022-03-31,REMOVE,TASTYBITE,https://niftyindices.com/Press_Release/ind_prs19122019.pdf,press_release,UPSTREAM_EXPLICIT,closed by ind_prs24022022_1.pdf
NIFTYSMALLCAP250,2022-03-31,ADD,TATAINVEST,https://niftyindices.com/Press_Release/ind_prs24022022_1.pdf,press_release,UPSTREAM_EXPLICIT,closed by ind_prs23082024.pdf
NIFTYSMALLCAP250,2022-03-31,ADD,TTKPRESTIG,https://niftyindices.com/Press_Release/ind_prs24022022_1.pdf,press_release,UPSTREAM_EXPLICIT,closed by ind_prs28022024.pdf
NIFTYSMALLCAP250,2022-03-31,REMOVE,TTML,https://niftyindices.com/Press_Release/ind_prs15092021.pdf,press_release,UPSTREAM_EXPLICIT,closed by ind_prs24022022_1.pdf
NIFTYSMALLCAP250,2022-03-31,REMOVE,UJJIVAN,https://niftyindices.com/Press_Release/ind_prs16012017.pdf,press_release,UPSTREAM_EXPLICIT,closed by ind_prs24022022_1.pdf
NIFTYSMALLCAP250,2022-03-31,REMOVE,UJJIVANSFB,https://niftyindices.com/Press_Release/ind_prs10062020.pdf,press_release,UPSTREAM_EXPLICIT,closed by ind_prs24022022_1.pdf
NIFTYSMALLCAP250,2022-03-31,ADD,VAIBHAVGBL,https://niftyindices.com/Press_Release/ind_prs24022022_1.pdf,press_release,UPSTREAM_EXPLICIT,closed by ind_prs23082024.pdf
NIFTYSMALLCAP250,2022-03-31,REMOVE,VALIANTORG,https://niftyindices.com/Press_Release/ind_prs23022021.pdf,press_release,UPSTREAM_EXPLICIT,closed by ind_prs24022022_1.pdf
NIFTYSMALLCAP250,2022-03-31,ADD,VIJAYA,https://niftyindices.com/Press_Release/ind_prs24022022_1.pdf,press_release,UPSTREAM_EXPLICIT,
NIFTYSMALLCAP250,2022-03-31,ADD,ZYDUSWELL,https://niftyindices.com/Press_Release/ind_prs24022022_1.pdf,press_release,UPSTREAM_EXPLICIT,closed by ind_prs28022024.pdf
NIFTYSMALLCAP250,2022-04-07,ADD,MTARTECH,https://niftyindices.com/Press_Release/ind_prs06042022.pdf,press_release,UPSTREAM_EXPLICIT,closed by ind_prs23082024.pdf
NIFTYSMALLCAP250,2022-04-07,REMOVE,SUPPETRO,https://niftyindices.com/Press_Release/ind_prs20082020.pdf,press_release,UPSTREAM_EXPLICIT,closed by ind_prs06042022.pdf
NIFTYSMALLCAP250,2022-04-12,ADD,CGCL,https://niftyindices.com/Press_Release/ind_prs05042022_1.pdf,press_release,UPSTREAM_EXPLICIT,
NIFTYSMALLCAP250,2022-05-31,REMOVE,JSLHISAR,https://niftyindices.com/Press_Release/ind_prs28082017.pdf,press_release,UPSTREAM_EXPLICIT,closed by ind_prs24052022.pdf
NIFTYSMALLCAP250,2022-05-31,ADD,TRIVENI,https://niftyindices.com/Press_Release/ind_prs24052022.pdf,press_release,UPSTREAM_EXPLICIT,closed by ind_prs23022026.pdf
NIFTYSMALLCAP250,2022-08-08,ADD,CAMPUS,https://niftyindices.com/Press_Release/ind_prs11072022.pdf,press_release,UPSTREAM_EXPLICIT,closed by ind_prs23022026.pdf
NIFTYSMALLCAP250,2022-08-08,REMOVE,SHRIRAMCIT,https://niftyindices.com/Press_Release/ind_prs23022021.pdf,press_release,UPSTREAM_EXPLICIT,closed by ind_prs11072022.pdf
NIFTYSMALLCAP250,2022-09-30,REMOVE,ADVENZYMES,https://niftyindices.com/Press_Release/ind_prs16012017.pdf,press_release,UPSTREAM_EXPLICIT,closed by ind_prs01092022.pdf
NIFTYSMALLCAP250,2022-09-30,ADD,AETHER,https://niftyindices.com/Press_Release/ind_prs01092022.pdf,press_release,UPSTREAM_EXPLICIT,closed by ind_prs23082024.pdf
NIFTYSMALLCAP250,2022-09-30,ADD,APOLLOTYRE,https://niftyindices.com/Press_Release/ind_prs01092022.pdf,press_release,UPSTREAM_EXPLICIT,closed by ind_prs17022023_1.pdf
NIFTYSMALLCAP250,2022-09-30,ADD,BHARATRAS,https://niftyindices.com/Press_Release/ind_prs01092022.pdf,press_release,UPSTREAM_EXPLICIT,closed by ind_prs17022023_1.pdf
NIFTYSMALLCAP250,2022-09-30,ADD,DEEPAKFERT,https://niftyindices.com/Press_Release/ind_prs01092022.pdf,press_release,UPSTREAM_EXPLICIT,
NIFTYSMALLCAP250,2022-09-30,REMOVE,DEVYANI,https://niftyindices.com/Press_Release/ind_prs24022022_1.pdf,press_release,UPSTREAM_EXPLICIT,closed by ind_prs01092022.pdf
NIFTYSMALLCAP250,2022-09-30,REMOVE,ERIS,https://niftyindices.com/Press_Release/ind_prs23022021.pdf,press_release,UPSTREAM_EXPLICIT,closed by ind_prs01092022.pdf
NIFTYSMALLCAP250,2022-09-30,ADD,EXIDEIND,https://niftyindices.com/Press_Release/ind_prs01092022.pdf,press_release,UPSTREAM_EXPLICIT,closed by ind_prs23082024.pdf
NIFTYSMALLCAP250,2022-09-30,ADD,GLENMARK,https://niftyindices.com/Press_Release/ind_prs01092022.pdf,press_release,UPSTREAM_EXPLICIT,closed by ind_prs21022025.pdf
NIFTYSMALLCAP250,2022-09-30,REMOVE,GLS,https://niftyindices.com/Press_Release/ind_prs24022022_1.pdf,press_release,UPSTREAM_EXPLICIT,closed by ind_prs01092022.pdf
NIFTYSMALLCAP250,2022-09-30,ADD,GREENPANEL,https://niftyindices.com/Press_Release/ind_prs01092022.pdf,press_release,UPSTREAM_EXPLICIT,closed by ind_prs17082023.pdf
NIFTYSMALLCAP250,2022-09-30,REMOVE,HATHWAY,https://niftyindices.com/Press_Release/ind_prs15092021.pdf,press_release,UPSTREAM_EXPLICIT,closed by ind_prs01092022.pdf
NIFTYSMALLCAP250,2022-09-30,REMOVE,HEMIPROP,https://niftyindices.com/Press_Release/ind_prs23022021.pdf,press_release,UPSTREAM_EXPLICIT,closed by ind_prs01092022.pdf
NIFTYSMALLCAP250,2022-09-30,REMOVE,ICIL,https://niftyindices.com/Press_Release/ind_prs23022021.pdf,press_release,UPSTREAM_EXPLICIT,closed by ind_prs01092022.pdf
NIFTYSMALLCAP250,2022-09-30,ADD,IDBI,https://niftyindices.com/Press_Release/ind_prs01092022.pdf,press_release,UPSTREAM_EXPLICIT,closed by ind_prs28022024.pdf
NIFTYSMALLCAP250,2022-09-30,REMOVE,IRCON,https://niftyindices.com/Press_Release/ind_prs25022019.pdf,press_release,UPSTREAM_EXPLICIT,closed by ind_prs01092022.pdf
NIFTYSMALLCAP250,2022-09-30,ADD,JBMA,https://niftyindices.com/Press_Release/ind_prs01092022.pdf,press_release,UPSTREAM_EXPLICIT,
NIFTYSMALLCAP250,2022-09-30,REMOVE,KPRMILL,https://niftyindices.com/Press_Release/ind_prs23022021.pdf,press_release,UPSTREAM_EXPLICIT,closed by ind_prs01092022.pdf
NIFTYSMALLCAP250,2022-09-30,ADD,MAHLIFE,https://niftyindices.com/Press_Release/ind_prs01092022.pdf,press_release,UPSTREAM_EXPLICIT,closed by ind_prs21022025.pdf
NIFTYSMALLCAP250,2022-09-30,ADD,MANAPPURAM,https://niftyindices.com/Press_Release/ind_prs01092022.pdf,press_release,UPSTREAM_EXPLICIT,
NIFTYSMALLCAP250,2022-09-30,ADD,METROPOLIS,https://niftyindices.com/Press_Release/ind_prs01092022.pdf,press_release,UPSTREAM_EXPLICIT,closed by ind_prs23022026.pdf
NIFTYSMALLCAP250,2022-09-30,REMOVE,NESCO,https://niftyindices.com/Press_Release/ind_prs21022018.pdf,press_release,UPSTREAM_EXPLICIT,closed by ind_prs01092022.pdf
NIFTYSMALLCAP250,2022-09-30,ADD,NIITLTD,https://niftyindices.com/Press_Release/ind_prs01092022.pdf,press_release,UPSTREAM_EXPLICIT,closed by ind_prs06122022.pdf
NIFTYSMALLCAP250,2022-09-30,ADD,NUVOCO,https://niftyindices.com/Press_Release/ind_prs01092022.pdf,press_release,UPSTREAM_EXPLICIT,closed by ind_prs21022025.pdf
NIFTYSMALLCAP250,2022-09-30,ADD,OLECTRA,https://niftyindices.com/Press_Release/ind_prs01092022.pdf,press_release,UPSTREAM_EXPLICIT,
NIFTYSMALLCAP250,2022-09-30,REMOVE,POONAWALLA,https://niftyindices.com/Press_Release/ind_prs15092021.pdf,press_release,UPSTREAM_EXPLICIT,closed by ind_prs01092022.pdf
NIFTYSMALLCAP250,2022-09-30,REMOVE,RAILTEL,https://niftyindices.com/Press_Release/ind_prs15092021.pdf,press_release,UPSTREAM_EXPLICIT,closed by ind_prs01092022.pdf
NIFTYSMALLCAP250,2022-09-30,ADD,RAYMOND,https://niftyindices.com/Press_Release/ind_prs01092022.pdf,press_release,UPSTREAM_EXPLICIT,closed by ind_prs22082025.pdf
NIFTYSMALLCAP250,2022-09-30,REMOVE,SEQUENT,https://niftyindices.com/Press_Release/ind_prs10062020.pdf,press_release,UPSTREAM_EXPLICIT,closed by ind_prs01092022.pdf
NIFTYSMALLCAP250,2022-09-30,ADD,SHARDACROP,https://niftyindices.com/Press_Release/ind_prs01092022.pdf,press_release,UPSTREAM_EXPLICIT,closed by ind_prs28022024.pdf
NIFTYSMALLCAP250,2022-09-30,ADD,SHOPERSTOP,https://niftyindices.com/Press_Release/ind_prs16092022.pdf,press_release,UPSTREAM_EXPLICIT,closed by ind_prs28022024.pdf
NIFTYSMALLCAP250,2022-09-30,REMOVE,SOLARA,https://niftyindices.com/Press_Release/ind_prs20082020.pdf,press_release,UPSTREAM_EXPLICIT,closed by ind_prs01092022.pdf
NIFTYSMALLCAP250,2022-09-30,REMOVE,SPICEJET,https://niftyindices.com/Press_Release/ind_prs16122019.pdf,press_release,UPSTREAM_EXPLICIT,closed by ind_prs01092022.pdf
NIFTYSMALLCAP250,2022-09-30,REMOVE,STAR,https://niftyindices.com/Press_Release/ind_prs28082018.pdf,press_release,UPSTREAM_EXPLICIT,closed by ind_prs01092022.pdf
NIFTYSMALLCAP250,2022-09-30,REMOVE,SUVENPHAR,https://niftyindices.com/Press_Release/ind_prs24022022_1.pdf,press_release,UPSTREAM_EXPLICIT,"inferred-exclude: not in NSE current snapshot, no PR found (closed at next semi-annual review)"
NIFTYSMALLCAP250,2022-09-30,ADD,SWANENERGY,https://niftyindices.com/Press_Release/ind_prs01092022.pdf,press_release,UPSTREAM_EXPLICIT,"inferred-exclude: not in NSE current snapshot, no PR found (closed at next semi-annual review)"
NIFTYSMALLCAP250,2022-09-30,REMOVE,TATASTLLP,https://niftyindices.com/Press_Release/ind_prs15092021.pdf,press_release,UPSTREAM_EXPLICIT,closed by ind_prs01092022.pdf
NIFTYSMALLCAP250,2022-09-30,ADD,TCI,https://niftyindices.com/Press_Release/ind_prs01092022.pdf,press_release,UPSTREAM_EXPLICIT,closed by ind_prs17082023.pdf
NIFTYSMALLCAP250,2022-09-30,ADD,TEJASNET,https://niftyindices.com/Press_Release/ind_prs01092022.pdf,press_release,UPSTREAM_EXPLICIT,
NIFTYSMALLCAP250,2022-09-30,REMOVE,UCOBANK,https://niftyindices.com/Press_Release/ind_prs20082020.pdf,press_release,UPSTREAM_EXPLICIT,closed by ind_prs01092022.pdf
NIFTYSMALLCAP250,2022-09-30,REMOVE,VAKRANGEE,https://niftyindices.com/Press_Release/ind_prs25022019.pdf,press_release,UPSTREAM_EXPLICIT,closed by ind_prs01092022.pdf
NIFTYSMALLCAP250,2022-09-30,REMOVE,VENKEYS,https://niftyindices.com/Press_Release/ind_prs28082018.pdf,press_release,UPSTREAM_EXPLICIT,closed by ind_prs01092022.pdf
NIFTYSMALLCAP250,2022-12-30,REMOVE,ALLCARGO,https://niftyindices.com/Press_Release/ind_prs24022022_1.pdf,press_release,UPSTREAM_EXPLICIT,closed by ind_prs06122022.pdf
NIFTYSMALLCAP250,2022-12-30,ADD,BEML,https://niftyindices.com/Press_Release/ind_prs06122022.pdf,press_release,UPSTREAM_EXPLICIT,
NIFTYSMALLCAP250,2022-12-30,ADD,LEMONTREE,https://niftyindices.com/Press_Release/ind_prs06122022.pdf,press_release,UPSTREAM_EXPLICIT,
NIFTYSMALLCAP250,2022-12-30,REMOVE,NIITLTD,https://niftyindices.com/Press_Release/ind_prs01092022.pdf,press_release,UPSTREAM_EXPLICIT,closed by ind_prs06122022.pdf
NIFTYSMALLCAP250,2022-12-30,ADD,RAINBOW,https://niftyindices.com/Press_Release/ind_prs22122022.pdf,press_release,UPSTREAM_EXPLICIT,
NIFTYSMALLCAP250,2022-12-30,REMOVE,SAREGAMA,https://niftyindices.com/Press_Release/ind_prs24022022_1.pdf,press_release,UPSTREAM_EXPLICIT,closed by ind_prs22122022.pdf
NIFTYSMALLCAP250,2022-12-30,REMOVE,SCI,https://niftyindices.com/Press_Release/ind_prs10062020.pdf,press_release,UPSTREAM_EXPLICIT,closed by ind_prs06122022.pdf
NIFTYSMALLCAP250,2022-12-30,ADD,UCOBANK,https://niftyindices.com/Press_Release/ind_prs06122022.pdf,press_release,UPSTREAM_EXPLICIT,closed by ind_prs22082025.pdf
NIFTYSMALLCAP250,2023-02-06,ADD,PVRINOX,https://www.nseindia.com/companies-listing/corporate-filings-actions,merger,UPSTREAM_EXPLICIT,
NIFTYSMALLCAP250,2023-02-17,ADD,PPLPHARMA,https://niftyindices.com/Press_Release/ind_prs09022023_1.pdf,press_release,UPSTREAM_EXPLICIT,
NIFTYSMALLCAP250,2023-03-31,REMOVE,ABSLAMC,https://niftyindices.com/Press_Release/ind_prs24022022_1.pdf,press_release,UPSTREAM_EXPLICIT,closed by ind_prs17022023_1.pdf
NIFTYSMALLCAP250,2023-03-31,ADD,ACI,https://niftyindices.com/Press_Release/ind_prs17022023_1.pdf,press_release,UPSTREAM_EXPLICIT,closed by ind_prs21022025.pdf
NIFTYSMALLCAP250,2023-03-31,REMOVE,ALOKINDS,https://niftyindices.com/Press_Release/ind_prs20082020.pdf,press_release,UPSTREAM_EXPLICIT,closed by ind_prs17022023_1.pdf
NIFTYSMALLCAP250,2023-03-31,ADD,APARINDS,https://niftyindices.com/Press_Release/ind_prs17022023_1.pdf,press_release,UPSTREAM_EXPLICIT,closed by ind_prs21022025.pdf
NIFTYSMALLCAP250,2023-03-31,ADD,APLLTD,https://niftyindices.com/Press_Release/ind_prs17022023_1.pdf,press_release,UPSTREAM_EXPLICIT,closed by ind_prs23022026.pdf
NIFTYSMALLCAP250,2023-03-31,REMOVE,APOLLOTYRE,https://niftyindices.com/Press_Release/ind_prs01092022.pdf,press_release,UPSTREAM_EXPLICIT,closed by ind_prs17022023_1.pdf
NIFTYSMALLCAP250,2023-03-31,REMOVE,ASTRAZEN,https://niftyindices.com/Press_Release/ind_prs15092021.pdf,press_release,UPSTREAM_EXPLICIT,closed by ind_prs17022023_1.pdf
NIFTYSMALLCAP250,2023-03-31,REMOVE,BHARATRAS,https://niftyindices.com/Press_Release/ind_prs01092022.pdf,press_release,UPSTREAM_EXPLICIT,closed by ind_prs17022023_1.pdf
NIFTYSMALLCAP250,2023-03-31,ADD,BIKAJI,https://niftyindices.com/Press_Release/ind_prs17022023_1.pdf,press_release,UPSTREAM_EXPLICIT,
NIFTYSMALLCAP250,2023-03-31,ADD,BLS,https://niftyindices.com/Press_Release/ind_prs17022023_1.pdf,press_release,UPSTREAM_EXPLICIT,
NIFTYSMALLCAP250,2023-03-31,ADD,CRAFTSMAN,https://niftyindices.com/Press_Release/ind_prs17022023_1.pdf,press_release,UPSTREAM_EXPLICIT,
NIFTYSMALLCAP250,2023-03-31,ADD,DATAPATTNS,https://niftyindices.com/Press_Release/ind_prs17022023_1.pdf,press_release,UPSTREAM_EXPLICIT,
NIFTYSMALLCAP250,2023-03-31,REMOVE,DBL,https://niftyindices.com/Press_Release/ind_prs28082019.pdf,press_release,UPSTREAM_EXPLICIT,closed by ind_prs17022023_1.pdf
NIFTYSMALLCAP250,2023-03-31,REMOVE,DHANI,https://niftyindices.com/Press_Release/ind_prs24022022_1.pdf,press_release,UPSTREAM_EXPLICIT,closed by ind_prs17022023_1.pdf
NIFTYSMALLCAP250,2023-03-31,REMOVE,FINEORG,https://niftyindices.com/Press_Release/ind_prs25022019.pdf,press_release,UPSTREAM_EXPLICIT,closed by ind_prs17022023_1.pdf
NIFTYSMALLCAP250,2023-03-31,ADD,FIVESTAR,https://niftyindices.com/Press_Release/ind_prs17022023_1.pdf,press_release,UPSTREAM_EXPLICIT,
NIFTYSMALLCAP250,2023-03-31,ADD,GSPL,https://niftyindices.com/Press_Release/ind_prs17022023_1.pdf,press_release,UPSTREAM_EXPLICIT,closed by ind_prs04052026.pdf
NIFTYSMALLCAP250,2023-03-31,ADD,IEX,https://niftyindices.com/Press_Release/ind_prs17022023_1.pdf,press_release,UPSTREAM_EXPLICIT,
NIFTYSMALLCAP250,2023-03-31,ADD,INDIAMART,https://niftyindices.com/Press_Release/ind_prs17022023_1.pdf,press_release,UPSTREAM_EXPLICIT,
NIFTYSMALLCAP250,2023-03-31,REMOVE,INDOCO,https://niftyindices.com/Press_Release/ind_prs10062020.pdf,press_release,UPSTREAM_EXPLICIT,closed by ind_prs17022023_1.pdf
NIFTYSMALLCAP250,2023-03-31,ADD,INGERRAND,https://niftyindices.com/Press_Release/ind_prs17022023_1.pdf,press_release,UPSTREAM_EXPLICIT,closed by ind_prs28022024.pdf
NIFTYSMALLCAP250,2023-03-31,ADD,JINDWORLD,https://niftyindices.com/Press_Release/ind_prs17022023_1.pdf,press_release,UPSTREAM_EXPLICIT,closed by ind_prs17082023.pdf
NIFTYSMALLCAP250,2023-03-31,ADD,KENNAMET,https://niftyindices.com/Press_Release/ind_prs17022023_1.pdf,press_release,UPSTREAM_EXPLICIT,closed by ind_prs17082023.pdf
NIFTYSMALLCAP250,2023-03-31,ADD,KFINTECH,https://niftyindices.com/Press_Release/ind_prs17022023_1.pdf,press_release,UPSTREAM_EXPLICIT,
NIFTYSMALLCAP250,2023-03-31,ADD,KSB,https://niftyindices.com/Press_Release/ind_prs17022023_1.pdf,press_release,UPSTREAM_EXPLICIT,closed by ind_prs21022025.pdf
NIFTYSMALLCAP250,2023-03-31,ADD,MEDANTA,https://niftyindices.com/Press_Release/ind_prs17022023_1.pdf,press_release,UPSTREAM_EXPLICIT,closed by ind_prs23082024.pdf
NIFTYSMALLCAP250,2023-03-31,REMOVE,METROBRAND,https://niftyindices.com/Press_Release/ind_prs24022022_1.pdf,press_release,UPSTREAM_EXPLICIT,closed by ind_prs17022023_1.pdf
NIFTYSMALLCAP250,2023-03-31,ADD,MFL,https://niftyindices.com/Press_Release/ind_prs17022023_1.pdf,press_release,UPSTREAM_EXPLICIT,"inferred-exclude: not in NSE current snapshot, no PR found (closed at next semi-annual review)"
NIFTYSMALLCAP250,2023-03-31,ADD,NATCOPHARM,https://niftyindices.com/Press_Release/ind_prs17022023_1.pdf,press_release,UPSTREAM_EXPLICIT,
NIFTYSMALLCAP250,2023-03-31,ADD,NATIONALUM,https://niftyindices.com/Press_Release/ind_prs17022023_1.pdf,press_release,UPSTREAM_EXPLICIT,closed by ind_prs21022025.pdf
NIFTYSMALLCAP250,2023-03-31,REMOVE,PGHL,https://niftyindices.com/Press_Release/ind_prs15092021.pdf,press_release,UPSTREAM_EXPLICIT,closed by ind_prs17022023_1.pdf
NIFTYSMALLCAP250,2023-03-31,REMOVE,PRIVISCL,https://niftyindices.com/Press_Release/ind_prs24022022_1.pdf,press_release,UPSTREAM_EXPLICIT,closed by ind_prs17022023_1.pdf
NIFTYSMALLCAP250,2023-03-31,ADD,RUSTOMJEE,https://niftyindices.com/Press_Release/ind_prs17022023_1.pdf,press_release,UPSTREAM_EXPLICIT,closed by ind_prs17082023.pdf
NIFTYSMALLCAP250,2023-03-31,ADD,SANOFI,https://niftyindices.com/Press_Release/ind_prs17022023_1.pdf,press_release,UPSTREAM_EXPLICIT,closed by ind_prs21022025.pdf
NIFTYSMALLCAP250,2023-03-31,REMOVE,SFL,https://niftyindices.com/Press_Release/ind_prs23022021.pdf,press_release,UPSTREAM_EXPLICIT,closed by ind_prs17022023_1.pdf
NIFTYSMALLCAP250,2023-03-31,REMOVE,SHILPAMED,https://niftyindices.com/Press_Release/ind_prs20082020.pdf,press_release,UPSTREAM_EXPLICIT,closed by ind_prs17022023_1.pdf
NIFTYSMALLCAP250,2023-03-31,REMOVE,SIS,https://niftyindices.com/Press_Release/ind_prs21022018.pdf,press_release,UPSTREAM_EXPLICIT,closed by ind_prs17022023_1.pdf
NIFTYSMALLCAP250,2023-03-31,REMOVE,SUDARSCHEM,https://niftyindices.com/Press_Release/ind_prs16022017.pdf,press_release,UPSTREAM_EXPLICIT,closed by ind_prs17022023_1.pdf
NIFTYSMALLCAP250,2023-03-31,REMOVE,SWANENERGY,https://niftyindices.com/Press_Release/ind_prs01092022.pdf,press_release,UPSTREAM_EXPLICIT,"inferred-exclude: not in NSE current snapshot, no PR found (closed at next semi-annual review)"
NIFTYSMALLCAP250,2023-03-31,REMOVE,SYMPHONY,https://niftyindices.com/Press_Release/ind_prs23022021.pdf,press_release,UPSTREAM_EXPLICIT,closed by ind_prs17022023_1.pdf
NIFTYSMALLCAP250,2023-03-31,REMOVE,THYROCARE,https://niftyindices.com/Press_Release/ind_prs16022017.pdf,press_release,UPSTREAM_EXPLICIT,closed by ind_prs17022023_1.pdf
NIFTYSMALLCAP250,2023-03-31,ADD,TMB,https://niftyindices.com/Press_Release/ind_prs17022023_1.pdf,press_release,UPSTREAM_EXPLICIT,closed by ind_prs17082023.pdf
NIFTYSMALLCAP250,2023-03-31,REMOVE,WOCKPHARMA,https://niftyindices.com/Press_Release/ind_prs28082018.pdf,press_release,UPSTREAM_EXPLICIT,closed by ind_prs17022023_1.pdf
NIFTYSMALLCAP250,2023-04-28,REMOVE,EDELWEISS,https://niftyindices.com/Press_Release/ind_prs23022021.pdf,press_release,UPSTREAM_EXPLICIT,closed by ind_prs19042023_1.pdf
NIFTYSMALLCAP250,2023-04-28,ADD,ERIS,https://niftyindices.com/Press_Release/ind_prs19042023_1.pdf,press_release,UPSTREAM_EXPLICIT,
NIFTYSMALLCAP250,2023-04-28,ADD,NSLNISP,https://niftyindices.com/Press_Release/ind_prs19042023_1.pdf,press_release,UPSTREAM_EXPLICIT,
NIFTYSMALLCAP250,2023-09-29,ADD,AAVAS,https://niftyindices.com/Press_Release/ind_prs17082023.pdf,press_release,UPSTREAM_EXPLICIT,
NIFTYSMALLCAP250,2023-09-29,ADD,AFFLE,https://niftyindices.com/Press_Release/ind_prs17082023.pdf,press_release,UPSTREAM_EXPLICIT,
NIFTYSMALLCAP250,2023-09-29,ADD,ALKYLAMINE,https://niftyindices.com/Press_Release/ind_prs17082023.pdf,press_release,UPSTREAM_EXPLICIT,closed by ind_prs23022026.pdf
NIFTYSMALLCAP250,2023-09-29,ADD,ALLCARGO,https://niftyindices.com/Press_Release/ind_prs17082023.pdf,press_release,UPSTREAM_EXPLICIT,closed by ind_prs23082024.pdf
NIFTYSMALLCAP250,2023-09-29,ADD,ALOKINDS,https://niftyindices.com/Press_Release/ind_prs17082023.pdf,press_release,UPSTREAM_EXPLICIT,closed by ind_prs23022026.pdf
NIFTYSMALLCAP250,2023-09-29,REMOVE,BDL,https://niftyindices.com/Press_Release/ind_prs01082018.pdf,press_release,UPSTREAM_EXPLICIT,closed by ind_prs17082023.pdf
NIFTYSMALLCAP250,2023-09-29,ADD,CLEAN,https://niftyindices.com/Press_Release/ind_prs17082023.pdf,press_release,UPSTREAM_EXPLICIT,
NIFTYSMALLCAP250,2023-09-29,REMOVE,FACT,https://niftyindices.com/Press_Release/ind_prs15092021.pdf,press_release,UPSTREAM_EXPLICIT,closed by ind_prs17082023.pdf
NIFTYSMALLCAP250,2023-09-29,ADD,FINEORG,https://niftyindices.com/Press_Release/ind_prs17082023.pdf,press_release,UPSTREAM_EXPLICIT,closed by ind_prs21022025.pdf
NIFTYSMALLCAP250,2023-09-29,REMOVE,GARFIBRES,https://niftyindices.com/Press_Release/ind_prs28082019.pdf,press_release,UPSTREAM_EXPLICIT,closed by ind_prs17082023.pdf
NIFTYSMALLCAP250,2023-09-29,ADD,GILLETTE,https://niftyindices.com/Press_Release/ind_prs17082023.pdf,press_release,UPSTREAM_EXPLICIT,
NIFTYSMALLCAP250,2023-09-29,ADD,GLS,https://niftyindices.com/Press_Release/ind_prs17082023.pdf,press_release,UPSTREAM_EXPLICIT,closed by ind_prs23082024.pdf
NIFTYSMALLCAP250,2023-09-29,REMOVE,GODREJAGRO,https://niftyindices.com/Press_Release/ind_prs15092021.pdf,press_release,UPSTREAM_EXPLICIT,closed by ind_prs17082023.pdf
NIFTYSMALLCAP250,2023-09-29,ADD,GPIL,https://niftyindices.com/Press_Release/ind_prs17082023.pdf,press_release,UPSTREAM_EXPLICIT,
NIFTYSMALLCAP250,2023-09-29,REMOVE,GREENPANEL,https://niftyindices.com/Press_Release/ind_prs01092022.pdf,press_release,UPSTREAM_EXPLICIT,closed by ind_prs17082023.pdf
NIFTYSMALLCAP250,2023-09-29,ADD,HAPPSTMNDS,https://niftyindices.com/Press_Release/ind_prs17082023.pdf,press_release,UPSTREAM_EXPLICIT,closed by ind_prs23022026.pdf
NIFTYSMALLCAP250,2023-09-29,REMOVE,HGS,https://niftyindices.com/Press_Release/ind_prs15092021.pdf,press_release,UPSTREAM_EXPLICIT,closed by ind_prs17082023.pdf
NIFTYSMALLCAP250,2023-09-29,REMOVE,HIKAL,https://niftyindices.com/Press_Release/ind_prs15092021.pdf,press_release,UPSTREAM_EXPLICIT,closed by ind_prs17082023.pdf
NIFTYSMALLCAP250,2023-09-29,REMOVE,IBREALEST,https://niftyindices.com/Press_Release/ind_prs28082018.pdf,press_release,UPSTREAM_EXPLICIT,closed by ind_prs17082023.pdf
NIFTYSMALLCAP250,2023-09-29,REMOVE,IFBIND,https://niftyindices.com/Press_Release/ind_prs28082017.pdf,press_release,UPSTREAM_EXPLICIT,closed by ind_prs17082023.pdf
NIFTYSMALLCAP250,2023-09-29,ADD,IRCON,https://niftyindices.com/Press_Release/ind_prs17082023.pdf,press_release,UPSTREAM_EXPLICIT,
NIFTYSMALLCAP250,2023-09-29,ADD,JINDALSAW,https://niftyindices.com/Press_Release/ind_prs17082023.pdf,press_release,UPSTREAM_EXPLICIT,
NIFTYSMALLCAP250,2023-09-29,REMOVE,JINDWORLD,https://niftyindices.com/Press_Release/ind_prs17022023_1.pdf,press_release,UPSTREAM_EXPLICIT,closed by ind_prs17082023.pdf
NIFTYSMALLCAP250,2023-09-29,REMOVE,JSL,https://niftyindices.com/Press_Release/ind_prs28082017.pdf,press_release,UPSTREAM_EXPLICIT,closed by ind_prs17082023.pdf
NIFTYSMALLCAP250,2023-09-29,ADD,KAYNES,https://niftyindices.com/Press_Release/ind_prs17082023.pdf,press_release,UPSTREAM_EXPLICIT,
NIFTYSMALLCAP250,2023-09-29,REMOVE,KENNAMET,https://niftyindices.com/Press_Release/ind_prs17022023_1.pdf,press_release,UPSTREAM_EXPLICIT,closed by ind_prs17082023.pdf
NIFTYSMALLCAP250,2023-09-29,ADD,KIRLFER,https://niftyindices.com/Press_Release/ind_prs17082023.pdf,press_release,UPSTREAM_EXPLICIT,closed by ind_prs17102023.pdf
NIFTYSMALLCAP250,2023-09-29,REMOVE,KPITTECH,https://niftyindices.com/Press_Release/ind_prs23022021.pdf,press_release,UPSTREAM_EXPLICIT,closed by ind_prs17082023.pdf
NIFTYSMALLCAP250,2023-09-29,REMOVE,MAHABANK,https://niftyindices.com/Press_Release/ind_prs25022019.pdf,press_release,UPSTREAM_EXPLICIT,closed by ind_prs17082023.pdf
NIFTYSMALLCAP250,2023-09-29,REMOVE,MAHLOG,https://niftyindices.com/Press_Release/ind_prs28082018.pdf,press_release,UPSTREAM_EXPLICIT,closed by ind_prs17082023.pdf
NIFTYSMALLCAP250,2023-09-29,REMOVE,MAZDOCK,https://niftyindices.com/Press_Release/ind_prs23022021.pdf,press_release,UPSTREAM_EXPLICIT,closed by ind_prs17082023.pdf
NIFTYSMALLCAP250,2023-09-29,ADD,MINDACORP,https://niftyindices.com/Press_Release/ind_prs17082023.pdf,press_release,UPSTREAM_EXPLICIT,
NIFTYSMALLCAP250,2023-09-29,ADD,NAM-INDIA,https://niftyindices.com/Press_Release/ind_prs17082023.pdf,press_release,UPSTREAM_EXPLICIT,closed by ind_prs23082024.pdf
NIFTYSMALLCAP250,2023-09-29,REMOVE,NOCIL,https://niftyindices.com/Press_Release/ind_prs07092020.pdf,press_release,UPSTREAM_EXPLICIT,closed by ind_prs17082023.pdf
NIFTYSMALLCAP250,2023-09-29,ADD,PGHL,https://niftyindices.com/Press_Release/ind_prs17082023.pdf,press_release,UPSTREAM_EXPLICIT,closed by ind_prs28022024.pdf
NIFTYSMALLCAP250,2023-09-29,REMOVE,RUSTOMJEE,https://niftyindices.com/Press_Release/ind_prs17022023_1.pdf,press_release,UPSTREAM_EXPLICIT,closed by ind_prs17082023.pdf
NIFTYSMALLCAP250,2023-09-29,REMOVE,RVNL,https://niftyindices.com/Press_Release/ind_prs28082019.pdf,press_release,UPSTREAM_EXPLICIT,closed by ind_prs17082023.pdf
NIFTYSMALLCAP250,2023-09-29,ADD,SAFARI,https://niftyindices.com/Press_Release/ind_prs17082023.pdf,press_release,UPSTREAM_EXPLICIT,closed by ind_prs23082024.pdf
NIFTYSMALLCAP250,2023-09-29,ADD,SAREGAMA,https://niftyindices.com/Press_Release/ind_prs17082023.pdf,press_release,UPSTREAM_EXPLICIT,
NIFTYSMALLCAP250,2023-09-29,ADD,SFL,https://niftyindices.com/Press_Release/ind_prs17082023.pdf,press_release,UPSTREAM_EXPLICIT,closed by ind_prs28022024.pdf
NIFTYSMALLCAP250,2023-09-29,ADD,SYMPHONY,https://niftyindices.com/Press_Release/ind_prs17082023.pdf,press_release,UPSTREAM_EXPLICIT,closed by ind_prs28022024.pdf
NIFTYSMALLCAP250,2023-09-29,ADD,SYRMA,https://niftyindices.com/Press_Release/ind_prs17082023.pdf,press_release,UPSTREAM_EXPLICIT,
NIFTYSMALLCAP250,2023-09-29,REMOVE,TCI,https://niftyindices.com/Press_Release/ind_prs01092022.pdf,press_release,UPSTREAM_EXPLICIT,closed by ind_prs17082023.pdf
NIFTYSMALLCAP250,2023-09-29,REMOVE,TCIEXP,https://niftyindices.com/Press_Release/ind_prs28082019.pdf,press_release,UPSTREAM_EXPLICIT,closed by ind_prs17082023.pdf
NIFTYSMALLCAP250,2023-09-29,REMOVE,TCNSBRANDS,https://niftyindices.com/Press_Release/ind_prs25022019.pdf,press_release,UPSTREAM_EXPLICIT,closed by ind_prs17082023.pdf
NIFTYSMALLCAP250,2023-09-29,REMOVE,TMB,https://niftyindices.com/Press_Release/ind_prs17022023_1.pdf,press_release,UPSTREAM_EXPLICIT,closed by ind_prs17082023.pdf
NIFTYSMALLCAP250,2023-09-29,ADD,TTML,https://niftyindices.com/Press_Release/ind_prs17082023.pdf,press_release,UPSTREAM_EXPLICIT,
NIFTYSMALLCAP250,2023-09-29,ADD,UJJIVANSFB,https://niftyindices.com/Press_Release/ind_prs17082023.pdf,press_release,UPSTREAM_EXPLICIT,closed by ind_prs21022025.pdf
NIFTYSMALLCAP250,2023-09-29,ADD,USHAMART,https://niftyindices.com/Press_Release/ind_prs17082023.pdf,press_release,UPSTREAM_EXPLICIT,
NIFTYSMALLCAP250,2023-09-30,REMOVE,MFL,https://niftyindices.com/Press_Release/ind_prs17022023_1.pdf,press_release,UPSTREAM_EXPLICIT,"inferred-exclude: not in NSE current snapshot, no PR found (closed at next semi-annual review)"
NIFTYSMALLCAP250,2023-10-26,ADD,CONCORDBIO,https://niftyindices.com/Press_Release/ind_prs17102023.pdf,press_release,UPSTREAM_EXPLICIT,
NIFTYSMALLCAP250,2023-10-26,REMOVE,KIRLFER,https://niftyindices.com/Press_Release/ind_prs17082023.pdf,press_release,UPSTREAM_EXPLICIT,closed by ind_prs17102023.pdf
NIFTYSMALLCAP250,2024-03-28,REMOVE,AARTIDRUGS,https://niftyindices.com/Press_Release/ind_prs20082020.pdf,press_release,UPSTREAM_EXPLICIT,closed by ind_prs28022024.pdf
NIFTYSMALLCAP250,2024-03-28,ADD,AARTIIND,https://niftyindices.com/Press_Release/ind_prs28022024.pdf,press_release,UPSTREAM_EXPLICIT,
NIFTYSMALLCAP250,2024-03-28,ADD,ACE,https://niftyindices.com/Press_Release/ind_prs28022024.pdf,press_release,UPSTREAM_EXPLICIT,
NIFTYSMALLCAP250,2024-03-28,ADD,ANANDRATHI,https://niftyindices.com/Press_Release/ind_prs28022024.pdf,press_release,UPSTREAM_EXPLICIT,
NIFTYSMALLCAP250,2024-03-28,ADD,ASTRAZEN,https://niftyindices.com/Press_Release/ind_prs28022024.pdf,press_release,UPSTREAM_EXPLICIT,closed by ind_prs23022026.pdf
NIFTYSMALLCAP250,2024-03-28,REMOVE,BCG,https://niftyindices.com/Press_Release/ind_prs24022022_1.pdf,press_release,UPSTREAM_EXPLICIT,closed by ind_prs28022024.pdf
NIFTYSMALLCAP250,2024-03-28,ADD,BLUEDART,https://niftyindices.com/Press_Release/ind_prs28022024.pdf,press_release,UPSTREAM_EXPLICIT,
NIFTYSMALLCAP250,2024-03-28,REMOVE,BSE,https://niftyindices.com/Press_Release/ind_prs28082017.pdf,press_release,UPSTREAM_EXPLICIT,closed by ind_prs19032024.pdf
NIFTYSMALLCAP250,2024-03-28,ADD,CAPLIPOINT,https://niftyindices.com/Press_Release/ind_prs28022024.pdf,press_release,UPSTREAM_EXPLICIT,
NIFTYSMALLCAP250,2024-03-28,ADD,CELLO,https://niftyindices.com/Press_Release/ind_prs28022024.pdf,press_release,UPSTREAM_EXPLICIT,closed by ind_prs21022025.pdf
NIFTYSMALLCAP250,2024-03-28,ADD,CHENNPETRO,https://niftyindices.com/Press_Release/ind_prs28022024.pdf,press_release,UPSTREAM_EXPLICIT,
NIFTYSMALLCAP250,2024-03-28,ADD,CROMPTON,https://niftyindices.com/Press_Release/ind_prs28022024.pdf,press_release,UPSTREAM_EXPLICIT,
NIFTYSMALLCAP250,2024-03-28,ADD,DOMS,https://niftyindices.com/Press_Release/ind_prs28022024.pdf,press_release,UPSTREAM_EXPLICIT,
NIFTYSMALLCAP250,2024-03-28,ADD,ELECON,https://niftyindices.com/Press_Release/ind_prs28022024.pdf,press_release,UPSTREAM_EXPLICIT,
NIFTYSMALLCAP250,2024-03-28,REMOVE,GALAXYSURF,https://niftyindices.com/Press_Release/ind_prs28082018.pdf,press_release,UPSTREAM_EXPLICIT,closed by ind_prs28022024.pdf
NIFTYSMALLCAP250,2024-03-28,ADD,GMDCLTD,https://niftyindices.com/Press_Release/ind_prs28022024.pdf,press_release,UPSTREAM_EXPLICIT,
NIFTYSMALLCAP250,2024-03-28,REMOVE,GOCOLORS,https://niftyindices.com/Press_Release/ind_prs24022022_1.pdf,press_release,UPSTREAM_EXPLICIT,closed by ind_prs28022024.pdf
NIFTYSMALLCAP250,2024-03-28,REMOVE,GRINFRA,https://niftyindices.com/Press_Release/ind_prs24022022_1.pdf,press_release,UPSTREAM_EXPLICIT,closed by ind_prs28022024.pdf
NIFTYSMALLCAP250,2024-03-28,ADD,GRSE,https://niftyindices.com/Press_Release/ind_prs28022024.pdf,press_release,UPSTREAM_EXPLICIT,
NIFTYSMALLCAP250,2024-03-28,REMOVE,GUJALKALI,https://niftyindices.com/Press_Release/ind_prs16022017.pdf,press_release,UPSTREAM_EXPLICIT,closed by ind_prs28022024.pdf
NIFTYSMALLCAP250,2024-03-28,ADD,HAPPYFORGE,https://niftyindices.com/Press_Release/ind_prs28022024.pdf,press_release,UPSTREAM_EXPLICIT,closed by ind_prs23082024.pdf
NIFTYSMALLCAP250,2024-03-28,ADD,HBLPOWER,https://niftyindices.com/Press_Release/ind_prs28022024.pdf,press_release,UPSTREAM_EXPLICIT,"inferred-exclude: not in NSE current snapshot, no PR found (closed at next semi-annual review)"
NIFTYSMALLCAP250,2024-03-28,REMOVE,HLEGLAS,https://niftyindices.com/Press_Release/ind_prs24022022_1.pdf,press_release,UPSTREAM_EXPLICIT,closed by ind_prs28022024.pdf
NIFTYSMALLCAP250,2024-03-28,ADD,HONASA,https://niftyindices.com/Press_Release/ind_prs28022024.pdf,press_release,UPSTREAM_EXPLICIT,
NIFTYSMALLCAP250,2024-03-28,ADD,HSCL,https://niftyindices.com/Press_Release/ind_prs28022024.pdf,press_release,UPSTREAM_EXPLICIT,
NIFTYSMALLCAP250,2024-03-28,REMOVE,IDBI,https://niftyindices.com/Press_Release/ind_prs01092022.pdf,press_release,UPSTREAM_EXPLICIT,closed by ind_prs28022024.pdf
NIFTYSMALLCAP250,2024-03-28,REMOVE,INFIBEAM,https://niftyindices.com/Press_Release/ind_prs22042021.pdf,press_release,UPSTREAM_EXPLICIT,closed by ind_prs28022024.pdf
NIFTYSMALLCAP250,2024-03-28,REMOVE,INGERRAND,https://niftyindices.com/Press_Release/ind_prs17022023_1.pdf,press_release,UPSTREAM_EXPLICIT,closed by ind_prs28022024.pdf
NIFTYSMALLCAP250,2024-03-28,ADD,INOXWIND,https://niftyindices.com/Press_Release/ind_prs28022024.pdf,press_release,UPSTREAM_EXPLICIT,
NIFTYSMALLCAP250,2024-03-28,ADD,J&KBANK,https://niftyindices.com/Press_Release/ind_prs28022024.pdf,press_release,UPSTREAM_EXPLICIT,
NIFTYSMALLCAP250,2024-03-28,ADD,JAIBALAJI,https://niftyindices.com/Press_Release/ind_prs28022024.pdf,press_release,UPSTREAM_EXPLICIT,closed by ind_prs23082024.pdf
NIFTYSMALLCAP250,2024-03-28,REMOVE,JAMNAAUTO,https://niftyindices.com/Press_Release/ind_prs25022019.pdf,press_release,UPSTREAM_EXPLICIT,closed by ind_prs28022024.pdf
NIFTYSMALLCAP250,2024-03-28,ADD,JWL,https://niftyindices.com/Press_Release/ind_prs28022024.pdf,press_release,UPSTREAM_EXPLICIT,
NIFTYSMALLCAP250,2024-03-28,REMOVE,KALYANKJIL,https://niftyindices.com/Press_Release/ind_prs15092021.pdf,press_release,UPSTREAM_EXPLICIT,closed by ind_prs28022024.pdf
NIFTYSMALLCAP250,2024-03-28,REMOVE,KEI,https://niftyindices.com/Press_Release/ind_prs25022019.pdf,press_release,UPSTREAM_EXPLICIT,closed by ind_prs28022024.pdf
NIFTYSMALLCAP250,2024-03-28,REMOVE,LUXIND,https://niftyindices.com/Press_Release/ind_prs28082018.pdf,press_release,UPSTREAM_EXPLICIT,closed by ind_prs28022024.pdf
NIFTYSMALLCAP250,2024-03-28,ADD,MAHSEAMLES,https://niftyindices.com/Press_Release/ind_prs28022024.pdf,press_release,UPSTREAM_EXPLICIT,closed by ind_prs23022026.pdf
NIFTYSMALLCAP250,2024-03-28,ADD,NAVINFLUOR,https://niftyindices.com/Press_Release/ind_prs28022024.pdf,press_release,UPSTREAM_EXPLICIT,
NIFTYSMALLCAP250,2024-03-28,REMOVE,NAZARA,https://niftyindices.com/Press_Release/ind_prs15092021.pdf,press_release,UPSTREAM_EXPLICIT,closed by ind_prs28022024.pdf
NIFTYSMALLCAP250,2024-03-28,ADD,NUVAMA,https://niftyindices.com/Press_Release/ind_prs28022024.pdf,press_release,UPSTREAM_EXPLICIT,
NIFTYSMALLCAP250,2024-03-28,REMOVE,ORIENTELEC,https://niftyindices.com/Press_Release/ind_prs25022019.pdf,press_release,UPSTREAM_EXPLICIT,closed by ind_prs28022024.pdf
NIFTYSMALLCAP250,2024-03-28,REMOVE,PGHL,https://niftyindices.com/Press_Release/ind_prs17082023.pdf,press_release,UPSTREAM_EXPLICIT,closed by ind_prs28022024.pdf
NIFTYSMALLCAP250,2024-03-28,REMOVE,POLYPLEX,https://niftyindices.com/Press_Release/ind_prs20082020.pdf,press_release,UPSTREAM_EXPLICIT,closed by ind_prs28022024.pdf
NIFTYSMALLCAP250,2024-03-28,ADD,RAILTEL,https://niftyindices.com/Press_Release/ind_prs28022024.pdf,press_release,UPSTREAM_EXPLICIT,
NIFTYSMALLCAP250,2024-03-28,ADD,RAJESHEXPO,https://niftyindices.com/Press_Release/ind_prs28022024.pdf,press_release,UPSTREAM_EXPLICIT,closed by ind_prs21022025.pdf
NIFTYSMALLCAP250,2024-03-28,ADD,RKFORGE,https://niftyindices.com/Press_Release/ind_prs28022024.pdf,press_release,UPSTREAM_EXPLICIT,
NIFTYSMALLCAP250,2024-03-28,REMOVE,ROSSARI,https://niftyindices.com/Press_Release/ind_prs23022021.pdf,press_release,UPSTREAM_EXPLICIT,closed by ind_prs28022024.pdf
NIFTYSMALLCAP250,2024-03-28,ADD,RRKABEL,https://niftyindices.com/Press_Release/ind_prs28022024.pdf,press_release,UPSTREAM_EXPLICIT,
NIFTYSMALLCAP250,2024-03-28,ADD,SBFC,https://niftyindices.com/Press_Release/ind_prs28022024.pdf,press_release,UPSTREAM_EXPLICIT,
NIFTYSMALLCAP250,2024-03-28,ADD,SCHNEIDER,https://niftyindices.com/Press_Release/ind_prs28022024.pdf,press_release,UPSTREAM_EXPLICIT,
NIFTYSMALLCAP250,2024-03-28,REMOVE,SFL,https://niftyindices.com/Press_Release/ind_prs17082023.pdf,press_release,UPSTREAM_EXPLICIT,closed by ind_prs28022024.pdf
NIFTYSMALLCAP250,2024-03-28,REMOVE,SHARDACROP,https://niftyindices.com/Press_Release/ind_prs01092022.pdf,press_release,UPSTREAM_EXPLICIT,closed by ind_prs28022024.pdf
NIFTYSMALLCAP250,2024-03-28,REMOVE,SHOPERSTOP,https://niftyindices.com/Press_Release/ind_prs16092022.pdf,press_release,UPSTREAM_EXPLICIT,closed by ind_prs28022024.pdf
NIFTYSMALLCAP250,2024-03-28,ADD,SIGNATURE,https://niftyindices.com/Press_Release/ind_prs28022024.pdf,press_release,UPSTREAM_EXPLICIT,
NIFTYSMALLCAP250,2024-03-28,REMOVE,SJVN,https://niftyindices.com/Press_Release/ind_prs15092021.pdf,press_release,UPSTREAM_EXPLICIT,closed by ind_prs28022024.pdf
NIFTYSMALLCAP250,2024-03-28,REMOVE,SUPRAJIT,https://niftyindices.com/Press_Release/ind_prs25022019.pdf,press_release,UPSTREAM_EXPLICIT,closed by ind_prs28022024.pdf
NIFTYSMALLCAP250,2024-03-28,REMOVE,SUZLON,https://niftyindices.com/Press_Release/ind_prs28082018.pdf,press_release,UPSTREAM_EXPLICIT,closed by ind_prs28022024.pdf
NIFTYSMALLCAP250,2024-03-28,REMOVE,SYMPHONY,https://niftyindices.com/Press_Release/ind_prs17082023.pdf,press_release,UPSTREAM_EXPLICIT,closed by ind_prs28022024.pdf
NIFTYSMALLCAP250,2024-03-28,REMOVE,TEAMLEASE,https://niftyindices.com/Press_Release/ind_prs28082018.pdf,press_release,UPSTREAM_EXPLICIT,closed by ind_prs28022024.pdf
NIFTYSMALLCAP250,2024-03-28,ADD,TITAGARH,https://niftyindices.com/Press_Release/ind_prs28022024.pdf,press_release,UPSTREAM_EXPLICIT,
NIFTYSMALLCAP250,2024-03-28,ADD,TMB,https://niftyindices.com/Press_Release/ind_prs28022024.pdf,press_release,UPSTREAM_EXPLICIT,closed by ind_prs23082024.pdf
NIFTYSMALLCAP250,2024-03-28,ADD,TRIDENT,https://niftyindices.com/Press_Release/ind_prs28022024.pdf,press_release,UPSTREAM_EXPLICIT,
NIFTYSMALLCAP250,2024-03-28,REMOVE,TTKPRESTIG,https://niftyindices.com/Press_Release/ind_prs24022022_1.pdf,press_release,UPSTREAM_EXPLICIT,closed by ind_prs28022024.pdf
NIFTYSMALLCAP250,2024-03-28,ADD,TVSSCS,https://niftyindices.com/Press_Release/ind_prs28022024.pdf,press_release,UPSTREAM_EXPLICIT,closed by ind_prs21022025.pdf
NIFTYSMALLCAP250,2024-03-28,REMOVE,VMART,https://niftyindices.com/Press_Release/ind_prs28082018.pdf,press_release,UPSTREAM_EXPLICIT,closed by ind_prs28022024.pdf
NIFTYSMALLCAP250,2024-03-28,ADD,WHIRLPOOL,https://niftyindices.com/Press_Release/ind_prs28022024.pdf,press_release,UPSTREAM_EXPLICIT,
NIFTYSMALLCAP250,2024-03-28,REMOVE,ZYDUSWELL,https://niftyindices.com/Press_Release/ind_prs24022022_1.pdf,press_release,UPSTREAM_EXPLICIT,closed by ind_prs28022024.pdf
NIFTYSMALLCAP250,2024-03-31,REMOVE,HBLPOWER,https://niftyindices.com/Press_Release/ind_prs28022024.pdf,press_release,UPSTREAM_EXPLICIT,"inferred-exclude: not in NSE current snapshot, no PR found (closed at next semi-annual review)"
NIFTYSMALLCAP250,2024-09-30,ADD,AADHARHFC,https://niftyindices.com/Press_Release/ind_prs23082024.pdf,press_release,UPSTREAM_EXPLICIT,
NIFTYSMALLCAP250,2024-09-30,ADD,ABSLAMC,https://niftyindices.com/Press_Release/ind_prs23082024.pdf,press_release,UPSTREAM_EXPLICIT,
NIFTYSMALLCAP250,2024-09-30,REMOVE,AETHER,https://niftyindices.com/Press_Release/ind_prs01092022.pdf,press_release,UPSTREAM_EXPLICIT,closed by ind_prs23082024.pdf
NIFTYSMALLCAP250,2024-09-30,REMOVE,ALLCARGO,https://niftyindices.com/Press_Release/ind_prs17082023.pdf,press_release,UPSTREAM_EXPLICIT,closed by ind_prs23082024.pdf
NIFTYSMALLCAP250,2024-09-30,ADD,ANANTRAJ,https://niftyindices.com/Press_Release/ind_prs23082024.pdf,press_release,UPSTREAM_EXPLICIT,
NIFTYSMALLCAP250,2024-09-30,REMOVE,ANURAS,https://niftyindices.com/Press_Release/ind_prs15092021.pdf,press_release,UPSTREAM_EXPLICIT,closed by ind_prs23082024.pdf
NIFTYSMALLCAP250,2024-09-30,ADD,ATUL,https://niftyindices.com/Press_Release/ind_prs23082024.pdf,press_release,UPSTREAM_EXPLICIT,
NIFTYSMALLCAP250,2024-09-30,ADD,BASF,https://niftyindices.com/Press_Release/ind_prs23082024.pdf,press_release,UPSTREAM_EXPLICIT,closed by ind_prs23022026.pdf
NIFTYSMALLCAP250,2024-09-30,ADD,BATAINDIA,https://niftyindices.com/Press_Release/ind_prs23082024.pdf,press_release,UPSTREAM_EXPLICIT,
NIFTYSMALLCAP250,2024-09-30,REMOVE,BORORENEW,https://niftyindices.com/Press_Release/ind_prs24022022_1.pdf,press_release,UPSTREAM_EXPLICIT,closed by ind_prs23082024.pdf
NIFTYSMALLCAP250,2024-09-30,REMOVE,CENTRALBK,https://niftyindices.com/Press_Release/ind_prs20082020.pdf,press_release,UPSTREAM_EXPLICIT,closed by ind_prs23082024.pdf
NIFTYSMALLCAP250,2024-09-30,REMOVE,COCHINSHIP,https://niftyindices.com/Press_Release/ind_prs08012018.pdf,press_release,UPSTREAM_EXPLICIT,closed by ind_prs23082024.pdf
NIFTYSMALLCAP250,2024-09-30,REMOVE,CSBBANK,https://niftyindices.com/Press_Release/ind_prs10062020.pdf,press_release,UPSTREAM_EXPLICIT,closed by ind_prs23082024.pdf
NIFTYSMALLCAP250,2024-09-30,ADD,DBREALTY,https://niftyindices.com/Press_Release/ind_prs23082024.pdf,press_release,UPSTREAM_EXPLICIT,closed by ind_prs23022026.pdf
NIFTYSMALLCAP250,2024-09-30,ADD,DEVYANI,https://niftyindices.com/Press_Release/ind_prs23082024.pdf,press_release,UPSTREAM_EXPLICIT,
NIFTYSMALLCAP250,2024-09-30,REMOVE,EPL,https://niftyindices.com/Press_Release/ind_prs25022019.pdf,press_release,UPSTREAM_EXPLICIT,closed by ind_prs23082024.pdf
NIFTYSMALLCAP250,2024-09-30,REMOVE,EXIDEIND,https://niftyindices.com/Press_Release/ind_prs01092022.pdf,press_release,UPSTREAM_EXPLICIT,closed by ind_prs23082024.pdf
NIFTYSMALLCAP250,2024-09-30,REMOVE,FDC,https://niftyindices.com/Press_Release/ind_prs28082018.pdf,press_release,UPSTREAM_EXPLICIT,closed by ind_prs23082024.pdf
NIFTYSMALLCAP250,2024-09-30,ADD,GET&D,https://niftyindices.com/Press_Release/ind_prs23082024.pdf,press_release,UPSTREAM_EXPLICIT,"inferred-exclude: not in NSE current snapshot, no PR found (closed at next semi-annual review)"
NIFTYSMALLCAP250,2024-09-30,REMOVE,GLS,https://niftyindices.com/Press_Release/ind_prs17082023.pdf,press_release,UPSTREAM_EXPLICIT,closed by ind_prs23082024.pdf
NIFTYSMALLCAP250,2024-09-30,REMOVE,GMMPFAUDLR,https://niftyindices.com/Press_Release/ind_prs10062020.pdf,press_release,UPSTREAM_EXPLICIT,closed by ind_prs23082024.pdf
NIFTYSMALLCAP250,2024-09-30,ADD,GODIGIT,https://niftyindices.com/Press_Release/ind_prs23082024.pdf,press_release,UPSTREAM_EXPLICIT,
NIFTYSMALLCAP250,2024-09-30,ADD,GODREJAGRO,https://niftyindices.com/Press_Release/ind_prs23082024.pdf,press_release,UPSTREAM_EXPLICIT,closed by ind_prs23022026.pdf
NIFTYSMALLCAP250,2024-09-30,ADD,GRINFRA,https://niftyindices.com/Press_Release/ind_prs23082024.pdf,press_release,UPSTREAM_EXPLICIT,closed by ind_prs21022025.pdf
NIFTYSMALLCAP250,2024-09-30,REMOVE,HAPPYFORGE,https://niftyindices.com/Press_Release/ind_prs28022024.pdf,press_release,UPSTREAM_EXPLICIT,closed by ind_prs23082024.pdf
NIFTYSMALLCAP250,2024-09-30,REMOVE,HUDCO,https://niftyindices.com/Press_Release/ind_prs23022021.pdf,press_release,UPSTREAM_EXPLICIT,closed by ind_prs23082024.pdf
NIFTYSMALLCAP250,2024-09-30,ADD,IFCI,https://niftyindices.com/Press_Release/ind_prs23082024.pdf,press_release,UPSTREAM_EXPLICIT,
NIFTYSMALLCAP250,2024-09-30,ADD,INDGN,https://niftyindices.com/Press_Release/ind_prs23082024.pdf,press_release,UPSTREAM_EXPLICIT,
NIFTYSMALLCAP250,2024-09-30,REMOVE,INDIGOPNTS,https://niftyindices.com/Press_Release/ind_prs15092021.pdf,press_release,UPSTREAM_EXPLICIT,closed by ind_prs23082024.pdf
NIFTYSMALLCAP250,2024-09-30,ADD,INOXINDIA,https://niftyindices.com/Press_Release/ind_prs23082024.pdf,press_release,UPSTREAM_EXPLICIT,closed by ind_prs23022026.pdf
NIFTYSMALLCAP250,2024-09-30,REMOVE,IOB,https://niftyindices.com/Press_Release/ind_prs20082020.pdf,press_release,UPSTREAM_EXPLICIT,closed by ind_prs23082024.pdf
NIFTYSMALLCAP250,2024-09-30,REMOVE,IRB,https://niftyindices.com/Press_Release/ind_prs28082018.pdf,press_release,UPSTREAM_EXPLICIT,closed by ind_prs23082024.pdf
NIFTYSMALLCAP250,2024-09-30,ADD,ISEC,https://niftyindices.com/Press_Release/ind_prs23082024.pdf,press_release,UPSTREAM_EXPLICIT,closed by ind_prs17032025.pdf
NIFTYSMALLCAP250,2024-09-30,REMOVE,JAIBALAJI,https://niftyindices.com/Press_Release/ind_prs28022024.pdf,press_release,UPSTREAM_EXPLICIT,closed by ind_prs23082024.pdf
NIFTYSMALLCAP250,2024-09-30,REMOVE,JKPAPER,https://niftyindices.com/Press_Release/ind_prs25022019.pdf,press_release,UPSTREAM_EXPLICIT,closed by ind_prs23082024.pdf
NIFTYSMALLCAP250,2024-09-30,ADD,JKTYRE,https://niftyindices.com/Press_Release/ind_prs23082024.pdf,press_release,UPSTREAM_EXPLICIT,
NIFTYSMALLCAP250,2024-09-30,ADD,JPPOWER,https://niftyindices.com/Press_Release/ind_prs23082024.pdf,press_release,UPSTREAM_EXPLICIT,
NIFTYSMALLCAP250,2024-09-30,ADD,JYOTICNC,https://niftyindices.com/Press_Release/ind_prs23082024.pdf,press_release,UPSTREAM_EXPLICIT,
NIFTYSMALLCAP250,2024-09-30,ADD,KAJARIACER,https://niftyindices.com/Press_Release/ind_prs23082024.pdf,press_release,UPSTREAM_EXPLICIT,
NIFTYSMALLCAP250,2024-09-30,ADD,KANSAINER,https://niftyindices.com/Press_Release/ind_prs23082024.pdf,press_release,UPSTREAM_EXPLICIT,closed by ind_prs22082025.pdf
NIFTYSMALLCAP250,2024-09-30,ADD,KIRLOSBROS,https://niftyindices.com/Press_Release/ind_prs23082024.pdf,press_release,UPSTREAM_EXPLICIT,closed by ind_prs23022026.pdf
NIFTYSMALLCAP250,2024-09-30,ADD,KIRLOSENG,https://niftyindices.com/Press_Release/ind_prs23082024.pdf,press_release,UPSTREAM_EXPLICIT,
NIFTYSMALLCAP250,2024-09-30,REMOVE,KRBL,https://niftyindices.com/Press_Release/ind_prs10062020.pdf,press_release,UPSTREAM_EXPLICIT,closed by ind_prs23082024.pdf
NIFTYSMALLCAP250,2024-09-30,ADD,LALPATHLAB,https://niftyindices.com/Press_Release/ind_prs23082024.pdf,press_release,UPSTREAM_EXPLICIT,
NIFTYSMALLCAP250,2024-09-30,ADD,LAURUSLABS,https://niftyindices.com/Press_Release/ind_prs23082024.pdf,press_release,UPSTREAM_EXPLICIT,closed by ind_prs23022026.pdf
NIFTYSMALLCAP250,2024-09-30,REMOVE,LXCHEM,https://niftyindices.com/Press_Release/ind_prs15092021.pdf,press_release,UPSTREAM_EXPLICIT,closed by ind_prs23082024.pdf
NIFTYSMALLCAP250,2024-09-30,ADD,MANYAVAR,https://niftyindices.com/Press_Release/ind_prs23082024.pdf,press_release,UPSTREAM_EXPLICIT,closed by ind_prs23022026.pdf
NIFTYSMALLCAP250,2024-09-30,REMOVE,MEDANTA,https://niftyindices.com/Press_Release/ind_prs17022023_1.pdf,press_release,UPSTREAM_EXPLICIT,closed by ind_prs23082024.pdf
NIFTYSMALLCAP250,2024-09-30,REMOVE,MEDPLUS,https://niftyindices.com/Press_Release/ind_prs24022022_1.pdf,press_release,UPSTREAM_EXPLICIT,closed by ind_prs23082024.pdf
NIFTYSMALLCAP250,2024-09-30,REMOVE,MRPL,https://niftyindices.com/Press_Release/ind_prs23022021.pdf,press_release,UPSTREAM_EXPLICIT,closed by ind_prs23082024.pdf
NIFTYSMALLCAP250,2024-09-30,REMOVE,MTARTECH,https://niftyindices.com/Press_Release/ind_prs06042022.pdf,press_release,UPSTREAM_EXPLICIT,closed by ind_prs23082024.pdf
NIFTYSMALLCAP250,2024-09-30,REMOVE,NAM-INDIA,https://niftyindices.com/Press_Release/ind_prs17082023.pdf,press_release,UPSTREAM_EXPLICIT,closed by ind_prs23082024.pdf
NIFTYSMALLCAP250,2024-09-30,ADD,NETWEB,https://niftyindices.com/Press_Release/ind_prs23082024.pdf,press_release,UPSTREAM_EXPLICIT,
NIFTYSMALLCAP250,2024-09-30,ADD,NEWGEN,https://niftyindices.com/Press_Release/ind_prs23082024.pdf,press_release,UPSTREAM_EXPLICIT,
NIFTYSMALLCAP250,2024-09-30,REMOVE,NLCINDIA,https://niftyindices.com/Press_Release/ind_prs23022021.pdf,press_release,UPSTREAM_EXPLICIT,closed by ind_prs23082024.pdf
NIFTYSMALLCAP250,2024-09-30,ADD,PEL,https://niftyindices.com/Press_Release/ind_prs23082024.pdf,press_release,UPSTREAM_EXPLICIT,closed by ind_prs15092025_1.pdf
NIFTYSMALLCAP250,2024-09-30,ADD,PFIZER,https://niftyindices.com/Press_Release/ind_prs23082024.pdf,press_release,UPSTREAM_EXPLICIT,
NIFTYSMALLCAP250,2024-09-30,REMOVE,POWERINDIA,https://niftyindices.com/Press_Release/ind_prs20082020.pdf,press_release,UPSTREAM_EXPLICIT,closed by ind_prs23082024.pdf
NIFTYSMALLCAP250,2024-09-30,REMOVE,PRINCEPIPE,https://niftyindices.com/Press_Release/ind_prs23022021.pdf,press_release,UPSTREAM_EXPLICIT,closed by ind_prs23082024.pdf
NIFTYSMALLCAP250,2024-09-30,ADD,PTCIL,https://niftyindices.com/Press_Release/ind_prs23082024.pdf,press_release,UPSTREAM_EXPLICIT,
NIFTYSMALLCAP250,2024-09-30,ADD,RAMCOCEM,https://niftyindices.com/Press_Release/ind_prs23082024.pdf,press_release,UPSTREAM_EXPLICIT,
NIFTYSMALLCAP250,2024-09-30,REMOVE,RBA,https://niftyindices.com/Press_Release/ind_prs22042021.pdf,press_release,UPSTREAM_EXPLICIT,closed by ind_prs23082024.pdf
NIFTYSMALLCAP250,2024-09-30,REMOVE,SAFARI,https://niftyindices.com/Press_Release/ind_prs17082023.pdf,press_release,UPSTREAM_EXPLICIT,closed by ind_prs23082024.pdf
NIFTYSMALLCAP250,2024-09-30,ADD,SCI,https://niftyindices.com/Press_Release/ind_prs23082024.pdf,press_release,UPSTREAM_EXPLICIT,
NIFTYSMALLCAP250,2024-09-30,ADD,SUMICHEM,https://niftyindices.com/Press_Release/ind_prs23082024.pdf,press_release,UPSTREAM_EXPLICIT,
NIFTYSMALLCAP250,2024-09-30,REMOVE,TATAINVEST,https://niftyindices.com/Press_Release/ind_prs24022022_1.pdf,press_release,UPSTREAM_EXPLICIT,closed by ind_prs23082024.pdf
NIFTYSMALLCAP250,2024-09-30,ADD,TBOTEK,https://niftyindices.com/Press_Release/ind_prs23082024.pdf,press_release,UPSTREAM_EXPLICIT,
NIFTYSMALLCAP250,2024-09-30,ADD,TECHNOE,https://niftyindices.com/Press_Release/ind_prs23082024.pdf,press_release,UPSTREAM_EXPLICIT,
NIFTYSMALLCAP250,2024-09-30,REMOVE,TMB,https://niftyindices.com/Press_Release/ind_prs28022024.pdf,press_release,UPSTREAM_EXPLICIT,closed by ind_prs23082024.pdf
NIFTYSMALLCAP250,2024-09-30,REMOVE,VAIBHAVGBL,https://niftyindices.com/Press_Release/ind_prs24022022_1.pdf,press_release,UPSTREAM_EXPLICIT,closed by ind_prs23082024.pdf
NIFTYSMALLCAP250,2024-09-30,ADD,VINATIORGA,https://niftyindices.com/Press_Release/ind_prs23082024.pdf,press_release,UPSTREAM_EXPLICIT,closed by ind_prs21022025.pdf
NIFTYSMALLCAP250,2024-09-30,ADD,ZEEL,https://niftyindices.com/Press_Release/ind_prs23082024.pdf,press_release,UPSTREAM_EXPLICIT,
NIFTYSMALLCAP250,2024-10-10,ADD,EMCURE,https://niftyindices.com/Press_Release/ind_prs04102024.pdf,press_release,UPSTREAM_EXPLICIT,
NIFTYSMALLCAP250,2024-10-10,REMOVE,IDFC,https://niftyindices.com/Press_Release/ind_prs28082018.pdf,press_release,UPSTREAM_EXPLICIT,closed by ind_prs04102024.pdf
NIFTYSMALLCAP250,2024-10-16,ADD,AKUMS,https://niftyindices.com/Press_Release/ind_prs10102024.pdf,press_release,UPSTREAM_EXPLICIT,closed by ind_prs23022026.pdf
NIFTYSMALLCAP250,2024-10-16,REMOVE,TV18BRDCST,https://niftyindices.com/Press_Release/ind_prs25022019.pdf,press_release,UPSTREAM_EXPLICIT,closed by ind_prs10102024.pdf
NIFTYSMALLCAP250,2025-03-21,REMOVE,ISEC,https://niftyindices.com/Press_Release/ind_prs23082024.pdf,press_release,UPSTREAM_EXPLICIT,closed by ind_prs17032025.pdf
NIFTYSMALLCAP250,2025-03-21,ADD,RAYMONDLSL,https://niftyindices.com/Press_Release/ind_prs17032025.pdf,press_release,UPSTREAM_EXPLICIT,closed by ind_prs22082025.pdf
NIFTYSMALLCAP250,2025-03-28,REMOVE,ACI,https://niftyindices.com/Press_Release/ind_prs17022023_1.pdf,press_release,UPSTREAM_EXPLICIT,closed by ind_prs21022025.pdf
NIFTYSMALLCAP250,2025-03-28,ADD,ACMESOLAR,https://niftyindices.com/Press_Release/ind_prs21022025.pdf,press_release,UPSTREAM_EXPLICIT,
NIFTYSMALLCAP250,2025-03-28,ADD,AFCONS,https://niftyindices.com/Press_Release/ind_prs21022025.pdf,press_release,UPSTREAM_EXPLICIT,
NIFTYSMALLCAP250,2025-03-28,ADD,AIIL,https://niftyindices.com/Press_Release/ind_prs21022025.pdf,press_release,UPSTREAM_EXPLICIT,closed by ind_prs23022026.pdf
NIFTYSMALLCAP250,2025-03-28,ADD,ALIVUS,https://niftyindices.com/Press_Release/ind_prs21022025.pdf,press_release,UPSTREAM_EXPLICIT,closed by ind_prs22082025.pdf
NIFTYSMALLCAP250,2025-03-28,REMOVE,APARINDS,https://niftyindices.com/Press_Release/ind_prs17022023_1.pdf,press_release,UPSTREAM_EXPLICIT,closed by ind_prs21022025.pdf
NIFTYSMALLCAP250,2025-03-28,REMOVE,AVANTIFEED,https://niftyindices.com/Press_Release/ind_prs25022019.pdf,press_release,UPSTREAM_EXPLICIT,closed by ind_prs21022025.pdf
NIFTYSMALLCAP250,2025-03-28,REMOVE,BALAMINES,https://niftyindices.com/Press_Release/ind_prs23022021.pdf,press_release,UPSTREAM_EXPLICIT,closed by ind_prs21022025.pdf
NIFTYSMALLCAP250,2025-03-28,ADD,BAYERCROP,https://niftyindices.com/Press_Release/ind_prs21022025.pdf,press_release,UPSTREAM_EXPLICIT,
NIFTYSMALLCAP250,2025-03-28,ADD,CARBORUNIV,https://niftyindices.com/Press_Release/ind_prs21022025.pdf,press_release,UPSTREAM_EXPLICIT,
NIFTYSMALLCAP250,2025-03-28,REMOVE,CELLO,https://niftyindices.com/Press_Release/ind_prs28022024.pdf,press_release,UPSTREAM_EXPLICIT,closed by ind_prs21022025.pdf
NIFTYSMALLCAP250,2025-03-28,REMOVE,CHEMPLASTS,https://niftyindices.com/Press_Release/ind_prs24022022_1.pdf,press_release,UPSTREAM_EXPLICIT,closed by ind_prs21022025.pdf
NIFTYSMALLCAP250,2025-03-28,ADD,DCMSHRIRAM,https://niftyindices.com/Press_Release/ind_prs21022025.pdf,press_release,UPSTREAM_EXPLICIT,
NIFTYSMALLCAP250,2025-03-28,ADD,DELHIVERY,https://niftyindices.com/Press_Release/ind_prs21022025.pdf,press_release,UPSTREAM_EXPLICIT,
NIFTYSMALLCAP250,2025-03-28,REMOVE,EASEMYTRIP,https://niftyindices.com/Press_Release/ind_prs24022022_1.pdf,press_release,UPSTREAM_EXPLICIT,closed by ind_prs21022025.pdf
NIFTYSMALLCAP250,2025-03-28,REMOVE,EQUITASBNK,https://niftyindices.com/Press_Release/ind_prs15092021.pdf,press_release,UPSTREAM_EXPLICIT,closed by ind_prs21022025.pdf
NIFTYSMALLCAP250,2025-03-28,ADD,FACT,https://niftyindices.com/Press_Release/ind_prs21022025.pdf,press_release,UPSTREAM_EXPLICIT,closed by ind_prs22082025.pdf
NIFTYSMALLCAP250,2025-03-28,REMOVE,FINEORG,https://niftyindices.com/Press_Release/ind_prs17082023.pdf,press_release,UPSTREAM_EXPLICIT,closed by ind_prs21022025.pdf
NIFTYSMALLCAP250,2025-03-28,ADD,FIRSTCRY,https://niftyindices.com/Press_Release/ind_prs21022025.pdf,press_release,UPSTREAM_EXPLICIT,
NIFTYSMALLCAP250,2025-03-28,REMOVE,GAEL,https://niftyindices.com/Press_Release/ind_prs20082020.pdf,press_release,UPSTREAM_EXPLICIT,closed by ind_prs21022025.pdf
NIFTYSMALLCAP250,2025-03-28,REMOVE,GLENMARK,https://niftyindices.com/Press_Release/ind_prs01092022.pdf,press_release,UPSTREAM_EXPLICIT,closed by ind_prs21022025.pdf
NIFTYSMALLCAP250,2025-03-28,ADD,GRAVITA,https://niftyindices.com/Press_Release/ind_prs21022025.pdf,press_release,UPSTREAM_EXPLICIT,
NIFTYSMALLCAP250,2025-03-28,REMOVE,GRINFRA,https://niftyindices.com/Press_Release/ind_prs23082024.pdf,press_release,UPSTREAM_EXPLICIT,closed by ind_prs21022025.pdf
NIFTYSMALLCAP250,2025-03-28,ADD,IDBI,https://niftyindices.com/Press_Release/ind_prs21022025.pdf,press_release,UPSTREAM_EXPLICIT,closed by ind_prs22082025.pdf
NIFTYSMALLCAP250,2025-03-28,ADD,IGIL,https://niftyindices.com/Press_Release/ind_prs21022025.pdf,press_release,UPSTREAM_EXPLICIT,
NIFTYSMALLCAP250,2025-03-28,ADD,IKS,https://niftyindices.com/Press_Release/ind_prs21022025.pdf,press_release,UPSTREAM_EXPLICIT,
NIFTYSMALLCAP250,2025-03-28,ADD,IOB,https://niftyindices.com/Press_Release/ind_prs21022025.pdf,press_release,UPSTREAM_EXPLICIT,closed by ind_prs22082025.pdf
NIFTYSMALLCAP250,2025-03-28,ADD,JSWHL,https://niftyindices.com/Press_Release/ind_prs21022025.pdf,press_release,UPSTREAM_EXPLICIT,closed by ind_prs22082025.pdf
NIFTYSMALLCAP250,2025-03-28,REMOVE,KSB,https://niftyindices.com/Press_Release/ind_prs17022023_1.pdf,press_release,UPSTREAM_EXPLICIT,closed by ind_prs21022025.pdf
NIFTYSMALLCAP250,2025-03-28,ADD,LTFOODS,https://niftyindices.com/Press_Release/ind_prs21022025.pdf,press_release,UPSTREAM_EXPLICIT,
NIFTYSMALLCAP250,2025-03-28,REMOVE,MAHLIFE,https://niftyindices.com/Press_Release/ind_prs01092022.pdf,press_release,UPSTREAM_EXPLICIT,closed by ind_prs21022025.pdf
NIFTYSMALLCAP250,2025-03-28,REMOVE,MOTILALOFS,https://niftyindices.com/Press_Release/ind_prs24022022_1.pdf,press_release,UPSTREAM_EXPLICIT,closed by ind_prs21022025.pdf
NIFTYSMALLCAP250,2025-03-28,REMOVE,NATIONALUM,https://niftyindices.com/Press_Release/ind_prs17022023_1.pdf,press_release,UPSTREAM_EXPLICIT,closed by ind_prs21022025.pdf
NIFTYSMALLCAP250,2025-03-28,ADD,NAVA,https://niftyindices.com/Press_Release/ind_prs21022025.pdf,press_release,UPSTREAM_EXPLICIT,
NIFTYSMALLCAP250,2025-03-28,ADD,NEULANDLAB,https://niftyindices.com/Press_Release/ind_prs21022025.pdf,press_release,UPSTREAM_EXPLICIT,
NIFTYSMALLCAP250,2025-03-28,ADD,NIVABUPA,https://niftyindices.com/Press_Release/ind_prs21022025.pdf,press_release,UPSTREAM_EXPLICIT,
NIFTYSMALLCAP250,2025-03-28,REMOVE,NUVOCO,https://niftyindices.com/Press_Release/ind_prs01092022.pdf,press_release,UPSTREAM_EXPLICIT,closed by ind_prs21022025.pdf
NIFTYSMALLCAP250,2025-03-28,ADD,PGEL,https://niftyindices.com/Press_Release/ind_prs21022025.pdf,press_release,UPSTREAM_EXPLICIT,
NIFTYSMALLCAP250,2025-03-28,ADD,POONAWALLA,https://niftyindices.com/Press_Release/ind_prs21022025.pdf,press_release,UPSTREAM_EXPLICIT,
NIFTYSMALLCAP250,2025-03-28,REMOVE,RAJESHEXPO,https://niftyindices.com/Press_Release/ind_prs28022024.pdf,press_release,UPSTREAM_EXPLICIT,closed by ind_prs21022025.pdf
NIFTYSMALLCAP250,2025-03-28,REMOVE,RATNAMANI,https://niftyindices.com/Press_Release/ind_prs28082019.pdf,press_release,UPSTREAM_EXPLICIT,closed by ind_prs21022025.pdf
NIFTYSMALLCAP250,2025-03-28,ADD,RPOWER,https://niftyindices.com/Press_Release/ind_prs21022025.pdf,press_release,UPSTREAM_EXPLICIT,
NIFTYSMALLCAP250,2025-03-28,ADD,SAGILITY,https://niftyindices.com/Press_Release/ind_prs21022025.pdf,press_release,UPSTREAM_EXPLICIT,
NIFTYSMALLCAP250,2025-03-28,ADD,SAILIFE,https://niftyindices.com/Press_Release/ind_prs21022025.pdf,press_release,UPSTREAM_EXPLICIT,
NIFTYSMALLCAP250,2025-03-28,REMOVE,SANOFI,https://niftyindices.com/Press_Release/ind_prs17022023_1.pdf,press_release,UPSTREAM_EXPLICIT,closed by ind_prs21022025.pdf
NIFTYSMALLCAP250,2025-03-28,ADD,SARDAEN,https://niftyindices.com/Press_Release/ind_prs21022025.pdf,press_release,UPSTREAM_EXPLICIT,
NIFTYSMALLCAP250,2025-03-28,ADD,SKFINDIA,https://niftyindices.com/Press_Release/ind_prs21022025.pdf,press_release,UPSTREAM_EXPLICIT,closed by ind_prs11122025.pdf
NIFTYSMALLCAP250,2025-03-28,REMOVE,SPARC,https://niftyindices.com/Press_Release/ind_prs28082019.pdf,press_release,UPSTREAM_EXPLICIT,closed by ind_prs21022025.pdf
NIFTYSMALLCAP250,2025-03-28,ADD,TARIL,https://niftyindices.com/Press_Release/ind_prs21022025.pdf,press_release,UPSTREAM_EXPLICIT,
NIFTYSMALLCAP250,2025-03-28,ADD,TATACHEM,https://niftyindices.com/Press_Release/ind_prs21022025.pdf,press_release,UPSTREAM_EXPLICIT,
NIFTYSMALLCAP250,2025-03-28,ADD,TIMKEN,https://niftyindices.com/Press_Release/ind_prs21022025.pdf,press_release,UPSTREAM_EXPLICIT,
NIFTYSMALLCAP250,2025-03-28,REMOVE,TVSSCS,https://niftyindices.com/Press_Release/ind_prs28022024.pdf,press_release,UPSTREAM_EXPLICIT,closed by ind_prs21022025.pdf
NIFTYSMALLCAP250,2025-03-28,REMOVE,UJJIVANSFB,https://niftyindices.com/Press_Release/ind_prs17082023.pdf,press_release,UPSTREAM_EXPLICIT,closed by ind_prs21022025.pdf
NIFTYSMALLCAP250,2025-03-28,REMOVE,VARROC,https://niftyindices.com/Press_Release/ind_prs10062020.pdf,press_release,UPSTREAM_EXPLICIT,closed by ind_prs21022025.pdf
NIFTYSMALLCAP250,2025-03-28,REMOVE,VINATIORGA,https://niftyindices.com/Press_Release/ind_prs23082024.pdf,press_release,UPSTREAM_EXPLICIT,closed by ind_prs21022025.pdf
NIFTYSMALLCAP250,2025-03-28,ADD,WOCKPHARMA,https://niftyindices.com/Press_Release/ind_prs21022025.pdf,press_release,UPSTREAM_EXPLICIT,
NIFTYSMALLCAP250,2025-03-28,ADD,ZENTEC,https://niftyindices.com/Press_Release/ind_prs21022025.pdf,press_release,UPSTREAM_EXPLICIT,
NIFTYSMALLCAP250,2025-03-28,ADD,ZFCVINDIA,https://niftyindices.com/Press_Release/ind_prs21022025.pdf,press_release,UPSTREAM_EXPLICIT,
NIFTYSMALLCAP250,2025-03-31,REMOVE,GET&D,https://niftyindices.com/Press_Release/ind_prs23082024.pdf,press_release,UPSTREAM_EXPLICIT,"inferred-exclude: not in NSE current snapshot, no PR found (closed at next semi-annual review)"
NIFTYSMALLCAP250,2025-04-11,REMOVE,QUESS,https://niftyindices.com/Press_Release/ind_prs20082020.pdf,press_release,UPSTREAM_EXPLICIT,closed by ind_prs04042025_2.pdf
NIFTYSMALLCAP250,2025-04-11,ADD,SUNDRMFAST,https://niftyindices.com/Press_Release/ind_prs04042025_2.pdf,press_release,UPSTREAM_EXPLICIT,closed by ind_prs23022026.pdf
NIFTYSMALLCAP250,2025-09-23,REMOVE,PEL,https://niftyindices.com/Press_Release/ind_prs23082024.pdf,press_release,UPSTREAM_EXPLICIT,closed by ind_prs15092025_1.pdf
NIFTYSMALLCAP250,2025-09-23,ADD,RELINFRA,https://niftyindices.com/Press_Release/ind_prs15092025_1.pdf,press_release,UPSTREAM_EXPLICIT,closed by ind_prs23022026.pdf
NIFTYSMALLCAP250,2025-09-30,ADD,ABFRL,https://niftyindices.com/Press_Release/ind_prs22082025.pdf,press_release,UPSTREAM_EXPLICIT,
NIFTYSMALLCAP250,2025-09-30,ADD,ABLBL,https://niftyindices.com/Press_Release/ind_prs22082025.pdf,press_release,UPSTREAM_EXPLICIT,
NIFTYSMALLCAP250,2025-09-30,ADD,AEGISVOPAK,https://niftyindices.com/Press_Release/ind_prs22082025.pdf,press_release,UPSTREAM_EXPLICIT,
NIFTYSMALLCAP250,2025-09-30,ADD,AGARWALEYE,https://niftyindices.com/Press_Release/ind_prs22082025.pdf,press_release,UPSTREAM_EXPLICIT,closed by ind_prs23022026.pdf
NIFTYSMALLCAP250,2025-09-30,ADD,AKZOINDIA,https://niftyindices.com/Press_Release/ind_prs22082025.pdf,press_release,UPSTREAM_EXPLICIT,"inferred-exclude: not in NSE current snapshot, no PR found (closed at next semi-annual review)"
NIFTYSMALLCAP250,2025-09-30,REMOVE,ALIVUS,https://niftyindices.com/Press_Release/ind_prs21022025.pdf,press_release,UPSTREAM_EXPLICIT,closed by ind_prs22082025.pdf
NIFTYSMALLCAP250,2025-09-30,ADD,ATHERENERG,https://niftyindices.com/Press_Release/ind_prs22082025.pdf,press_release,UPSTREAM_EXPLICIT,
NIFTYSMALLCAP250,2025-09-30,ADD,BANDHANBNK,https://niftyindices.com/Press_Release/ind_prs22082025.pdf,press_release,UPSTREAM_EXPLICIT,
NIFTYSMALLCAP250,2025-09-30,ADD,BLUEJET,https://niftyindices.com/Press_Release/ind_prs22082025.pdf,press_release,UPSTREAM_EXPLICIT,
NIFTYSMALLCAP250,2025-09-30,ADD,CHOICEIN,https://niftyindices.com/Press_Release/ind_prs22082025.pdf,press_release,UPSTREAM_EXPLICIT,
NIFTYSMALLCAP250,2025-09-30,ADD,EMAMILTD,https://niftyindices.com/Press_Release/ind_prs22082025.pdf,press_release,UPSTREAM_EXPLICIT,
NIFTYSMALLCAP250,2025-09-30,REMOVE,FACT,https://niftyindices.com/Press_Release/ind_prs21022025.pdf,press_release,UPSTREAM_EXPLICIT,closed by ind_prs22082025.pdf
NIFTYSMALLCAP250,2025-09-30,ADD,FORCEMOT,https://niftyindices.com/Press_Release/ind_prs22082025.pdf,press_release,UPSTREAM_EXPLICIT,
NIFTYSMALLCAP250,2025-09-30,ADD,GLAND,https://niftyindices.com/Press_Release/ind_prs22082025.pdf,press_release,UPSTREAM_EXPLICIT,
NIFTYSMALLCAP250,2025-09-30,REMOVE,GNFC,https://niftyindices.com/Press_Release/ind_prs16022017.pdf,press_release,UPSTREAM_EXPLICIT,closed by ind_prs22082025.pdf
NIFTYSMALLCAP250,2025-09-30,REMOVE,GPPL,https://niftyindices.com/Press_Release/ind_prs21022018.pdf,press_release,UPSTREAM_EXPLICIT,closed by ind_prs22082025.pdf
NIFTYSMALLCAP250,2025-09-30,REMOVE,IDBI,https://niftyindices.com/Press_Release/ind_prs21022025.pdf,press_release,UPSTREAM_EXPLICIT,closed by ind_prs22082025.pdf
NIFTYSMALLCAP250,2025-09-30,REMOVE,IOB,https://niftyindices.com/Press_Release/ind_prs21022025.pdf,press_release,UPSTREAM_EXPLICIT,closed by ind_prs22082025.pdf
NIFTYSMALLCAP250,2025-09-30,REMOVE,JSWHL,https://niftyindices.com/Press_Release/ind_prs21022025.pdf,press_release,UPSTREAM_EXPLICIT,closed by ind_prs22082025.pdf
NIFTYSMALLCAP250,2025-09-30,REMOVE,JUSTDIAL,https://niftyindices.com/Press_Release/ind_prs16022017.pdf,press_release,UPSTREAM_EXPLICIT,closed by ind_prs22082025.pdf
NIFTYSMALLCAP250,2025-09-30,REMOVE,KANSAINER,https://niftyindices.com/Press_Release/ind_prs23082024.pdf,press_release,UPSTREAM_EXPLICIT,closed by ind_prs22082025.pdf
NIFTYSMALLCAP250,2025-09-30,REMOVE,KNRCON,https://niftyindices.com/Press_Release/ind_prs21022018.pdf,press_release,UPSTREAM_EXPLICIT,closed by ind_prs22082025.pdf
NIFTYSMALLCAP250,2025-09-30,ADD,KSB,https://niftyindices.com/Press_Release/ind_prs22082025.pdf,press_release,UPSTREAM_EXPLICIT,closed by ind_prs23022026.pdf
NIFTYSMALLCAP250,2025-09-30,ADD,MAHSCOOTER,https://niftyindices.com/Press_Release/ind_prs22082025.pdf,press_release,UPSTREAM_EXPLICIT,closed by ind_prs23022026.pdf
NIFTYSMALLCAP250,2025-09-30,REMOVE,MASTEK,https://niftyindices.com/Press_Release/ind_prs15092021.pdf,press_release,UPSTREAM_EXPLICIT,closed by ind_prs22082025.pdf
NIFTYSMALLCAP250,2025-09-30,ADD,MOTHERSON,https://niftyindices.com/Press_Release/ind_prs22082025.pdf,press_release,UPSTREAM_EXPLICIT,
NIFTYSMALLCAP250,2025-09-30,ADD,MRPL,https://niftyindices.com/Press_Release/ind_prs22082025.pdf,press_release,UPSTREAM_EXPLICIT,
NIFTYSMALLCAP250,2025-09-30,REMOVE,NETWORK18,https://niftyindices.com/Press_Release/ind_prs26102020.pdf,press_release,UPSTREAM_EXPLICIT,closed by ind_prs22082025.pdf
NIFTYSMALLCAP250,2025-09-30,ADD,NUVOCO,https://niftyindices.com/Press_Release/ind_prs22082025.pdf,press_release,UPSTREAM_EXPLICIT,
NIFTYSMALLCAP250,2025-09-30,ADD,OLAELEC,https://niftyindices.com/Press_Release/ind_prs22082025.pdf,press_release,UPSTREAM_EXPLICIT,
NIFTYSMALLCAP250,2025-09-30,ADD,ONESOURCE,https://niftyindices.com/Press_Release/ind_prs22082025.pdf,press_release,UPSTREAM_EXPLICIT,
NIFTYSMALLCAP250,2025-09-30,REMOVE,RAYMOND,https://niftyindices.com/Press_Release/ind_prs01092022.pdf,press_release,UPSTREAM_EXPLICIT,closed by ind_prs22082025.pdf
NIFTYSMALLCAP250,2025-09-30,REMOVE,RAYMONDLSL,https://niftyindices.com/Press_Release/ind_prs17032025.pdf,press_release,UPSTREAM_EXPLICIT,closed by ind_prs22082025.pdf
NIFTYSMALLCAP250,2025-09-30,REMOVE,RENUKA,https://niftyindices.com/Press_Release/ind_prs24022022_1.pdf,press_release,UPSTREAM_EXPLICIT,closed by ind_prs22082025.pdf
NIFTYSMALLCAP250,2025-09-30,REMOVE,ROUTE,https://niftyindices.com/Press_Release/ind_prs23022021.pdf,press_release,UPSTREAM_EXPLICIT,closed by ind_prs22082025.pdf
NIFTYSMALLCAP250,2025-09-30,REMOVE,RTNINDIA,https://niftyindices.com/Press_Release/ind_prs24022022_1.pdf,press_release,UPSTREAM_EXPLICIT,closed by ind_prs22082025.pdf
NIFTYSMALLCAP250,2025-09-30,ADD,STARHEALTH,https://niftyindices.com/Press_Release/ind_prs22082025.pdf,press_release,UPSTREAM_EXPLICIT,
NIFTYSMALLCAP250,2025-09-30,ADD,SUNTV,https://niftyindices.com/Press_Release/ind_prs22082025.pdf,press_release,UPSTREAM_EXPLICIT,
NIFTYSMALLCAP250,2025-09-30,REMOVE,SWSOLAR,https://niftyindices.com/Press_Release/ind_prs18022020.pdf,press_release,UPSTREAM_EXPLICIT,closed by ind_prs22082025.pdf
NIFTYSMALLCAP250,2025-09-30,REMOVE,TANLA,https://niftyindices.com/Press_Release/ind_prs23022021.pdf,press_release,UPSTREAM_EXPLICIT,closed by ind_prs22082025.pdf
NIFTYSMALLCAP250,2025-09-30,ADD,THELEELA,https://niftyindices.com/Press_Release/ind_prs22082025.pdf,press_release,UPSTREAM_EXPLICIT,
NIFTYSMALLCAP250,2025-09-30,REMOVE,UCOBANK,https://niftyindices.com/Press_Release/ind_prs06122022.pdf,press_release,UPSTREAM_EXPLICIT,closed by ind_prs22082025.pdf
NIFTYSMALLCAP250,2025-09-30,ADD,VENTIVE,https://niftyindices.com/Press_Release/ind_prs22082025.pdf,press_release,UPSTREAM_EXPLICIT,closed by ind_prs23022026.pdf
NIFTYSMALLCAP250,2025-09-30,REMOVE,WESTLIFE,https://niftyindices.com/Press_Release/ind_prs16122019.pdf,press_release,UPSTREAM_EXPLICIT,closed by ind_prs22082025.pdf
NIFTYSMALLCAP250,2025-12-31,ADD,JSWCEMENT,https://niftyindices.com/Press_Release/ind_prs11122025.pdf,press_release,UPSTREAM_EXPLICIT,
NIFTYSMALLCAP250,2025-12-31,REMOVE,SKFINDIA,https://niftyindices.com/Press_Release/ind_prs21022025.pdf,press_release,UPSTREAM_EXPLICIT,closed by ind_prs11122025.pdf
NIFTYSMALLCAP250,2026-03-30,ADD,ABDL,https://niftyindices.com/Press_Release/ind_prs23022026.pdf,press_release,UPSTREAM_EXPLICIT,
NIFTYSMALLCAP250,2026-03-30,ADD,ACUTAAS,https://niftyindices.com/Press_Release/ind_prs23022026.pdf,press_release,UPSTREAM_EXPLICIT,
NIFTYSMALLCAP250,2026-03-30,REMOVE,AGARWALEYE,https://niftyindices.com/Press_Release/ind_prs22082025.pdf,press_release,UPSTREAM_EXPLICIT,closed by ind_prs23022026.pdf
NIFTYSMALLCAP250,2026-03-30,REMOVE,AIIL,https://niftyindices.com/Press_Release/ind_prs21022025.pdf,press_release,UPSTREAM_EXPLICIT,closed by ind_prs23022026.pdf
NIFTYSMALLCAP250,2026-03-30,REMOVE,AKUMS,https://niftyindices.com/Press_Release/ind_prs10102024.pdf,press_release,UPSTREAM_EXPLICIT,closed by ind_prs23022026.pdf
NIFTYSMALLCAP250,2026-03-30,REMOVE,ALKYLAMINE,https://niftyindices.com/Press_Release/ind_prs17082023.pdf,press_release,UPSTREAM_EXPLICIT,closed by ind_prs23022026.pdf
NIFTYSMALLCAP250,2026-03-30,REMOVE,ALOKINDS,https://niftyindices.com/Press_Release/ind_prs17082023.pdf,press_release,UPSTREAM_EXPLICIT,closed by ind_prs23022026.pdf
NIFTYSMALLCAP250,2026-03-30,ADD,ANURAS,https://niftyindices.com/Press_Release/ind_prs23022026.pdf,press_release,UPSTREAM_EXPLICIT,
NIFTYSMALLCAP250,2026-03-30,REMOVE,APLLTD,https://niftyindices.com/Press_Release/ind_prs17022023_1.pdf,press_release,UPSTREAM_EXPLICIT,closed by ind_prs23022026.pdf
NIFTYSMALLCAP250,2026-03-30,REMOVE,ASTRAZEN,https://niftyindices.com/Press_Release/ind_prs28022024.pdf,press_release,UPSTREAM_EXPLICIT,closed by ind_prs23022026.pdf
NIFTYSMALLCAP250,2026-03-30,REMOVE,BASF,https://niftyindices.com/Press_Release/ind_prs23082024.pdf,press_release,UPSTREAM_EXPLICIT,closed by ind_prs23022026.pdf
NIFTYSMALLCAP250,2026-03-30,ADD,BELRISE,https://niftyindices.com/Press_Release/ind_prs23022026.pdf,press_release,UPSTREAM_EXPLICIT,
NIFTYSMALLCAP250,2026-03-30,REMOVE,CAMPUS,https://niftyindices.com/Press_Release/ind_prs11072022.pdf,press_release,UPSTREAM_EXPLICIT,closed by ind_prs23022026.pdf
NIFTYSMALLCAP250,2026-03-30,ADD,CANHLIFE,https://niftyindices.com/Press_Release/ind_prs23022026.pdf,press_release,UPSTREAM_EXPLICIT,
NIFTYSMALLCAP250,2026-03-30,ADD,CARTRADE,https://niftyindices.com/Press_Release/ind_prs23022026.pdf,press_release,UPSTREAM_EXPLICIT,
NIFTYSMALLCAP250,2026-03-30,ADD,CEMPRO,https://niftyindices.com/Press_Release/ind_prs23022026.pdf,press_release,UPSTREAM_EXPLICIT,
NIFTYSMALLCAP250,2026-03-30,ADD,CPPLUS,https://niftyindices.com/Press_Release/ind_prs23022026.pdf,press_release,UPSTREAM_EXPLICIT,
NIFTYSMALLCAP250,2026-03-30,REMOVE,DBREALTY,https://niftyindices.com/Press_Release/ind_prs23082024.pdf,press_release,UPSTREAM_EXPLICIT,closed by ind_prs23022026.pdf
NIFTYSMALLCAP250,2026-03-30,ADD,DEEPAKNTR,https://niftyindices.com/Press_Release/ind_prs23022026.pdf,press_release,UPSTREAM_EXPLICIT,
NIFTYSMALLCAP250,2026-03-30,ADD,EMMVEE,https://niftyindices.com/Press_Release/ind_prs23022026.pdf,press_release,UPSTREAM_EXPLICIT,
NIFTYSMALLCAP250,2026-03-30,ADD,FACT,https://niftyindices.com/Press_Release/ind_prs23022026.pdf,press_release,UPSTREAM_EXPLICIT,
NIFTYSMALLCAP250,2026-03-30,ADD,GABRIEL,https://niftyindices.com/Press_Release/ind_prs23022026.pdf,press_release,UPSTREAM_EXPLICIT,
NIFTYSMALLCAP250,2026-03-30,ADD,GALLANTT,https://niftyindices.com/Press_Release/ind_prs23022026.pdf,press_release,UPSTREAM_EXPLICIT,
NIFTYSMALLCAP250,2026-03-30,REMOVE,GODREJAGRO,https://niftyindices.com/Press_Release/ind_prs23082024.pdf,press_release,UPSTREAM_EXPLICIT,closed by ind_prs23022026.pdf
NIFTYSMALLCAP250,2026-03-30,REMOVE,HAPPSTMNDS,https://niftyindices.com/Press_Release/ind_prs17082023.pdf,press_release,UPSTREAM_EXPLICIT,closed by ind_prs23022026.pdf
NIFTYSMALLCAP250,2026-03-30,ADD,IDBI,https://niftyindices.com/Press_Release/ind_prs23022026.pdf,press_release,UPSTREAM_EXPLICIT,
NIFTYSMALLCAP250,2026-03-30,ADD,IGL,https://niftyindices.com/Press_Release/ind_prs23022026.pdf,press_release,UPSTREAM_EXPLICIT,
NIFTYSMALLCAP250,2026-03-30,REMOVE,INOXINDIA,https://niftyindices.com/Press_Release/ind_prs23082024.pdf,press_release,UPSTREAM_EXPLICIT,closed by ind_prs23022026.pdf
NIFTYSMALLCAP250,2026-03-30,ADD,IOB,https://niftyindices.com/Press_Release/ind_prs23022026.pdf,press_release,UPSTREAM_EXPLICIT,
NIFTYSMALLCAP250,2026-03-30,ADD,IRB,https://niftyindices.com/Press_Release/ind_prs23022026.pdf,press_release,UPSTREAM_EXPLICIT,
NIFTYSMALLCAP250,2026-03-30,ADD,JAINREC,https://niftyindices.com/Press_Release/ind_prs23022026.pdf,press_release,UPSTREAM_EXPLICIT,
NIFTYSMALLCAP250,2026-03-30,REMOVE,JYOTHYLAB,https://niftyindices.com/Press_Release/ind_prs21022018.pdf,press_release,UPSTREAM_EXPLICIT,closed by ind_prs23022026.pdf
NIFTYSMALLCAP250,2026-03-30,REMOVE,KIRLOSBROS,https://niftyindices.com/Press_Release/ind_prs23082024.pdf,press_release,UPSTREAM_EXPLICIT,closed by ind_prs23022026.pdf
NIFTYSMALLCAP250,2026-03-30,REMOVE,KSB,https://niftyindices.com/Press_Release/ind_prs22082025.pdf,press_release,UPSTREAM_EXPLICIT,closed by ind_prs23022026.pdf
NIFTYSMALLCAP250,2026-03-30,REMOVE,LAURUSLABS,https://niftyindices.com/Press_Release/ind_prs23082024.pdf,press_release,UPSTREAM_EXPLICIT,closed by ind_prs23022026.pdf
NIFTYSMALLCAP250,2026-03-30,REMOVE,MAHSCOOTER,https://niftyindices.com/Press_Release/ind_prs22082025.pdf,press_release,UPSTREAM_EXPLICIT,closed by ind_prs23022026.pdf
NIFTYSMALLCAP250,2026-03-30,REMOVE,MAHSEAMLES,https://niftyindices.com/Press_Release/ind_prs28022024.pdf,press_release,UPSTREAM_EXPLICIT,closed by ind_prs23022026.pdf
NIFTYSMALLCAP250,2026-03-30,REMOVE,MANYAVAR,https://niftyindices.com/Press_Release/ind_prs23082024.pdf,press_release,UPSTREAM_EXPLICIT,closed by ind_prs23022026.pdf
NIFTYSMALLCAP250,2026-03-30,REMOVE,MCX,https://niftyindices.com/Press_Release/ind_prs28082019.pdf,press_release,UPSTREAM_EXPLICIT,closed by ind_prs23022026.pdf
NIFTYSMALLCAP250,2026-03-30,ADD,MEESHO,https://niftyindices.com/Press_Release/ind_prs23022026.pdf,press_release,UPSTREAM_EXPLICIT,
NIFTYSMALLCAP250,2026-03-30,REMOVE,METROPOLIS,https://niftyindices.com/Press_Release/ind_prs01092022.pdf,press_release,UPSTREAM_EXPLICIT,closed by ind_prs23022026.pdf
NIFTYSMALLCAP250,2026-03-30,ADD,PARADEEP,https://niftyindices.com/Press_Release/ind_prs23022026.pdf,press_release,UPSTREAM_EXPLICIT,
NIFTYSMALLCAP250,2026-03-30,ADD,PINELABS,https://niftyindices.com/Press_Release/ind_prs23022026.pdf,press_release,UPSTREAM_EXPLICIT,
NIFTYSMALLCAP250,2026-03-30,ADD,PIRAMALFIN,https://niftyindices.com/Press_Release/ind_prs23022026.pdf,press_release,UPSTREAM_EXPLICIT,
NIFTYSMALLCAP250,2026-03-30,REMOVE,PRAJIND,https://niftyindices.com/Press_Release/ind_prs15092021.pdf,press_release,UPSTREAM_EXPLICIT,closed by ind_prs23022026.pdf
NIFTYSMALLCAP250,2026-03-30,ADD,PWL,https://niftyindices.com/Press_Release/ind_prs23022026.pdf,press_release,UPSTREAM_EXPLICIT,
NIFTYSMALLCAP250,2026-03-30,REMOVE,RELINFRA,https://niftyindices.com/Press_Release/ind_prs15092025_1.pdf,press_release,UPSTREAM_EXPLICIT,closed by ind_prs23022026.pdf
NIFTYSMALLCAP250,2026-03-30,ADD,SONACOMS,https://niftyindices.com/Press_Release/ind_prs23022026.pdf,press_release,UPSTREAM_EXPLICIT,
NIFTYSMALLCAP250,2026-03-30,ADD,SPLPETRO,https://niftyindices.com/Press_Release/ind_prs23022026.pdf,press_release,UPSTREAM_EXPLICIT,
NIFTYSMALLCAP250,2026-03-30,REMOVE,SUNDRMFAST,https://niftyindices.com/Press_Release/ind_prs04042025_2.pdf,press_release,UPSTREAM_EXPLICIT,closed by ind_prs23022026.pdf
NIFTYSMALLCAP250,2026-03-30,ADD,SYNGENE,https://niftyindices.com/Press_Release/ind_prs23022026.pdf,press_release,UPSTREAM_EXPLICIT,
NIFTYSMALLCAP250,2026-03-30,ADD,TATATECH,https://niftyindices.com/Press_Release/ind_prs23022026.pdf,press_release,UPSTREAM_EXPLICIT,
NIFTYSMALLCAP250,2026-03-30,ADD,TEGA,https://niftyindices.com/Press_Release/ind_prs23022026.pdf,press_release,UPSTREAM_EXPLICIT,
NIFTYSMALLCAP250,2026-03-30,ADD,TENNIND,https://niftyindices.com/Press_Release/ind_prs23022026.pdf,press_release,UPSTREAM_EXPLICIT,
NIFTYSMALLCAP250,2026-03-30,ADD,TRAVELFOOD,https://niftyindices.com/Press_Release/ind_prs23022026.pdf,press_release,UPSTREAM_EXPLICIT,
NIFTYSMALLCAP250,2026-03-30,REMOVE,TRIVENI,https://niftyindices.com/Press_Release/ind_prs24052022.pdf,press_release,UPSTREAM_EXPLICIT,closed by ind_prs23022026.pdf
NIFTYSMALLCAP250,2026-03-30,ADD,UCOBANK,https://niftyindices.com/Press_Release/ind_prs23022026.pdf,press_release,UPSTREAM_EXPLICIT,
NIFTYSMALLCAP250,2026-03-30,ADD,URBANCO,https://niftyindices.com/Press_Release/ind_prs23022026.pdf,press_release,UPSTREAM_EXPLICIT,
NIFTYSMALLCAP250,2026-03-30,REMOVE,VENTIVE,https://niftyindices.com/Press_Release/ind_prs22082025.pdf,press_release,UPSTREAM_EXPLICIT,closed by ind_prs23022026.pdf
NIFTYSMALLCAP250,2026-03-30,REMOVE,VGUARD,https://niftyindices.com/Press_Release/ind_prs15092021.pdf,press_release,UPSTREAM_EXPLICIT,closed by ind_prs23022026.pdf
NIFTYSMALLCAP250,2026-03-30,ADD,ZYDUSWELL,https://niftyindices.com/Press_Release/ind_prs23022026.pdf,press_release,UPSTREAM_EXPLICIT,
NIFTYSMALLCAP250,2026-03-31,REMOVE,AKZOINDIA,https://niftyindices.com/Press_Release/ind_prs22082025.pdf,press_release,UPSTREAM_EXPLICIT,"inferred-exclude: not in NSE current snapshot, no PR found (closed at next semi-annual review)"
NIFTYSMALLCAP250,2026-05-12,REMOVE,GSPL,https://niftyindices.com/Press_Release/ind_prs17022023_1.pdf,press_release,UPSTREAM_EXPLICIT,closed by ind_prs04052026.pdf
