index,effective_date,action,symbol,source_tier,source_url,source_source_type,notes
Nifty 50,2024-03-28,ADD,SHRIRAMFIN,yurukatsu_event,https://niftyindices.com/Press_Release/ind_prs28022024.pdf,press_release,
Nifty 50,2024-03-28,REMOVE,UPL,yurukatsu_event,https://niftyindices.com/Press_Release/ind_prs28082017.pdf,press_release,closed by ind_prs28022024.pdf
Nifty 50,2024-09-30,ADD,BEL,yurukatsu_event,https://niftyindices.com/Press_Release/ind_prs23082024.pdf,press_release,
Nifty 50,2024-09-30,ADD,TRENT,yurukatsu_event,https://niftyindices.com/Press_Release/ind_prs23082024.pdf,press_release,
Nifty 50,2024-09-30,REMOVE,DIVISLAB,yurukatsu_event,https://niftyindices.com/Press_Release/ind_prs20082020.pdf,press_release,closed by ind_prs23082024.pdf
Nifty 50,2024-09-30,REMOVE,LTM,yurukatsu_event,https://niftyindices.com/Press_Release/ind_prs04072023.pdf,press_release,closed by ind_prs23082024.pdf
Nifty 50,2025-03-28,ADD,ETERNAL,yurukatsu_event,https://niftyindices.com/Press_Release/ind_prs21022025.pdf,press_release,
Nifty 50,2025-03-28,ADD,JIOFIN,yurukatsu_event,https://niftyindices.com/Press_Release/ind_prs21022025.pdf,press_release,
Nifty 50,2025-03-28,REMOVE,BPCL,seed_closure_official,https://www.niftyindices.com/Press_Release/ind_prs21022025.pdf,snapshot_floor,closed by ind_prs21022025.pdf
Nifty 50,2025-03-28,REMOVE,BRITANNIA,yurukatsu_event,https://niftyindices.com/Press_Release/ind_prs25022019.pdf,press_release,closed by ind_prs21022025.pdf
Nifty 50,2025-09-30,ADD,INDIGO,yurukatsu_event,https://niftyindices.com/Press_Release/ind_prs22082025.pdf,press_release,
Nifty 50,2025-09-30,ADD,MAXHEALTH,yurukatsu_event,https://niftyindices.com/Press_Release/ind_prs22082025.pdf,press_release,
Nifty 50,2025-09-30,REMOVE,HEROMOTOCO,seed_closure_official,https://www.niftyindices.com/Press_Release/ind_prs22082025.pdf,snapshot_floor,closed by ind_prs22082025.pdf
Nifty 50,2025-09-30,REMOVE,INDUSINDBK,seed_closure_official,https://www.niftyindices.com/Press_Release/ind_prs22082025.pdf,snapshot_floor,closed by ind_prs22082025.pdf
Nifty 50,2026-09-30,ADD,BSE,official_primary,https://www.niftyindices.com/Press_Release/ind_prs10082026.pdf,press_release,Official Sep-30-2026 reconstitution reconciled to Oct-02 anchor.
Nifty 50,2026-09-30,REMOVE,WIPRO,official_primary,https://www.niftyindices.com/Press_Release/ind_prs10082026.pdf,press_release,Official Sep-30-2026 reconstitution reconciled to Oct-02 anchor.
Nifty Microcap 250,2024-01-19,ADD,TVSHLTD,yurukatsu_event,https://niftyindices.com/Press_Release/ind_prs10012024.pdf,press_release,closed by ind_prs23082024.pdf
Nifty Microcap 250,2024-01-19,REMOVE,TINPLATE,seed_closure_official,https://www.niftyindices.com/Press_Release/ind_prs10012024.pdf,snapshot_floor,closed by ind_prs10012024.pdf
Nifty Microcap 250,2024-02-06,ADD,BASF,yurukatsu_event,https://niftyindices.com/Press_Release/ind_prs30012024.pdf,press_release,closed by ind_prs23082024.pdf
Nifty Microcap 250,2024-02-06,REMOVE,TATAMETALI,seed_closure_official,https://www.niftyindices.com/Press_Release/ind_prs30012024.pdf,snapshot_floor,closed by ind_prs30012024.pdf
Nifty Microcap 250,2024-03-28,ADD,AARTIDRUGS,yurukatsu_event,https://niftyindices.com/Press_Release/ind_prs28022024.pdf,press_release,
Nifty Microcap 250,2024-03-28,ADD,ASKAUTOLTD,yurukatsu_event,https://niftyindices.com/Press_Release/ind_prs28022024.pdf,press_release,
Nifty Microcap 250,2024-03-28,ADD,AZAD,yurukatsu_event,https://niftyindices.com/Press_Release/ind_prs28022024.pdf,press_release,
Nifty Microcap 250,2024-03-28,ADD,BANCOINDIA,yurukatsu_event,https://niftyindices.com/Press_Release/ind_prs28022024.pdf,press_release,
Nifty Microcap 250,2024-03-28,ADD,BCG,yurukatsu_event,https://niftyindices.com/Press_Release/ind_prs28022024.pdf,press_release,closed by ind_prs24042024.pdf
Nifty Microcap 250,2024-03-28,ADD,BLUEJET,yurukatsu_event,https://niftyindices.com/Press_Release/ind_prs28022024.pdf,press_release,closed by ind_prs22082025.pdf
Nifty Microcap 250,2024-03-28,ADD,CYIENTDLM,yurukatsu_event,https://niftyindices.com/Press_Release/ind_prs28022024.pdf,press_release,closed by ind_prs23022026.pdf
Nifty Microcap 250,2024-03-28,ADD,DELTACORP,yurukatsu_event,https://niftyindices.com/Press_Release/ind_prs28022024.pdf,press_release,closed by ind_prs21022025.pdf
Nifty Microcap 250,2024-03-28,ADD,DHANUKA,yurukatsu_event,https://niftyindices.com/Press_Release/ind_prs28022024.pdf,press_release,closed by ind_prs21022025.pdf
Nifty Microcap 250,2024-03-28,ADD,EPIGRAL,yurukatsu_event,https://niftyindices.com/Press_Release/ind_prs28022024.pdf,press_release,closed by ind_prs23022026.pdf
Nifty Microcap 250,2024-03-28,ADD,ESAFSFB,yurukatsu_event,https://niftyindices.com/Press_Release/ind_prs28022024.pdf,press_release,closed by ind_prs21022025.pdf
Nifty Microcap 250,2024-03-28,ADD,FEDFINA,yurukatsu_event,https://niftyindices.com/Press_Release/ind_prs28022024.pdf,press_release,closed by ind_prs23082024.pdf
Nifty Microcap 250,2024-03-28,ADD,FLAIR,yurukatsu_event,https://niftyindices.com/Press_Release/ind_prs28022024.pdf,press_release,closed by ind_prs23082024.pdf
Nifty Microcap 250,2024-03-28,ADD,GALAXYSURF,yurukatsu_event,https://niftyindices.com/Press_Release/ind_prs28022024.pdf,press_release,closed by ind_prs23082024.pdf
Nifty Microcap 250,2024-03-28,ADD,GOCOLORS,yurukatsu_event,https://niftyindices.com/Press_Release/ind_prs28022024.pdf,press_release,closed by ind_prs21022025.pdf
Nifty Microcap 250,2024-03-28,ADD,GRINFRA,yurukatsu_event,https://niftyindices.com/Press_Release/ind_prs28022024.pdf,press_release,closed by ind_prs23082024.pdf
Nifty Microcap 250,2024-03-28,ADD,GRWRHITECH,yurukatsu_event,https://niftyindices.com/Press_Release/ind_prs28022024.pdf,press_release,
Nifty Microcap 250,2024-03-28,ADD,GUJALKALI,yurukatsu_event,https://niftyindices.com/Press_Release/ind_prs28022024.pdf,press_release,closed by ind_prs21022025.pdf
Nifty Microcap 250,2024-03-28,ADD,GULFOILLUB,yurukatsu_event,https://niftyindices.com/Press_Release/ind_prs28022024.pdf,press_release,closed by ind_prs23022026.pdf
Nifty Microcap 250,2024-03-28,ADD,HLEGLAS,yurukatsu_event,https://niftyindices.com/Press_Release/ind_prs28022024.pdf,press_release,closed by ind_prs23082024.pdf
Nifty Microcap 250,2024-03-28,ADD,HMAAGRO,yurukatsu_event,https://niftyindices.com/Press_Release/ind_prs28022024.pdf,press_release,closed by ind_prs23082024.pdf
Nifty Microcap 250,2024-03-28,ADD,IDEAFORGE,yurukatsu_event,https://niftyindices.com/Press_Release/ind_prs28022024.pdf,press_release,closed by ind_prs21022025.pdf
Nifty Microcap 250,2024-03-28,ADD,IIFLSEC,yurukatsu_event,https://niftyindices.com/Press_Release/ind_prs28022024.pdf,press_release,"inferred-exclude: not in NSE current snapshot, no PR found (closed at next semi-annual review)"
Nifty Microcap 250,2024-03-28,ADD,INDIASHLTR,yurukatsu_event,https://niftyindices.com/Press_Release/ind_prs28022024.pdf,press_release,
Nifty Microcap 250,2024-03-28,ADD,INFIBEAM,yurukatsu_event,https://niftyindices.com/Press_Release/ind_prs28022024.pdf,press_release,"inferred-exclude: not in NSE current snapshot, no PR found (closed at next semi-annual review)"
Nifty Microcap 250,2024-03-28,ADD,INGERRAND,yurukatsu_event,https://niftyindices.com/Press_Release/ind_prs28022024.pdf,press_release,closed by ind_prs23022026.pdf
Nifty Microcap 250,2024-03-28,ADD,INOXINDIA,yurukatsu_event,https://niftyindices.com/Press_Release/ind_prs28022024.pdf,press_release,closed by ind_prs23082024.pdf
Nifty Microcap 250,2024-03-28,ADD,IPL,yurukatsu_event,https://niftyindices.com/Press_Release/ind_prs28022024.pdf,press_release,closed by ind_prs21022025.pdf
Nifty Microcap 250,2024-03-28,ADD,JAMNAAUTO,yurukatsu_event,https://niftyindices.com/Press_Release/ind_prs28022024.pdf,press_release,
Nifty Microcap 250,2024-03-28,ADD,JLHL,yurukatsu_event,https://niftyindices.com/Press_Release/ind_prs28022024.pdf,press_release,closed by ind_prs21022025.pdf
Nifty Microcap 250,2024-03-28,ADD,JSWHL,yurukatsu_event,https://niftyindices.com/Press_Release/ind_prs28022024.pdf,press_release,closed by ind_prs23082024.pdf
Nifty Microcap 250,2024-03-28,ADD,KALAMANDIR,yurukatsu_event,https://niftyindices.com/Press_Release/ind_prs28022024.pdf,press_release,closed by ind_prs21022025.pdf
Nifty Microcap 250,2024-03-28,ADD,KESORAMIND,yurukatsu_event,https://niftyindices.com/Press_Release/ind_prs28022024.pdf,press_release,closed by ind_prs06032025.pdf
Nifty Microcap 250,2024-03-28,ADD,KPIGREEN,yurukatsu_event,https://niftyindices.com/Press_Release/ind_prs28022024.pdf,press_release,closed by ind_prs23082024.pdf
Nifty Microcap 250,2024-03-28,ADD,LUXIND,yurukatsu_event,https://niftyindices.com/Press_Release/ind_prs28022024.pdf,press_release,closed by ind_prs23022026.pdf
Nifty Microcap 250,2024-03-28,ADD,MUTHOOTMF,yurukatsu_event,https://niftyindices.com/Press_Release/ind_prs28022024.pdf,press_release,closed by ind_prs21022025.pdf
Nifty Microcap 250,2024-03-28,ADD,NAZARA,yurukatsu_event,https://niftyindices.com/Press_Release/ind_prs28022024.pdf,press_release,
Nifty Microcap 250,2024-03-28,ADD,NETWEB,yurukatsu_event,https://niftyindices.com/Press_Release/ind_prs28022024.pdf,press_release,closed by ind_prs23082024.pdf
Nifty Microcap 250,2024-03-28,ADD,NIITMTS,yurukatsu_event,https://niftyindices.com/Press_Release/ind_prs28022024.pdf,press_release,closed by ind_prs21022025.pdf
Nifty Microcap 250,2024-03-28,ADD,NUCLEUS,yurukatsu_event,https://niftyindices.com/Press_Release/ind_prs28022024.pdf,press_release,closed by ind_prs23082024.pdf
Nifty Microcap 250,2024-03-28,ADD,ORIENTELEC,yurukatsu_event,https://niftyindices.com/Press_Release/ind_prs28022024.pdf,press_release,closed by ind_prs21022025.pdf
Nifty Microcap 250,2024-03-28,ADD,ORISSAMINE,yurukatsu_event,https://niftyindices.com/Press_Release/ind_prs28022024.pdf,press_release,closed by ind_prs22082025.pdf
Nifty Microcap 250,2024-03-28,ADD,PATELENG,yurukatsu_event,https://niftyindices.com/Press_Release/ind_prs28022024.pdf,press_release,closed by ind_prs23022026.pdf
Nifty Microcap 250,2024-03-28,ADD,POLYPLEX,yurukatsu_event,https://niftyindices.com/Press_Release/ind_prs28022024.pdf,press_release,closed by ind_prs23022026.pdf
Nifty Microcap 250,2024-03-28,ADD,PURVA,yurukatsu_event,https://niftyindices.com/Press_Release/ind_prs28022024.pdf,press_release,closed by ind_prs21022025.pdf
Nifty Microcap 250,2024-03-28,ADD,RAIN,yurukatsu_event,https://niftyindices.com/Press_Release/ind_prs28022024.pdf,press_release,
Nifty Microcap 250,2024-03-28,ADD,RALLIS,yurukatsu_event,https://niftyindices.com/Press_Release/ind_prs28022024.pdf,press_release,
Nifty Microcap 250,2024-03-28,ADD,REDTAPE,yurukatsu_event,https://niftyindices.com/Press_Release/ind_prs28022024.pdf,press_release,closed by ind_prs22082025.pdf
Nifty Microcap 250,2024-03-28,ADD,ROSSARI,yurukatsu_event,https://niftyindices.com/Press_Release/ind_prs28022024.pdf,press_release,closed by ind_prs22082025.pdf
Nifty Microcap 250,2024-03-28,ADD,SAGCEM,yurukatsu_event,https://niftyindices.com/Press_Release/ind_prs28022024.pdf,press_release,closed by ind_prs23082024.pdf
Nifty Microcap 250,2024-03-28,ADD,SAMHI,yurukatsu_event,https://niftyindices.com/Press_Release/ind_prs28022024.pdf,press_release,
Nifty Microcap 250,2024-03-28,ADD,SANDUMA,yurukatsu_event,https://niftyindices.com/Press_Release/ind_prs28022024.pdf,press_release,closed by ind_prs21022025.pdf
Nifty Microcap 250,2024-03-28,ADD,SANGHIIND,yurukatsu_event,https://niftyindices.com/Press_Release/ind_prs28022024.pdf,press_release,closed by ind_prs21022025.pdf
Nifty Microcap 250,2024-03-28,ADD,SANGHVIMOV,yurukatsu_event,https://niftyindices.com/Press_Release/ind_prs28022024.pdf,press_release,closed by ind_prs21022025.pdf
Nifty Microcap 250,2024-03-28,ADD,SENCO,yurukatsu_event,https://niftyindices.com/Press_Release/ind_prs28022024.pdf,press_release,
Nifty Microcap 250,2024-03-28,ADD,SFL,yurukatsu_event,https://niftyindices.com/Press_Release/ind_prs28022024.pdf,press_release,
Nifty Microcap 250,2024-03-28,ADD,SHARDAMOTR,yurukatsu_event,https://niftyindices.com/Press_Release/ind_prs28022024.pdf,press_release,closed by ind_prs21022025.pdf
Nifty Microcap 250,2024-03-28,ADD,SHOPERSTOP,yurukatsu_event,https://niftyindices.com/Press_Release/ind_prs28022024.pdf,press_release,closed by ind_prs23082024.pdf
Nifty Microcap 250,2024-03-28,ADD,SINDHUTRAD,yurukatsu_event,https://niftyindices.com/Press_Release/ind_prs28022024.pdf,press_release,closed by ind_prs21022025.pdf
Nifty Microcap 250,2024-03-28,ADD,SUNCLAY,yurukatsu_event,https://niftyindices.com/Press_Release/ind_prs28022024.pdf,press_release,closed by ind_prs23082024.pdf
Nifty Microcap 250,2024-03-28,ADD,SUPRAJIT,yurukatsu_event,https://niftyindices.com/Press_Release/ind_prs28022024.pdf,press_release,closed by ind_prs22082025.pdf
Nifty Microcap 250,2024-03-28,ADD,TARC,yurukatsu_event,https://niftyindices.com/Press_Release/ind_prs28022024.pdf,press_release,
Nifty Microcap 250,2024-03-28,ADD,TEAMLEASE,yurukatsu_event,https://niftyindices.com/Press_Release/ind_prs28022024.pdf,press_release,closed by ind_prs23022026.pdf
Nifty Microcap 250,2024-03-28,ADD,TEXRAIL,yurukatsu_event,https://niftyindices.com/Press_Release/ind_prs28022024.pdf,press_release,
Nifty Microcap 250,2024-03-28,ADD,TTKPRESTIG,yurukatsu_event,https://niftyindices.com/Press_Release/ind_prs28022024.pdf,press_release,closed by ind_prs23082024.pdf
Nifty Microcap 250,2024-03-28,ADD,UTKARSHBNK,yurukatsu_event,https://niftyindices.com/Press_Release/ind_prs28022024.pdf,press_release,closed by ind_prs21022025.pdf
Nifty Microcap 250,2024-03-28,ADD,VMART,yurukatsu_event,https://niftyindices.com/Press_Release/ind_prs28022024.pdf,press_release,
Nifty Microcap 250,2024-03-28,ADD,YATHARTH,yurukatsu_event,https://niftyindices.com/Press_Release/ind_prs28022024.pdf,press_release,
Nifty Microcap 250,2024-03-28,ADD,ZYDUSWELL,yurukatsu_event,https://niftyindices.com/Press_Release/ind_prs28022024.pdf,press_release,closed by ind_prs23022026.pdf
Nifty Microcap 250,2024-03-28,REMOVE,ACE,seed_closure_official,https://www.niftyindices.com/Press_Release/ind_prs28022024.pdf,snapshot_floor,closed by ind_prs28022024.pdf
Nifty Microcap 250,2024-03-28,REMOVE,ACLGATI,seed_closure_official,https://www.niftyindices.com/Press_Release/ind_prs28022024.pdf,snapshot_floor,closed by ind_prs28022024.pdf
Nifty Microcap 250,2024-03-28,REMOVE,ANANDRATHI,yurukatsu_event,https://niftyindices.com/Press_Release/ind_prs24022022_1.pdf,press_release,closed by ind_prs28022024.pdf
Nifty Microcap 250,2024-03-28,REMOVE,APCOTEXIND,seed_closure_official,https://www.niftyindices.com/Press_Release/ind_prs28022024.pdf,snapshot_floor,closed by ind_prs28022024.pdf
Nifty Microcap 250,2024-03-28,REMOVE,APOLLOPIPE,yurukatsu_event,https://niftyindices.com/Press_Release/ind_prs24022022_1.pdf,press_release,closed by ind_prs28022024.pdf
Nifty Microcap 250,2024-03-28,REMOVE,ASTEC,seed_closure_official,https://www.niftyindices.com/Press_Release/ind_prs28022024.pdf,snapshot_floor,closed by ind_prs28022024.pdf
Nifty Microcap 250,2024-03-28,REMOVE,ASTRAZEN,yurukatsu_event,https://niftyindices.com/Press_Release/ind_prs17022023_1.pdf,press_release,closed by ind_prs28022024.pdf
Nifty Microcap 250,2024-03-28,REMOVE,AUTOAXLES,seed_closure_official,https://www.niftyindices.com/Press_Release/ind_prs28022024.pdf,snapshot_floor,closed by ind_prs28022024.pdf
Nifty Microcap 250,2024-03-28,REMOVE,CAPLIPOINT,yurukatsu_event,https://niftyindices.com/Press_Release/ind_prs17022023_1.pdf,press_release,closed by ind_prs28022024.pdf
Nifty Microcap 250,2024-03-28,REMOVE,CARYSIL,seed_closure_official,https://www.niftyindices.com/Press_Release/ind_prs28022024.pdf,snapshot_floor,closed by ind_prs28022024.pdf
Nifty Microcap 250,2024-03-28,REMOVE,CHENNPETRO,seed_closure_official,https://www.niftyindices.com/Press_Release/ind_prs28022024.pdf,snapshot_floor,closed by ind_prs28022024.pdf
Nifty Microcap 250,2024-03-28,REMOVE,COSMOFIRST,seed_closure_official,https://www.niftyindices.com/Press_Release/ind_prs28022024.pdf,snapshot_floor,closed by ind_prs28022024.pdf
Nifty Microcap 250,2024-03-28,REMOVE,DIVGIITTS,yurukatsu_event,https://niftyindices.com/Press_Release/ind_prs17082023.pdf,press_release,closed by ind_prs28022024.pdf
Nifty Microcap 250,2024-03-28,REMOVE,DOLLAR,seed_closure_official,https://www.niftyindices.com/Press_Release/ind_prs28022024.pdf,snapshot_floor,closed by ind_prs28022024.pdf
Nifty Microcap 250,2024-03-28,REMOVE,DWARKESH,yurukatsu_event,https://niftyindices.com/Press_Release/ind_prs01092022.pdf,press_release,closed by ind_prs28022024.pdf
Nifty Microcap 250,2024-03-28,REMOVE,ELECON,yurukatsu_event,https://niftyindices.com/Press_Release/ind_prs01092022.pdf,press_release,closed by ind_prs28022024.pdf
Nifty Microcap 250,2024-03-28,REMOVE,ESABINDIA,seed_closure_official,https://www.niftyindices.com/Press_Release/ind_prs28022024.pdf,snapshot_floor,closed by ind_prs28022024.pdf
Nifty Microcap 250,2024-03-28,REMOVE,FINOPB,yurukatsu_event,https://niftyindices.com/Press_Release/ind_prs24022022_1.pdf,press_release,closed by ind_prs28022024.pdf
Nifty Microcap 250,2024-03-28,REMOVE,GARFIBRES,yurukatsu_event,https://niftyindices.com/Press_Release/ind_prs17082023.pdf,press_release,closed by ind_prs28022024.pdf
Nifty Microcap 250,2024-03-28,REMOVE,GET&D,yurukatsu_event,https://niftyindices.com/Press_Release/ind_prs17082023.pdf,press_release,closed by ind_prs28022024.pdf
Nifty Microcap 250,2024-03-28,REMOVE,GMDCLTD,seed_closure_official,https://www.niftyindices.com/Press_Release/ind_prs28022024.pdf,snapshot_floor,closed by ind_prs28022024.pdf
Nifty Microcap 250,2024-03-28,REMOVE,GREENLAM,yurukatsu_event,https://niftyindices.com/Press_Release/ind_prs17082023.pdf,press_release,closed by ind_prs28022024.pdf
Nifty Microcap 250,2024-03-28,REMOVE,GRSE,yurukatsu_event,https://niftyindices.com/Press_Release/ind_prs15092021.pdf,press_release,closed by ind_prs28022024.pdf
Nifty Microcap 250,2024-03-28,REMOVE,HARSHA,yurukatsu_event,https://niftyindices.com/Press_Release/ind_prs17022023_1.pdf,press_release,closed by ind_prs28022024.pdf
Nifty Microcap 250,2024-03-28,REMOVE,HBLPOWER,seed_closure_official,https://www.niftyindices.com/Press_Release/ind_prs28022024.pdf,snapshot_floor,closed by ind_prs28022024.pdf
Nifty Microcap 250,2024-03-28,REMOVE,HCG,seed_closure_official,https://www.niftyindices.com/Press_Release/ind_prs28022024.pdf,snapshot_floor,closed by ind_prs28022024.pdf
Nifty Microcap 250,2024-03-28,REMOVE,HGS,yurukatsu_event,https://niftyindices.com/Press_Release/ind_prs17082023.pdf,press_release,closed by ind_prs28022024.pdf
Nifty Microcap 250,2024-03-28,REMOVE,HIL,seed_closure_official,https://www.niftyindices.com/Press_Release/ind_prs28022024.pdf,snapshot_floor,closed by ind_prs28022024.pdf
Nifty Microcap 250,2024-03-28,REMOVE,HNDFDS,yurukatsu_event,https://niftyindices.com/Press_Release/ind_prs17082023.pdf,press_release,closed by ind_prs28022024.pdf
Nifty Microcap 250,2024-03-28,REMOVE,HSCL,yurukatsu_event,https://niftyindices.com/Press_Release/ind_prs15092021.pdf,press_release,closed by ind_prs28022024.pdf
Nifty Microcap 250,2024-03-28,REMOVE,INOXWIND,seed_closure_official,https://www.niftyindices.com/Press_Release/ind_prs28022024.pdf,snapshot_floor,closed by ind_prs28022024.pdf
Nifty Microcap 250,2024-03-28,REMOVE,J&KBANK,seed_closure_official,https://www.niftyindices.com/Press_Release/ind_prs28022024.pdf,snapshot_floor,closed by ind_prs28022024.pdf
Nifty Microcap 250,2024-03-28,REMOVE,JINDALPOLY,seed_closure_official,https://www.niftyindices.com/Press_Release/ind_prs28022024.pdf,snapshot_floor,closed by ind_prs28022024.pdf
Nifty Microcap 250,2024-03-28,REMOVE,JWL,yurukatsu_event,https://niftyindices.com/Press_Release/ind_prs17022023_1.pdf,press_release,closed by ind_prs28022024.pdf
Nifty Microcap 250,2024-03-28,REMOVE,KIRIINDUS,seed_closure_official,https://www.niftyindices.com/Press_Release/ind_prs28022024.pdf,snapshot_floor,closed by ind_prs28022024.pdf
Nifty Microcap 250,2024-03-28,REMOVE,KIRLPNU,yurukatsu_event,https://niftyindices.com/Press_Release/ind_prs17082023.pdf,press_release,closed by ind_prs28022024.pdf
Nifty Microcap 250,2024-03-28,REMOVE,KKCL,yurukatsu_event,https://niftyindices.com/Press_Release/ind_prs17022023_1.pdf,press_release,closed by ind_prs28022024.pdf
Nifty Microcap 250,2024-03-28,REMOVE,MAHSEAMLES,yurukatsu_event,https://niftyindices.com/Press_Release/ind_prs15092021.pdf,press_release,closed by ind_prs28022024.pdf
Nifty Microcap 250,2024-03-28,REMOVE,MAYURUNIQ,seed_closure_official,https://www.niftyindices.com/Press_Release/ind_prs28022024.pdf,snapshot_floor,closed by ind_prs28022024.pdf
Nifty Microcap 250,2024-03-28,REMOVE,MOL,yurukatsu_event,https://niftyindices.com/Press_Release/ind_prs24022022_1.pdf,press_release,closed by ind_prs28022024.pdf
Nifty Microcap 250,2024-03-28,REMOVE,MOLDTKPAC,seed_closure_official,https://www.niftyindices.com/Press_Release/ind_prs28022024.pdf,snapshot_floor,closed by ind_prs28022024.pdf
Nifty Microcap 250,2024-03-28,REMOVE,NEOGEN,seed_closure_official,https://www.niftyindices.com/Press_Release/ind_prs28022024.pdf,snapshot_floor,closed by ind_prs28022024.pdf
Nifty Microcap 250,2024-03-28,REMOVE,PRIVISCL,yurukatsu_event,https://niftyindices.com/Press_Release/ind_prs17022023_1.pdf,press_release,closed by ind_prs28022024.pdf
Nifty Microcap 250,2024-03-28,REMOVE,PRUDENT,yurukatsu_event,https://niftyindices.com/Press_Release/ind_prs01092022.pdf,press_release,closed by ind_prs28022024.pdf
Nifty Microcap 250,2024-03-28,REMOVE,PTCIL,yurukatsu_event,https://niftyindices.com/Press_Release/ind_prs17082023.pdf,press_release,closed by ind_prs28022024.pdf
Nifty Microcap 250,2024-03-28,REMOVE,RAILTEL,yurukatsu_event,https://niftyindices.com/Press_Release/ind_prs01092022.pdf,press_release,closed by ind_prs28022024.pdf
Nifty Microcap 250,2024-03-28,REMOVE,RAJRATAN,yurukatsu_event,https://niftyindices.com/Press_Release/ind_prs01092022.pdf,press_release,closed by ind_prs28022024.pdf
Nifty Microcap 250,2024-03-28,REMOVE,RKFORGE,seed_closure_official,https://www.niftyindices.com/Press_Release/ind_prs28022024.pdf,snapshot_floor,closed by ind_prs28022024.pdf
Nifty Microcap 250,2024-03-28,REMOVE,ROLEXRINGS,yurukatsu_event,https://niftyindices.com/Press_Release/ind_prs24022022_1.pdf,press_release,closed by ind_prs28022024.pdf
Nifty Microcap 250,2024-03-28,REMOVE,RUPA,seed_closure_official,https://www.niftyindices.com/Press_Release/ind_prs28022024.pdf,snapshot_floor,closed by ind_prs28022024.pdf
Nifty Microcap 250,2024-03-28,REMOVE,SAKSOFT,yurukatsu_event,https://niftyindices.com/Press_Release/ind_prs17082023.pdf,press_release,closed by ind_prs28022024.pdf
Nifty Microcap 250,2024-03-28,REMOVE,SBFC,yurukatsu_event,https://niftyindices.com/Press_Release/ind_prs17102023.pdf,press_release,closed by ind_prs28022024.pdf
Nifty Microcap 250,2024-03-28,REMOVE,SCHNEIDER,yurukatsu_event,https://niftyindices.com/Press_Release/ind_prs24022022_1.pdf,press_release,closed by ind_prs28022024.pdf
Nifty Microcap 250,2024-03-28,REMOVE,SHANTIGEAR,yurukatsu_event,https://niftyindices.com/Press_Release/ind_prs17022023_1.pdf,press_release,closed by ind_prs28022024.pdf
Nifty Microcap 250,2024-03-28,REMOVE,SIS,yurukatsu_event,https://niftyindices.com/Press_Release/ind_prs17022023_1.pdf,press_release,closed by ind_prs28022024.pdf
Nifty Microcap 250,2024-03-28,REMOVE,SIYSIL,seed_closure_official,https://www.niftyindices.com/Press_Release/ind_prs28022024.pdf,snapshot_floor,closed by ind_prs28022024.pdf
Nifty Microcap 250,2024-03-28,REMOVE,SOMANYCERA,seed_closure_official,https://www.niftyindices.com/Press_Release/ind_prs28022024.pdf,snapshot_floor,closed by ind_prs28022024.pdf
Nifty Microcap 250,2024-03-28,REMOVE,SPLPETRO,yurukatsu_event,https://niftyindices.com/Press_Release/ind_prs01092022.pdf,press_release,closed by ind_prs28022024.pdf
Nifty Microcap 250,2024-03-28,REMOVE,STYRENIX,seed_closure_official,https://www.niftyindices.com/Press_Release/ind_prs28022024.pdf,snapshot_floor,closed by ind_prs28022024.pdf
Nifty Microcap 250,2024-03-28,REMOVE,SUBEXLTD,yurukatsu_event,https://niftyindices.com/Press_Release/ind_prs15092021.pdf,press_release,closed by ind_prs28022024.pdf
Nifty Microcap 250,2024-03-28,REMOVE,TATVA,yurukatsu_event,https://niftyindices.com/Press_Release/ind_prs24022022_1.pdf,press_release,closed by ind_prs28022024.pdf
Nifty Microcap 250,2024-03-28,REMOVE,TCI,yurukatsu_event,https://niftyindices.com/Press_Release/ind_prs17082023.pdf,press_release,closed by ind_prs28022024.pdf
Nifty Microcap 250,2024-03-28,REMOVE,TCIEXP,yurukatsu_event,https://niftyindices.com/Press_Release/ind_prs17082023.pdf,press_release,closed by ind_prs28022024.pdf
Nifty Microcap 250,2024-03-28,REMOVE,THYROCARE,yurukatsu_event,https://niftyindices.com/Press_Release/ind_prs17022023_1.pdf,press_release,closed by ind_prs28022024.pdf
Nifty Microcap 250,2024-03-28,REMOVE,TIIL,yurukatsu_event,https://niftyindices.com/Press_Release/ind_prs17082023.pdf,press_release,closed by ind_prs28022024.pdf
Nifty Microcap 250,2024-03-28,REMOVE,TITAGARH,seed_closure_official,https://www.niftyindices.com/Press_Release/ind_prs28022024.pdf,snapshot_floor,closed by ind_prs28022024.pdf
Nifty Microcap 250,2024-03-28,REMOVE,TMB,yurukatsu_event,https://niftyindices.com/Press_Release/ind_prs17082023.pdf,press_release,closed by ind_prs28022024.pdf
Nifty Microcap 250,2024-03-28,REMOVE,TVSSCS,yurukatsu_event,https://niftyindices.com/Press_Release/ind_prs17102023.pdf,press_release,closed by ind_prs28022024.pdf
Nifty Microcap 250,2024-03-28,REMOVE,UNICHEMLAB,yurukatsu_event,https://niftyindices.com/Press_Release/ind_prs17022023_1.pdf,press_release,closed by ind_prs28022024.pdf
Nifty Microcap 250,2024-03-28,REMOVE,VESUVIUS,yurukatsu_event,https://niftyindices.com/Press_Release/ind_prs20102022.pdf,press_release,closed by ind_prs28022024.pdf
Nifty Microcap 250,2024-03-31,REMOVE,IIFLSEC,yurukatsu_event,https://niftyindices.com/Press_Release/ind_prs28022024.pdf,press_release,"inferred-exclude: not in NSE current snapshot, no PR found (closed at next semi-annual review)"
Nifty Microcap 250,2024-03-31,REMOVE,INFIBEAM,yurukatsu_event,https://niftyindices.com/Press_Release/ind_prs28022024.pdf,press_release,"inferred-exclude: not in NSE current snapshot, no PR found (closed at next semi-annual review)"
Nifty Microcap 250,2024-04-26,ADD,SPLPETRO,yurukatsu_event,https://niftyindices.com/Press_Release/ind_prs24042024.pdf,press_release,closed by ind_prs21022025.pdf
Nifty Microcap 250,2024-04-26,REMOVE,BCG,yurukatsu_event,https://niftyindices.com/Press_Release/ind_prs28022024.pdf,press_release,closed by ind_prs24042024.pdf
Nifty Microcap 250,2024-05-03,ADD,JUNIPER,yurukatsu_event,https://niftyindices.com/Press_Release/ind_prs24042024_1.pdf,press_release,closed by ind_prs21022025.pdf
Nifty Microcap 250,2024-05-03,REMOVE,UJJIVAN,yurukatsu_event,https://niftyindices.com/Press_Release/ind_prs17022023_1.pdf,press_release,closed by ind_prs24042024_1.pdf
Nifty Microcap 250,2024-09-03,ADD,KSL,yurukatsu_event,https://niftyindices.com/Press_Release/ind_prs27082024.pdf,press_release,closed by ind_prs23022026.pdf
Nifty Microcap 250,2024-09-03,REMOVE,TCNSBRANDS,yurukatsu_event,https://niftyindices.com/Press_Release/ind_prs17082023.pdf,press_release,closed by ind_prs27082024.pdf
Nifty Microcap 250,2024-09-30,ADD,AETHER,yurukatsu_event,https://niftyindices.com/Press_Release/ind_prs23082024.pdf,press_release,
Nifty Microcap 250,2024-09-30,ADD,ALLCARGO,yurukatsu_event,https://niftyindices.com/Press_Release/ind_prs23082024.pdf,press_release,"inferred-exclude: not in NSE current snapshot, no PR found (closed at next semi-annual review)"
Nifty Microcap 250,2024-09-30,ADD,ANURAS,yurukatsu_event,https://niftyindices.com/Press_Release/ind_prs23082024.pdf,press_release,closed by ind_prs21022025.pdf
Nifty Microcap 250,2024-09-30,ADD,BAJAJELEC,yurukatsu_event,https://niftyindices.com/Press_Release/ind_prs23082024.pdf,press_release,closed by ind_prs21022025.pdf
Nifty Microcap 250,2024-09-30,ADD,BBL,yurukatsu_event,https://niftyindices.com/Press_Release/ind_prs23082024.pdf,press_release,closed by ind_prs23022026.pdf
Nifty Microcap 250,2024-09-30,ADD,BOROLTD,yurukatsu_event,https://niftyindices.com/Press_Release/ind_prs23082024.pdf,press_release,closed by ind_prs22082025.pdf
Nifty Microcap 250,2024-09-30,ADD,BORORENEW,yurukatsu_event,https://niftyindices.com/Press_Release/ind_prs23082024.pdf,press_release,
Nifty Microcap 250,2024-09-30,ADD,CSBBANK,yurukatsu_event,https://niftyindices.com/Press_Release/ind_prs23082024.pdf,press_release,
Nifty Microcap 250,2024-09-30,ADD,DYNAMATECH,yurukatsu_event,https://niftyindices.com/Press_Release/ind_prs23082024.pdf,press_release,
Nifty Microcap 250,2024-09-30,ADD,ENTERO,yurukatsu_event,https://niftyindices.com/Press_Release/ind_prs23082024.pdf,press_release,
Nifty Microcap 250,2024-09-30,ADD,EPL,yurukatsu_event,https://niftyindices.com/Press_Release/ind_prs23082024.pdf,press_release,
Nifty Microcap 250,2024-09-30,ADD,EXICOM,yurukatsu_event,https://niftyindices.com/Press_Release/ind_prs23082024.pdf,press_release,"inferred-exclude: not in NSE current snapshot, no PR found (closed at next semi-annual review)"
Nifty Microcap 250,2024-09-30,ADD,FDC,yurukatsu_event,https://niftyindices.com/Press_Release/ind_prs23082024.pdf,press_release,closed by ind_prs23022026.pdf
Nifty Microcap 250,2024-09-30,ADD,FORCEMOT,yurukatsu_event,https://niftyindices.com/Press_Release/ind_prs23082024.pdf,press_release,closed by ind_prs22082025.pdf
Nifty Microcap 250,2024-09-30,ADD,GLS,yurukatsu_event,https://niftyindices.com/Press_Release/ind_prs23082024.pdf,press_release,"inferred-exclude: not in NSE current snapshot, no PR found (closed at next semi-annual review)"
Nifty Microcap 250,2024-09-30,ADD,GMMPFAUDLR,yurukatsu_event,https://niftyindices.com/Press_Release/ind_prs23082024.pdf,press_release,
Nifty Microcap 250,2024-09-30,ADD,GOPAL,yurukatsu_event,https://niftyindices.com/Press_Release/ind_prs23082024.pdf,press_release,closed by ind_prs22082025.pdf
Nifty Microcap 250,2024-09-30,ADD,HAPPYFORGE,yurukatsu_event,https://niftyindices.com/Press_Release/ind_prs23082024.pdf,press_release,closed by ind_prs21022025.pdf
Nifty Microcap 250,2024-09-30,ADD,HARSHA,yurukatsu_event,https://niftyindices.com/Press_Release/ind_prs23082024.pdf,press_release,closed by ind_prs21022025.pdf
Nifty Microcap 250,2024-09-30,ADD,HCG,yurukatsu_event,https://niftyindices.com/Press_Release/ind_prs23082024.pdf,press_release,
Nifty Microcap 250,2024-09-30,ADD,HNDFDS,yurukatsu_event,https://niftyindices.com/Press_Release/ind_prs23082024.pdf,press_release,closed by ind_prs21022025.pdf
Nifty Microcap 250,2024-09-30,ADD,IMAGICAA,yurukatsu_event,https://niftyindices.com/Press_Release/ind_prs23082024.pdf,press_release,closed by ind_prs23022026.pdf
Nifty Microcap 250,2024-09-30,ADD,INDIGOPNTS,yurukatsu_event,https://niftyindices.com/Press_Release/ind_prs23082024.pdf,press_release,
Nifty Microcap 250,2024-09-30,ADD,INOXGREEN,yurukatsu_event,https://niftyindices.com/Press_Release/ind_prs23082024.pdf,press_release,
Nifty Microcap 250,2024-09-30,ADD,IXIGO,yurukatsu_event,https://niftyindices.com/Press_Release/ind_prs23082024.pdf,press_release,
Nifty Microcap 250,2024-09-30,ADD,JAIBALAJI,yurukatsu_event,https://niftyindices.com/Press_Release/ind_prs23082024.pdf,press_release,
Nifty Microcap 250,2024-09-30,ADD,JKPAPER,yurukatsu_event,https://niftyindices.com/Press_Release/ind_prs23082024.pdf,press_release,
Nifty Microcap 250,2024-09-30,ADD,JNKINDIA,yurukatsu_event,https://niftyindices.com/Press_Release/ind_prs23082024.pdf,press_release,"inferred-exclude: not in NSE current snapshot, no PR found (closed at next semi-annual review)"
Nifty Microcap 250,2024-09-30,ADD,JSFB,yurukatsu_event,https://niftyindices.com/Press_Release/ind_prs23082024.pdf,press_release,
Nifty Microcap 250,2024-09-30,ADD,KIRLPNU,yurukatsu_event,https://niftyindices.com/Press_Release/ind_prs23082024.pdf,press_release,
Nifty Microcap 250,2024-09-30,ADD,KRBL,yurukatsu_event,https://niftyindices.com/Press_Release/ind_prs23082024.pdf,press_release,
Nifty Microcap 250,2024-09-30,ADD,LXCHEM,yurukatsu_event,https://niftyindices.com/Press_Release/ind_prs23082024.pdf,press_release,
Nifty Microcap 250,2024-09-30,ADD,MEDPLUS,yurukatsu_event,https://niftyindices.com/Press_Release/ind_prs23082024.pdf,press_release,
Nifty Microcap 250,2024-09-30,ADD,MHRIL,yurukatsu_event,https://niftyindices.com/Press_Release/ind_prs23082024.pdf,press_release,closed by ind_prs21022025.pdf
Nifty Microcap 250,2024-09-30,ADD,MTARTECH,yurukatsu_event,https://niftyindices.com/Press_Release/ind_prs23082024.pdf,press_release,
Nifty Microcap 250,2024-09-30,ADD,ORCHPHARMA,yurukatsu_event,https://niftyindices.com/Press_Release/ind_prs23082024.pdf,press_release,closed by ind_prs23022026.pdf
Nifty Microcap 250,2024-09-30,ADD,PARKHOTELS,yurukatsu_event,https://niftyindices.com/Press_Release/ind_prs23082024.pdf,press_release,closed by ind_prs23022026.pdf
Nifty Microcap 250,2024-09-30,ADD,PGHL,yurukatsu_event,https://niftyindices.com/Press_Release/ind_prs23082024.pdf,press_release,closed by ind_prs21022025.pdf
Nifty Microcap 250,2024-09-30,ADD,PRINCEPIPE,yurukatsu_event,https://niftyindices.com/Press_Release/ind_prs23082024.pdf,press_release,closed by ind_prs23022026.pdf
Nifty Microcap 250,2024-09-30,ADD,PRUDENT,yurukatsu_event,https://niftyindices.com/Press_Release/ind_prs23082024.pdf,press_release,
Nifty Microcap 250,2024-09-30,ADD,RBA,yurukatsu_event,https://niftyindices.com/Press_Release/ind_prs23082024.pdf,press_release,
Nifty Microcap 250,2024-09-30,ADD,ROLEXRINGS,yurukatsu_event,https://niftyindices.com/Press_Release/ind_prs23082024.pdf,press_release,closed by ind_prs21022025.pdf
Nifty Microcap 250,2024-09-30,ADD,SAFARI,yurukatsu_event,https://niftyindices.com/Press_Release/ind_prs23082024.pdf,press_release,
Nifty Microcap 250,2024-09-30,ADD,SHRIPISTON,yurukatsu_event,https://niftyindices.com/Press_Release/ind_prs23082024.pdf,press_release,
Nifty Microcap 250,2024-09-30,ADD,STLTECH,yurukatsu_event,https://niftyindices.com/Press_Release/ind_prs23082024.pdf,press_release,
Nifty Microcap 250,2024-09-30,ADD,SUBROS,yurukatsu_event,https://niftyindices.com/Press_Release/ind_prs23082024.pdf,press_release,
Nifty Microcap 250,2024-09-30,ADD,SUNTECK,yurukatsu_event,https://niftyindices.com/Press_Release/ind_prs23082024.pdf,press_release,
Nifty Microcap 250,2024-09-30,ADD,SYMPHONY,yurukatsu_event,https://niftyindices.com/Press_Release/ind_prs23082024.pdf,press_release,closed by ind_prs23022026.pdf
Nifty Microcap 250,2024-09-30,ADD,TCIEXP,yurukatsu_event,https://niftyindices.com/Press_Release/ind_prs23082024.pdf,press_release,closed by ind_prs21022025.pdf
Nifty Microcap 250,2024-09-30,ADD,TIIL,yurukatsu_event,https://niftyindices.com/Press_Release/ind_prs23082024.pdf,press_release,closed by ind_prs22082025.pdf
Nifty Microcap 250,2024-09-30,ADD,VAIBHAVGBL,yurukatsu_event,https://niftyindices.com/Press_Release/ind_prs23082024.pdf,press_release,
Nifty Microcap 250,2024-09-30,ADD,VENUSPIPES,yurukatsu_event,https://niftyindices.com/Press_Release/ind_prs23082024.pdf,press_release,closed by ind_prs22082025.pdf
Nifty Microcap 250,2024-09-30,ADD,VESUVIUS,yurukatsu_event,https://niftyindices.com/Press_Release/ind_prs23082024.pdf,press_release,closed by ind_prs23022026.pdf
Nifty Microcap 250,2024-09-30,ADD,VSTIND,yurukatsu_event,https://niftyindices.com/Press_Release/ind_prs23082024.pdf,press_release,closed by ind_prs23022026.pdf
Nifty Microcap 250,2024-09-30,REMOVE,ACCELYA,seed_closure_official,https://www.niftyindices.com/Press_Release/ind_prs23082024.pdf,snapshot_floor,closed by ind_prs23082024.pdf
Nifty Microcap 250,2024-09-30,REMOVE,ANANTRAJ,yurukatsu_event,https://niftyindices.com/Press_Release/ind_prs15092021.pdf,press_release,closed by ind_prs23082024.pdf
Nifty Microcap 250,2024-09-30,REMOVE,BARBEQUE,yurukatsu_event,https://niftyindices.com/Press_Release/ind_prs15092021.pdf,press_release,closed by ind_prs23082024.pdf
Nifty Microcap 250,2024-09-30,REMOVE,BASF,yurukatsu_event,https://niftyindices.com/Press_Release/ind_prs30012024.pdf,press_release,closed by ind_prs23082024.pdf
Nifty Microcap 250,2024-09-30,REMOVE,CAMLINFINE,seed_closure_official,https://www.niftyindices.com/Press_Release/ind_prs23082024.pdf,snapshot_floor,closed by ind_prs23082024.pdf
Nifty Microcap 250,2024-09-30,REMOVE,CARERATING,seed_closure_official,https://www.niftyindices.com/Press_Release/ind_prs23082024.pdf,snapshot_floor,closed by ind_prs23082024.pdf
Nifty Microcap 250,2024-09-30,REMOVE,DALMIASUG,seed_closure_official,https://www.niftyindices.com/Press_Release/ind_prs23082024.pdf,snapshot_floor,closed by ind_prs23082024.pdf
Nifty Microcap 250,2024-09-30,REMOVE,DBCORP,yurukatsu_event,https://niftyindices.com/Press_Release/ind_prs17082023.pdf,press_release,closed by ind_prs23082024.pdf
Nifty Microcap 250,2024-09-30,REMOVE,DBREALTY,yurukatsu_event,https://niftyindices.com/Press_Release/ind_prs01092022.pdf,press_release,closed by ind_prs23082024.pdf
Nifty Microcap 250,2024-09-30,REMOVE,FEDFINA,yurukatsu_event,https://niftyindices.com/Press_Release/ind_prs28022024.pdf,press_release,closed by ind_prs23082024.pdf
Nifty Microcap 250,2024-09-30,REMOVE,FLAIR,yurukatsu_event,https://niftyindices.com/Press_Release/ind_prs28022024.pdf,press_release,closed by ind_prs23082024.pdf
Nifty Microcap 250,2024-09-30,REMOVE,GALAXYSURF,yurukatsu_event,https://niftyindices.com/Press_Release/ind_prs28022024.pdf,press_release,closed by ind_prs23082024.pdf
Nifty Microcap 250,2024-09-30,REMOVE,GLOBUSSPR,yurukatsu_event,https://niftyindices.com/Press_Release/ind_prs24022022_1.pdf,press_release,closed by ind_prs23082024.pdf
Nifty Microcap 250,2024-09-30,REMOVE,GODREJAGRO,yurukatsu_event,https://niftyindices.com/Press_Release/ind_prs17082023.pdf,press_release,closed by ind_prs23082024.pdf
Nifty Microcap 250,2024-09-30,REMOVE,GRINFRA,yurukatsu_event,https://niftyindices.com/Press_Release/ind_prs28022024.pdf,press_release,closed by ind_prs23082024.pdf
Nifty Microcap 250,2024-09-30,REMOVE,GUFICBIO,yurukatsu_event,https://niftyindices.com/Press_Release/ind_prs01092022.pdf,press_release,closed by ind_prs23082024.pdf
Nifty Microcap 250,2024-09-30,REMOVE,HLEGLAS,yurukatsu_event,https://niftyindices.com/Press_Release/ind_prs28022024.pdf,press_release,closed by ind_prs23082024.pdf
Nifty Microcap 250,2024-09-30,REMOVE,HMAAGRO,yurukatsu_event,https://niftyindices.com/Press_Release/ind_prs28022024.pdf,press_release,closed by ind_prs23082024.pdf
Nifty Microcap 250,2024-09-30,REMOVE,IFCI,seed_closure_official,https://www.niftyindices.com/Press_Release/ind_prs23082024.pdf,snapshot_floor,closed by ind_prs23082024.pdf
Nifty Microcap 250,2024-09-30,REMOVE,IKIO,yurukatsu_event,https://niftyindices.com/Press_Release/ind_prs17082023.pdf,press_release,closed by ind_prs23082024.pdf
Nifty Microcap 250,2024-09-30,REMOVE,INDOCO,yurukatsu_event,https://niftyindices.com/Press_Release/ind_prs17022023_1.pdf,press_release,closed by ind_prs23082024.pdf
Nifty Microcap 250,2024-09-30,REMOVE,INOXINDIA,yurukatsu_event,https://niftyindices.com/Press_Release/ind_prs28022024.pdf,press_release,closed by ind_prs23082024.pdf
Nifty Microcap 250,2024-09-30,REMOVE,IOLCP,yurukatsu_event,https://niftyindices.com/Press_Release/ind_prs24022022_1.pdf,press_release,closed by ind_prs23082024.pdf
Nifty Microcap 250,2024-09-30,REMOVE,JKTYRE,yurukatsu_event,https://niftyindices.com/Press_Release/ind_prs24022022_1.pdf,press_release,closed by ind_prs23082024.pdf
Nifty Microcap 250,2024-09-30,REMOVE,JPASSOCIAT,seed_closure_official,https://www.niftyindices.com/Press_Release/ind_prs23082024.pdf,snapshot_floor,closed by ind_prs23082024.pdf
Nifty Microcap 250,2024-09-30,REMOVE,JPPOWER,seed_closure_official,https://www.niftyindices.com/Press_Release/ind_prs23082024.pdf,snapshot_floor,closed by ind_prs23082024.pdf
Nifty Microcap 250,2024-09-30,REMOVE,JSWHL,yurukatsu_event,https://niftyindices.com/Press_Release/ind_prs28022024.pdf,press_release,closed by ind_prs23082024.pdf
Nifty Microcap 250,2024-09-30,REMOVE,JYOTICNC,seed_closure_official,https://www.niftyindices.com/Press_Release/ind_prs23082024.pdf,snapshot_floor,closed by ind_prs23082024.pdf
Nifty Microcap 250,2024-09-30,REMOVE,KIRLOSBROS,yurukatsu_event,https://niftyindices.com/Press_Release/ind_prs17022023_1.pdf,press_release,closed by ind_prs23082024.pdf
Nifty Microcap 250,2024-09-30,REMOVE,KIRLOSENG,seed_closure_official,https://www.niftyindices.com/Press_Release/ind_prs23082024.pdf,snapshot_floor,closed by ind_prs23082024.pdf
Nifty Microcap 250,2024-09-30,REMOVE,KPIGREEN,yurukatsu_event,https://niftyindices.com/Press_Release/ind_prs28022024.pdf,press_release,closed by ind_prs23082024.pdf
Nifty Microcap 250,2024-09-30,REMOVE,KRSNAA,yurukatsu_event,https://niftyindices.com/Press_Release/ind_prs24022022_1.pdf,press_release,closed by ind_prs23082024.pdf
Nifty Microcap 250,2024-09-30,REMOVE,LAOPALA,yurukatsu_event,https://niftyindices.com/Press_Release/ind_prs24022022_1.pdf,press_release,closed by ind_prs23082024.pdf
Nifty Microcap 250,2024-09-30,REMOVE,LGBBROSLTD,seed_closure_official,https://www.niftyindices.com/Press_Release/ind_prs23082024.pdf,snapshot_floor,closed by ind_prs23082024.pdf
Nifty Microcap 250,2024-09-30,REMOVE,MASFIN,yurukatsu_event,https://niftyindices.com/Press_Release/ind_prs15092021.pdf,press_release,closed by ind_prs23082024.pdf
Nifty Microcap 250,2024-09-30,REMOVE,NAVNETEDUL,seed_closure_official,https://www.niftyindices.com/Press_Release/ind_prs23082024.pdf,snapshot_floor,closed by ind_prs23082024.pdf
Nifty Microcap 250,2024-09-30,REMOVE,NETWEB,yurukatsu_event,https://niftyindices.com/Press_Release/ind_prs28022024.pdf,press_release,closed by ind_prs23082024.pdf
Nifty Microcap 250,2024-09-30,REMOVE,NEWGEN,seed_closure_official,https://www.niftyindices.com/Press_Release/ind_prs23082024.pdf,snapshot_floor,closed by ind_prs23082024.pdf
Nifty Microcap 250,2024-09-30,REMOVE,NUCLEUS,yurukatsu_event,https://niftyindices.com/Press_Release/ind_prs28022024.pdf,press_release,closed by ind_prs23082024.pdf
Nifty Microcap 250,2024-09-30,REMOVE,PDSL,yurukatsu_event,https://niftyindices.com/Press_Release/ind_prs22122022.pdf,press_release,closed by ind_prs23082024.pdf
Nifty Microcap 250,2024-09-30,REMOVE,PSPPROJECT,seed_closure_official,https://www.niftyindices.com/Press_Release/ind_prs23082024.pdf,snapshot_floor,closed by ind_prs23082024.pdf
Nifty Microcap 250,2024-09-30,REMOVE,RPOWER,seed_closure_official,https://www.niftyindices.com/Press_Release/ind_prs23082024.pdf,snapshot_floor,closed by ind_prs23082024.pdf
Nifty Microcap 250,2024-09-30,REMOVE,RTNPOWER,seed_closure_official,https://www.niftyindices.com/Press_Release/ind_prs23082024.pdf,snapshot_floor,closed by ind_prs23082024.pdf
Nifty Microcap 250,2024-09-30,REMOVE,SAGCEM,yurukatsu_event,https://niftyindices.com/Press_Release/ind_prs28022024.pdf,press_release,closed by ind_prs23082024.pdf
Nifty Microcap 250,2024-09-30,REMOVE,SCI,yurukatsu_event,https://niftyindices.com/Press_Release/ind_prs17082023.pdf,press_release,closed by ind_prs23082024.pdf
Nifty Microcap 250,2024-09-30,REMOVE,SHOPERSTOP,yurukatsu_event,https://niftyindices.com/Press_Release/ind_prs28022024.pdf,press_release,closed by ind_prs23082024.pdf
Nifty Microcap 250,2024-09-30,REMOVE,SUNCLAY,yurukatsu_event,https://niftyindices.com/Press_Release/ind_prs28022024.pdf,press_release,closed by ind_prs23082024.pdf
Nifty Microcap 250,2024-09-30,REMOVE,TARSONS,yurukatsu_event,https://niftyindices.com/Press_Release/ind_prs24022022_1.pdf,press_release,closed by ind_prs23082024.pdf
Nifty Microcap 250,2024-09-30,REMOVE,TECHNOE,seed_closure_official,https://www.niftyindices.com/Press_Release/ind_prs23082024.pdf,snapshot_floor,closed by ind_prs23082024.pdf
Nifty Microcap 250,2024-09-30,REMOVE,TTKPRESTIG,yurukatsu_event,https://niftyindices.com/Press_Release/ind_prs28022024.pdf,press_release,closed by ind_prs23082024.pdf
Nifty Microcap 250,2024-09-30,REMOVE,TVSHLTD,yurukatsu_event,https://niftyindices.com/Press_Release/ind_prs10012024.pdf,press_release,closed by ind_prs23082024.pdf
Nifty Microcap 250,2024-09-30,REMOVE,UFLEX,yurukatsu_event,https://niftyindices.com/Press_Release/ind_prs17082023.pdf,press_release,closed by ind_prs23082024.pdf
Nifty Microcap 250,2024-09-30,REMOVE,UNIPARTS,yurukatsu_event,https://niftyindices.com/Press_Release/ind_prs17022023_1.pdf,press_release,closed by ind_prs23082024.pdf
Nifty Microcap 250,2024-09-30,REMOVE,VRLLOG,seed_closure_official,https://www.niftyindices.com/Press_Release/ind_prs23082024.pdf,snapshot_floor,closed by ind_prs23082024.pdf
Nifty Microcap 250,2024-09-30,REMOVE,VSTTILLERS,seed_closure_official,https://www.niftyindices.com/Press_Release/ind_prs23082024.pdf,snapshot_floor,closed by ind_prs23082024.pdf
Nifty Microcap 250,2025-03-10,ADD,INNOVACAP,yurukatsu_event,https://niftyindices.com/Press_Release/ind_prs06032025.pdf,press_release,closed by ind_prs23022026.pdf
Nifty Microcap 250,2025-03-10,REMOVE,KESORAMIND,yurukatsu_event,https://niftyindices.com/Press_Release/ind_prs28022024.pdf,press_release,closed by ind_prs06032025.pdf
Nifty Microcap 250,2025-03-28,ADD,ABDL,yurukatsu_event,https://niftyindices.com/Press_Release/ind_prs21022025.pdf,press_release,closed by ind_prs23022026.pdf
Nifty Microcap 250,2025-03-28,ADD,ACI,yurukatsu_event,https://niftyindices.com/Press_Release/ind_prs21022025.pdf,press_release,
Nifty Microcap 250,2025-03-28,ADD,AKZOINDIA,yurukatsu_event,https://niftyindices.com/Press_Release/ind_prs21022025.pdf,press_release,closed by ind_prs22082025.pdf
Nifty Microcap 250,2025-03-28,ADD,ANUP,yurukatsu_event,https://niftyindices.com/Press_Release/ind_prs21022025.pdf,press_release,
Nifty Microcap 250,2025-03-28,ADD,AURIONPRO,yurukatsu_event,https://niftyindices.com/Press_Release/ind_prs21022025.pdf,press_release,
Nifty Microcap 250,2025-03-28,ADD,AVANTIFEED,yurukatsu_event,https://niftyindices.com/Press_Release/ind_prs21022025.pdf,press_release,
Nifty Microcap 250,2025-03-28,ADD,AVL,yurukatsu_event,https://niftyindices.com/Press_Release/ind_prs21022025.pdf,press_release,closed by ind_prs22082025.pdf
Nifty Microcap 250,2025-03-28,ADD,AWFIS,yurukatsu_event,https://niftyindices.com/Press_Release/ind_prs21022025.pdf,press_release,
Nifty Microcap 250,2025-03-28,ADD,BALAMINES,yurukatsu_event,https://niftyindices.com/Press_Release/ind_prs21022025.pdf,press_release,
Nifty Microcap 250,2025-03-28,ADD,BALUFORGE,yurukatsu_event,https://niftyindices.com/Press_Release/ind_prs21022025.pdf,press_release,
Nifty Microcap 250,2025-03-28,ADD,BANSALWIRE,yurukatsu_event,https://niftyindices.com/Press_Release/ind_prs21022025.pdf,press_release,closed by ind_prs22082025.pdf
Nifty Microcap 250,2025-03-28,ADD,BIRLACORPN,yurukatsu_event,https://niftyindices.com/Press_Release/ind_prs21022025.pdf,press_release,
Nifty Microcap 250,2025-03-28,ADD,BLACKBUCK,yurukatsu_event,https://niftyindices.com/Press_Release/ind_prs21022025.pdf,press_release,
Nifty Microcap 250,2025-03-28,ADD,CEIGALL,yurukatsu_event,https://niftyindices.com/Press_Release/ind_prs21022025.pdf,press_release,closed by ind_prs23022026.pdf
Nifty Microcap 250,2025-03-28,ADD,CELLO,yurukatsu_event,https://niftyindices.com/Press_Release/ind_prs21022025.pdf,press_release,
Nifty Microcap 250,2025-03-28,ADD,CHEMPLASTS,yurukatsu_event,https://niftyindices.com/Press_Release/ind_prs21022025.pdf,press_release,closed by ind_prs22082025.pdf
Nifty Microcap 250,2025-03-28,ADD,CIEINDIA,yurukatsu_event,https://niftyindices.com/Press_Release/ind_prs21022025.pdf,press_release,closed by ind_prs04052026.pdf
Nifty Microcap 250,2025-03-28,ADD,EASEMYTRIP,yurukatsu_event,https://niftyindices.com/Press_Release/ind_prs21022025.pdf,press_release,closed by ind_prs23022026.pdf
Nifty Microcap 250,2025-03-28,ADD,EIEL,yurukatsu_event,https://niftyindices.com/Press_Release/ind_prs21022025.pdf,press_release,
Nifty Microcap 250,2025-03-28,ADD,EQUITASBNK,yurukatsu_event,https://niftyindices.com/Press_Release/ind_prs21022025.pdf,press_release,
Nifty Microcap 250,2025-03-28,ADD,EUREKAFORB,yurukatsu_event,https://niftyindices.com/Press_Release/ind_prs21022025.pdf,press_release,
Nifty Microcap 250,2025-03-28,ADD,FINEORG,yurukatsu_event,https://niftyindices.com/Press_Release/ind_prs21022025.pdf,press_release,closed by ind_prs23022026.pdf
Nifty Microcap 250,2025-03-28,ADD,GAEL,yurukatsu_event,https://niftyindices.com/Press_Release/ind_prs21022025.pdf,press_release,
Nifty Microcap 250,2025-03-28,ADD,GANECOS,yurukatsu_event,https://niftyindices.com/Press_Release/ind_prs21022025.pdf,press_release,closed by ind_prs23022026.pdf
Nifty Microcap 250,2025-03-28,ADD,GARFIBRES,yurukatsu_event,https://niftyindices.com/Press_Release/ind_prs21022025.pdf,press_release,closed by ind_prs23022026.pdf
Nifty Microcap 250,2025-03-28,ADD,GMRP&UI,yurukatsu_event,https://niftyindices.com/Press_Release/ind_prs21022025.pdf,press_release,
Nifty Microcap 250,2025-03-28,ADD,GRINFRA,yurukatsu_event,https://niftyindices.com/Press_Release/ind_prs21022025.pdf,press_release,closed by ind_prs23022026.pdf
Nifty Microcap 250,2025-03-28,ADD,GSFC,yurukatsu_event,https://niftyindices.com/Press_Release/ind_prs21022025.pdf,press_release,
Nifty Microcap 250,2025-03-28,ADD,JKLAKSHMI,yurukatsu_event,https://niftyindices.com/Press_Release/ind_prs21022025.pdf,press_release,
Nifty Microcap 250,2025-03-28,ADD,KPIGREEN,yurukatsu_event,https://niftyindices.com/Press_Release/ind_prs21022025.pdf,press_release,
Nifty Microcap 250,2025-03-28,ADD,KSB,yurukatsu_event,https://niftyindices.com/Press_Release/ind_prs21022025.pdf,press_release,closed by ind_prs22082025.pdf
Nifty Microcap 250,2025-03-28,ADD,LLOYDSENT,yurukatsu_event,https://niftyindices.com/Press_Release/ind_prs21022025.pdf,press_release,
Nifty Microcap 250,2025-03-28,ADD,MAHLIFE,yurukatsu_event,https://niftyindices.com/Press_Release/ind_prs21022025.pdf,press_release,closed by ind_prs23022026.pdf
Nifty Microcap 250,2025-03-28,ADD,MAHSCOOTER,yurukatsu_event,https://niftyindices.com/Press_Release/ind_prs21022025.pdf,press_release,closed by ind_prs22082025.pdf
Nifty Microcap 250,2025-03-28,ADD,MAXESTATES,yurukatsu_event,https://niftyindices.com/Press_Release/ind_prs21022025.pdf,press_release,closed by ind_prs23022026.pdf
Nifty Microcap 250,2025-03-28,ADD,NUVOCO,yurukatsu_event,https://niftyindices.com/Press_Release/ind_prs21022025.pdf,press_release,closed by ind_prs22082025.pdf
Nifty Microcap 250,2025-03-28,ADD,PCJEWELLER,yurukatsu_event,https://niftyindices.com/Press_Release/ind_prs21022025.pdf,press_release,
Nifty Microcap 250,2025-03-28,ADD,PGIL,yurukatsu_event,https://niftyindices.com/Press_Release/ind_prs21022025.pdf,press_release,
Nifty Microcap 250,2025-03-28,ADD,PNGJL,yurukatsu_event,https://niftyindices.com/Press_Release/ind_prs21022025.pdf,press_release,
Nifty Microcap 250,2025-03-28,ADD,PRSMJOHNSN,yurukatsu_event,https://niftyindices.com/Press_Release/ind_prs21022025.pdf,press_release,
Nifty Microcap 250,2025-03-28,ADD,RAJESHEXPO,yurukatsu_event,https://niftyindices.com/Press_Release/ind_prs21022025.pdf,press_release,closed by ind_prs23122025.pdf
Nifty Microcap 250,2025-03-28,ADD,REFEX,yurukatsu_event,https://niftyindices.com/Press_Release/ind_prs21022025.pdf,press_release,
Nifty Microcap 250,2025-03-28,ADD,RTNPOWER,yurukatsu_event,https://niftyindices.com/Press_Release/ind_prs21022025.pdf,press_release,
Nifty Microcap 250,2025-03-28,ADD,SANOFI,yurukatsu_event,https://niftyindices.com/Press_Release/ind_prs21022025.pdf,press_release,closed by ind_prs23022026.pdf
Nifty Microcap 250,2025-03-28,ADD,SANOFICONR,yurukatsu_event,https://niftyindices.com/Press_Release/ind_prs21022025.pdf,press_release,closed by ind_prs23022026.pdf
Nifty Microcap 250,2025-03-28,ADD,SHAILY,yurukatsu_event,https://niftyindices.com/Press_Release/ind_prs21022025.pdf,press_release,
Nifty Microcap 250,2025-03-28,ADD,SHAKTIPUMP,yurukatsu_event,https://niftyindices.com/Press_Release/ind_prs21022025.pdf,press_release,
Nifty Microcap 250,2025-03-28,ADD,SHARDACROP,yurukatsu_event,https://niftyindices.com/Press_Release/ind_prs21022025.pdf,press_release,
Nifty Microcap 250,2025-03-28,ADD,SHOPERSTOP,yurukatsu_event,https://niftyindices.com/Press_Release/ind_prs21022025.pdf,press_release,closed by ind_prs22082025.pdf
Nifty Microcap 250,2025-03-28,ADD,SKIPPER,yurukatsu_event,https://niftyindices.com/Press_Release/ind_prs21022025.pdf,press_release,
Nifty Microcap 250,2025-03-28,ADD,SPARC,yurukatsu_event,https://niftyindices.com/Press_Release/ind_prs21022025.pdf,press_release,
Nifty Microcap 250,2025-03-28,ADD,THANGAMAYL,yurukatsu_event,https://niftyindices.com/Press_Release/ind_prs21022025.pdf,press_release,
Nifty Microcap 250,2025-03-28,ADD,TRANSRAILL,yurukatsu_event,https://niftyindices.com/Press_Release/ind_prs21022025.pdf,press_release,
Nifty Microcap 250,2025-03-28,ADD,TVSSCS,yurukatsu_event,https://niftyindices.com/Press_Release/ind_prs21022025.pdf,press_release,
Nifty Microcap 250,2025-03-28,ADD,UJJIVANSFB,yurukatsu_event,https://niftyindices.com/Press_Release/ind_prs21022025.pdf,press_release,
Nifty Microcap 250,2025-03-28,ADD,UNIMECH,yurukatsu_event,https://niftyindices.com/Press_Release/ind_prs21022025.pdf,press_release,closed by ind_prs23022026.pdf
Nifty Microcap 250,2025-03-28,ADD,VARROC,yurukatsu_event,https://niftyindices.com/Press_Release/ind_prs21022025.pdf,press_release,
Nifty Microcap 250,2025-03-28,ADD,VENTIVE,yurukatsu_event,https://niftyindices.com/Press_Release/ind_prs21022025.pdf,press_release,closed by ind_prs22082025.pdf
Nifty Microcap 250,2025-03-28,ADD,VIPIND,yurukatsu_event,https://niftyindices.com/Press_Release/ind_prs21022025.pdf,press_release,
Nifty Microcap 250,2025-03-28,ADD,WEBELSOLAR,yurukatsu_event,https://niftyindices.com/Press_Release/ind_prs21022025.pdf,press_release,
Nifty Microcap 250,2025-03-28,ADD,ZAGGLE,yurukatsu_event,https://niftyindices.com/Press_Release/ind_prs21022025.pdf,press_release,
Nifty Microcap 250,2025-03-28,REMOVE,ALIVUS,seed_closure_official,https://www.niftyindices.com/Press_Release/ind_prs21022025.pdf,snapshot_floor,closed by ind_prs21022025.pdf
Nifty Microcap 250,2025-03-28,REMOVE,ANURAS,yurukatsu_event,https://niftyindices.com/Press_Release/ind_prs23082024.pdf,press_release,closed by ind_prs21022025.pdf
Nifty Microcap 250,2025-03-28,REMOVE,BAJAJCON,yurukatsu_event,https://niftyindices.com/Press_Release/ind_prs24022022_1.pdf,press_release,closed by ind_prs21022025.pdf
Nifty Microcap 250,2025-03-28,REMOVE,BAJAJELEC,yurukatsu_event,https://niftyindices.com/Press_Release/ind_prs23082024.pdf,press_release,closed by ind_prs21022025.pdf
Nifty Microcap 250,2025-03-28,REMOVE,BALMLAWRIE,yurukatsu_event,https://niftyindices.com/Press_Release/ind_prs15092021.pdf,press_release,closed by ind_prs21022025.pdf
Nifty Microcap 250,2025-03-28,REMOVE,CONFIPET,seed_closure_official,https://www.niftyindices.com/Press_Release/ind_prs21022025.pdf,snapshot_floor,closed by ind_prs21022025.pdf
Nifty Microcap 250,2025-03-28,REMOVE,DCMSHRIRAM,seed_closure_official,https://www.niftyindices.com/Press_Release/ind_prs21022025.pdf,snapshot_floor,closed by ind_prs21022025.pdf
Nifty Microcap 250,2025-03-28,REMOVE,DELTACORP,yurukatsu_event,https://niftyindices.com/Press_Release/ind_prs28022024.pdf,press_release,closed by ind_prs21022025.pdf
Nifty Microcap 250,2025-03-28,REMOVE,DEN,yurukatsu_event,https://niftyindices.com/Press_Release/ind_prs15092021.pdf,press_release,closed by ind_prs21022025.pdf
Nifty Microcap 250,2025-03-28,REMOVE,DHANUKA,yurukatsu_event,https://niftyindices.com/Press_Release/ind_prs28022024.pdf,press_release,closed by ind_prs21022025.pdf
Nifty Microcap 250,2025-03-28,REMOVE,DISHTV,yurukatsu_event,https://niftyindices.com/Press_Release/ind_prs15092021.pdf,press_release,closed by ind_prs21022025.pdf
Nifty Microcap 250,2025-03-28,REMOVE,DREAMFOLKS,yurukatsu_event,https://niftyindices.com/Press_Release/ind_prs17082023.pdf,press_release,closed by ind_prs21022025.pdf
Nifty Microcap 250,2025-03-28,REMOVE,ESAFSFB,yurukatsu_event,https://niftyindices.com/Press_Release/ind_prs28022024.pdf,press_release,closed by ind_prs21022025.pdf
Nifty Microcap 250,2025-03-28,REMOVE,EVEREADY,seed_closure_official,https://www.niftyindices.com/Press_Release/ind_prs21022025.pdf,snapshot_floor,closed by ind_prs21022025.pdf
Nifty Microcap 250,2025-03-28,REMOVE,FUSION,yurukatsu_event,https://niftyindices.com/Press_Release/ind_prs17022023_1.pdf,press_release,closed by ind_prs21022025.pdf
Nifty Microcap 250,2025-03-28,REMOVE,GOCOLORS,yurukatsu_event,https://niftyindices.com/Press_Release/ind_prs28022024.pdf,press_release,closed by ind_prs21022025.pdf
Nifty Microcap 250,2025-03-28,REMOVE,GRAVITA,yurukatsu_event,https://niftyindices.com/Press_Release/ind_prs01092022.pdf,press_release,closed by ind_prs21022025.pdf
Nifty Microcap 250,2025-03-28,REMOVE,GUJALKALI,yurukatsu_event,https://niftyindices.com/Press_Release/ind_prs28022024.pdf,press_release,closed by ind_prs21022025.pdf
Nifty Microcap 250,2025-03-28,REMOVE,HAPPYFORGE,yurukatsu_event,https://niftyindices.com/Press_Release/ind_prs23082024.pdf,press_release,closed by ind_prs21022025.pdf
Nifty Microcap 250,2025-03-28,REMOVE,HARSHA,yurukatsu_event,https://niftyindices.com/Press_Release/ind_prs23082024.pdf,press_release,closed by ind_prs21022025.pdf
Nifty Microcap 250,2025-03-28,REMOVE,HINDOILEXP,seed_closure_official,https://www.niftyindices.com/Press_Release/ind_prs21022025.pdf,snapshot_floor,closed by ind_prs21022025.pdf
Nifty Microcap 250,2025-03-28,REMOVE,HINDWAREAP,seed_closure_official,https://www.niftyindices.com/Press_Release/ind_prs21022025.pdf,snapshot_floor,closed by ind_prs21022025.pdf
Nifty Microcap 250,2025-03-28,REMOVE,HNDFDS,yurukatsu_event,https://niftyindices.com/Press_Release/ind_prs23082024.pdf,press_release,closed by ind_prs21022025.pdf
Nifty Microcap 250,2025-03-28,REMOVE,IDEAFORGE,yurukatsu_event,https://niftyindices.com/Press_Release/ind_prs28022024.pdf,press_release,closed by ind_prs21022025.pdf
Nifty Microcap 250,2025-03-28,REMOVE,IPL,yurukatsu_event,https://niftyindices.com/Press_Release/ind_prs28022024.pdf,press_release,closed by ind_prs21022025.pdf
Nifty Microcap 250,2025-03-28,REMOVE,JLHL,yurukatsu_event,https://niftyindices.com/Press_Release/ind_prs28022024.pdf,press_release,closed by ind_prs21022025.pdf
Nifty Microcap 250,2025-03-28,REMOVE,JTEKTINDIA,yurukatsu_event,https://niftyindices.com/Press_Release/ind_prs17022023_1.pdf,press_release,closed by ind_prs21022025.pdf
Nifty Microcap 250,2025-03-28,REMOVE,JUNIPER,yurukatsu_event,https://niftyindices.com/Press_Release/ind_prs24042024_1.pdf,press_release,closed by ind_prs21022025.pdf
Nifty Microcap 250,2025-03-28,REMOVE,KALAMANDIR,yurukatsu_event,https://niftyindices.com/Press_Release/ind_prs28022024.pdf,press_release,closed by ind_prs21022025.pdf
Nifty Microcap 250,2025-03-28,REMOVE,KOLTEPATIL,seed_closure_official,https://www.niftyindices.com/Press_Release/ind_prs21022025.pdf,snapshot_floor,closed by ind_prs21022025.pdf
Nifty Microcap 250,2025-03-28,REMOVE,LANDMARK,yurukatsu_event,https://niftyindices.com/Press_Release/ind_prs17022023_1.pdf,press_release,closed by ind_prs21022025.pdf
Nifty Microcap 250,2025-03-28,REMOVE,LTFOODS,seed_closure_official,https://www.niftyindices.com/Press_Release/ind_prs21022025.pdf,snapshot_floor,closed by ind_prs21022025.pdf
Nifty Microcap 250,2025-03-28,REMOVE,MAHLOG,yurukatsu_event,https://niftyindices.com/Press_Release/ind_prs17082023.pdf,press_release,closed by ind_prs21022025.pdf
Nifty Microcap 250,2025-03-28,REMOVE,MAITHANALL,seed_closure_official,https://www.niftyindices.com/Press_Release/ind_prs21022025.pdf,snapshot_floor,closed by ind_prs21022025.pdf
Nifty Microcap 250,2025-03-28,REMOVE,MHRIL,yurukatsu_event,https://niftyindices.com/Press_Release/ind_prs23082024.pdf,press_release,closed by ind_prs21022025.pdf
Nifty Microcap 250,2025-03-28,REMOVE,MUTHOOTMF,yurukatsu_event,https://niftyindices.com/Press_Release/ind_prs28022024.pdf,press_release,closed by ind_prs21022025.pdf
Nifty Microcap 250,2025-03-28,REMOVE,NAVA,seed_closure_official,https://www.niftyindices.com/Press_Release/ind_prs21022025.pdf,snapshot_floor,closed by ind_prs21022025.pdf
Nifty Microcap 250,2025-03-28,REMOVE,NEULANDLAB,seed_closure_official,https://www.niftyindices.com/Press_Release/ind_prs21022025.pdf,snapshot_floor,closed by ind_prs21022025.pdf
Nifty Microcap 250,2025-03-28,REMOVE,NIITMTS,yurukatsu_event,https://niftyindices.com/Press_Release/ind_prs28022024.pdf,press_release,closed by ind_prs21022025.pdf
Nifty Microcap 250,2025-03-28,REMOVE,NRBBEARING,seed_closure_official,https://www.niftyindices.com/Press_Release/ind_prs21022025.pdf,snapshot_floor,closed by ind_prs21022025.pdf
Nifty Microcap 250,2025-03-28,REMOVE,ORIENTELEC,yurukatsu_event,https://niftyindices.com/Press_Release/ind_prs28022024.pdf,press_release,closed by ind_prs21022025.pdf
Nifty Microcap 250,2025-03-28,REMOVE,PGEL,yurukatsu_event,https://niftyindices.com/Press_Release/ind_prs17022023_1.pdf,press_release,closed by ind_prs21022025.pdf
Nifty Microcap 250,2025-03-28,REMOVE,PGHL,yurukatsu_event,https://niftyindices.com/Press_Release/ind_prs23082024.pdf,press_release,closed by ind_prs21022025.pdf
Nifty Microcap 250,2025-03-28,REMOVE,PURVA,yurukatsu_event,https://niftyindices.com/Press_Release/ind_prs28022024.pdf,press_release,closed by ind_prs21022025.pdf
Nifty Microcap 250,2025-03-28,REMOVE,RAMKY,yurukatsu_event,https://niftyindices.com/Press_Release/ind_prs17082023.pdf,press_release,closed by ind_prs21022025.pdf
Nifty Microcap 250,2025-03-28,REMOVE,ROLEXRINGS,yurukatsu_event,https://niftyindices.com/Press_Release/ind_prs23082024.pdf,press_release,closed by ind_prs21022025.pdf
Nifty Microcap 250,2025-03-28,REMOVE,SANDUMA,yurukatsu_event,https://niftyindices.com/Press_Release/ind_prs28022024.pdf,press_release,closed by ind_prs21022025.pdf
Nifty Microcap 250,2025-03-28,REMOVE,SANGHIIND,yurukatsu_event,https://niftyindices.com/Press_Release/ind_prs28022024.pdf,press_release,closed by ind_prs21022025.pdf
Nifty Microcap 250,2025-03-28,REMOVE,SANGHVIMOV,yurukatsu_event,https://niftyindices.com/Press_Release/ind_prs28022024.pdf,press_release,closed by ind_prs21022025.pdf
Nifty Microcap 250,2025-03-28,REMOVE,SARDAEN,seed_closure_official,https://www.niftyindices.com/Press_Release/ind_prs21022025.pdf,snapshot_floor,closed by ind_prs21022025.pdf
Nifty Microcap 250,2025-03-28,REMOVE,SHARDAMOTR,yurukatsu_event,https://niftyindices.com/Press_Release/ind_prs28022024.pdf,press_release,closed by ind_prs21022025.pdf
Nifty Microcap 250,2025-03-28,REMOVE,SINDHUTRAD,yurukatsu_event,https://niftyindices.com/Press_Release/ind_prs28022024.pdf,press_release,closed by ind_prs21022025.pdf
Nifty Microcap 250,2025-03-28,REMOVE,SPLPETRO,yurukatsu_event,https://niftyindices.com/Press_Release/ind_prs24042024.pdf,press_release,closed by ind_prs21022025.pdf
Nifty Microcap 250,2025-03-28,REMOVE,SSWL,seed_closure_official,https://www.niftyindices.com/Press_Release/ind_prs21022025.pdf,snapshot_floor,closed by ind_prs21022025.pdf
Nifty Microcap 250,2025-03-28,REMOVE,TCIEXP,yurukatsu_event,https://niftyindices.com/Press_Release/ind_prs23082024.pdf,press_release,closed by ind_prs21022025.pdf
Nifty Microcap 250,2025-03-28,REMOVE,UTKARSHBNK,yurukatsu_event,https://niftyindices.com/Press_Release/ind_prs28022024.pdf,press_release,closed by ind_prs21022025.pdf
Nifty Microcap 250,2025-03-28,REMOVE,VEEDOL,seed_closure_official,https://www.niftyindices.com/Press_Release/ind_prs21022025.pdf,snapshot_floor,closed by ind_prs21022025.pdf
Nifty Microcap 250,2025-03-28,REMOVE,VENKEYS,yurukatsu_event,https://niftyindices.com/Press_Release/ind_prs01092022.pdf,press_release,closed by ind_prs21022025.pdf
Nifty Microcap 250,2025-03-28,REMOVE,WOCKPHARMA,yurukatsu_event,https://niftyindices.com/Press_Release/ind_prs17022023_1.pdf,press_release,closed by ind_prs21022025.pdf
Nifty Microcap 250,2025-03-28,REMOVE,WSTCSTPAPR,seed_closure_official,https://www.niftyindices.com/Press_Release/ind_prs21022025.pdf,snapshot_floor,closed by ind_prs21022025.pdf
Nifty Microcap 250,2025-03-28,REMOVE,ZENTEC,yurukatsu_event,https://niftyindices.com/Press_Release/ind_prs17082023.pdf,press_release,closed by ind_prs21022025.pdf
Nifty Microcap 250,2025-03-31,REMOVE,ALLCARGO,yurukatsu_event,https://niftyindices.com/Press_Release/ind_prs23082024.pdf,press_release,"inferred-exclude: not in NSE current snapshot, no PR found (closed at next semi-annual review)"
Nifty Microcap 250,2025-03-31,REMOVE,EXICOM,yurukatsu_event,https://niftyindices.com/Press_Release/ind_prs23082024.pdf,press_release,"inferred-exclude: not in NSE current snapshot, no PR found (closed at next semi-annual review)"
Nifty Microcap 250,2025-03-31,REMOVE,GLS,yurukatsu_event,https://niftyindices.com/Press_Release/ind_prs23082024.pdf,press_release,"inferred-exclude: not in NSE current snapshot, no PR found (closed at next semi-annual review)"
Nifty Microcap 250,2025-03-31,REMOVE,JNKINDIA,yurukatsu_event,https://niftyindices.com/Press_Release/ind_prs23082024.pdf,press_release,"inferred-exclude: not in NSE current snapshot, no PR found (closed at next semi-annual review)"
Nifty Microcap 250,2025-09-23,ADD,KITEX,yurukatsu_event,https://niftyindices.com/Press_Release/ind_prs15092025_1.pdf,press_release,
Nifty Microcap 250,2025-09-30,ADD,AJAXENGG,yurukatsu_event,https://niftyindices.com/Press_Release/ind_prs22082025.pdf,press_release,closed by ind_prs23022026.pdf
Nifty Microcap 250,2025-09-30,ADD,ALIVUS,yurukatsu_event,https://niftyindices.com/Press_Release/ind_prs22082025.pdf,press_release,
Nifty Microcap 250,2025-09-30,ADD,ANURAS,yurukatsu_event,https://niftyindices.com/Press_Release/ind_prs22082025.pdf,press_release,closed by ind_prs23022026.pdf
Nifty Microcap 250,2025-09-30,ADD,BAJAJELEC,yurukatsu_event,https://niftyindices.com/Press_Release/ind_prs22082025.pdf,press_release,
Nifty Microcap 250,2025-09-30,ADD,BELRISE,yurukatsu_event,https://niftyindices.com/Press_Release/ind_prs22082025.pdf,press_release,closed by ind_prs23022026.pdf
Nifty Microcap 250,2025-09-30,ADD,DHANUKA,yurukatsu_event,https://niftyindices.com/Press_Release/ind_prs22082025.pdf,press_release,closed by ind_prs23022026.pdf
Nifty Microcap 250,2025-09-30,ADD,DIACABS,yurukatsu_event,https://niftyindices.com/Press_Release/ind_prs22082025.pdf,press_release,
Nifty Microcap 250,2025-09-30,ADD,GALLANTT,yurukatsu_event,https://niftyindices.com/Press_Release/ind_prs22082025.pdf,press_release,closed by ind_prs23022026.pdf
Nifty Microcap 250,2025-09-30,ADD,GNFC,yurukatsu_event,https://niftyindices.com/Press_Release/ind_prs22082025.pdf,press_release,
Nifty Microcap 250,2025-09-30,ADD,GPPL,yurukatsu_event,https://niftyindices.com/Press_Release/ind_prs22082025.pdf,press_release,
Nifty Microcap 250,2025-09-30,ADD,JUSTDIAL,yurukatsu_event,https://niftyindices.com/Press_Release/ind_prs22082025.pdf,press_release,
Nifty Microcap 250,2025-09-30,ADD,KNRCON,yurukatsu_event,https://niftyindices.com/Press_Release/ind_prs22082025.pdf,press_release,
Nifty Microcap 250,2025-09-30,ADD,KRN,yurukatsu_event,https://niftyindices.com/Press_Release/ind_prs22082025.pdf,press_release,
Nifty Microcap 250,2025-09-30,ADD,LUMAXTECH,yurukatsu_event,https://niftyindices.com/Press_Release/ind_prs22082025.pdf,press_release,
Nifty Microcap 250,2025-09-30,ADD,MANORAMA,yurukatsu_event,https://niftyindices.com/Press_Release/ind_prs22082025.pdf,press_release,
Nifty Microcap 250,2025-09-30,ADD,MASTEK,yurukatsu_event,https://niftyindices.com/Press_Release/ind_prs22082025.pdf,press_release,
Nifty Microcap 250,2025-09-30,ADD,NETWORK18,yurukatsu_event,https://niftyindices.com/Press_Release/ind_prs22082025.pdf,press_release,
Nifty Microcap 250,2025-09-30,ADD,OSWALPUMPS,yurukatsu_event,https://niftyindices.com/Press_Release/ind_prs22082025.pdf,press_release,
Nifty Microcap 250,2025-09-30,ADD,PNCINFRA,yurukatsu_event,https://niftyindices.com/Press_Release/ind_prs22082025.pdf,press_release,
Nifty Microcap 250,2025-09-30,ADD,PRIVISCL,yurukatsu_event,https://niftyindices.com/Press_Release/ind_prs22082025.pdf,press_release,
Nifty Microcap 250,2025-09-30,ADD,PURVA,yurukatsu_event,https://niftyindices.com/Press_Release/ind_prs22082025.pdf,press_release,
Nifty Microcap 250,2025-09-30,ADD,QUESS,yurukatsu_event,https://niftyindices.com/Press_Release/ind_prs22082025.pdf,press_release,
Nifty Microcap 250,2025-09-30,ADD,RAYMONDLSL,yurukatsu_event,https://niftyindices.com/Press_Release/ind_prs22082025.pdf,press_release,
Nifty Microcap 250,2025-09-30,ADD,RELAXO,yurukatsu_event,https://niftyindices.com/Press_Release/ind_prs22082025.pdf,press_release,
Nifty Microcap 250,2025-09-30,ADD,RENUKA,yurukatsu_event,https://niftyindices.com/Press_Release/ind_prs22082025.pdf,press_release,
Nifty Microcap 250,2025-09-30,ADD,ROUTE,yurukatsu_event,https://niftyindices.com/Press_Release/ind_prs22082025.pdf,press_release,
Nifty Microcap 250,2025-09-30,ADD,RTNINDIA,yurukatsu_event,https://niftyindices.com/Press_Release/ind_prs22082025.pdf,press_release,
Nifty Microcap 250,2025-09-30,ADD,SANDUMA,yurukatsu_event,https://niftyindices.com/Press_Release/ind_prs22082025.pdf,press_release,
Nifty Microcap 250,2025-09-30,ADD,SHARDAMOTR,yurukatsu_event,https://niftyindices.com/Press_Release/ind_prs22082025.pdf,press_release,closed by ind_prs23022026.pdf
Nifty Microcap 250,2025-09-30,ADD,SKYGOLD,yurukatsu_event,https://niftyindices.com/Press_Release/ind_prs22082025.pdf,press_release,
Nifty Microcap 250,2025-09-30,ADD,STYRENIX,yurukatsu_event,https://niftyindices.com/Press_Release/ind_prs22082025.pdf,press_release,
Nifty Microcap 250,2025-09-30,ADD,SUNDARMHLD,yurukatsu_event,https://niftyindices.com/Press_Release/ind_prs22082025.pdf,press_release,"inferred-exclude: not in NSE current snapshot, no PR found (closed at next semi-annual review)"
Nifty Microcap 250,2025-09-30,ADD,SWSOLAR,yurukatsu_event,https://niftyindices.com/Press_Release/ind_prs22082025.pdf,press_release,
Nifty Microcap 250,2025-09-30,ADD,TANLA,yurukatsu_event,https://niftyindices.com/Press_Release/ind_prs22082025.pdf,press_release,
Nifty Microcap 250,2025-09-30,ADD,THYROCARE,yurukatsu_event,https://niftyindices.com/Press_Release/ind_prs22082025.pdf,press_release,
Nifty Microcap 250,2025-09-30,ADD,V2RETAIL,yurukatsu_event,https://niftyindices.com/Press_Release/ind_prs22082025.pdf,press_release,
Nifty Microcap 250,2025-09-30,ADD,VINATIORGA,yurukatsu_event,https://niftyindices.com/Press_Release/ind_prs22082025.pdf,press_release,closed by ind_prs23022026.pdf
Nifty Microcap 250,2025-09-30,ADD,WAAREERTL,yurukatsu_event,https://niftyindices.com/Press_Release/ind_prs22082025.pdf,press_release,
Nifty Microcap 250,2025-09-30,ADD,WESTLIFE,yurukatsu_event,https://niftyindices.com/Press_Release/ind_prs22082025.pdf,press_release,
Nifty Microcap 250,2025-09-30,REMOVE,AKZOINDIA,yurukatsu_event,https://niftyindices.com/Press_Release/ind_prs21022025.pdf,press_release,closed by ind_prs22082025.pdf
Nifty Microcap 250,2025-09-30,REMOVE,AVL,yurukatsu_event,https://niftyindices.com/Press_Release/ind_prs21022025.pdf,press_release,closed by ind_prs22082025.pdf
Nifty Microcap 250,2025-09-30,REMOVE,BAJAJHIND,seed_closure_official,https://www.niftyindices.com/Press_Release/ind_prs22082025.pdf,snapshot_floor,closed by ind_prs22082025.pdf
Nifty Microcap 250,2025-09-30,REMOVE,BANSALWIRE,yurukatsu_event,https://niftyindices.com/Press_Release/ind_prs21022025.pdf,press_release,closed by ind_prs22082025.pdf
Nifty Microcap 250,2025-09-30,REMOVE,BEPL,seed_closure_official,https://www.niftyindices.com/Press_Release/ind_prs22082025.pdf,snapshot_floor,closed by ind_prs22082025.pdf
Nifty Microcap 250,2025-09-30,REMOVE,BLUEJET,yurukatsu_event,https://niftyindices.com/Press_Release/ind_prs28022024.pdf,press_release,closed by ind_prs22082025.pdf
Nifty Microcap 250,2025-09-30,REMOVE,BOMDYEING,seed_closure_official,https://www.niftyindices.com/Press_Release/ind_prs22082025.pdf,snapshot_floor,closed by ind_prs22082025.pdf
Nifty Microcap 250,2025-09-30,REMOVE,BOROLTD,yurukatsu_event,https://niftyindices.com/Press_Release/ind_prs23082024.pdf,press_release,closed by ind_prs22082025.pdf
Nifty Microcap 250,2025-09-30,REMOVE,CHEMPLASTS,yurukatsu_event,https://niftyindices.com/Press_Release/ind_prs21022025.pdf,press_release,closed by ind_prs22082025.pdf
Nifty Microcap 250,2025-09-30,REMOVE,CHOICEIN,yurukatsu_event,https://niftyindices.com/Press_Release/ind_prs19042023_1.pdf,press_release,closed by ind_prs22082025.pdf
Nifty Microcap 250,2025-09-30,REMOVE,DCXINDIA,yurukatsu_event,https://niftyindices.com/Press_Release/ind_prs17022023_1.pdf,press_release,closed by ind_prs22082025.pdf
Nifty Microcap 250,2025-09-30,REMOVE,FCL,yurukatsu_event,https://niftyindices.com/Press_Release/ind_prs01092022.pdf,press_release,closed by ind_prs22082025.pdf
Nifty Microcap 250,2025-09-30,REMOVE,FORCEMOT,yurukatsu_event,https://niftyindices.com/Press_Release/ind_prs23082024.pdf,press_release,closed by ind_prs22082025.pdf
Nifty Microcap 250,2025-09-30,REMOVE,GOPAL,yurukatsu_event,https://niftyindices.com/Press_Release/ind_prs23082024.pdf,press_release,closed by ind_prs22082025.pdf
Nifty Microcap 250,2025-09-30,REMOVE,GREENPLY,seed_closure_official,https://www.niftyindices.com/Press_Release/ind_prs22082025.pdf,snapshot_floor,closed by ind_prs22082025.pdf
Nifty Microcap 250,2025-09-30,REMOVE,HATHWAY,yurukatsu_event,https://niftyindices.com/Press_Release/ind_prs01092022.pdf,press_release,closed by ind_prs22082025.pdf
Nifty Microcap 250,2025-09-30,REMOVE,HEIDELBERG,yurukatsu_event,https://niftyindices.com/Press_Release/ind_prs24022022_1.pdf,press_release,closed by ind_prs22082025.pdf
Nifty Microcap 250,2025-09-30,REMOVE,JAICORPLTD,seed_closure_official,https://www.niftyindices.com/Press_Release/ind_prs22082025.pdf,snapshot_floor,closed by ind_prs22082025.pdf
Nifty Microcap 250,2025-09-30,REMOVE,JTLIND,yurukatsu_event,https://niftyindices.com/Press_Release/ind_prs17082023.pdf,press_release,closed by ind_prs22082025.pdf
Nifty Microcap 250,2025-09-30,REMOVE,KSB,yurukatsu_event,https://niftyindices.com/Press_Release/ind_prs21022025.pdf,press_release,closed by ind_prs22082025.pdf
Nifty Microcap 250,2025-09-30,REMOVE,MAHSCOOTER,yurukatsu_event,https://niftyindices.com/Press_Release/ind_prs21022025.pdf,press_release,closed by ind_prs22082025.pdf
Nifty Microcap 250,2025-09-30,REMOVE,NOCIL,yurukatsu_event,https://niftyindices.com/Press_Release/ind_prs17082023.pdf,press_release,closed by ind_prs22082025.pdf
Nifty Microcap 250,2025-09-30,REMOVE,NUVOCO,yurukatsu_event,https://niftyindices.com/Press_Release/ind_prs21022025.pdf,press_release,closed by ind_prs22082025.pdf
Nifty Microcap 250,2025-09-30,REMOVE,ORISSAMINE,yurukatsu_event,https://niftyindices.com/Press_Release/ind_prs28022024.pdf,press_release,closed by ind_prs22082025.pdf
Nifty Microcap 250,2025-09-30,REMOVE,PAISALO,seed_closure_official,https://www.niftyindices.com/Press_Release/ind_prs22082025.pdf,snapshot_floor,closed by ind_prs22082025.pdf
Nifty Microcap 250,2025-09-30,REMOVE,REDTAPE,yurukatsu_event,https://niftyindices.com/Press_Release/ind_prs28022024.pdf,press_release,closed by ind_prs22082025.pdf
Nifty Microcap 250,2025-09-30,REMOVE,RESPONIND,yurukatsu_event,https://niftyindices.com/Press_Release/ind_prs17082023.pdf,press_release,closed by ind_prs22082025.pdf
Nifty Microcap 250,2025-09-30,REMOVE,ROSSARI,yurukatsu_event,https://niftyindices.com/Press_Release/ind_prs28022024.pdf,press_release,closed by ind_prs22082025.pdf
Nifty Microcap 250,2025-09-30,REMOVE,SBCL,yurukatsu_event,https://niftyindices.com/Press_Release/ind_prs01092022.pdf,press_release,closed by ind_prs22082025.pdf
Nifty Microcap 250,2025-09-30,REMOVE,SHOPERSTOP,yurukatsu_event,https://niftyindices.com/Press_Release/ind_prs21022025.pdf,press_release,closed by ind_prs22082025.pdf
Nifty Microcap 250,2025-09-30,REMOVE,SPANDANA,yurukatsu_event,https://niftyindices.com/Press_Release/ind_prs24022022_1.pdf,press_release,closed by ind_prs22082025.pdf
Nifty Microcap 250,2025-09-30,REMOVE,STYLAMIND,yurukatsu_event,https://niftyindices.com/Press_Release/ind_prs17082023.pdf,press_release,closed by ind_prs22082025.pdf
Nifty Microcap 250,2025-09-30,REMOVE,SULA,yurukatsu_event,https://niftyindices.com/Press_Release/ind_prs17022023_1.pdf,press_release,closed by ind_prs22082025.pdf
Nifty Microcap 250,2025-09-30,REMOVE,SUPRAJIT,yurukatsu_event,https://niftyindices.com/Press_Release/ind_prs28022024.pdf,press_release,closed by ind_prs22082025.pdf
Nifty Microcap 250,2025-09-30,REMOVE,TIIL,yurukatsu_event,https://niftyindices.com/Press_Release/ind_prs23082024.pdf,press_release,closed by ind_prs22082025.pdf
Nifty Microcap 250,2025-09-30,REMOVE,TIRUMALCHM,seed_closure_official,https://www.niftyindices.com/Press_Release/ind_prs22082025.pdf,snapshot_floor,closed by ind_prs22082025.pdf
Nifty Microcap 250,2025-09-30,REMOVE,VENTIVE,yurukatsu_event,https://niftyindices.com/Press_Release/ind_prs21022025.pdf,press_release,closed by ind_prs22082025.pdf
Nifty Microcap 250,2025-09-30,REMOVE,VENUSPIPES,yurukatsu_event,https://niftyindices.com/Press_Release/ind_prs23082024.pdf,press_release,closed by ind_prs22082025.pdf
Nifty Microcap 250,2025-09-30,REMOVE,WONDERLA,yurukatsu_event,https://niftyindices.com/Press_Release/ind_prs17082023.pdf,press_release,closed by ind_prs22082025.pdf
Nifty Microcap 250,2025-10-28,ADD,RATNAMANI,yurukatsu_event,https://niftyindices.com/Press_Release/ind_prs20102025.pdf,press_release,closed by ind_prs23022026.pdf
Nifty Microcap 250,2025-10-28,REMOVE,DHANI,yurukatsu_event,https://niftyindices.com/Press_Release/ind_prs17022023_1.pdf,press_release,closed by ind_prs20102025.pdf
Nifty Microcap 250,2025-12-26,ADD,KANSAINER,yurukatsu_event,https://niftyindices.com/Press_Release/ind_prs23122025.pdf,press_release,
Nifty Microcap 250,2025-12-26,REMOVE,RAJESHEXPO,yurukatsu_event,https://niftyindices.com/Press_Release/ind_prs21022025.pdf,press_release,closed by ind_prs23122025.pdf
Nifty Microcap 250,2026-03-30,ADD,AEQUS,yurukatsu_event,https://niftyindices.com/Press_Release/ind_prs23022026.pdf,press_release,
Nifty Microcap 250,2026-03-30,ADD,AGARWALEYE,yurukatsu_event,https://niftyindices.com/Press_Release/ind_prs23022026.pdf,press_release,
Nifty Microcap 250,2026-03-30,ADD,AKUMS,yurukatsu_event,https://niftyindices.com/Press_Release/ind_prs23022026.pdf,press_release,
Nifty Microcap 250,2026-03-30,ADD,ALKYLAMINE,yurukatsu_event,https://niftyindices.com/Press_Release/ind_prs23022026.pdf,press_release,
Nifty Microcap 250,2026-03-30,ADD,ALOKINDS,yurukatsu_event,https://niftyindices.com/Press_Release/ind_prs23022026.pdf,press_release,
Nifty Microcap 250,2026-03-30,ADD,APLLTD,yurukatsu_event,https://niftyindices.com/Press_Release/ind_prs23022026.pdf,press_release,
Nifty Microcap 250,2026-03-30,ADD,APOLLO,yurukatsu_event,https://niftyindices.com/Press_Release/ind_prs23022026.pdf,press_release,
Nifty Microcap 250,2026-03-30,ADD,ASHAPURMIN,yurukatsu_event,https://niftyindices.com/Press_Release/ind_prs23022026.pdf,press_release,
Nifty Microcap 250,2026-03-30,ADD,ATLANTAELE,yurukatsu_event,https://niftyindices.com/Press_Release/ind_prs23022026.pdf,press_release,
Nifty Microcap 250,2026-03-30,ADD,AVL,yurukatsu_event,https://niftyindices.com/Press_Release/ind_prs23022026.pdf,press_release,
Nifty Microcap 250,2026-03-30,ADD,AXISCADES,yurukatsu_event,https://niftyindices.com/Press_Release/ind_prs23022026.pdf,press_release,
Nifty Microcap 250,2026-03-30,ADD,BBOX,yurukatsu_event,https://niftyindices.com/Press_Release/ind_prs23022026.pdf,press_release,
Nifty Microcap 250,2026-03-30,ADD,BLUESTONE,yurukatsu_event,https://niftyindices.com/Press_Release/ind_prs23022026.pdf,press_release,
Nifty Microcap 250,2026-03-30,ADD,CAMPUS,yurukatsu_event,https://niftyindices.com/Press_Release/ind_prs23022026.pdf,press_release,
Nifty Microcap 250,2026-03-30,ADD,CAPILLARY,yurukatsu_event,https://niftyindices.com/Press_Release/ind_prs23022026.pdf,press_release,
Nifty Microcap 250,2026-03-30,ADD,CENTURYPLY,yurukatsu_event,https://niftyindices.com/Press_Release/ind_prs23022026.pdf,press_release,
Nifty Microcap 250,2026-03-30,ADD,CERA,yurukatsu_event,https://niftyindices.com/Press_Release/ind_prs23022026.pdf,press_release,
Nifty Microcap 250,2026-03-30,ADD,CORONA,yurukatsu_event,https://niftyindices.com/Press_Release/ind_prs23022026.pdf,press_release,
Nifty Microcap 250,2026-03-30,ADD,CRAMC,yurukatsu_event,https://niftyindices.com/Press_Release/ind_prs23022026.pdf,press_release,
Nifty Microcap 250,2026-03-30,ADD,CRIZAC,yurukatsu_event,https://niftyindices.com/Press_Release/ind_prs23022026.pdf,press_release,
Nifty Microcap 250,2026-03-30,ADD,CUPID,yurukatsu_event,https://niftyindices.com/Press_Release/ind_prs23022026.pdf,press_release,
Nifty Microcap 250,2026-03-30,ADD,DBREALTY,yurukatsu_event,https://niftyindices.com/Press_Release/ind_prs23022026.pdf,press_release,
Nifty Microcap 250,2026-03-30,ADD,ELLEN,yurukatsu_event,https://niftyindices.com/Press_Release/ind_prs23022026.pdf,press_release,
Nifty Microcap 250,2026-03-30,ADD,FEDFINA,yurukatsu_event,https://niftyindices.com/Press_Release/ind_prs23022026.pdf,press_release,
Nifty Microcap 250,2026-03-30,ADD,FINPIPE,yurukatsu_event,https://niftyindices.com/Press_Release/ind_prs23022026.pdf,press_release,
Nifty Microcap 250,2026-03-30,ADD,GODREJAGRO,yurukatsu_event,https://niftyindices.com/Press_Release/ind_prs23022026.pdf,press_release,
Nifty Microcap 250,2026-03-30,ADD,GOKULAGRO,yurukatsu_event,https://niftyindices.com/Press_Release/ind_prs23022026.pdf,press_release,
Nifty Microcap 250,2026-03-30,ADD,HAPPSTMNDS,yurukatsu_event,https://niftyindices.com/Press_Release/ind_prs23022026.pdf,press_release,
Nifty Microcap 250,2026-03-30,ADD,INOXINDIA,yurukatsu_event,https://niftyindices.com/Press_Release/ind_prs23022026.pdf,press_release,
Nifty Microcap 250,2026-03-30,ADD,JAYNECOIND,yurukatsu_event,https://niftyindices.com/Press_Release/ind_prs23022026.pdf,press_release,
Nifty Microcap 250,2026-03-30,ADD,JLHL,yurukatsu_event,https://niftyindices.com/Press_Release/ind_prs23022026.pdf,press_release,
Nifty Microcap 250,2026-03-30,ADD,JSLL,yurukatsu_event,https://niftyindices.com/Press_Release/ind_prs23022026.pdf,press_release,
Nifty Microcap 250,2026-03-30,ADD,JYOTHYLAB,yurukatsu_event,https://niftyindices.com/Press_Release/ind_prs23022026.pdf,press_release,
Nifty Microcap 250,2026-03-30,ADD,KIRLOSBROS,yurukatsu_event,https://niftyindices.com/Press_Release/ind_prs23022026.pdf,press_release,
Nifty Microcap 250,2026-03-30,ADD,KSB,yurukatsu_event,https://niftyindices.com/Press_Release/ind_prs23022026.pdf,press_release,
Nifty Microcap 250,2026-03-30,ADD,LOTUSDEV,yurukatsu_event,https://niftyindices.com/Press_Release/ind_prs23022026.pdf,press_release,
Nifty Microcap 250,2026-03-30,ADD,MAHSCOOTER,yurukatsu_event,https://niftyindices.com/Press_Release/ind_prs23022026.pdf,press_release,
Nifty Microcap 250,2026-03-30,ADD,MAHSEAMLES,yurukatsu_event,https://niftyindices.com/Press_Release/ind_prs23022026.pdf,press_release,
Nifty Microcap 250,2026-03-30,ADD,MANYAVAR,yurukatsu_event,https://niftyindices.com/Press_Release/ind_prs23022026.pdf,press_release,
Nifty Microcap 250,2026-03-30,ADD,METROPOLIS,yurukatsu_event,https://niftyindices.com/Press_Release/ind_prs23022026.pdf,press_release,
Nifty Microcap 250,2026-03-30,ADD,ORKLAINDIA,yurukatsu_event,https://niftyindices.com/Press_Release/ind_prs23022026.pdf,press_release,
Nifty Microcap 250,2026-03-30,ADD,PARKHOSPS,yurukatsu_event,https://niftyindices.com/Press_Release/ind_prs23022026.pdf,press_release,
Nifty Microcap 250,2026-03-30,ADD,PFOCUS,yurukatsu_event,https://niftyindices.com/Press_Release/ind_prs23022026.pdf,press_release,
Nifty Microcap 250,2026-03-30,ADD,PICCADIL,yurukatsu_event,https://niftyindices.com/Press_Release/ind_prs23022026.pdf,press_release,
Nifty Microcap 250,2026-03-30,ADD,PRAJIND,yurukatsu_event,https://niftyindices.com/Press_Release/ind_prs23022026.pdf,press_release,
Nifty Microcap 250,2026-03-30,ADD,QPOWER,yurukatsu_event,https://niftyindices.com/Press_Release/ind_prs23022026.pdf,press_release,
Nifty Microcap 250,2026-03-30,ADD,RCF,yurukatsu_event,https://niftyindices.com/Press_Release/ind_prs23022026.pdf,press_release,
Nifty Microcap 250,2026-03-30,ADD,REDTAPE,yurukatsu_event,https://niftyindices.com/Press_Release/ind_prs23022026.pdf,press_release,
Nifty Microcap 250,2026-03-30,ADD,RUBICON,yurukatsu_event,https://niftyindices.com/Press_Release/ind_prs23022026.pdf,press_release,
Nifty Microcap 250,2026-03-30,ADD,SAATVIKGL,yurukatsu_event,https://niftyindices.com/Press_Release/ind_prs23022026.pdf,press_release,
Nifty Microcap 250,2026-03-30,ADD,SKFINDIA,yurukatsu_event,https://niftyindices.com/Press_Release/ind_prs23022026.pdf,press_release,
Nifty Microcap 250,2026-03-30,ADD,SKFINDUS,yurukatsu_event,https://niftyindices.com/Press_Release/ind_prs23022026.pdf,press_release,
Nifty Microcap 250,2026-03-30,ADD,SMARTWORKS,yurukatsu_event,https://niftyindices.com/Press_Release/ind_prs23022026.pdf,press_release,
Nifty Microcap 250,2026-03-30,ADD,SMLMAH,yurukatsu_event,https://niftyindices.com/Press_Release/ind_prs23022026.pdf,press_release,
Nifty Microcap 250,2026-03-30,ADD,STYL,yurukatsu_event,https://niftyindices.com/Press_Release/ind_prs23022026.pdf,press_release,
Nifty Microcap 250,2026-03-30,ADD,SUDEEPPHRM,yurukatsu_event,https://niftyindices.com/Press_Release/ind_prs23022026.pdf,press_release,
Nifty Microcap 250,2026-03-30,ADD,TMB,yurukatsu_event,https://niftyindices.com/Press_Release/ind_prs23022026.pdf,press_release,
Nifty Microcap 250,2026-03-30,ADD,TRIVENI,yurukatsu_event,https://niftyindices.com/Press_Release/ind_prs23022026.pdf,press_release,
Nifty Microcap 250,2026-03-30,ADD,UTLSOLAR,yurukatsu_event,https://niftyindices.com/Press_Release/ind_prs23022026.pdf,press_release,
Nifty Microcap 250,2026-03-30,ADD,VGUARD,yurukatsu_event,https://niftyindices.com/Press_Release/ind_prs23022026.pdf,press_release,
Nifty Microcap 250,2026-03-30,ADD,VIKRAMSOLR,yurukatsu_event,https://niftyindices.com/Press_Release/ind_prs23022026.pdf,press_release,
Nifty Microcap 250,2026-03-30,ADD,WAKEFIT,yurukatsu_event,https://niftyindices.com/Press_Release/ind_prs23022026.pdf,press_release,
Nifty Microcap 250,2026-03-30,ADD,WEWORK,yurukatsu_event,https://niftyindices.com/Press_Release/ind_prs23022026.pdf,press_release,
Nifty Microcap 250,2026-03-30,REMOVE,ABDL,yurukatsu_event,https://niftyindices.com/Press_Release/ind_prs21022025.pdf,press_release,closed by ind_prs23022026.pdf
Nifty Microcap 250,2026-03-30,REMOVE,ACUTAAS,seed_closure_official,https://www.niftyindices.com/Press_Release/ind_prs23022026.pdf,snapshot_floor,closed by ind_prs23022026.pdf
Nifty Microcap 250,2026-03-30,REMOVE,AGI,seed_closure_official,https://www.niftyindices.com/Press_Release/ind_prs23022026.pdf,snapshot_floor,closed by ind_prs23022026.pdf
Nifty Microcap 250,2026-03-30,REMOVE,AJAXENGG,yurukatsu_event,https://niftyindices.com/Press_Release/ind_prs22082025.pdf,press_release,closed by ind_prs23022026.pdf
Nifty Microcap 250,2026-03-30,REMOVE,ANURAS,yurukatsu_event,https://niftyindices.com/Press_Release/ind_prs22082025.pdf,press_release,closed by ind_prs23022026.pdf
Nifty Microcap 250,2026-03-30,REMOVE,BBL,yurukatsu_event,https://niftyindices.com/Press_Release/ind_prs23082024.pdf,press_release,closed by ind_prs23022026.pdf
Nifty Microcap 250,2026-03-30,REMOVE,BELRISE,yurukatsu_event,https://niftyindices.com/Press_Release/ind_prs22082025.pdf,press_release,closed by ind_prs23022026.pdf
Nifty Microcap 250,2026-03-30,REMOVE,BOSCH-HCIL,seed_closure_official,https://www.niftyindices.com/Press_Release/ind_prs23022026.pdf,snapshot_floor,closed by ind_prs23022026.pdf
Nifty Microcap 250,2026-03-30,REMOVE,CARTRADE,yurukatsu_event,https://niftyindices.com/Press_Release/ind_prs24022022_1.pdf,press_release,closed by ind_prs23022026.pdf
Nifty Microcap 250,2026-03-30,REMOVE,CEIGALL,yurukatsu_event,https://niftyindices.com/Press_Release/ind_prs21022025.pdf,press_release,closed by ind_prs23022026.pdf
Nifty Microcap 250,2026-03-30,REMOVE,CEMPRO,seed_closure_official,https://www.niftyindices.com/Press_Release/ind_prs23022026.pdf,snapshot_floor,closed by ind_prs23022026.pdf
Nifty Microcap 250,2026-03-30,REMOVE,CYIENTDLM,yurukatsu_event,https://niftyindices.com/Press_Release/ind_prs28022024.pdf,press_release,closed by ind_prs23022026.pdf
Nifty Microcap 250,2026-03-30,REMOVE,DCAL,yurukatsu_event,https://niftyindices.com/Press_Release/ind_prs15092021.pdf,press_release,closed by ind_prs23022026.pdf
Nifty Microcap 250,2026-03-30,REMOVE,DHANUKA,yurukatsu_event,https://niftyindices.com/Press_Release/ind_prs22082025.pdf,press_release,closed by ind_prs23022026.pdf
Nifty Microcap 250,2026-03-30,REMOVE,DODLA,yurukatsu_event,https://niftyindices.com/Press_Release/ind_prs17082023.pdf,press_release,closed by ind_prs23022026.pdf
Nifty Microcap 250,2026-03-30,REMOVE,EASEMYTRIP,yurukatsu_event,https://niftyindices.com/Press_Release/ind_prs21022025.pdf,press_release,closed by ind_prs23022026.pdf
Nifty Microcap 250,2026-03-30,REMOVE,EMUDHRA,yurukatsu_event,https://niftyindices.com/Press_Release/ind_prs01092022.pdf,press_release,closed by ind_prs23022026.pdf
Nifty Microcap 250,2026-03-30,REMOVE,EPIGRAL,yurukatsu_event,https://niftyindices.com/Press_Release/ind_prs28022024.pdf,press_release,closed by ind_prs23022026.pdf
Nifty Microcap 250,2026-03-30,REMOVE,FDC,yurukatsu_event,https://niftyindices.com/Press_Release/ind_prs23082024.pdf,press_release,closed by ind_prs23022026.pdf
Nifty Microcap 250,2026-03-30,REMOVE,FINEORG,yurukatsu_event,https://niftyindices.com/Press_Release/ind_prs21022025.pdf,press_release,closed by ind_prs23022026.pdf
Nifty Microcap 250,2026-03-30,REMOVE,GABRIEL,seed_closure_official,https://www.niftyindices.com/Press_Release/ind_prs23022026.pdf,snapshot_floor,closed by ind_prs23022026.pdf
Nifty Microcap 250,2026-03-30,REMOVE,GALLANTT,yurukatsu_event,https://niftyindices.com/Press_Release/ind_prs22082025.pdf,press_release,closed by ind_prs23022026.pdf
Nifty Microcap 250,2026-03-30,REMOVE,GANECOS,yurukatsu_event,https://niftyindices.com/Press_Release/ind_prs21022025.pdf,press_release,closed by ind_prs23022026.pdf
Nifty Microcap 250,2026-03-30,REMOVE,GANESHHOU,seed_closure_official,https://www.niftyindices.com/Press_Release/ind_prs23022026.pdf,snapshot_floor,closed by ind_prs23022026.pdf
Nifty Microcap 250,2026-03-30,REMOVE,GARFIBRES,yurukatsu_event,https://niftyindices.com/Press_Release/ind_prs21022025.pdf,press_release,closed by ind_prs23022026.pdf
Nifty Microcap 250,2026-03-30,REMOVE,GATEWAY,yurukatsu_event,https://niftyindices.com/Press_Release/ind_prs24052022.pdf,press_release,closed by ind_prs23022026.pdf
Nifty Microcap 250,2026-03-30,REMOVE,GREENPANEL,yurukatsu_event,https://niftyindices.com/Press_Release/ind_prs17082023.pdf,press_release,closed by ind_prs23022026.pdf
Nifty Microcap 250,2026-03-30,REMOVE,GRINFRA,yurukatsu_event,https://niftyindices.com/Press_Release/ind_prs21022025.pdf,press_release,closed by ind_prs23022026.pdf
Nifty Microcap 250,2026-03-30,REMOVE,GULFOILLUB,yurukatsu_event,https://niftyindices.com/Press_Release/ind_prs28022024.pdf,press_release,closed by ind_prs23022026.pdf
Nifty Microcap 250,2026-03-30,REMOVE,HIKAL,yurukatsu_event,https://niftyindices.com/Press_Release/ind_prs17082023.pdf,press_release,closed by ind_prs23022026.pdf
Nifty Microcap 250,2026-03-30,REMOVE,IMAGICAA,yurukatsu_event,https://niftyindices.com/Press_Release/ind_prs23082024.pdf,press_release,closed by ind_prs23022026.pdf
Nifty Microcap 250,2026-03-30,REMOVE,INGERRAND,yurukatsu_event,https://niftyindices.com/Press_Release/ind_prs28022024.pdf,press_release,closed by ind_prs23022026.pdf
Nifty Microcap 250,2026-03-30,REMOVE,INNOVACAP,yurukatsu_event,https://niftyindices.com/Press_Release/ind_prs06032025.pdf,press_release,closed by ind_prs23022026.pdf
Nifty Microcap 250,2026-03-30,REMOVE,ISGEC,yurukatsu_event,https://niftyindices.com/Press_Release/ind_prs22102021.pdf,press_release,closed by ind_prs23022026.pdf
Nifty Microcap 250,2026-03-30,REMOVE,JINDWORLD,yurukatsu_event,https://niftyindices.com/Press_Release/ind_prs17102023.pdf,press_release,closed by ind_prs23022026.pdf
Nifty Microcap 250,2026-03-30,REMOVE,JISLJALEQS,yurukatsu_event,https://niftyindices.com/Press_Release/ind_prs06042022.pdf,press_release,closed by ind_prs23022026.pdf
Nifty Microcap 250,2026-03-30,REMOVE,JKIL,yurukatsu_event,https://niftyindices.com/Press_Release/ind_prs01092022.pdf,press_release,closed by ind_prs23022026.pdf
Nifty Microcap 250,2026-03-30,REMOVE,KSL,yurukatsu_event,https://niftyindices.com/Press_Release/ind_prs27082024.pdf,press_release,closed by ind_prs23022026.pdf
Nifty Microcap 250,2026-03-30,REMOVE,LMW,seed_closure_official,https://www.niftyindices.com/Press_Release/ind_prs23022026.pdf,snapshot_floor,closed by ind_prs23022026.pdf
Nifty Microcap 250,2026-03-30,REMOVE,LUXIND,yurukatsu_event,https://niftyindices.com/Press_Release/ind_prs28022024.pdf,press_release,closed by ind_prs23022026.pdf
Nifty Microcap 250,2026-03-30,REMOVE,MAHLIFE,yurukatsu_event,https://niftyindices.com/Press_Release/ind_prs21022025.pdf,press_release,closed by ind_prs23022026.pdf
Nifty Microcap 250,2026-03-30,REMOVE,MANINFRA,seed_closure_official,https://www.niftyindices.com/Press_Release/ind_prs23022026.pdf,snapshot_floor,closed by ind_prs23022026.pdf
Nifty Microcap 250,2026-03-30,REMOVE,MAXESTATES,yurukatsu_event,https://niftyindices.com/Press_Release/ind_prs21022025.pdf,press_release,closed by ind_prs23022026.pdf
Nifty Microcap 250,2026-03-30,REMOVE,ORCHPHARMA,yurukatsu_event,https://niftyindices.com/Press_Release/ind_prs23082024.pdf,press_release,closed by ind_prs23022026.pdf
Nifty Microcap 250,2026-03-30,REMOVE,PARADEEP,yurukatsu_event,https://niftyindices.com/Press_Release/ind_prs01092022.pdf,press_release,closed by ind_prs23022026.pdf
Nifty Microcap 250,2026-03-30,REMOVE,PARKHOTELS,yurukatsu_event,https://niftyindices.com/Press_Release/ind_prs23082024.pdf,press_release,closed by ind_prs23022026.pdf
Nifty Microcap 250,2026-03-30,REMOVE,PATELENG,yurukatsu_event,https://niftyindices.com/Press_Release/ind_prs28022024.pdf,press_release,closed by ind_prs23022026.pdf
Nifty Microcap 250,2026-03-30,REMOVE,POLYPLEX,yurukatsu_event,https://niftyindices.com/Press_Release/ind_prs28022024.pdf,press_release,closed by ind_prs23022026.pdf
Nifty Microcap 250,2026-03-30,REMOVE,PRINCEPIPE,yurukatsu_event,https://niftyindices.com/Press_Release/ind_prs23082024.pdf,press_release,closed by ind_prs23022026.pdf
Nifty Microcap 250,2026-03-30,REMOVE,RATNAMANI,yurukatsu_event,https://niftyindices.com/Press_Release/ind_prs20102025.pdf,press_release,closed by ind_prs23022026.pdf
Nifty Microcap 250,2026-03-30,REMOVE,SANOFI,yurukatsu_event,https://niftyindices.com/Press_Release/ind_prs21022025.pdf,press_release,closed by ind_prs23022026.pdf
Nifty Microcap 250,2026-03-30,REMOVE,SANOFICONR,yurukatsu_event,https://niftyindices.com/Press_Release/ind_prs21022025.pdf,press_release,closed by ind_prs23022026.pdf
Nifty Microcap 250,2026-03-30,REMOVE,SHARDAMOTR,yurukatsu_event,https://niftyindices.com/Press_Release/ind_prs22082025.pdf,press_release,closed by ind_prs23022026.pdf
Nifty Microcap 250,2026-03-30,REMOVE,SUNFLAG,yurukatsu_event,https://niftyindices.com/Press_Release/ind_prs17082023.pdf,press_release,closed by ind_prs23022026.pdf
Nifty Microcap 250,2026-03-30,REMOVE,SYMPHONY,yurukatsu_event,https://niftyindices.com/Press_Release/ind_prs23082024.pdf,press_release,closed by ind_prs23022026.pdf
Nifty Microcap 250,2026-03-30,REMOVE,TEAMLEASE,yurukatsu_event,https://niftyindices.com/Press_Release/ind_prs28022024.pdf,press_release,closed by ind_prs23022026.pdf
Nifty Microcap 250,2026-03-30,REMOVE,TEGA,yurukatsu_event,https://niftyindices.com/Press_Release/ind_prs24022022_1.pdf,press_release,closed by ind_prs23022026.pdf
Nifty Microcap 250,2026-03-30,REMOVE,UNIMECH,yurukatsu_event,https://niftyindices.com/Press_Release/ind_prs21022025.pdf,press_release,closed by ind_prs23022026.pdf
Nifty Microcap 250,2026-03-30,REMOVE,VESUVIUS,yurukatsu_event,https://niftyindices.com/Press_Release/ind_prs23082024.pdf,press_release,closed by ind_prs23022026.pdf
Nifty Microcap 250,2026-03-30,REMOVE,VINATIORGA,yurukatsu_event,https://niftyindices.com/Press_Release/ind_prs22082025.pdf,press_release,closed by ind_prs23022026.pdf
Nifty Microcap 250,2026-03-30,REMOVE,VSTIND,yurukatsu_event,https://niftyindices.com/Press_Release/ind_prs23082024.pdf,press_release,closed by ind_prs23022026.pdf
Nifty Microcap 250,2026-03-30,REMOVE,ZYDUSWELL,yurukatsu_event,https://niftyindices.com/Press_Release/ind_prs28022024.pdf,press_release,closed by ind_prs23022026.pdf
Nifty Microcap 250,2026-03-31,ADD,NEOGEN,yurukatsu_event,,snapshot,"inferred-include: in NSE current snapshot, no PR found (opened at most-recent semi-annual review)"
Nifty Microcap 250,2026-03-31,REMOVE,SUNDARMHLD,yurukatsu_event,https://niftyindices.com/Press_Release/ind_prs22082025.pdf,press_release,"inferred-exclude: not in NSE current snapshot, no PR found (closed at next semi-annual review)"
Nifty Microcap 250,2026-05-12,ADD,RATNAMANI,yurukatsu_event,https://niftyindices.com/Press_Release/ind_prs04052026.pdf,press_release,
Nifty Microcap 250,2026-05-12,REMOVE,CIEINDIA,yurukatsu_event,https://niftyindices.com/Press_Release/ind_prs21022025.pdf,press_release,closed by ind_prs04052026.pdf
Nifty Microcap 250,2026-05-15,ADD,SANOFICONR,yurukatsu_event,https://niftyindices.com/Press_Release/ind_prs08052026.pdf,press_release,
Nifty Microcap 250,2026-05-15,REMOVE,CIGNITITEC,seed_closure_official,https://www.niftyindices.com/Press_Release/ind_prs08052026.pdf,snapshot_floor,closed by ind_prs08052026.pdf
Nifty Microcap 250,2026-07-03,ADD,AGL,official_corporate_action_conversion,https://www.niftyindices.com/Press_Release/ind_prs07112025.pdf,press_release,Canonical conversion from DUMMYALCAR after listing.
Nifty Microcap 250,2026-07-17,ADD,GRINDWELL,official_interim,https://www.niftyindices.com/Press_Release/ind_prs13072026_1.pdf,press_release,Official replacement.
Nifty Microcap 250,2026-07-17,REMOVE,PFOCUS,official_interim,https://www.niftyindices.com/Press_Release/ind_prs13072026_1.pdf,press_release,Official replacement.
Nifty Microcap 250,2026-07-22,REMOVE,AGL,official_interim,https://www.niftyindices.com/Press_Release/ind_prs20072026.pdf,press_release,Official exclusion.
Nifty Microcap 250,2026-09-30,ADD,ABFRL,official_primary,https://www.niftyindices.com/Press_Release/ind_prs10082026.pdf,press_release,Official Sep-30-2026 reconstitution reconciled to Oct-02 anchor.
Nifty Microcap 250,2026-09-30,ADD,ABLBL,official_primary,https://www.niftyindices.com/Press_Release/ind_prs10082026.pdf,press_release,Official Sep-30-2026 reconstitution reconciled to Oct-02 anchor.
Nifty Microcap 250,2026-09-30,ADD,AEROFLEX,official_primary,https://www.niftyindices.com/Press_Release/ind_prs10082026.pdf,press_release,Official Sep-30-2026 reconstitution reconciled to Oct-02 anchor.
Nifty Microcap 250,2026-09-30,ADD,AMAGI,official_primary,https://www.niftyindices.com/Press_Release/ind_prs10082026.pdf,press_release,Official Sep-30-2026 reconstitution reconciled to Oct-02 anchor.
Nifty Microcap 250,2026-09-30,ADD,BAJAJCON,official_primary,https://www.niftyindices.com/Press_Release/ind_prs10082026.pdf,press_release,Official Sep-30-2026 reconstitution reconciled to Oct-02 anchor.
Nifty Microcap 250,2026-09-30,ADD,BLUEJET,official_primary,https://www.niftyindices.com/Press_Release/ind_prs10082026.pdf,press_release,Official Sep-30-2026 reconstitution reconciled to Oct-02 anchor.
Nifty Microcap 250,2026-09-30,ADD,CEIGALL,official_primary,https://www.niftyindices.com/Press_Release/ind_prs10082026.pdf,press_release,Official Sep-30-2026 reconstitution reconciled to Oct-02 anchor.
Nifty Microcap 250,2026-09-30,ADD,CENTUM,official_primary,https://www.niftyindices.com/Press_Release/ind_prs10082026.pdf,press_release,Official Sep-30-2026 reconstitution reconciled to Oct-02 anchor.
Nifty Microcap 250,2026-09-30,ADD,CHALET,official_primary,https://www.niftyindices.com/Press_Release/ind_prs10082026.pdf,press_release,Official Sep-30-2026 reconstitution reconciled to Oct-02 anchor.
Nifty Microcap 250,2026-09-30,ADD,CMRGREEN,official_primary,https://www.niftyindices.com/Press_Release/ind_prs10082026.pdf,press_release,Official Sep-30-2026 reconstitution reconciled to Oct-02 anchor.
Nifty Microcap 250,2026-09-30,ADD,E2E,official_primary,https://www.niftyindices.com/Press_Release/ind_prs10082026.pdf,press_release,Official Sep-30-2026 reconstitution reconciled to Oct-02 anchor.
Nifty Microcap 250,2026-09-30,ADD,EBGNG,official_primary,https://www.niftyindices.com/Press_Release/ind_prs10082026.pdf,press_release,Official Sep-30-2026 reconstitution reconciled to Oct-02 anchor.
Nifty Microcap 250,2026-09-30,ADD,ERIS,official_primary,https://www.niftyindices.com/Press_Release/ind_prs10082026.pdf,press_release,Official Sep-30-2026 reconstitution reconciled to Oct-02 anchor.
Nifty Microcap 250,2026-09-30,ADD,GENUSPOWER,official_primary,https://www.niftyindices.com/Press_Release/ind_prs10082026.pdf,press_release,Official Sep-30-2026 reconstitution reconciled to Oct-02 anchor.
Nifty Microcap 250,2026-09-30,ADD,GOLDIAM,official_primary,https://www.niftyindices.com/Press_Release/ind_prs10082026.pdf,press_release,Official Sep-30-2026 reconstitution reconciled to Oct-02 anchor.
Nifty Microcap 250,2026-09-30,ADD,GUJALKALI,official_primary,https://www.niftyindices.com/Press_Release/ind_prs10082026.pdf,press_release,Official Sep-30-2026 reconstitution reconciled to Oct-02 anchor.
Nifty Microcap 250,2026-09-30,ADD,HAPPYFORGE,official_primary,https://www.niftyindices.com/Press_Release/ind_prs10082026.pdf,press_release,Official Sep-30-2026 reconstitution reconciled to Oct-02 anchor.
Nifty Microcap 250,2026-09-30,ADD,INDGN,official_primary,https://www.niftyindices.com/Press_Release/ind_prs10082026.pdf,press_release,Official Sep-30-2026 reconstitution reconciled to Oct-02 anchor.
Nifty Microcap 250,2026-09-30,ADD,JUBLPHARMA,official_primary,https://www.niftyindices.com/Press_Release/ind_prs10082026.pdf,press_release,Official Sep-30-2026 reconstitution reconciled to Oct-02 anchor.
Nifty Microcap 250,2026-09-30,ADD,KISSHT,official_primary,https://www.niftyindices.com/Press_Release/ind_prs10082026.pdf,press_release,Official Sep-30-2026 reconstitution reconciled to Oct-02 anchor.
Nifty Microcap 250,2026-09-30,ADD,KMEW,official_primary,https://www.niftyindices.com/Press_Release/ind_prs10082026.pdf,press_release,Official Sep-30-2026 reconstitution reconciled to Oct-02 anchor.
Nifty Microcap 250,2026-09-30,ADD,KWIL,official_primary,https://www.niftyindices.com/Press_Release/ind_prs10082026.pdf,press_release,Official Sep-30-2026 reconstitution reconciled to Oct-02 anchor.
Nifty Microcap 250,2026-09-30,ADD,LATENTVIEW,official_primary,https://www.niftyindices.com/Press_Release/ind_prs10082026.pdf,press_release,Official Sep-30-2026 reconstitution reconciled to Oct-02 anchor.
Nifty Microcap 250,2026-09-30,ADD,LUMAXIND,official_primary,https://www.niftyindices.com/Press_Release/ind_prs10082026.pdf,press_release,Official Sep-30-2026 reconstitution reconciled to Oct-02 anchor.
Nifty Microcap 250,2026-09-30,ADD,MAPMYINDIA,official_primary,https://www.niftyindices.com/Press_Release/ind_prs10082026.pdf,press_release,Official Sep-30-2026 reconstitution reconciled to Oct-02 anchor.
Nifty Microcap 250,2026-09-30,ADD,MBAPL,official_primary,https://www.niftyindices.com/Press_Release/ind_prs10082026.pdf,press_release,Official Sep-30-2026 reconstitution reconciled to Oct-02 anchor.
Nifty Microcap 250,2026-09-30,ADD,NEPHROPLUS,official_primary,https://www.niftyindices.com/Press_Release/ind_prs10082026.pdf,press_release,Official Sep-30-2026 reconstitution reconciled to Oct-02 anchor.
Nifty Microcap 250,2026-09-30,ADD,NEWGEN,official_primary,https://www.niftyindices.com/Press_Release/ind_prs10082026.pdf,press_release,Official Sep-30-2026 reconstitution reconciled to Oct-02 anchor.
Nifty Microcap 250,2026-09-30,ADD,NIVABUPA,official_primary,https://www.niftyindices.com/Press_Release/ind_prs10082026.pdf,press_release,Official Sep-30-2026 reconstitution reconciled to Oct-02 anchor.
Nifty Microcap 250,2026-09-30,ADD,NORTHARC,official_primary,https://www.niftyindices.com/Press_Release/ind_prs10082026.pdf,press_release,Official Sep-30-2026 reconstitution reconciled to Oct-02 anchor.
Nifty Microcap 250,2026-09-30,ADD,OMNI,official_primary,https://www.niftyindices.com/Press_Release/ind_prs10082026.pdf,press_release,Official Sep-30-2026 reconstitution reconciled to Oct-02 anchor.
Nifty Microcap 250,2026-09-30,ADD,PAISALO,official_primary,https://www.niftyindices.com/Press_Release/ind_prs10082026.pdf,press_release,Official Sep-30-2026 reconstitution reconciled to Oct-02 anchor.
Nifty Microcap 250,2026-09-30,ADD,PDSL,official_primary,https://www.niftyindices.com/Press_Release/ind_prs10082026.pdf,press_release,Official Sep-30-2026 reconstitution reconciled to Oct-02 anchor.
Nifty Microcap 250,2026-09-30,ADD,PGHL,official_primary,https://www.niftyindices.com/Press_Release/ind_prs10082026.pdf,press_release,Official Sep-30-2026 reconstitution reconciled to Oct-02 anchor.
Nifty Microcap 250,2026-09-30,ADD,POWERICA,official_primary,https://www.niftyindices.com/Press_Release/ind_prs10082026.pdf,press_release,Official Sep-30-2026 reconstitution reconciled to Oct-02 anchor.
Nifty Microcap 250,2026-09-30,ADD,PRECWIRE,official_primary,https://www.niftyindices.com/Press_Release/ind_prs10082026.pdf,press_release,Official Sep-30-2026 reconstitution reconciled to Oct-02 anchor.
Nifty Microcap 250,2026-09-30,ADD,RESPONIND,official_primary,https://www.niftyindices.com/Press_Release/ind_prs10082026.pdf,press_release,Official Sep-30-2026 reconstitution reconciled to Oct-02 anchor.
Nifty Microcap 250,2026-09-30,ADD,SAPPHIRE,official_primary,https://www.niftyindices.com/Press_Release/ind_prs10082026.pdf,press_release,Official Sep-30-2026 reconstitution reconciled to Oct-02 anchor.
Nifty Microcap 250,2026-09-30,ADD,SAREGAMA,official_primary,https://www.niftyindices.com/Press_Release/ind_prs10082026.pdf,press_release,Official Sep-30-2026 reconstitution reconciled to Oct-02 anchor.
Nifty Microcap 250,2026-09-30,ADD,SBFC,official_primary,https://www.niftyindices.com/Press_Release/ind_prs10082026.pdf,press_release,Official Sep-30-2026 reconstitution reconciled to Oct-02 anchor.
Nifty Microcap 250,2026-09-30,ADD,SEDEMAC,official_primary,https://www.niftyindices.com/Press_Release/ind_prs10082026.pdf,press_release,Official Sep-30-2026 reconstitution reconciled to Oct-02 anchor.
Nifty Microcap 250,2026-09-30,ADD,SENORES,official_primary,https://www.niftyindices.com/Press_Release/ind_prs10082026.pdf,press_release,Official Sep-30-2026 reconstitution reconciled to Oct-02 anchor.
Nifty Microcap 250,2026-09-30,ADD,SGMART,official_primary,https://www.niftyindices.com/Press_Release/ind_prs10082026.pdf,press_release,Official Sep-30-2026 reconstitution reconciled to Oct-02 anchor.
Nifty Microcap 250,2026-09-30,ADD,SHADOWFAX,official_primary,https://www.niftyindices.com/Press_Release/ind_prs10082026.pdf,press_release,Official Sep-30-2026 reconstitution reconciled to Oct-02 anchor.
Nifty Microcap 250,2026-09-30,ADD,SHILCTECH,official_primary,https://www.niftyindices.com/Press_Release/ind_prs10082026.pdf,press_release,Official Sep-30-2026 reconstitution reconciled to Oct-02 anchor.
Nifty Microcap 250,2026-09-30,ADD,SHREEJISPG,official_primary,https://www.niftyindices.com/Press_Release/ind_prs10082026.pdf,press_release,Official Sep-30-2026 reconstitution reconciled to Oct-02 anchor.
Nifty Microcap 250,2026-09-30,ADD,SIGMAADV,official_primary,https://www.niftyindices.com/Press_Release/ind_prs10082026.pdf,press_release,Official Sep-30-2026 reconstitution reconciled to Oct-02 anchor.
Nifty Microcap 250,2026-09-30,ADD,SJS,official_primary,https://www.niftyindices.com/Press_Release/ind_prs10082026.pdf,press_release,Official Sep-30-2026 reconstitution reconciled to Oct-02 anchor.
Nifty Microcap 250,2026-09-30,ADD,SONATSOFTW,official_primary,https://www.niftyindices.com/Press_Release/ind_prs10082026.pdf,press_release,Official Sep-30-2026 reconstitution reconciled to Oct-02 anchor.
Nifty Microcap 250,2026-09-30,ADD,SPLPETRO,official_primary,https://www.niftyindices.com/Press_Release/ind_prs10082026.pdf,press_release,Official Sep-30-2026 reconstitution reconciled to Oct-02 anchor.
Nifty Microcap 250,2026-09-30,ADD,STYLAMIND,official_primary,https://www.niftyindices.com/Press_Release/ind_prs10082026.pdf,press_release,Official Sep-30-2026 reconstitution reconciled to Oct-02 anchor.
Nifty Microcap 250,2026-09-30,ADD,SUNDRMFAST,official_primary,https://www.niftyindices.com/Press_Release/ind_prs10082026.pdf,press_release,Official Sep-30-2026 reconstitution reconciled to Oct-02 anchor.
Nifty Microcap 250,2026-09-30,ADD,SUNFLAG,official_primary,https://www.niftyindices.com/Press_Release/ind_prs10082026.pdf,press_release,Official Sep-30-2026 reconstitution reconciled to Oct-02 anchor.
Nifty Microcap 250,2026-09-30,ADD,SUVEN,official_primary,https://www.niftyindices.com/Press_Release/ind_prs10082026.pdf,press_release,Official Sep-30-2026 reconstitution reconciled to Oct-02 anchor.
Nifty Microcap 250,2026-09-30,ADD,THELEELA,official_primary,https://www.niftyindices.com/Press_Release/ind_prs10082026.pdf,press_release,Official Sep-30-2026 reconstitution reconciled to Oct-02 anchor.
Nifty Microcap 250,2026-09-30,ADD,TIMEX,official_primary,https://www.niftyindices.com/Press_Release/ind_prs10082026.pdf,press_release,Official Sep-30-2026 reconstitution reconciled to Oct-02 anchor.
Nifty Microcap 250,2026-09-30,ADD,TTKPRESTIG,official_primary,https://www.niftyindices.com/Press_Release/ind_prs10082026.pdf,press_release,Official Sep-30-2026 reconstitution reconciled to Oct-02 anchor.
Nifty Microcap 250,2026-09-30,ADD,UNIMECH,official_primary,https://www.niftyindices.com/Press_Release/ind_prs10082026.pdf,press_release,Official Sep-30-2026 reconstitution reconciled to Oct-02 anchor.
Nifty Microcap 250,2026-09-30,ADD,VESUVIUS,official_primary,https://www.niftyindices.com/Press_Release/ind_prs10082026.pdf,press_release,Official Sep-30-2026 reconstitution reconciled to Oct-02 anchor.
Nifty Microcap 250,2026-09-30,REMOVE,AARTIDRUGS,official_primary,https://www.niftyindices.com/Press_Release/ind_prs10082026.pdf,press_release,Official Sep-30-2026 reconstitution reconciled to Oct-02 anchor.
Nifty Microcap 250,2026-09-30,REMOVE,AETHER,official_primary,https://www.niftyindices.com/Press_Release/ind_prs10082026.pdf,press_release,Official Sep-30-2026 reconstitution reconciled to Oct-02 anchor.
Nifty Microcap 250,2026-09-30,REMOVE,AGARWALEYE,official_primary,https://www.niftyindices.com/Press_Release/ind_prs10082026.pdf,press_release,Official Sep-30-2026 reconstitution reconciled to Oct-02 anchor.
Nifty Microcap 250,2026-09-30,REMOVE,AHLUCONT,official_primary,https://www.niftyindices.com/Press_Release/ind_prs10082026.pdf,press_release,Official Sep-30-2026 reconstitution reconciled to Oct-02 anchor.
Nifty Microcap 250,2026-09-30,REMOVE,ALIVUS,official_primary,https://www.niftyindices.com/Press_Release/ind_prs10082026.pdf,press_release,Official Sep-30-2026 reconstitution reconciled to Oct-02 anchor.
Nifty Microcap 250,2026-09-30,REMOVE,ALOKINDS,official_primary,https://www.niftyindices.com/Press_Release/ind_prs10082026.pdf,press_release,Official Sep-30-2026 reconstitution reconciled to Oct-02 anchor.
Nifty Microcap 250,2026-09-30,REMOVE,ANUP,official_primary,https://www.niftyindices.com/Press_Release/ind_prs10082026.pdf,press_release,Official Sep-30-2026 reconstitution reconciled to Oct-02 anchor.
Nifty Microcap 250,2026-09-30,REMOVE,APLLTD,official_primary,https://www.niftyindices.com/Press_Release/ind_prs10082026.pdf,press_release,Official Sep-30-2026 reconstitution reconciled to Oct-02 anchor.
Nifty Microcap 250,2026-09-30,REMOVE,ASKAUTOLTD,official_primary,https://www.niftyindices.com/Press_Release/ind_prs10082026.pdf,press_release,Official Sep-30-2026 reconstitution reconciled to Oct-02 anchor.
Nifty Microcap 250,2026-09-30,REMOVE,AVANTIFEED,official_primary,https://www.niftyindices.com/Press_Release/ind_prs10082026.pdf,press_release,Official Sep-30-2026 reconstitution reconciled to Oct-02 anchor.
Nifty Microcap 250,2026-09-30,REMOVE,AWFIS,official_primary,https://www.niftyindices.com/Press_Release/ind_prs10082026.pdf,press_release,Official Sep-30-2026 reconstitution reconciled to Oct-02 anchor.
Nifty Microcap 250,2026-09-30,REMOVE,AZAD,official_primary,https://www.niftyindices.com/Press_Release/ind_prs10082026.pdf,press_release,Official Sep-30-2026 reconstitution reconciled to Oct-02 anchor.
Nifty Microcap 250,2026-09-30,REMOVE,BAJAJELEC,official_primary,https://www.niftyindices.com/Press_Release/ind_prs10082026.pdf,press_release,Official Sep-30-2026 reconstitution reconciled to Oct-02 anchor.
Nifty Microcap 250,2026-09-30,REMOVE,BBOX,official_primary,https://www.niftyindices.com/Press_Release/ind_prs10082026.pdf,press_release,Official Sep-30-2026 reconstitution reconciled to Oct-02 anchor.
Nifty Microcap 250,2026-09-30,REMOVE,CENTURYPLY,official_primary,https://www.niftyindices.com/Press_Release/ind_prs10082026.pdf,press_release,Official Sep-30-2026 reconstitution reconciled to Oct-02 anchor.
Nifty Microcap 250,2026-09-30,REMOVE,CORONA,official_primary,https://www.niftyindices.com/Press_Release/ind_prs10082026.pdf,press_release,Official Sep-30-2026 reconstitution reconciled to Oct-02 anchor.
Nifty Microcap 250,2026-09-30,REMOVE,CRIZAC,official_primary,https://www.niftyindices.com/Press_Release/ind_prs10082026.pdf,press_release,Official Sep-30-2026 reconstitution reconciled to Oct-02 anchor.
Nifty Microcap 250,2026-09-30,REMOVE,CUPID,official_primary,https://www.niftyindices.com/Press_Release/ind_prs10082026.pdf,press_release,Official Sep-30-2026 reconstitution reconciled to Oct-02 anchor.
Nifty Microcap 250,2026-09-30,REMOVE,ETHOSLTD,official_primary,https://www.niftyindices.com/Press_Release/ind_prs10082026.pdf,press_release,Official Sep-30-2026 reconstitution reconciled to Oct-02 anchor.
Nifty Microcap 250,2026-09-30,REMOVE,EUREKAFORB,official_primary,https://www.niftyindices.com/Press_Release/ind_prs10082026.pdf,press_release,Official Sep-30-2026 reconstitution reconciled to Oct-02 anchor.
Nifty Microcap 250,2026-09-30,REMOVE,GHCL,official_primary,https://www.niftyindices.com/Press_Release/ind_prs10082026.pdf,press_release,Official Sep-30-2026 reconstitution reconciled to Oct-02 anchor.
Nifty Microcap 250,2026-09-30,REMOVE,GMMPFAUDLR,official_primary,https://www.niftyindices.com/Press_Release/ind_prs10082026.pdf,press_release,Official Sep-30-2026 reconstitution reconciled to Oct-02 anchor.
Nifty Microcap 250,2026-09-30,REMOVE,HEMIPROP,official_primary,https://www.niftyindices.com/Press_Release/ind_prs10082026.pdf,press_release,Official Sep-30-2026 reconstitution reconciled to Oct-02 anchor.
Nifty Microcap 250,2026-09-30,REMOVE,INDIASHLTR,official_primary,https://www.niftyindices.com/Press_Release/ind_prs10082026.pdf,press_release,Official Sep-30-2026 reconstitution reconciled to Oct-02 anchor.
Nifty Microcap 250,2026-09-30,REMOVE,INOXGREEN,official_primary,https://www.niftyindices.com/Press_Release/ind_prs10082026.pdf,press_release,Official Sep-30-2026 reconstitution reconciled to Oct-02 anchor.
Nifty Microcap 250,2026-09-30,REMOVE,INOXINDIA,official_primary,https://www.niftyindices.com/Press_Release/ind_prs10082026.pdf,press_release,Official Sep-30-2026 reconstitution reconciled to Oct-02 anchor.
Nifty Microcap 250,2026-09-30,REMOVE,JKLAKSHMI,official_primary,https://www.niftyindices.com/Press_Release/ind_prs10082026.pdf,press_release,Official Sep-30-2026 reconstitution reconciled to Oct-02 anchor.
Nifty Microcap 250,2026-09-30,REMOVE,JLHL,official_primary,https://www.niftyindices.com/Press_Release/ind_prs10082026.pdf,press_release,Official Sep-30-2026 reconstitution reconciled to Oct-02 anchor.
Nifty Microcap 250,2026-09-30,REMOVE,KIRLOSBROS,official_primary,https://www.niftyindices.com/Press_Release/ind_prs10082026.pdf,press_release,Official Sep-30-2026 reconstitution reconciled to Oct-02 anchor.
Nifty Microcap 250,2026-09-30,REMOVE,KSB,official_primary,https://www.niftyindices.com/Press_Release/ind_prs10082026.pdf,press_release,Official Sep-30-2026 reconstitution reconciled to Oct-02 anchor.
Nifty Microcap 250,2026-09-30,REMOVE,MAHSCOOTER,official_primary,https://www.niftyindices.com/Press_Release/ind_prs10082026.pdf,press_release,Official Sep-30-2026 reconstitution reconciled to Oct-02 anchor.
Nifty Microcap 250,2026-09-30,REMOVE,MAHSEAMLES,official_primary,https://www.niftyindices.com/Press_Release/ind_prs10082026.pdf,press_release,Official Sep-30-2026 reconstitution reconciled to Oct-02 anchor.
Nifty Microcap 250,2026-09-30,REMOVE,MTARTECH,official_primary,https://www.niftyindices.com/Press_Release/ind_prs10082026.pdf,press_release,Official Sep-30-2026 reconstitution reconciled to Oct-02 anchor.
Nifty Microcap 250,2026-09-30,REMOVE,NESCO,official_primary,https://www.niftyindices.com/Press_Release/ind_prs10082026.pdf,press_release,Official Sep-30-2026 reconstitution reconciled to Oct-02 anchor.
Nifty Microcap 250,2026-09-30,REMOVE,OPTIEMUS,official_primary,https://www.niftyindices.com/Press_Release/ind_prs10082026.pdf,press_release,Official Sep-30-2026 reconstitution reconciled to Oct-02 anchor.
Nifty Microcap 250,2026-09-30,REMOVE,ORIENTCEM,official_primary,https://www.niftyindices.com/Press_Release/ind_prs10082026.pdf,press_release,Official Sep-30-2026 reconstitution reconciled to Oct-02 anchor.
Nifty Microcap 250,2026-09-30,REMOVE,ORKLAINDIA,official_primary,https://www.niftyindices.com/Press_Release/ind_prs10082026.pdf,press_release,Official Sep-30-2026 reconstitution reconciled to Oct-02 anchor.
Nifty Microcap 250,2026-09-30,REMOVE,PRIVISCL,official_primary,https://www.niftyindices.com/Press_Release/ind_prs10082026.pdf,press_release,Official Sep-30-2026 reconstitution reconciled to Oct-02 anchor.
Nifty Microcap 250,2026-09-30,REMOVE,PRSMJOHNSN,official_primary,https://www.niftyindices.com/Press_Release/ind_prs10082026.pdf,press_release,Official Sep-30-2026 reconstitution reconciled to Oct-02 anchor.
Nifty Microcap 250,2026-09-30,REMOVE,PRUDENT,official_primary,https://www.niftyindices.com/Press_Release/ind_prs10082026.pdf,press_release,Official Sep-30-2026 reconstitution reconciled to Oct-02 anchor.
Nifty Microcap 250,2026-09-30,REMOVE,REDTAPE,official_primary,https://www.niftyindices.com/Press_Release/ind_prs10082026.pdf,press_release,Official Sep-30-2026 reconstitution reconciled to Oct-02 anchor.
Nifty Microcap 250,2026-09-30,REMOVE,RTNINDIA,official_primary,https://www.niftyindices.com/Press_Release/ind_prs10082026.pdf,press_release,Official Sep-30-2026 reconstitution reconciled to Oct-02 anchor.
Nifty Microcap 250,2026-09-30,REMOVE,RUBICON,official_primary,https://www.niftyindices.com/Press_Release/ind_prs10082026.pdf,press_release,Official Sep-30-2026 reconstitution reconciled to Oct-02 anchor.
Nifty Microcap 250,2026-09-30,REMOVE,SAATVIKGL,official_primary,https://www.niftyindices.com/Press_Release/ind_prs10082026.pdf,press_release,Official Sep-30-2026 reconstitution reconciled to Oct-02 anchor.
Nifty Microcap 250,2026-09-30,REMOVE,SANOFICONR,official_primary,https://www.niftyindices.com/Press_Release/ind_prs10082026.pdf,press_release,Official Sep-30-2026 reconstitution reconciled to Oct-02 anchor.
Nifty Microcap 250,2026-09-30,REMOVE,SANSERA,official_primary,https://www.niftyindices.com/Press_Release/ind_prs10082026.pdf,press_release,Official Sep-30-2026 reconstitution reconciled to Oct-02 anchor.
Nifty Microcap 250,2026-09-30,REMOVE,SHRIPISTON,official_primary,https://www.niftyindices.com/Press_Release/ind_prs10082026.pdf,press_release,Official Sep-30-2026 reconstitution reconciled to Oct-02 anchor.
Nifty Microcap 250,2026-09-30,REMOVE,SKFINDIA,official_primary,https://www.niftyindices.com/Press_Release/ind_prs10082026.pdf,press_release,Official Sep-30-2026 reconstitution reconciled to Oct-02 anchor.
Nifty Microcap 250,2026-09-30,REMOVE,SKFINDUS,official_primary,https://www.niftyindices.com/Press_Release/ind_prs10082026.pdf,press_release,Official Sep-30-2026 reconstitution reconciled to Oct-02 anchor.
Nifty Microcap 250,2026-09-30,REMOVE,SMARTWORKS,official_primary,https://www.niftyindices.com/Press_Release/ind_prs10082026.pdf,press_release,Official Sep-30-2026 reconstitution reconciled to Oct-02 anchor.
Nifty Microcap 250,2026-09-30,REMOVE,STARCEMENT,official_primary,https://www.niftyindices.com/Press_Release/ind_prs10082026.pdf,press_release,Official Sep-30-2026 reconstitution reconciled to Oct-02 anchor.
Nifty Microcap 250,2026-09-30,REMOVE,STLTECH,official_primary,https://www.niftyindices.com/Press_Release/ind_prs10082026.pdf,press_release,Official Sep-30-2026 reconstitution reconciled to Oct-02 anchor.
Nifty Microcap 250,2026-09-30,REMOVE,STYL,official_primary,https://www.niftyindices.com/Press_Release/ind_prs10082026.pdf,press_release,Official Sep-30-2026 reconstitution reconciled to Oct-02 anchor.
Nifty Microcap 250,2026-09-30,REMOVE,STYRENIX,official_primary,https://www.niftyindices.com/Press_Release/ind_prs10082026.pdf,press_release,Official Sep-30-2026 reconstitution reconciled to Oct-02 anchor.
Nifty Microcap 250,2026-09-30,REMOVE,TDPOWERSYS,official_primary,https://www.niftyindices.com/Press_Release/ind_prs10082026.pdf,press_release,Official Sep-30-2026 reconstitution reconciled to Oct-02 anchor.
Nifty Microcap 250,2026-09-30,REMOVE,THANGAMAYL,official_primary,https://www.niftyindices.com/Press_Release/ind_prs10082026.pdf,press_release,Official Sep-30-2026 reconstitution reconciled to Oct-02 anchor.
Nifty Microcap 250,2026-09-30,REMOVE,TRIVENI,official_primary,https://www.niftyindices.com/Press_Release/ind_prs10082026.pdf,press_release,Official Sep-30-2026 reconstitution reconciled to Oct-02 anchor.
Nifty Microcap 250,2026-09-30,REMOVE,TSFINV,official_primary,https://www.niftyindices.com/Press_Release/ind_prs10082026.pdf,press_release,Official Sep-30-2026 reconstitution reconciled to Oct-02 anchor.
Nifty Microcap 250,2026-09-30,REMOVE,VARROC,official_primary,https://www.niftyindices.com/Press_Release/ind_prs10082026.pdf,press_release,Official Sep-30-2026 reconstitution reconciled to Oct-02 anchor.
Nifty Midcap 150,2024-03-28,ADD,AWL,yurukatsu_event,https://niftyindices.com/Press_Release/ind_prs28022024.pdf,press_release,
Nifty Midcap 150,2024-03-28,ADD,BSE,yurukatsu_event,https://niftyindices.com/Press_Release/ind_prs19032024.pdf,amendment,
Nifty Midcap 150,2024-03-28,ADD,IDBI,yurukatsu_event,https://niftyindices.com/Press_Release/ind_prs28022024.pdf,press_release,closed by ind_prs21022025.pdf
Nifty Midcap 150,2024-03-28,ADD,JSWINFRA,yurukatsu_event,https://niftyindices.com/Press_Release/ind_prs28022024.pdf,press_release,
Nifty Midcap 150,2024-03-28,ADD,KALYANKJIL,yurukatsu_event,https://niftyindices.com/Press_Release/ind_prs28022024.pdf,press_release,
Nifty Midcap 150,2024-03-28,ADD,KEI,yurukatsu_event,https://niftyindices.com/Press_Release/ind_prs28022024.pdf,press_release,
Nifty Midcap 150,2024-03-28,ADD,LLOYDSME,yurukatsu_event,https://niftyindices.com/Press_Release/ind_prs28022024.pdf,press_release,
Nifty Midcap 150,2024-03-28,ADD,MUTHOOTFIN,yurukatsu_event,https://niftyindices.com/Press_Release/ind_prs28022024.pdf,press_release,closed by ind_prs23022026.pdf
Nifty Midcap 150,2024-03-28,ADD,PGHH,yurukatsu_event,https://niftyindices.com/Press_Release/ind_prs28022024.pdf,press_release,closed by ind_prs21022025.pdf
Nifty Midcap 150,2024-03-28,ADD,PIIND,yurukatsu_event,https://niftyindices.com/Press_Release/ind_prs28022024.pdf,press_release,
Nifty Midcap 150,2024-03-28,ADD,SJVN,yurukatsu_event,https://niftyindices.com/Press_Release/ind_prs28022024.pdf,press_release,
Nifty Midcap 150,2024-03-28,ADD,SUZLON,yurukatsu_event,https://niftyindices.com/Press_Release/ind_prs28022024.pdf,press_release,
Nifty Midcap 150,2024-03-28,ADD,TATATECH,yurukatsu_event,https://niftyindices.com/Press_Release/ind_prs28022024.pdf,press_release,closed by ind_prs23022026.pdf
Nifty Midcap 150,2024-03-28,ADD,UPL,yurukatsu_event,https://niftyindices.com/Press_Release/ind_prs28022024.pdf,press_release,
Nifty Midcap 150,2024-03-28,REMOVE,AARTIIND,yurukatsu_event,https://niftyindices.com/Press_Release/ind_prs17022023_1.pdf,press_release,closed by ind_prs28022024.pdf
Nifty Midcap 150,2024-03-28,REMOVE,ADANIPOWER,yurukatsu_event,https://niftyindices.com/Press_Release/ind_prs17022023_1.pdf,press_release,closed by ind_prs28022024.pdf
Nifty Midcap 150,2024-03-28,REMOVE,BLUEDART,yurukatsu_event,https://niftyindices.com/Press_Release/ind_prs23082021.pdf,press_release,closed by ind_prs28022024.pdf
Nifty Midcap 150,2024-03-28,REMOVE,CROMPTON,seed_closure_official,https://www.niftyindices.com/Press_Release/ind_prs28022024.pdf,snapshot_floor,closed by ind_prs28022024.pdf
Nifty Midcap 150,2024-03-28,REMOVE,IRFC,yurukatsu_event,https://niftyindices.com/Press_Release/ind_prs15092021.pdf,press_release,closed by ind_prs28022024.pdf
Nifty Midcap 150,2024-03-28,REMOVE,NAVINFLUOR,yurukatsu_event,https://niftyindices.com/Press_Release/ind_prs20082020.pdf,press_release,closed by ind_prs28022024.pdf
Nifty Midcap 150,2024-03-28,REMOVE,PFC,yurukatsu_event,https://niftyindices.com/Press_Release/ind_prs23022021.pdf,press_release,closed by ind_prs28022024.pdf
Nifty Midcap 150,2024-03-28,REMOVE,PFIZER,seed_closure_official,https://www.niftyindices.com/Press_Release/ind_prs28022024.pdf,snapshot_floor,closed by ind_prs28022024.pdf
Nifty Midcap 150,2024-03-28,REMOVE,RAJESHEXPO,seed_closure_official,https://www.niftyindices.com/Press_Release/ind_prs28022024.pdf,snapshot_floor,closed by ind_prs28022024.pdf
Nifty Midcap 150,2024-03-28,REMOVE,RECLTD,yurukatsu_event,https://niftyindices.com/Press_Release/ind_prs28082018.pdf,press_release,closed by ind_prs28022024.pdf
Nifty Midcap 150,2024-03-28,REMOVE,RELAXO,yurukatsu_event,https://niftyindices.com/Press_Release/ind_prs25022019.pdf,press_release,closed by ind_prs28022024.pdf
Nifty Midcap 150,2024-03-28,REMOVE,TRIDENT,yurukatsu_event,https://niftyindices.com/Press_Release/ind_prs24022022_1.pdf,press_release,closed by ind_prs28022024.pdf
Nifty Midcap 150,2024-03-28,REMOVE,VINATIORGA,yurukatsu_event,https://niftyindices.com/Press_Release/ind_prs28082019.pdf,press_release,closed by ind_prs28022024.pdf
Nifty Midcap 150,2024-03-28,REMOVE,WHIRLPOOL,seed_closure_official,https://www.niftyindices.com/Press_Release/ind_prs28022024.pdf,snapshot_floor,closed by ind_prs28022024.pdf
Nifty Midcap 150,2024-09-30,ADD,BERGEPAINT,yurukatsu_event,https://niftyindices.com/Press_Release/ind_prs23082024.pdf,press_release,
Nifty Midcap 150,2024-09-30,ADD,BHARTIHEXA,yurukatsu_event,https://niftyindices.com/Press_Release/ind_prs23082024.pdf,press_release,
Nifty Midcap 150,2024-09-30,ADD,CENTRALBK,yurukatsu_event,https://niftyindices.com/Press_Release/ind_prs23082024.pdf,press_release,"inferred-exclude: not in NSE current snapshot, no PR found (closed at next semi-annual review)"
Nifty Midcap 150,2024-09-30,ADD,COCHINSHIP,yurukatsu_event,https://niftyindices.com/Press_Release/ind_prs23082024.pdf,press_release,
Nifty Midcap 150,2024-09-30,ADD,COLPAL,yurukatsu_event,https://niftyindices.com/Press_Release/ind_prs23082024.pdf,press_release,
Nifty Midcap 150,2024-09-30,ADD,EXIDEIND,yurukatsu_event,https://niftyindices.com/Press_Release/ind_prs23082024.pdf,press_release,
Nifty Midcap 150,2024-09-30,ADD,HUDCO,yurukatsu_event,https://niftyindices.com/Press_Release/ind_prs23082024.pdf,press_release,
Nifty Midcap 150,2024-09-30,ADD,IOB,yurukatsu_event,https://niftyindices.com/Press_Release/ind_prs23082024.pdf,press_release,closed by ind_prs21022025.pdf
Nifty Midcap 150,2024-09-30,ADD,IRB,yurukatsu_event,https://niftyindices.com/Press_Release/ind_prs23082024.pdf,press_release,closed by ind_prs23022026.pdf
Nifty Midcap 150,2024-09-30,ADD,IREDA,yurukatsu_event,https://niftyindices.com/Press_Release/ind_prs23082024.pdf,press_release,
Nifty Midcap 150,2024-09-30,ADD,MARICO,yurukatsu_event,https://niftyindices.com/Press_Release/ind_prs23082024.pdf,press_release,
Nifty Midcap 150,2024-09-30,ADD,MEDANTA,yurukatsu_event,https://niftyindices.com/Press_Release/ind_prs23082024.pdf,press_release,
Nifty Midcap 150,2024-09-30,ADD,MRPL,yurukatsu_event,https://niftyindices.com/Press_Release/ind_prs23082024.pdf,press_release,closed by ind_prs22082025.pdf
Nifty Midcap 150,2024-09-30,ADD,NAM-INDIA,yurukatsu_event,https://niftyindices.com/Press_Release/ind_prs23082024.pdf,press_release,
Nifty Midcap 150,2024-09-30,ADD,NLCINDIA,yurukatsu_event,https://niftyindices.com/Press_Release/ind_prs23082024.pdf,press_release,
Nifty Midcap 150,2024-09-30,ADD,POWERINDIA,yurukatsu_event,https://niftyindices.com/Press_Release/ind_prs23082024.pdf,press_release,
Nifty Midcap 150,2024-09-30,ADD,SBICARD,yurukatsu_event,https://niftyindices.com/Press_Release/ind_prs23082024.pdf,press_release,
Nifty Midcap 150,2024-09-30,ADD,SRF,yurukatsu_event,https://niftyindices.com/Press_Release/ind_prs23082024.pdf,press_release,
Nifty Midcap 150,2024-09-30,ADD,TATAINVEST,yurukatsu_event,https://niftyindices.com/Press_Release/ind_prs23082024.pdf,press_release,
Nifty Midcap 150,2024-09-30,REMOVE,ATUL,yurukatsu_event,https://niftyindices.com/Press_Release/ind_prs25022019.pdf,press_release,closed by ind_prs23082024.pdf
Nifty Midcap 150,2024-09-30,REMOVE,BATAINDIA,seed_closure_official,https://www.niftyindices.com/Press_Release/ind_prs23082024.pdf,snapshot_floor,closed by ind_prs23082024.pdf
Nifty Midcap 150,2024-09-30,REMOVE,BHEL,yurukatsu_event,https://niftyindices.com/Press_Release/ind_prs28082019.pdf,press_release,closed by ind_prs23082024.pdf
Nifty Midcap 150,2024-09-30,REMOVE,DEVYANI,yurukatsu_event,https://niftyindices.com/Press_Release/ind_prs01092022.pdf,press_release,closed by ind_prs23082024.pdf
Nifty Midcap 150,2024-09-30,REMOVE,IDEA,yurukatsu_event,https://niftyindices.com/Press_Release/ind_prs10062020.pdf,press_release,closed by ind_prs23082024.pdf
Nifty Midcap 150,2024-09-30,REMOVE,ISEC,yurukatsu_event,https://niftyindices.com/Press_Release/ind_prs28082018.pdf,press_release,closed by ind_prs23082024.pdf
Nifty Midcap 150,2024-09-30,REMOVE,JSWENERGY,seed_closure_official,https://www.niftyindices.com/Press_Release/ind_prs23082024.pdf,snapshot_floor,closed by ind_prs23082024.pdf
Nifty Midcap 150,2024-09-30,REMOVE,KAJARIACER,yurukatsu_event,https://niftyindices.com/Press_Release/ind_prs15092021.pdf,press_release,closed by ind_prs23082024.pdf
Nifty Midcap 150,2024-09-30,REMOVE,KANSAINER,seed_closure_official,https://www.niftyindices.com/Press_Release/ind_prs23082024.pdf,snapshot_floor,closed by ind_prs23082024.pdf
Nifty Midcap 150,2024-09-30,REMOVE,LALPATHLAB,yurukatsu_event,https://niftyindices.com/Press_Release/ind_prs16122019.pdf,press_release,closed by ind_prs23082024.pdf
Nifty Midcap 150,2024-09-30,REMOVE,LAURUSLABS,yurukatsu_event,https://niftyindices.com/Press_Release/ind_prs23022021.pdf,press_release,closed by ind_prs23082024.pdf
Nifty Midcap 150,2024-09-30,REMOVE,LODHA,yurukatsu_event,https://niftyindices.com/Press_Release/ind_prs15092021.pdf,press_release,closed by ind_prs23082024.pdf
Nifty Midcap 150,2024-09-30,REMOVE,MANYAVAR,yurukatsu_event,https://niftyindices.com/Press_Release/ind_prs01092022.pdf,press_release,closed by ind_prs23082024.pdf
Nifty Midcap 150,2024-09-30,REMOVE,NHPC,yurukatsu_event,https://niftyindices.com/Press_Release/ind_prs20082020.pdf,press_release,closed by ind_prs23082024.pdf
Nifty Midcap 150,2024-09-30,REMOVE,PEL,yurukatsu_event,https://niftyindices.com/Press_Release/ind_prs17022023_1.pdf,press_release,closed by ind_prs23082024.pdf
Nifty Midcap 150,2024-09-30,REMOVE,RAMCOCEM,seed_closure_official,https://www.niftyindices.com/Press_Release/ind_prs23082024.pdf,snapshot_floor,closed by ind_prs23082024.pdf
Nifty Midcap 150,2024-09-30,REMOVE,SUMICHEM,yurukatsu_event,https://niftyindices.com/Press_Release/ind_prs10062020.pdf,press_release,closed by ind_prs23082024.pdf
Nifty Midcap 150,2024-09-30,REMOVE,UNIONBANK,seed_closure_official,https://www.niftyindices.com/Press_Release/ind_prs23082024.pdf,snapshot_floor,closed by ind_prs23082024.pdf
Nifty Midcap 150,2024-09-30,REMOVE,ZEEL,yurukatsu_event,https://niftyindices.com/Press_Release/ind_prs20082020.pdf,press_release,closed by ind_prs23082024.pdf
Nifty Midcap 150,2025-03-28,ADD,APARINDS,yurukatsu_event,https://niftyindices.com/Press_Release/ind_prs21022025.pdf,press_release,
Nifty Midcap 150,2025-03-28,ADD,ATGL,yurukatsu_event,https://niftyindices.com/Press_Release/ind_prs21022025.pdf,press_release,
Nifty Midcap 150,2025-03-28,ADD,BHEL,yurukatsu_event,https://niftyindices.com/Press_Release/ind_prs21022025.pdf,press_release,
Nifty Midcap 150,2025-03-28,ADD,BLUESTARCO,yurukatsu_event,https://niftyindices.com/Press_Release/ind_prs21022025.pdf,press_release,
Nifty Midcap 150,2025-03-28,ADD,GLENMARK,yurukatsu_event,https://niftyindices.com/Press_Release/ind_prs21022025.pdf,press_release,
Nifty Midcap 150,2025-03-28,ADD,GVT&D,yurukatsu_event,https://niftyindices.com/Press_Release/ind_prs21022025.pdf,press_release,
Nifty Midcap 150,2025-03-28,ADD,IRCTC,yurukatsu_event,https://niftyindices.com/Press_Release/ind_prs21022025.pdf,press_release,
Nifty Midcap 150,2025-03-28,ADD,MOTILALOFS,yurukatsu_event,https://niftyindices.com/Press_Release/ind_prs21022025.pdf,press_release,
Nifty Midcap 150,2025-03-28,ADD,NATIONALUM,yurukatsu_event,https://niftyindices.com/Press_Release/ind_prs21022025.pdf,press_release,
Nifty Midcap 150,2025-03-28,ADD,NHPC,yurukatsu_event,https://niftyindices.com/Press_Release/ind_prs21022025.pdf,press_release,
Nifty Midcap 150,2025-03-28,ADD,NTPCGREEN,yurukatsu_event,https://niftyindices.com/Press_Release/ind_prs21022025.pdf,press_release,
Nifty Midcap 150,2025-03-28,ADD,OLAELEC,yurukatsu_event,https://niftyindices.com/Press_Release/ind_prs21022025.pdf,press_release,closed by ind_prs22082025.pdf
Nifty Midcap 150,2025-03-28,ADD,PREMIERENE,yurukatsu_event,https://niftyindices.com/Press_Release/ind_prs21022025.pdf,press_release,
Nifty Midcap 150,2025-03-28,ADD,UNIONBANK,yurukatsu_event,https://niftyindices.com/Press_Release/ind_prs21022025.pdf,press_release,closed by ind_prs23022026.pdf
Nifty Midcap 150,2025-03-28,ADD,VMM,yurukatsu_event,https://niftyindices.com/Press_Release/ind_prs21022025.pdf,press_release,
Nifty Midcap 150,2025-03-28,ADD,WAAREEENER,yurukatsu_event,https://niftyindices.com/Press_Release/ind_prs21022025.pdf,press_release,
Nifty Midcap 150,2025-03-28,REMOVE,BAYERCROP,yurukatsu_event,https://niftyindices.com/Press_Release/ind_prs28082019.pdf,press_release,closed by ind_prs21022025.pdf
Nifty Midcap 150,2025-03-28,REMOVE,CARBORUNIV,yurukatsu_event,https://niftyindices.com/Press_Release/ind_prs17082023.pdf,press_release,closed by ind_prs21022025.pdf
Nifty Midcap 150,2025-03-28,REMOVE,CGPOWER,yurukatsu_event,https://niftyindices.com/Press_Release/ind_prs24022022_1.pdf,press_release,closed by ind_prs21022025.pdf
Nifty Midcap 150,2025-03-28,REMOVE,DELHIVERY,yurukatsu_event,https://niftyindices.com/Press_Release/ind_prs11072022.pdf,press_release,closed by ind_prs21022025.pdf
Nifty Midcap 150,2025-03-28,REMOVE,FACT,yurukatsu_event,https://niftyindices.com/Press_Release/ind_prs17082023.pdf,press_release,closed by ind_prs21022025.pdf
Nifty Midcap 150,2025-03-28,REMOVE,GRINDWELL,yurukatsu_event,https://niftyindices.com/Press_Release/ind_prs24022022_1.pdf,press_release,closed by ind_prs21022025.pdf
Nifty Midcap 150,2025-03-28,REMOVE,IDBI,yurukatsu_event,https://niftyindices.com/Press_Release/ind_prs28022024.pdf,press_release,closed by ind_prs21022025.pdf
Nifty Midcap 150,2025-03-28,REMOVE,INDHOTEL,seed_closure_official,https://www.niftyindices.com/Press_Release/ind_prs21022025.pdf,snapshot_floor,closed by ind_prs21022025.pdf
Nifty Midcap 150,2025-03-28,REMOVE,IOB,yurukatsu_event,https://niftyindices.com/Press_Release/ind_prs23082024.pdf,press_release,closed by ind_prs21022025.pdf
Nifty Midcap 150,2025-03-28,REMOVE,METROBRAND,yurukatsu_event,https://niftyindices.com/Press_Release/ind_prs17022023_1.pdf,press_release,closed by ind_prs21022025.pdf
Nifty Midcap 150,2025-03-28,REMOVE,PGHH,yurukatsu_event,https://niftyindices.com/Press_Release/ind_prs28022024.pdf,press_release,closed by ind_prs21022025.pdf
Nifty Midcap 150,2025-03-28,REMOVE,POONAWALLA,yurukatsu_event,https://niftyindices.com/Press_Release/ind_prs01092022.pdf,press_release,closed by ind_prs21022025.pdf
Nifty Midcap 150,2025-03-28,REMOVE,SKFINDIA,seed_closure_official,https://www.niftyindices.com/Press_Release/ind_prs21022025.pdf,snapshot_floor,closed by ind_prs21022025.pdf
Nifty Midcap 150,2025-03-28,REMOVE,SUNDRMFAST,yurukatsu_event,https://niftyindices.com/Press_Release/ind_prs28082017.pdf,press_release,closed by ind_prs21022025.pdf
Nifty Midcap 150,2025-03-28,REMOVE,TATACHEM,yurukatsu_event,https://niftyindices.com/Press_Release/ind_prs20082020.pdf,press_release,closed by ind_prs21022025.pdf
Nifty Midcap 150,2025-03-28,REMOVE,TIMKEN,yurukatsu_event,https://niftyindices.com/Press_Release/ind_prs17022023_1.pdf,press_release,closed by ind_prs21022025.pdf
Nifty Midcap 150,2025-03-28,REMOVE,ZFCVINDIA,yurukatsu_event,https://niftyindices.com/Press_Release/ind_prs15092021.pdf,press_release,closed by ind_prs21022025.pdf
Nifty Midcap 150,2025-03-31,REMOVE,CENTRALBK,yurukatsu_event,https://niftyindices.com/Press_Release/ind_prs23082024.pdf,press_release,"inferred-exclude: not in NSE current snapshot, no PR found (closed at next semi-annual review)"
Nifty Midcap 150,2025-09-30,ADD,DABUR,yurukatsu_event,https://niftyindices.com/Press_Release/ind_prs22082025.pdf,press_release,
Nifty Midcap 150,2025-09-30,ADD,FACT,yurukatsu_event,https://niftyindices.com/Press_Release/ind_prs22082025.pdf,press_release,closed by ind_prs23022026.pdf
Nifty Midcap 150,2025-09-30,ADD,GODFRYPHLP,yurukatsu_event,https://niftyindices.com/Press_Release/ind_prs22082025.pdf,press_release,
Nifty Midcap 150,2025-09-30,ADD,HEROMOTOCO,yurukatsu_event,https://niftyindices.com/Press_Release/ind_prs22082025.pdf,press_release,
Nifty Midcap 150,2025-09-30,ADD,HEXT,yurukatsu_event,https://niftyindices.com/Press_Release/ind_prs22082025.pdf,press_release,
Nifty Midcap 150,2025-09-30,ADD,ICICIPRULI,yurukatsu_event,https://niftyindices.com/Press_Release/ind_prs22082025.pdf,press_release,
Nifty Midcap 150,2025-09-30,ADD,IDBI,yurukatsu_event,https://niftyindices.com/Press_Release/ind_prs22082025.pdf,press_release,closed by ind_prs23022026.pdf
Nifty Midcap 150,2025-09-30,ADD,INDUSINDBK,yurukatsu_event,https://niftyindices.com/Press_Release/ind_prs22082025.pdf,press_release,
Nifty Midcap 150,2025-09-30,ADD,IOB,yurukatsu_event,https://niftyindices.com/Press_Release/ind_prs22082025.pdf,press_release,closed by ind_prs23022026.pdf
Nifty Midcap 150,2025-09-30,ADD,ITCHOTELS,yurukatsu_event,https://niftyindices.com/Press_Release/ind_prs22082025.pdf,press_release,
Nifty Midcap 150,2025-09-30,ADD,PGHH,yurukatsu_event,https://niftyindices.com/Press_Release/ind_prs22082025.pdf,press_release,closed by ind_prs23022026.pdf
Nifty Midcap 150,2025-09-30,ADD,SWIGGY,yurukatsu_event,https://niftyindices.com/Press_Release/ind_prs22082025.pdf,press_release,
Nifty Midcap 150,2025-09-30,ADD,UCOBANK,yurukatsu_event,https://niftyindices.com/Press_Release/ind_prs22082025.pdf,press_release,closed by ind_prs23022026.pdf
Nifty Midcap 150,2025-09-30,REMOVE,ABFRL,seed_closure_official,https://www.niftyindices.com/Press_Release/ind_prs22082025.pdf,snapshot_floor,closed by ind_prs22082025.pdf
Nifty Midcap 150,2025-09-30,REMOVE,BANDHANBNK,yurukatsu_event,https://niftyindices.com/Press_Release/ind_prs17022023_1.pdf,press_release,closed by ind_prs22082025.pdf
Nifty Midcap 150,2025-09-30,REMOVE,EMAMILTD,yurukatsu_event,https://niftyindices.com/Press_Release/ind_prs28082018.pdf,press_release,closed by ind_prs22082025.pdf
Nifty Midcap 150,2025-09-30,REMOVE,GLAND,yurukatsu_event,https://niftyindices.com/Press_Release/ind_prs17022023_1.pdf,press_release,closed by ind_prs22082025.pdf
Nifty Midcap 150,2025-09-30,REMOVE,HINDZINC,yurukatsu_event,https://niftyindices.com/Press_Release/ind_prs23022021.pdf,press_release,closed by ind_prs22082025.pdf
Nifty Midcap 150,2025-09-30,REMOVE,MAXHEALTH,yurukatsu_event,https://niftyindices.com/Press_Release/ind_prs23022021.pdf,press_release,closed by ind_prs22082025.pdf
Nifty Midcap 150,2025-09-30,REMOVE,MAZDOCK,yurukatsu_event,https://niftyindices.com/Press_Release/ind_prs17082023.pdf,press_release,closed by ind_prs22082025.pdf
Nifty Midcap 150,2025-09-30,REMOVE,MOTHERSON,yurukatsu_event,https://niftyindices.com/Press_Release/ind_prs01092022.pdf,press_release,closed by ind_prs22082025.pdf
Nifty Midcap 150,2025-09-30,REMOVE,MRPL,yurukatsu_event,https://niftyindices.com/Press_Release/ind_prs23082024.pdf,press_release,closed by ind_prs22082025.pdf
Nifty Midcap 150,2025-09-30,REMOVE,OLAELEC,yurukatsu_event,https://niftyindices.com/Press_Release/ind_prs21022025.pdf,press_release,closed by ind_prs22082025.pdf
Nifty Midcap 150,2025-09-30,REMOVE,SOLARINDS,seed_closure_official,https://www.niftyindices.com/Press_Release/ind_prs22082025.pdf,snapshot_floor,closed by ind_prs22082025.pdf
Nifty Midcap 150,2025-09-30,REMOVE,STARHEALTH,yurukatsu_event,https://niftyindices.com/Press_Release/ind_prs24022022_1.pdf,press_release,closed by ind_prs22082025.pdf
Nifty Midcap 150,2025-09-30,REMOVE,SUNTV,yurukatsu_event,https://niftyindices.com/Press_Release/ind_prs25022019.pdf,press_release,closed by ind_prs22082025.pdf
Nifty Midcap 150,2026-03-30,ADD,AIIL,yurukatsu_event,https://niftyindices.com/Press_Release/ind_prs23022026.pdf,press_release,
Nifty Midcap 150,2026-03-30,ADD,ANTHEM,yurukatsu_event,https://niftyindices.com/Press_Release/ind_prs23022026.pdf,press_release,
Nifty Midcap 150,2026-03-30,ADD,BAJAJHFL,yurukatsu_event,https://niftyindices.com/Press_Release/ind_prs23022026.pdf,press_release,
Nifty Midcap 150,2026-03-30,ADD,GROWW,yurukatsu_event,https://niftyindices.com/Press_Release/ind_prs23022026.pdf,press_release,
Nifty Midcap 150,2026-03-30,ADD,HAVELLS,yurukatsu_event,https://niftyindices.com/Press_Release/ind_prs23022026.pdf,press_release,
Nifty Midcap 150,2026-03-30,ADD,HDBFS,yurukatsu_event,https://niftyindices.com/Press_Release/ind_prs23022026.pdf,press_release,
Nifty Midcap 150,2026-03-30,ADD,ICICIAMC,yurukatsu_event,https://niftyindices.com/Press_Release/ind_prs23022026.pdf,press_release,
Nifty Midcap 150,2026-03-30,ADD,ICICIGI,yurukatsu_event,https://niftyindices.com/Press_Release/ind_prs23022026.pdf,press_release,
Nifty Midcap 150,2026-03-30,ADD,JSWENERGY,yurukatsu_event,https://niftyindices.com/Press_Release/ind_prs23022026.pdf,press_release,
Nifty Midcap 150,2026-03-30,ADD,LAURUSLABS,yurukatsu_event,https://niftyindices.com/Press_Release/ind_prs23022026.pdf,press_release,
Nifty Midcap 150,2026-03-30,ADD,LENSKART,yurukatsu_event,https://niftyindices.com/Press_Release/ind_prs23022026.pdf,press_release,
Nifty Midcap 150,2026-03-30,ADD,LGEINDIA,yurukatsu_event,https://niftyindices.com/Press_Release/ind_prs23022026.pdf,press_release,
Nifty Midcap 150,2026-03-30,ADD,LICI,yurukatsu_event,https://niftyindices.com/Press_Release/ind_prs23022026.pdf,press_release,
Nifty Midcap 150,2026-03-30,ADD,MCX,yurukatsu_event,https://niftyindices.com/Press_Release/ind_prs23022026.pdf,press_release,
Nifty Midcap 150,2026-03-30,ADD,NAUKRI,yurukatsu_event,https://niftyindices.com/Press_Release/ind_prs23022026.pdf,press_release,
Nifty Midcap 150,2026-03-30,ADD,RADICO,yurukatsu_event,https://niftyindices.com/Press_Release/ind_prs23022026.pdf,press_release,
Nifty Midcap 150,2026-03-30,REMOVE,CUMMINSIND,yurukatsu_event,https://niftyindices.com/Press_Release/ind_prs28082018.pdf,press_release,closed by ind_prs23022026.pdf
Nifty Midcap 150,2026-03-30,REMOVE,DEEPAKNTR,yurukatsu_event,https://niftyindices.com/Press_Release/ind_prs23022021.pdf,press_release,closed by ind_prs23022026.pdf
Nifty Midcap 150,2026-03-30,REMOVE,FACT,yurukatsu_event,https://niftyindices.com/Press_Release/ind_prs22082025.pdf,press_release,closed by ind_prs23022026.pdf
Nifty Midcap 150,2026-03-30,REMOVE,GUJGASLTD,seed_closure_official,https://www.niftyindices.com/Press_Release/ind_prs23022026.pdf,snapshot_floor,closed by ind_prs23022026.pdf
Nifty Midcap 150,2026-03-30,REMOVE,HDFCAMC,yurukatsu_event,https://niftyindices.com/Press_Release/ind_prs17082023.pdf,press_release,closed by ind_prs23022026.pdf
Nifty Midcap 150,2026-03-30,REMOVE,IDBI,yurukatsu_event,https://niftyindices.com/Press_Release/ind_prs22082025.pdf,press_release,closed by ind_prs23022026.pdf
Nifty Midcap 150,2026-03-30,REMOVE,IGL,yurukatsu_event,https://niftyindices.com/Press_Release/ind_prs24022022_1.pdf,press_release,closed by ind_prs23022026.pdf
Nifty Midcap 150,2026-03-30,REMOVE,IOB,yurukatsu_event,https://niftyindices.com/Press_Release/ind_prs22082025.pdf,press_release,closed by ind_prs23022026.pdf
Nifty Midcap 150,2026-03-30,REMOVE,IRB,yurukatsu_event,https://niftyindices.com/Press_Release/ind_prs23082024.pdf,press_release,closed by ind_prs23022026.pdf
Nifty Midcap 150,2026-03-30,REMOVE,MUTHOOTFIN,yurukatsu_event,https://niftyindices.com/Press_Release/ind_prs28022024.pdf,press_release,closed by ind_prs23022026.pdf
Nifty Midcap 150,2026-03-30,REMOVE,PGHH,yurukatsu_event,https://niftyindices.com/Press_Release/ind_prs22082025.pdf,press_release,closed by ind_prs23022026.pdf
Nifty Midcap 150,2026-03-30,REMOVE,SONACOMS,yurukatsu_event,https://niftyindices.com/Press_Release/ind_prs22102021.pdf,press_release,closed by ind_prs23022026.pdf
Nifty Midcap 150,2026-03-30,REMOVE,SYNGENE,seed_closure_official,https://www.niftyindices.com/Press_Release/ind_prs23022026.pdf,snapshot_floor,closed by ind_prs23022026.pdf
Nifty Midcap 150,2026-03-30,REMOVE,TATATECH,yurukatsu_event,https://niftyindices.com/Press_Release/ind_prs28022024.pdf,press_release,closed by ind_prs23022026.pdf
Nifty Midcap 150,2026-03-30,REMOVE,UCOBANK,yurukatsu_event,https://niftyindices.com/Press_Release/ind_prs22082025.pdf,press_release,closed by ind_prs23022026.pdf
Nifty Midcap 150,2026-03-30,REMOVE,UNIONBANK,yurukatsu_event,https://niftyindices.com/Press_Release/ind_prs21022025.pdf,press_release,closed by ind_prs23022026.pdf
Nifty Midcap 150,2026-03-31,ADD,IDEA,yurukatsu_event,,snapshot,"inferred-include: in NSE current snapshot, no PR found (opened at most-recent semi-annual review)"
Nifty Midcap 150,2026-09-30,ADD,ASTERDM,official_primary,https://www.niftyindices.com/Press_Release/ind_prs10082026.pdf,press_release,Official Sep-30-2026 reconstitution reconciled to Oct-02 anchor.
Nifty Midcap 150,2026-09-30,ADD,EMBASSY,official_primary,https://www.niftyindices.com/Press_Release/ind_prs10082026.pdf,press_release,Official Sep-30-2026 reconstitution reconciled to Oct-02 anchor.
Nifty Midcap 150,2026-09-30,ADD,FACT,official_primary,https://www.niftyindices.com/Press_Release/ind_prs10082026.pdf,press_release,Official Sep-30-2026 reconstitution reconciled to Oct-02 anchor.
Nifty Midcap 150,2026-09-30,ADD,HINDCOPPER,official_primary,https://www.niftyindices.com/Press_Release/ind_prs10082026.pdf,press_release,Official Sep-30-2026 reconstitution reconciled to Oct-02 anchor.
Nifty Midcap 150,2026-09-30,ADD,INDHOTEL,official_primary,https://www.niftyindices.com/Press_Release/ind_prs10082026.pdf,press_release,Official Sep-30-2026 reconstitution reconciled to Oct-02 anchor.
Nifty Midcap 150,2026-09-30,ADD,IOB,official_primary,https://www.niftyindices.com/Press_Release/ind_prs10082026.pdf,press_release,Official Sep-30-2026 reconstitution reconciled to Oct-02 anchor.
Nifty Midcap 150,2026-09-30,ADD,LODHA,official_primary,https://www.niftyindices.com/Press_Release/ind_prs10082026.pdf,press_release,Official Sep-30-2026 reconstitution reconciled to Oct-02 anchor.
Nifty Midcap 150,2026-09-30,ADD,MEESHO,official_primary,https://www.niftyindices.com/Press_Release/ind_prs10082026.pdf,press_release,Official Sep-30-2026 reconstitution reconciled to Oct-02 anchor.
Nifty Midcap 150,2026-09-30,ADD,NH,official_primary,https://www.niftyindices.com/Press_Release/ind_prs10082026.pdf,press_release,Official Sep-30-2026 reconstitution reconciled to Oct-02 anchor.
Nifty Midcap 150,2026-09-30,ADD,PIRAMALFIN,official_primary,https://www.niftyindices.com/Press_Release/ind_prs10082026.pdf,press_release,Official Sep-30-2026 reconstitution reconciled to Oct-02 anchor.
Nifty Midcap 150,2026-09-30,ADD,RECLTD,official_primary,https://www.niftyindices.com/Press_Release/ind_prs10082026.pdf,press_release,Official Sep-30-2026 reconstitution reconciled to Oct-02 anchor.
Nifty Midcap 150,2026-09-30,ADD,SHREECEM,official_primary,https://www.niftyindices.com/Press_Release/ind_prs10082026.pdf,press_release,Official Sep-30-2026 reconstitution reconciled to Oct-02 anchor.
Nifty Midcap 150,2026-09-30,ADD,UNITDSPR,official_primary,https://www.niftyindices.com/Press_Release/ind_prs10082026.pdf,press_release,Official Sep-30-2026 reconstitution reconciled to Oct-02 anchor.
Nifty Midcap 150,2026-09-30,REMOVE,3MINDIA,official_primary,https://www.niftyindices.com/Press_Release/ind_prs10082026.pdf,press_release,Official Sep-30-2026 reconstitution reconciled to Oct-02 anchor.
Nifty Midcap 150,2026-09-30,REMOVE,ACC,official_primary,https://www.niftyindices.com/Press_Release/ind_prs10082026.pdf,press_release,Official Sep-30-2026 reconstitution reconciled to Oct-02 anchor.
Nifty Midcap 150,2026-09-30,REMOVE,APOLLOTYRE,official_primary,https://www.niftyindices.com/Press_Release/ind_prs10082026.pdf,press_release,Official Sep-30-2026 reconstitution reconciled to Oct-02 anchor.
Nifty Midcap 150,2026-09-30,REMOVE,AWL,official_primary,https://www.niftyindices.com/Press_Release/ind_prs10082026.pdf,press_release,Official Sep-30-2026 reconstitution reconciled to Oct-02 anchor.
Nifty Midcap 150,2026-09-30,REMOVE,BSE,official_primary,https://www.niftyindices.com/Press_Release/ind_prs10082026.pdf,press_release,Official Sep-30-2026 reconstitution reconciled to Oct-02 anchor.
Nifty Midcap 150,2026-09-30,REMOVE,HONAUT,official_primary,https://www.niftyindices.com/Press_Release/ind_prs10082026.pdf,press_release,Official Sep-30-2026 reconstitution reconciled to Oct-02 anchor.
Nifty Midcap 150,2026-09-30,REMOVE,IDEA,official_primary,https://www.niftyindices.com/Press_Release/ind_prs10082026.pdf,press_release,Official Sep-30-2026 reconstitution reconciled to Oct-02 anchor.
Nifty Midcap 150,2026-09-30,REMOVE,KPITTECH,official_primary,https://www.niftyindices.com/Press_Release/ind_prs10082026.pdf,press_release,Official Sep-30-2026 reconstitution reconciled to Oct-02 anchor.
Nifty Midcap 150,2026-09-30,REMOVE,NIACL,official_primary,https://www.niftyindices.com/Press_Release/ind_prs10082026.pdf,press_release,Official Sep-30-2026 reconstitution reconciled to Oct-02 anchor.
Nifty Midcap 150,2026-09-30,REMOVE,POLYCAB,official_primary,https://www.niftyindices.com/Press_Release/ind_prs10082026.pdf,press_release,Official Sep-30-2026 reconstitution reconciled to Oct-02 anchor.
Nifty Midcap 150,2026-09-30,REMOVE,POWERINDIA,official_primary,https://www.niftyindices.com/Press_Release/ind_prs10082026.pdf,press_release,Official Sep-30-2026 reconstitution reconciled to Oct-02 anchor.
Nifty Midcap 150,2026-09-30,REMOVE,SJVN,official_primary,https://www.niftyindices.com/Press_Release/ind_prs10082026.pdf,press_release,Official Sep-30-2026 reconstitution reconciled to Oct-02 anchor.
Nifty Midcap 150,2026-09-30,REMOVE,TATAELXSI,official_primary,https://www.niftyindices.com/Press_Release/ind_prs10082026.pdf,press_release,Official Sep-30-2026 reconstitution reconciled to Oct-02 anchor.
Nifty Next 50,2024-03-28,ADD,ADANIPOWER,yurukatsu_event,https://niftyindices.com/Press_Release/ind_prs28022024.pdf,press_release,
Nifty Next 50,2024-03-28,ADD,IRFC,yurukatsu_event,https://niftyindices.com/Press_Release/ind_prs28022024.pdf,press_release,
Nifty Next 50,2024-03-28,ADD,JIOFIN,yurukatsu_event,https://niftyindices.com/Press_Release/ind_prs28022024.pdf,press_release,closed by ind_prs21022025.pdf
Nifty Next 50,2024-03-28,ADD,PFC,yurukatsu_event,https://niftyindices.com/Press_Release/ind_prs28022024.pdf,press_release,
Nifty Next 50,2024-03-28,ADD,RECLTD,yurukatsu_event,https://niftyindices.com/Press_Release/ind_prs28022024.pdf,press_release,
Nifty Next 50,2024-03-28,REMOVE,AWL,yurukatsu_event,https://niftyindices.com/Press_Release/ind_prs17022023_1.pdf,press_release,closed by ind_prs28022024.pdf
Nifty Next 50,2024-03-28,REMOVE,MUTHOOTFIN,yurukatsu_event,https://niftyindices.com/Press_Release/ind_prs10062020.pdf,press_release,closed by ind_prs28022024.pdf
Nifty Next 50,2024-03-28,REMOVE,PGHH,seed_closure_official,https://www.niftyindices.com/Press_Release/ind_prs28022024.pdf,snapshot_floor,closed by ind_prs28022024.pdf
Nifty Next 50,2024-03-28,REMOVE,PIIND,seed_closure_official,https://www.niftyindices.com/Press_Release/ind_prs28022024.pdf,snapshot_floor,closed by ind_prs28022024.pdf
Nifty Next 50,2024-03-28,REMOVE,SHRIRAMFIN,yurukatsu_event,https://niftyindices.com/Press_Release/ind_prs17082023.pdf,press_release,closed by ind_prs28022024.pdf
Nifty Next 50,2024-09-30,ADD,BHEL,yurukatsu_event,https://niftyindices.com/Press_Release/ind_prs23082024.pdf,press_release,closed by ind_prs21022025.pdf
Nifty Next 50,2024-09-30,ADD,DIVISLAB,yurukatsu_event,https://niftyindices.com/Press_Release/ind_prs23082024.pdf,press_release,
Nifty Next 50,2024-09-30,ADD,JSWENERGY,yurukatsu_event,https://niftyindices.com/Press_Release/ind_prs23082024.pdf,press_release,closed by ind_prs23022026.pdf
Nifty Next 50,2024-09-30,ADD,LODHA,yurukatsu_event,https://niftyindices.com/Press_Release/ind_prs23082024.pdf,press_release,
Nifty Next 50,2024-09-30,ADD,LTM,yurukatsu_event,https://niftyindices.com/Press_Release/ind_prs23082024.pdf,press_release,
Nifty Next 50,2024-09-30,ADD,NHPC,yurukatsu_event,https://niftyindices.com/Press_Release/ind_prs23082024.pdf,press_release,"inferred-exclude: not in NSE current snapshot, no PR found (closed at next semi-annual review)"
Nifty Next 50,2024-09-30,ADD,UNIONBANK,yurukatsu_event,https://niftyindices.com/Press_Release/ind_prs23082024.pdf,press_release,closed by ind_prs21022025.pdf
Nifty Next 50,2024-09-30,REMOVE,BEL,yurukatsu_event,https://niftyindices.com/Press_Release/ind_prs01092022.pdf,press_release,closed by ind_prs23082024.pdf
Nifty Next 50,2024-09-30,REMOVE,BERGEPAINT,yurukatsu_event,https://niftyindices.com/Press_Release/ind_prs28082019.pdf,press_release,closed by ind_prs23082024.pdf
Nifty Next 50,2024-09-30,REMOVE,COLPAL,seed_closure_official,https://www.niftyindices.com/Press_Release/ind_prs23082024.pdf,snapshot_floor,closed by ind_prs23082024.pdf
Nifty Next 50,2024-09-30,REMOVE,MARICO,yurukatsu_event,https://niftyindices.com/Press_Release/ind_prs12082015.pdf,press_release,closed by ind_prs23082024.pdf
Nifty Next 50,2024-09-30,REMOVE,SBICARD,yurukatsu_event,https://niftyindices.com/Press_Release/ind_prs02072020_1.pdf,press_release,closed by ind_prs23082024.pdf
Nifty Next 50,2024-09-30,REMOVE,SRF,yurukatsu_event,https://niftyindices.com/Press_Release/ind_prs24022022_1.pdf,press_release,closed by ind_prs23082024.pdf
Nifty Next 50,2024-09-30,REMOVE,TRENT,yurukatsu_event,https://niftyindices.com/Press_Release/ind_prs17082023.pdf,press_release,closed by ind_prs23082024.pdf
Nifty Next 50,2025-03-28,ADD,BAJAJHFL,yurukatsu_event,https://niftyindices.com/Press_Release/ind_prs21022025.pdf,press_release,closed by ind_prs23022026.pdf
Nifty Next 50,2025-03-28,ADD,BPCL,yurukatsu_event,https://niftyindices.com/Press_Release/ind_prs21022025.pdf,press_release,
Nifty Next 50,2025-03-28,ADD,BRITANNIA,yurukatsu_event,https://niftyindices.com/Press_Release/ind_prs21022025.pdf,press_release,
Nifty Next 50,2025-03-28,ADD,CGPOWER,yurukatsu_event,https://niftyindices.com/Press_Release/ind_prs21022025.pdf,press_release,
Nifty Next 50,2025-03-28,ADD,HYUNDAI,yurukatsu_event,https://niftyindices.com/Press_Release/ind_prs21022025.pdf,press_release,
Nifty Next 50,2025-03-28,ADD,INDHOTEL,yurukatsu_event,https://niftyindices.com/Press_Release/ind_prs21022025.pdf,press_release,
Nifty Next 50,2025-03-28,ADD,SWIGGY,yurukatsu_event,https://niftyindices.com/Press_Release/ind_prs21022025.pdf,press_release,closed by ind_prs22082025.pdf
Nifty Next 50,2025-03-28,REMOVE,ATGL,yurukatsu_event,https://niftyindices.com/Press_Release/ind_prs01092022.pdf,press_release,closed by ind_prs21022025.pdf
Nifty Next 50,2025-03-28,REMOVE,BHEL,yurukatsu_event,https://niftyindices.com/Press_Release/ind_prs23082024.pdf,press_release,closed by ind_prs21022025.pdf
Nifty Next 50,2025-03-28,REMOVE,ETERNAL,yurukatsu_event,https://niftyindices.com/Press_Release/ind_prs24022022_1.pdf,press_release,closed by ind_prs21022025.pdf
Nifty Next 50,2025-03-28,REMOVE,IRCTC,yurukatsu_event,https://niftyindices.com/Press_Release/ind_prs01092022.pdf,press_release,closed by ind_prs21022025.pdf
Nifty Next 50,2025-03-28,REMOVE,JIOFIN,yurukatsu_event,https://niftyindices.com/Press_Release/ind_prs28022024.pdf,press_release,closed by ind_prs21022025.pdf
Nifty Next 50,2025-03-28,REMOVE,UNIONBANK,yurukatsu_event,https://niftyindices.com/Press_Release/ind_prs23082024.pdf,press_release,closed by ind_prs21022025.pdf
Nifty Next 50,2025-03-31,REMOVE,NHPC,yurukatsu_event,https://niftyindices.com/Press_Release/ind_prs23082024.pdf,press_release,"inferred-exclude: not in NSE current snapshot, no PR found (closed at next semi-annual review)"
Nifty Next 50,2025-09-30,ADD,ENRIN,yurukatsu_event,https://niftyindices.com/Press_Release/ind_prs22082025.pdf,press_release,
Nifty Next 50,2025-09-30,ADD,HINDZINC,yurukatsu_event,https://niftyindices.com/Press_Release/ind_prs22082025.pdf,press_release,
Nifty Next 50,2025-09-30,ADD,MAZDOCK,yurukatsu_event,https://niftyindices.com/Press_Release/ind_prs22082025.pdf,press_release,
Nifty Next 50,2025-09-30,ADD,SOLARINDS,yurukatsu_event,https://niftyindices.com/Press_Release/ind_prs22082025.pdf,press_release,
Nifty Next 50,2025-09-30,REMOVE,DABUR,seed_closure_official,https://www.niftyindices.com/Press_Release/ind_prs22082025.pdf,snapshot_floor,closed by ind_prs22082025.pdf
Nifty Next 50,2025-09-30,REMOVE,ICICIPRULI,yurukatsu_event,https://niftyindices.com/Press_Release/ind_prs16022017.pdf,press_release,closed by ind_prs22082025.pdf
Nifty Next 50,2025-09-30,REMOVE,INDIGO,seed_closure_official,https://www.niftyindices.com/Press_Release/ind_prs22082025.pdf,snapshot_floor,closed by ind_prs22082025.pdf
Nifty Next 50,2025-09-30,REMOVE,SWIGGY,yurukatsu_event,https://niftyindices.com/Press_Release/ind_prs21022025.pdf,press_release,closed by ind_prs22082025.pdf
Nifty Next 50,2026-03-30,ADD,CUMMINSIND,yurukatsu_event,https://niftyindices.com/Press_Release/ind_prs23022026.pdf,press_release,
Nifty Next 50,2026-03-30,ADD,HDFCAMC,yurukatsu_event,https://niftyindices.com/Press_Release/ind_prs23022026.pdf,press_release,
Nifty Next 50,2026-03-30,ADD,MUTHOOTFIN,yurukatsu_event,https://niftyindices.com/Press_Release/ind_prs23022026.pdf,press_release,
Nifty Next 50,2026-03-30,ADD,TATACAP,yurukatsu_event,https://niftyindices.com/Press_Release/ind_prs23022026.pdf,press_release,
Nifty Next 50,2026-03-30,ADD,TMCV,yurukatsu_event,https://niftyindices.com/Press_Release/ind_prs23022026.pdf,press_release,
Nifty Next 50,2026-03-30,ADD,UNIONBANK,yurukatsu_event,https://niftyindices.com/Press_Release/ind_prs23022026.pdf,press_release,
Nifty Next 50,2026-03-30,REMOVE,BAJAJHFL,yurukatsu_event,https://niftyindices.com/Press_Release/ind_prs21022025.pdf,press_release,closed by ind_prs23022026.pdf
Nifty Next 50,2026-03-30,REMOVE,HAVELLS,seed_closure_official,https://www.niftyindices.com/Press_Release/ind_prs23022026.pdf,snapshot_floor,closed by ind_prs23022026.pdf
Nifty Next 50,2026-03-30,REMOVE,ICICIGI,yurukatsu_event,https://niftyindices.com/Press_Release/ind_prs28082018.pdf,press_release,closed by ind_prs23022026.pdf
Nifty Next 50,2026-03-30,REMOVE,JSWENERGY,yurukatsu_event,https://niftyindices.com/Press_Release/ind_prs23082024.pdf,press_release,closed by ind_prs23022026.pdf
Nifty Next 50,2026-03-30,REMOVE,LICI,yurukatsu_event,https://niftyindices.com/Press_Release/ind_prs11072022.pdf,press_release,closed by ind_prs23022026.pdf
Nifty Next 50,2026-03-30,REMOVE,NAUKRI,yurukatsu_event,https://niftyindices.com/Press_Release/ind_prs10062020.pdf,press_release,closed by ind_prs23022026.pdf
Nifty Next 50,2026-03-31,ADD,BANKBARODA,yurukatsu_event,,snapshot,"inferred-include: in NSE current snapshot, no PR found (opened at most-recent semi-annual review)"
Nifty Next 50,2026-06-15,ADD,VAML,official_corporate_action_conversion,https://www.niftyindices.com/Press_Release/ind_prs23042026.pdf,press_release,Canonical conversion from DUMMYVEDL1 after listing.
Nifty Next 50,2026-06-15,ADD,VEDPOWER,official_corporate_action_conversion,https://www.niftyindices.com/Press_Release/ind_prs23042026.pdf,press_release,Canonical conversion from DUMMYVEDL2 after listing.
Nifty Next 50,2026-06-15,ADD,VISL,official_corporate_action_conversion,https://www.niftyindices.com/Press_Release/ind_prs23042026.pdf,press_release,Canonical conversion from DUMMYVEDL4 after listing.
Nifty Next 50,2026-06-15,ADD,VOGL,official_corporate_action_conversion,https://www.niftyindices.com/Press_Release/ind_prs23042026.pdf,press_release,Canonical conversion from DUMMYVEDL3 after listing.
Nifty Next 50,2026-06-19,REMOVE,VEDPOWER,official_interim,https://www.niftyindices.com/Press_Release/ind_prs17062026.pdf,press_release,Official exclusion.
Nifty Next 50,2026-06-19,REMOVE,VISL,official_interim,https://www.niftyindices.com/Press_Release/ind_prs17062026.pdf,press_release,Official exclusion.
Nifty Next 50,2026-06-23,REMOVE,VAML,official_interim,https://www.niftyindices.com/Press_Release/ind_prs19062026.pdf,press_release,Official exclusion.
Nifty Next 50,2026-06-24,REMOVE,VOGL,official_interim,https://www.niftyindices.com/Press_Release/ind_prs22062026.pdf,press_release,Official exclusion.
Nifty Next 50,2026-09-30,ADD,IDEA,official_primary,https://www.niftyindices.com/Press_Release/ind_prs10082026.pdf,press_release,Official Sep-30-2026 reconstitution reconciled to Oct-02 anchor.
Nifty Next 50,2026-09-30,ADD,POLYCAB,official_primary,https://www.niftyindices.com/Press_Release/ind_prs10082026.pdf,press_release,Official Sep-30-2026 reconstitution reconciled to Oct-02 anchor.
Nifty Next 50,2026-09-30,ADD,POWERINDIA,official_primary,https://www.niftyindices.com/Press_Release/ind_prs10082026.pdf,press_release,Official Sep-30-2026 reconstitution reconciled to Oct-02 anchor.
Nifty Next 50,2026-09-30,ADD,VAML,official_primary,https://www.niftyindices.com/Press_Release/ind_prs10082026.pdf,press_release,Official Sep-30-2026 reconstitution reconciled to Oct-02 anchor.
Nifty Next 50,2026-09-30,ADD,WIPRO,official_primary,https://www.niftyindices.com/Press_Release/ind_prs10082026.pdf,press_release,Official Sep-30-2026 reconstitution reconciled to Oct-02 anchor.
Nifty Next 50,2026-09-30,REMOVE,INDHOTEL,official_primary,https://www.niftyindices.com/Press_Release/ind_prs10082026.pdf,press_release,Official Sep-30-2026 reconstitution reconciled to Oct-02 anchor.
Nifty Next 50,2026-09-30,REMOVE,LODHA,official_primary,https://www.niftyindices.com/Press_Release/ind_prs10082026.pdf,press_release,Official Sep-30-2026 reconstitution reconciled to Oct-02 anchor.
Nifty Next 50,2026-09-30,REMOVE,RECLTD,official_primary,https://www.niftyindices.com/Press_Release/ind_prs10082026.pdf,press_release,Official Sep-30-2026 reconstitution reconciled to Oct-02 anchor.
Nifty Next 50,2026-09-30,REMOVE,SHREECEM,official_primary,https://www.niftyindices.com/Press_Release/ind_prs10082026.pdf,press_release,Official Sep-30-2026 reconstitution reconciled to Oct-02 anchor.
Nifty Next 50,2026-09-30,REMOVE,UNITDSPR,official_primary,https://www.niftyindices.com/Press_Release/ind_prs10082026.pdf,press_release,Official Sep-30-2026 reconstitution reconciled to Oct-02 anchor.
Nifty Smallcap 250,2024-03-28,ADD,AARTIIND,yurukatsu_event,https://niftyindices.com/Press_Release/ind_prs28022024.pdf,press_release,
Nifty Smallcap 250,2024-03-28,ADD,ACE,yurukatsu_event,https://niftyindices.com/Press_Release/ind_prs28022024.pdf,press_release,
Nifty Smallcap 250,2024-03-28,ADD,ANANDRATHI,yurukatsu_event,https://niftyindices.com/Press_Release/ind_prs28022024.pdf,press_release,
Nifty Smallcap 250,2024-03-28,ADD,ASTRAZEN,yurukatsu_event,https://niftyindices.com/Press_Release/ind_prs28022024.pdf,press_release,closed by ind_prs23022026.pdf
Nifty Smallcap 250,2024-03-28,ADD,BLUEDART,yurukatsu_event,https://niftyindices.com/Press_Release/ind_prs28022024.pdf,press_release,
Nifty Smallcap 250,2024-03-28,ADD,CAPLIPOINT,yurukatsu_event,https://niftyindices.com/Press_Release/ind_prs28022024.pdf,press_release,
Nifty Smallcap 250,2024-03-28,ADD,CELLO,yurukatsu_event,https://niftyindices.com/Press_Release/ind_prs28022024.pdf,press_release,closed by ind_prs21022025.pdf
Nifty Smallcap 250,2024-03-28,ADD,CHENNPETRO,yurukatsu_event,https://niftyindices.com/Press_Release/ind_prs28022024.pdf,press_release,
Nifty Smallcap 250,2024-03-28,ADD,CROMPTON,yurukatsu_event,https://niftyindices.com/Press_Release/ind_prs28022024.pdf,press_release,
Nifty Smallcap 250,2024-03-28,ADD,DOMS,yurukatsu_event,https://niftyindices.com/Press_Release/ind_prs28022024.pdf,press_release,
Nifty Smallcap 250,2024-03-28,ADD,ELECON,yurukatsu_event,https://niftyindices.com/Press_Release/ind_prs28022024.pdf,press_release,
Nifty Smallcap 250,2024-03-28,ADD,GMDCLTD,yurukatsu_event,https://niftyindices.com/Press_Release/ind_prs28022024.pdf,press_release,
Nifty Smallcap 250,2024-03-28,ADD,GRSE,yurukatsu_event,https://niftyindices.com/Press_Release/ind_prs28022024.pdf,press_release,
Nifty Smallcap 250,2024-03-28,ADD,HAPPYFORGE,yurukatsu_event,https://niftyindices.com/Press_Release/ind_prs28022024.pdf,press_release,closed by ind_prs23082024.pdf
Nifty Smallcap 250,2024-03-28,ADD,HBLPOWER,yurukatsu_event,https://niftyindices.com/Press_Release/ind_prs28022024.pdf,press_release,"inferred-exclude: not in NSE current snapshot, no PR found (closed at next semi-annual review)"
Nifty Smallcap 250,2024-03-28,ADD,HONASA,yurukatsu_event,https://niftyindices.com/Press_Release/ind_prs28022024.pdf,press_release,
Nifty Smallcap 250,2024-03-28,ADD,HSCL,yurukatsu_event,https://niftyindices.com/Press_Release/ind_prs28022024.pdf,press_release,
Nifty Smallcap 250,2024-03-28,ADD,INOXWIND,yurukatsu_event,https://niftyindices.com/Press_Release/ind_prs28022024.pdf,press_release,
Nifty Smallcap 250,2024-03-28,ADD,J&KBANK,yurukatsu_event,https://niftyindices.com/Press_Release/ind_prs28022024.pdf,press_release,
Nifty Smallcap 250,2024-03-28,ADD,JAIBALAJI,yurukatsu_event,https://niftyindices.com/Press_Release/ind_prs28022024.pdf,press_release,closed by ind_prs23082024.pdf
Nifty Smallcap 250,2024-03-28,ADD,JWL,yurukatsu_event,https://niftyindices.com/Press_Release/ind_prs28022024.pdf,press_release,
Nifty Smallcap 250,2024-03-28,ADD,MAHSEAMLES,yurukatsu_event,https://niftyindices.com/Press_Release/ind_prs28022024.pdf,press_release,closed by ind_prs23022026.pdf
Nifty Smallcap 250,2024-03-28,ADD,NAVINFLUOR,yurukatsu_event,https://niftyindices.com/Press_Release/ind_prs28022024.pdf,press_release,
Nifty Smallcap 250,2024-03-28,ADD,NUVAMA,yurukatsu_event,https://niftyindices.com/Press_Release/ind_prs28022024.pdf,press_release,
Nifty Smallcap 250,2024-03-28,ADD,RAILTEL,yurukatsu_event,https://niftyindices.com/Press_Release/ind_prs28022024.pdf,press_release,
Nifty Smallcap 250,2024-03-28,ADD,RAJESHEXPO,yurukatsu_event,https://niftyindices.com/Press_Release/ind_prs28022024.pdf,press_release,closed by ind_prs21022025.pdf
Nifty Smallcap 250,2024-03-28,ADD,RKFORGE,yurukatsu_event,https://niftyindices.com/Press_Release/ind_prs28022024.pdf,press_release,
Nifty Smallcap 250,2024-03-28,ADD,RRKABEL,yurukatsu_event,https://niftyindices.com/Press_Release/ind_prs28022024.pdf,press_release,
Nifty Smallcap 250,2024-03-28,ADD,SBFC,yurukatsu_event,https://niftyindices.com/Press_Release/ind_prs28022024.pdf,press_release,
Nifty Smallcap 250,2024-03-28,ADD,SCHNEIDER,yurukatsu_event,https://niftyindices.com/Press_Release/ind_prs28022024.pdf,press_release,
Nifty Smallcap 250,2024-03-28,ADD,SIGNATURE,yurukatsu_event,https://niftyindices.com/Press_Release/ind_prs28022024.pdf,press_release,
Nifty Smallcap 250,2024-03-28,ADD,TITAGARH,yurukatsu_event,https://niftyindices.com/Press_Release/ind_prs28022024.pdf,press_release,
Nifty Smallcap 250,2024-03-28,ADD,TMB,yurukatsu_event,https://niftyindices.com/Press_Release/ind_prs28022024.pdf,press_release,closed by ind_prs23082024.pdf
Nifty Smallcap 250,2024-03-28,ADD,TRIDENT,yurukatsu_event,https://niftyindices.com/Press_Release/ind_prs28022024.pdf,press_release,
Nifty Smallcap 250,2024-03-28,ADD,TVSSCS,yurukatsu_event,https://niftyindices.com/Press_Release/ind_prs28022024.pdf,press_release,closed by ind_prs21022025.pdf
Nifty Smallcap 250,2024-03-28,ADD,WHIRLPOOL,yurukatsu_event,https://niftyindices.com/Press_Release/ind_prs28022024.pdf,press_release,
Nifty Smallcap 250,2024-03-28,REMOVE,AARTIDRUGS,yurukatsu_event,https://niftyindices.com/Press_Release/ind_prs20082020.pdf,press_release,closed by ind_prs28022024.pdf
Nifty Smallcap 250,2024-03-28,REMOVE,BCG,yurukatsu_event,https://niftyindices.com/Press_Release/ind_prs24022022_1.pdf,press_release,closed by ind_prs28022024.pdf
Nifty Smallcap 250,2024-03-28,REMOVE,BSE,yurukatsu_event,https://niftyindices.com/Press_Release/ind_prs28082017.pdf,press_release,closed by ind_prs19032024.pdf
Nifty Smallcap 250,2024-03-28,REMOVE,DELTACORP,seed_closure_official,https://www.niftyindices.com/Press_Release/ind_prs28022024.pdf,snapshot_floor,closed by ind_prs28022024.pdf
Nifty Smallcap 250,2024-03-28,REMOVE,EPIGRAL,seed_closure_official,https://www.niftyindices.com/Press_Release/ind_prs28022024.pdf,snapshot_floor,closed by ind_prs28022024.pdf
Nifty Smallcap 250,2024-03-28,REMOVE,GALAXYSURF,yurukatsu_event,https://niftyindices.com/Press_Release/ind_prs28082018.pdf,press_release,closed by ind_prs28022024.pdf
Nifty Smallcap 250,2024-03-28,REMOVE,GOCOLORS,yurukatsu_event,https://niftyindices.com/Press_Release/ind_prs24022022_1.pdf,press_release,closed by ind_prs28022024.pdf
Nifty Smallcap 250,2024-03-28,REMOVE,GRINFRA,yurukatsu_event,https://niftyindices.com/Press_Release/ind_prs24022022_1.pdf,press_release,closed by ind_prs28022024.pdf
Nifty Smallcap 250,2024-03-28,REMOVE,GUJALKALI,yurukatsu_event,https://niftyindices.com/Press_Release/ind_prs16022017.pdf,press_release,closed by ind_prs28022024.pdf
Nifty Smallcap 250,2024-03-28,REMOVE,HLEGLAS,yurukatsu_event,https://niftyindices.com/Press_Release/ind_prs24022022_1.pdf,press_release,closed by ind_prs28022024.pdf
Nifty Smallcap 250,2024-03-28,REMOVE,IDBI,yurukatsu_event,https://niftyindices.com/Press_Release/ind_prs01092022.pdf,press_release,closed by ind_prs28022024.pdf
Nifty Smallcap 250,2024-03-28,REMOVE,INFIBEAM,yurukatsu_event,https://niftyindices.com/Press_Release/ind_prs22042021.pdf,press_release,closed by ind_prs28022024.pdf
Nifty Smallcap 250,2024-03-28,REMOVE,INGERRAND,yurukatsu_event,https://niftyindices.com/Press_Release/ind_prs17022023_1.pdf,press_release,closed by ind_prs28022024.pdf
Nifty Smallcap 250,2024-03-28,REMOVE,JAMNAAUTO,yurukatsu_event,https://niftyindices.com/Press_Release/ind_prs25022019.pdf,press_release,closed by ind_prs28022024.pdf
Nifty Smallcap 250,2024-03-28,REMOVE,KALYANKJIL,yurukatsu_event,https://niftyindices.com/Press_Release/ind_prs15092021.pdf,press_release,closed by ind_prs28022024.pdf
Nifty Smallcap 250,2024-03-28,REMOVE,KEI,yurukatsu_event,https://niftyindices.com/Press_Release/ind_prs25022019.pdf,press_release,closed by ind_prs28022024.pdf
Nifty Smallcap 250,2024-03-28,REMOVE,LAXMIMACH,seed_closure_official,https://www.niftyindices.com/Press_Release/ind_prs28022024.pdf,snapshot_floor,closed by ind_prs28022024.pdf
Nifty Smallcap 250,2024-03-28,REMOVE,LUXIND,yurukatsu_event,https://niftyindices.com/Press_Release/ind_prs28082018.pdf,press_release,closed by ind_prs28022024.pdf
Nifty Smallcap 250,2024-03-28,REMOVE,NAZARA,yurukatsu_event,https://niftyindices.com/Press_Release/ind_prs15092021.pdf,press_release,closed by ind_prs28022024.pdf
Nifty Smallcap 250,2024-03-28,REMOVE,ORIENTELEC,yurukatsu_event,https://niftyindices.com/Press_Release/ind_prs25022019.pdf,press_release,closed by ind_prs28022024.pdf
Nifty Smallcap 250,2024-03-28,REMOVE,PGHL,yurukatsu_event,https://niftyindices.com/Press_Release/ind_prs17082023.pdf,press_release,closed by ind_prs28022024.pdf
Nifty Smallcap 250,2024-03-28,REMOVE,POLYPLEX,yurukatsu_event,https://niftyindices.com/Press_Release/ind_prs20082020.pdf,press_release,closed by ind_prs28022024.pdf
Nifty Smallcap 250,2024-03-28,REMOVE,RAIN,seed_closure_official,https://www.niftyindices.com/Press_Release/ind_prs28022024.pdf,snapshot_floor,closed by ind_prs28022024.pdf
Nifty Smallcap 250,2024-03-28,REMOVE,RALLIS,seed_closure_official,https://www.niftyindices.com/Press_Release/ind_prs28022024.pdf,snapshot_floor,closed by ind_prs28022024.pdf
Nifty Smallcap 250,2024-03-28,REMOVE,ROSSARI,yurukatsu_event,https://niftyindices.com/Press_Release/ind_prs23022021.pdf,press_release,closed by ind_prs28022024.pdf
Nifty Smallcap 250,2024-03-28,REMOVE,SFL,yurukatsu_event,https://niftyindices.com/Press_Release/ind_prs17082023.pdf,press_release,closed by ind_prs28022024.pdf
Nifty Smallcap 250,2024-03-28,REMOVE,SHARDACROP,yurukatsu_event,https://niftyindices.com/Press_Release/ind_prs01092022.pdf,press_release,closed by ind_prs28022024.pdf
Nifty Smallcap 250,2024-03-28,REMOVE,SHOPERSTOP,yurukatsu_event,https://niftyindices.com/Press_Release/ind_prs16092022.pdf,press_release,closed by ind_prs28022024.pdf
Nifty Smallcap 250,2024-03-28,REMOVE,SJVN,yurukatsu_event,https://niftyindices.com/Press_Release/ind_prs15092021.pdf,press_release,closed by ind_prs28022024.pdf
Nifty Smallcap 250,2024-03-28,REMOVE,SUPRAJIT,yurukatsu_event,https://niftyindices.com/Press_Release/ind_prs25022019.pdf,press_release,closed by ind_prs28022024.pdf
Nifty Smallcap 250,2024-03-28,REMOVE,SUZLON,yurukatsu_event,https://niftyindices.com/Press_Release/ind_prs28082018.pdf,press_release,closed by ind_prs28022024.pdf
Nifty Smallcap 250,2024-03-28,REMOVE,SYMPHONY,yurukatsu_event,https://niftyindices.com/Press_Release/ind_prs17082023.pdf,press_release,closed by ind_prs28022024.pdf
Nifty Smallcap 250,2024-03-28,REMOVE,TEAMLEASE,yurukatsu_event,https://niftyindices.com/Press_Release/ind_prs28082018.pdf,press_release,closed by ind_prs28022024.pdf
Nifty Smallcap 250,2024-03-28,REMOVE,TTKPRESTIG,yurukatsu_event,https://niftyindices.com/Press_Release/ind_prs24022022_1.pdf,press_release,closed by ind_prs28022024.pdf
Nifty Smallcap 250,2024-03-28,REMOVE,VMART,yurukatsu_event,https://niftyindices.com/Press_Release/ind_prs28082018.pdf,press_release,closed by ind_prs28022024.pdf
Nifty Smallcap 250,2024-03-28,REMOVE,ZYDUSWELL,yurukatsu_event,https://niftyindices.com/Press_Release/ind_prs24022022_1.pdf,press_release,closed by ind_prs28022024.pdf
Nifty Smallcap 250,2024-03-31,REMOVE,HBLPOWER,yurukatsu_event,https://niftyindices.com/Press_Release/ind_prs28022024.pdf,press_release,"inferred-exclude: not in NSE current snapshot, no PR found (closed at next semi-annual review)"
Nifty Smallcap 250,2024-09-30,ADD,AADHARHFC,yurukatsu_event,https://niftyindices.com/Press_Release/ind_prs23082024.pdf,press_release,
Nifty Smallcap 250,2024-09-30,ADD,ABSLAMC,yurukatsu_event,https://niftyindices.com/Press_Release/ind_prs23082024.pdf,press_release,
Nifty Smallcap 250,2024-09-30,ADD,ANANTRAJ,yurukatsu_event,https://niftyindices.com/Press_Release/ind_prs23082024.pdf,press_release,
Nifty Smallcap 250,2024-09-30,ADD,ATUL,yurukatsu_event,https://niftyindices.com/Press_Release/ind_prs23082024.pdf,press_release,
Nifty Smallcap 250,2024-09-30,ADD,BASF,yurukatsu_event,https://niftyindices.com/Press_Release/ind_prs23082024.pdf,press_release,closed by ind_prs23022026.pdf
Nifty Smallcap 250,2024-09-30,ADD,BATAINDIA,yurukatsu_event,https://niftyindices.com/Press_Release/ind_prs23082024.pdf,press_release,
Nifty Smallcap 250,2024-09-30,ADD,DBREALTY,yurukatsu_event,https://niftyindices.com/Press_Release/ind_prs23082024.pdf,press_release,closed by ind_prs23022026.pdf
Nifty Smallcap 250,2024-09-30,ADD,DEVYANI,yurukatsu_event,https://niftyindices.com/Press_Release/ind_prs23082024.pdf,press_release,
Nifty Smallcap 250,2024-09-30,ADD,GET&D,yurukatsu_event,https://niftyindices.com/Press_Release/ind_prs23082024.pdf,press_release,"inferred-exclude: not in NSE current snapshot, no PR found (closed at next semi-annual review)"
Nifty Smallcap 250,2024-09-30,ADD,GODIGIT,yurukatsu_event,https://niftyindices.com/Press_Release/ind_prs23082024.pdf,press_release,
Nifty Smallcap 250,2024-09-30,ADD,GODREJAGRO,yurukatsu_event,https://niftyindices.com/Press_Release/ind_prs23082024.pdf,press_release,closed by ind_prs23022026.pdf
Nifty Smallcap 250,2024-09-30,ADD,GRINFRA,yurukatsu_event,https://niftyindices.com/Press_Release/ind_prs23082024.pdf,press_release,closed by ind_prs21022025.pdf
Nifty Smallcap 250,2024-09-30,ADD,IFCI,yurukatsu_event,https://niftyindices.com/Press_Release/ind_prs23082024.pdf,press_release,
Nifty Smallcap 250,2024-09-30,ADD,INDGN,yurukatsu_event,https://niftyindices.com/Press_Release/ind_prs23082024.pdf,press_release,
Nifty Smallcap 250,2024-09-30,ADD,INOXINDIA,yurukatsu_event,https://niftyindices.com/Press_Release/ind_prs23082024.pdf,press_release,closed by ind_prs23022026.pdf
Nifty Smallcap 250,2024-09-30,ADD,ISEC,yurukatsu_event,https://niftyindices.com/Press_Release/ind_prs23082024.pdf,press_release,closed by ind_prs17032025.pdf
Nifty Smallcap 250,2024-09-30,ADD,JKTYRE,yurukatsu_event,https://niftyindices.com/Press_Release/ind_prs23082024.pdf,press_release,
Nifty Smallcap 250,2024-09-30,ADD,JPPOWER,yurukatsu_event,https://niftyindices.com/Press_Release/ind_prs23082024.pdf,press_release,
Nifty Smallcap 250,2024-09-30,ADD,JYOTICNC,yurukatsu_event,https://niftyindices.com/Press_Release/ind_prs23082024.pdf,press_release,
Nifty Smallcap 250,2024-09-30,ADD,KAJARIACER,yurukatsu_event,https://niftyindices.com/Press_Release/ind_prs23082024.pdf,press_release,
Nifty Smallcap 250,2024-09-30,ADD,KANSAINER,yurukatsu_event,https://niftyindices.com/Press_Release/ind_prs23082024.pdf,press_release,closed by ind_prs22082025.pdf
Nifty Smallcap 250,2024-09-30,ADD,KIRLOSBROS,yurukatsu_event,https://niftyindices.com/Press_Release/ind_prs23082024.pdf,press_release,closed by ind_prs23022026.pdf
Nifty Smallcap 250,2024-09-30,ADD,KIRLOSENG,yurukatsu_event,https://niftyindices.com/Press_Release/ind_prs23082024.pdf,press_release,
Nifty Smallcap 250,2024-09-30,ADD,LALPATHLAB,yurukatsu_event,https://niftyindices.com/Press_Release/ind_prs23082024.pdf,press_release,
Nifty Smallcap 250,2024-09-30,ADD,LAURUSLABS,yurukatsu_event,https://niftyindices.com/Press_Release/ind_prs23082024.pdf,press_release,closed by ind_prs23022026.pdf
Nifty Smallcap 250,2024-09-30,ADD,MANYAVAR,yurukatsu_event,https://niftyindices.com/Press_Release/ind_prs23082024.pdf,press_release,closed by ind_prs23022026.pdf
Nifty Smallcap 250,2024-09-30,ADD,NETWEB,yurukatsu_event,https://niftyindices.com/Press_Release/ind_prs23082024.pdf,press_release,
Nifty Smallcap 250,2024-09-30,ADD,NEWGEN,yurukatsu_event,https://niftyindices.com/Press_Release/ind_prs23082024.pdf,press_release,
Nifty Smallcap 250,2024-09-30,ADD,PEL,yurukatsu_event,https://niftyindices.com/Press_Release/ind_prs23082024.pdf,press_release,closed by ind_prs15092025_1.pdf
Nifty Smallcap 250,2024-09-30,ADD,PFIZER,yurukatsu_event,https://niftyindices.com/Press_Release/ind_prs23082024.pdf,press_release,
Nifty Smallcap 250,2024-09-30,ADD,PTCIL,yurukatsu_event,https://niftyindices.com/Press_Release/ind_prs23082024.pdf,press_release,
Nifty Smallcap 250,2024-09-30,ADD,RAMCOCEM,yurukatsu_event,https://niftyindices.com/Press_Release/ind_prs23082024.pdf,press_release,
Nifty Smallcap 250,2024-09-30,ADD,SCI,yurukatsu_event,https://niftyindices.com/Press_Release/ind_prs23082024.pdf,press_release,
Nifty Smallcap 250,2024-09-30,ADD,SUMICHEM,yurukatsu_event,https://niftyindices.com/Press_Release/ind_prs23082024.pdf,press_release,
Nifty Smallcap 250,2024-09-30,ADD,TBOTEK,yurukatsu_event,https://niftyindices.com/Press_Release/ind_prs23082024.pdf,press_release,
Nifty Smallcap 250,2024-09-30,ADD,TECHNOE,yurukatsu_event,https://niftyindices.com/Press_Release/ind_prs23082024.pdf,press_release,
Nifty Smallcap 250,2024-09-30,ADD,VINATIORGA,yurukatsu_event,https://niftyindices.com/Press_Release/ind_prs23082024.pdf,press_release,closed by ind_prs21022025.pdf
Nifty Smallcap 250,2024-09-30,ADD,ZEEL,yurukatsu_event,https://niftyindices.com/Press_Release/ind_prs23082024.pdf,press_release,
Nifty Smallcap 250,2024-09-30,REMOVE,AETHER,yurukatsu_event,https://niftyindices.com/Press_Release/ind_prs01092022.pdf,press_release,closed by ind_prs23082024.pdf
Nifty Smallcap 250,2024-09-30,REMOVE,ALLCARGO,yurukatsu_event,https://niftyindices.com/Press_Release/ind_prs17082023.pdf,press_release,closed by ind_prs23082024.pdf
Nifty Smallcap 250,2024-09-30,REMOVE,ANURAS,yurukatsu_event,https://niftyindices.com/Press_Release/ind_prs15092021.pdf,press_release,closed by ind_prs23082024.pdf
Nifty Smallcap 250,2024-09-30,REMOVE,BORORENEW,yurukatsu_event,https://niftyindices.com/Press_Release/ind_prs24022022_1.pdf,press_release,closed by ind_prs23082024.pdf
Nifty Smallcap 250,2024-09-30,REMOVE,CENTRALBK,yurukatsu_event,https://niftyindices.com/Press_Release/ind_prs20082020.pdf,press_release,closed by ind_prs23082024.pdf
Nifty Smallcap 250,2024-09-30,REMOVE,COCHINSHIP,yurukatsu_event,https://niftyindices.com/Press_Release/ind_prs08012018.pdf,press_release,closed by ind_prs23082024.pdf
Nifty Smallcap 250,2024-09-30,REMOVE,CSBBANK,yurukatsu_event,https://niftyindices.com/Press_Release/ind_prs10062020.pdf,press_release,closed by ind_prs23082024.pdf
Nifty Smallcap 250,2024-09-30,REMOVE,DCMSHRIRAM,seed_closure_official,https://www.niftyindices.com/Press_Release/ind_prs23082024.pdf,snapshot_floor,closed by ind_prs23082024.pdf
Nifty Smallcap 250,2024-09-30,REMOVE,EPL,yurukatsu_event,https://niftyindices.com/Press_Release/ind_prs25022019.pdf,press_release,closed by ind_prs23082024.pdf
Nifty Smallcap 250,2024-09-30,REMOVE,EXIDEIND,yurukatsu_event,https://niftyindices.com/Press_Release/ind_prs01092022.pdf,press_release,closed by ind_prs23082024.pdf
Nifty Smallcap 250,2024-09-30,REMOVE,FDC,yurukatsu_event,https://niftyindices.com/Press_Release/ind_prs28082018.pdf,press_release,closed by ind_prs23082024.pdf
Nifty Smallcap 250,2024-09-30,REMOVE,GLS,yurukatsu_event,https://niftyindices.com/Press_Release/ind_prs17082023.pdf,press_release,closed by ind_prs23082024.pdf
Nifty Smallcap 250,2024-09-30,REMOVE,GMMPFAUDLR,yurukatsu_event,https://niftyindices.com/Press_Release/ind_prs10062020.pdf,press_release,closed by ind_prs23082024.pdf
Nifty Smallcap 250,2024-09-30,REMOVE,HAPPYFORGE,yurukatsu_event,https://niftyindices.com/Press_Release/ind_prs28022024.pdf,press_release,closed by ind_prs23082024.pdf
Nifty Smallcap 250,2024-09-30,REMOVE,HUDCO,yurukatsu_event,https://niftyindices.com/Press_Release/ind_prs23022021.pdf,press_release,closed by ind_prs23082024.pdf
Nifty Smallcap 250,2024-09-30,REMOVE,INDIGOPNTS,yurukatsu_event,https://niftyindices.com/Press_Release/ind_prs15092021.pdf,press_release,closed by ind_prs23082024.pdf
Nifty Smallcap 250,2024-09-30,REMOVE,IOB,yurukatsu_event,https://niftyindices.com/Press_Release/ind_prs20082020.pdf,press_release,closed by ind_prs23082024.pdf
Nifty Smallcap 250,2024-09-30,REMOVE,IRB,yurukatsu_event,https://niftyindices.com/Press_Release/ind_prs28082018.pdf,press_release,closed by ind_prs23082024.pdf
Nifty Smallcap 250,2024-09-30,REMOVE,JAIBALAJI,yurukatsu_event,https://niftyindices.com/Press_Release/ind_prs28022024.pdf,press_release,closed by ind_prs23082024.pdf
Nifty Smallcap 250,2024-09-30,REMOVE,JKPAPER,yurukatsu_event,https://niftyindices.com/Press_Release/ind_prs25022019.pdf,press_release,closed by ind_prs23082024.pdf
Nifty Smallcap 250,2024-09-30,REMOVE,KRBL,yurukatsu_event,https://niftyindices.com/Press_Release/ind_prs10062020.pdf,press_release,closed by ind_prs23082024.pdf
Nifty Smallcap 250,2024-09-30,REMOVE,LXCHEM,yurukatsu_event,https://niftyindices.com/Press_Release/ind_prs15092021.pdf,press_release,closed by ind_prs23082024.pdf
Nifty Smallcap 250,2024-09-30,REMOVE,MEDANTA,yurukatsu_event,https://niftyindices.com/Press_Release/ind_prs17022023_1.pdf,press_release,closed by ind_prs23082024.pdf
Nifty Smallcap 250,2024-09-30,REMOVE,MEDPLUS,yurukatsu_event,https://niftyindices.com/Press_Release/ind_prs24022022_1.pdf,press_release,closed by ind_prs23082024.pdf
Nifty Smallcap 250,2024-09-30,REMOVE,MHRIL,seed_closure_official,https://www.niftyindices.com/Press_Release/ind_prs23082024.pdf,snapshot_floor,closed by ind_prs23082024.pdf
Nifty Smallcap 250,2024-09-30,REMOVE,MRPL,yurukatsu_event,https://niftyindices.com/Press_Release/ind_prs23022021.pdf,press_release,closed by ind_prs23082024.pdf
Nifty Smallcap 250,2024-09-30,REMOVE,MTARTECH,yurukatsu_event,https://niftyindices.com/Press_Release/ind_prs06042022.pdf,press_release,closed by ind_prs23082024.pdf
Nifty Smallcap 250,2024-09-30,REMOVE,NAM-INDIA,yurukatsu_event,https://niftyindices.com/Press_Release/ind_prs17082023.pdf,press_release,closed by ind_prs23082024.pdf
Nifty Smallcap 250,2024-09-30,REMOVE,NLCINDIA,yurukatsu_event,https://niftyindices.com/Press_Release/ind_prs23022021.pdf,press_release,closed by ind_prs23082024.pdf
Nifty Smallcap 250,2024-09-30,REMOVE,POWERINDIA,yurukatsu_event,https://niftyindices.com/Press_Release/ind_prs20082020.pdf,press_release,closed by ind_prs23082024.pdf
Nifty Smallcap 250,2024-09-30,REMOVE,PRINCEPIPE,yurukatsu_event,https://niftyindices.com/Press_Release/ind_prs23022021.pdf,press_release,closed by ind_prs23082024.pdf
Nifty Smallcap 250,2024-09-30,REMOVE,RBA,yurukatsu_event,https://niftyindices.com/Press_Release/ind_prs22042021.pdf,press_release,closed by ind_prs23082024.pdf
Nifty Smallcap 250,2024-09-30,REMOVE,SAFARI,yurukatsu_event,https://niftyindices.com/Press_Release/ind_prs17082023.pdf,press_release,closed by ind_prs23082024.pdf
Nifty Smallcap 250,2024-09-30,REMOVE,STLTECH,seed_closure_official,https://www.niftyindices.com/Press_Release/ind_prs23082024.pdf,snapshot_floor,closed by ind_prs23082024.pdf
Nifty Smallcap 250,2024-09-30,REMOVE,SUNTECK,seed_closure_official,https://www.niftyindices.com/Press_Release/ind_prs23082024.pdf,snapshot_floor,closed by ind_prs23082024.pdf
Nifty Smallcap 250,2024-09-30,REMOVE,TATAINVEST,yurukatsu_event,https://niftyindices.com/Press_Release/ind_prs24022022_1.pdf,press_release,closed by ind_prs23082024.pdf
Nifty Smallcap 250,2024-09-30,REMOVE,TMB,yurukatsu_event,https://niftyindices.com/Press_Release/ind_prs28022024.pdf,press_release,closed by ind_prs23082024.pdf
Nifty Smallcap 250,2024-09-30,REMOVE,VAIBHAVGBL,yurukatsu_event,https://niftyindices.com/Press_Release/ind_prs24022022_1.pdf,press_release,closed by ind_prs23082024.pdf
Nifty Smallcap 250,2024-10-10,ADD,EMCURE,yurukatsu_event,https://niftyindices.com/Press_Release/ind_prs04102024.pdf,press_release,
Nifty Smallcap 250,2024-10-10,REMOVE,IDFC,yurukatsu_event,https://niftyindices.com/Press_Release/ind_prs28082018.pdf,press_release,closed by ind_prs04102024.pdf
Nifty Smallcap 250,2024-10-16,ADD,AKUMS,yurukatsu_event,https://niftyindices.com/Press_Release/ind_prs10102024.pdf,press_release,closed by ind_prs23022026.pdf
Nifty Smallcap 250,2024-10-16,REMOVE,TV18BRDCST,yurukatsu_event,https://niftyindices.com/Press_Release/ind_prs25022019.pdf,press_release,closed by ind_prs10102024.pdf
Nifty Smallcap 250,2025-03-21,ADD,RAYMONDLSL,yurukatsu_event,https://niftyindices.com/Press_Release/ind_prs17032025.pdf,press_release,closed by ind_prs22082025.pdf
Nifty Smallcap 250,2025-03-21,REMOVE,ISEC,yurukatsu_event,https://niftyindices.com/Press_Release/ind_prs23082024.pdf,press_release,closed by ind_prs17032025.pdf
Nifty Smallcap 250,2025-03-28,ADD,ACMESOLAR,yurukatsu_event,https://niftyindices.com/Press_Release/ind_prs21022025.pdf,press_release,
Nifty Smallcap 250,2025-03-28,ADD,AFCONS,yurukatsu_event,https://niftyindices.com/Press_Release/ind_prs21022025.pdf,press_release,
Nifty Smallcap 250,2025-03-28,ADD,AIIL,yurukatsu_event,https://niftyindices.com/Press_Release/ind_prs21022025.pdf,press_release,closed by ind_prs23022026.pdf
Nifty Smallcap 250,2025-03-28,ADD,ALIVUS,yurukatsu_event,https://niftyindices.com/Press_Release/ind_prs21022025.pdf,press_release,closed by ind_prs22082025.pdf
Nifty Smallcap 250,2025-03-28,ADD,BAYERCROP,yurukatsu_event,https://niftyindices.com/Press_Release/ind_prs21022025.pdf,press_release,
Nifty Smallcap 250,2025-03-28,ADD,CARBORUNIV,yurukatsu_event,https://niftyindices.com/Press_Release/ind_prs21022025.pdf,press_release,
Nifty Smallcap 250,2025-03-28,ADD,DCMSHRIRAM,yurukatsu_event,https://niftyindices.com/Press_Release/ind_prs21022025.pdf,press_release,
Nifty Smallcap 250,2025-03-28,ADD,DELHIVERY,yurukatsu_event,https://niftyindices.com/Press_Release/ind_prs21022025.pdf,press_release,
Nifty Smallcap 250,2025-03-28,ADD,FACT,yurukatsu_event,https://niftyindices.com/Press_Release/ind_prs21022025.pdf,press_release,closed by ind_prs22082025.pdf
Nifty Smallcap 250,2025-03-28,ADD,FIRSTCRY,yurukatsu_event,https://niftyindices.com/Press_Release/ind_prs21022025.pdf,press_release,
Nifty Smallcap 250,2025-03-28,ADD,GRAVITA,yurukatsu_event,https://niftyindices.com/Press_Release/ind_prs21022025.pdf,press_release,
Nifty Smallcap 250,2025-03-28,ADD,IDBI,yurukatsu_event,https://niftyindices.com/Press_Release/ind_prs21022025.pdf,press_release,closed by ind_prs22082025.pdf
Nifty Smallcap 250,2025-03-28,ADD,IGIL,yurukatsu_event,https://niftyindices.com/Press_Release/ind_prs21022025.pdf,press_release,
Nifty Smallcap 250,2025-03-28,ADD,IKS,yurukatsu_event,https://niftyindices.com/Press_Release/ind_prs21022025.pdf,press_release,
Nifty Smallcap 250,2025-03-28,ADD,IOB,yurukatsu_event,https://niftyindices.com/Press_Release/ind_prs21022025.pdf,press_release,closed by ind_prs22082025.pdf
Nifty Smallcap 250,2025-03-28,ADD,JSWHL,yurukatsu_event,https://niftyindices.com/Press_Release/ind_prs21022025.pdf,press_release,closed by ind_prs22082025.pdf
Nifty Smallcap 250,2025-03-28,ADD,LTFOODS,yurukatsu_event,https://niftyindices.com/Press_Release/ind_prs21022025.pdf,press_release,
Nifty Smallcap 250,2025-03-28,ADD,NAVA,yurukatsu_event,https://niftyindices.com/Press_Release/ind_prs21022025.pdf,press_release,
Nifty Smallcap 250,2025-03-28,ADD,NEULANDLAB,yurukatsu_event,https://niftyindices.com/Press_Release/ind_prs21022025.pdf,press_release,
Nifty Smallcap 250,2025-03-28,ADD,NIVABUPA,yurukatsu_event,https://niftyindices.com/Press_Release/ind_prs21022025.pdf,press_release,
Nifty Smallcap 250,2025-03-28,ADD,PGEL,yurukatsu_event,https://niftyindices.com/Press_Release/ind_prs21022025.pdf,press_release,
Nifty Smallcap 250,2025-03-28,ADD,POONAWALLA,yurukatsu_event,https://niftyindices.com/Press_Release/ind_prs21022025.pdf,press_release,
Nifty Smallcap 250,2025-03-28,ADD,RPOWER,yurukatsu_event,https://niftyindices.com/Press_Release/ind_prs21022025.pdf,press_release,
Nifty Smallcap 250,2025-03-28,ADD,SAGILITY,yurukatsu_event,https://niftyindices.com/Press_Release/ind_prs21022025.pdf,press_release,
Nifty Smallcap 250,2025-03-28,ADD,SAILIFE,yurukatsu_event,https://niftyindices.com/Press_Release/ind_prs21022025.pdf,press_release,
Nifty Smallcap 250,2025-03-28,ADD,SARDAEN,yurukatsu_event,https://niftyindices.com/Press_Release/ind_prs21022025.pdf,press_release,
Nifty Smallcap 250,2025-03-28,ADD,SKFINDIA,yurukatsu_event,https://niftyindices.com/Press_Release/ind_prs21022025.pdf,press_release,closed by ind_prs11122025.pdf
Nifty Smallcap 250,2025-03-28,ADD,TARIL,yurukatsu_event,https://niftyindices.com/Press_Release/ind_prs21022025.pdf,press_release,
Nifty Smallcap 250,2025-03-28,ADD,TATACHEM,yurukatsu_event,https://niftyindices.com/Press_Release/ind_prs21022025.pdf,press_release,
Nifty Smallcap 250,2025-03-28,ADD,TIMKEN,yurukatsu_event,https://niftyindices.com/Press_Release/ind_prs21022025.pdf,press_release,
Nifty Smallcap 250,2025-03-28,ADD,WOCKPHARMA,yurukatsu_event,https://niftyindices.com/Press_Release/ind_prs21022025.pdf,press_release,
Nifty Smallcap 250,2025-03-28,ADD,ZENTEC,yurukatsu_event,https://niftyindices.com/Press_Release/ind_prs21022025.pdf,press_release,
Nifty Smallcap 250,2025-03-28,ADD,ZFCVINDIA,yurukatsu_event,https://niftyindices.com/Press_Release/ind_prs21022025.pdf,press_release,
Nifty Smallcap 250,2025-03-28,REMOVE,ACI,yurukatsu_event,https://niftyindices.com/Press_Release/ind_prs17022023_1.pdf,press_release,closed by ind_prs21022025.pdf
Nifty Smallcap 250,2025-03-28,REMOVE,APARINDS,yurukatsu_event,https://niftyindices.com/Press_Release/ind_prs17022023_1.pdf,press_release,closed by ind_prs21022025.pdf
Nifty Smallcap 250,2025-03-28,REMOVE,AVANTIFEED,yurukatsu_event,https://niftyindices.com/Press_Release/ind_prs25022019.pdf,press_release,closed by ind_prs21022025.pdf
Nifty Smallcap 250,2025-03-28,REMOVE,BALAMINES,yurukatsu_event,https://niftyindices.com/Press_Release/ind_prs23022021.pdf,press_release,closed by ind_prs21022025.pdf
Nifty Smallcap 250,2025-03-28,REMOVE,BIRLACORPN,seed_closure_official,https://www.niftyindices.com/Press_Release/ind_prs21022025.pdf,snapshot_floor,closed by ind_prs21022025.pdf
Nifty Smallcap 250,2025-03-28,REMOVE,BLUESTARCO,seed_closure_official,https://www.niftyindices.com/Press_Release/ind_prs21022025.pdf,snapshot_floor,closed by ind_prs21022025.pdf
Nifty Smallcap 250,2025-03-28,REMOVE,CELLO,yurukatsu_event,https://niftyindices.com/Press_Release/ind_prs28022024.pdf,press_release,closed by ind_prs21022025.pdf
Nifty Smallcap 250,2025-03-28,REMOVE,CHEMPLASTS,yurukatsu_event,https://niftyindices.com/Press_Release/ind_prs24022022_1.pdf,press_release,closed by ind_prs21022025.pdf
Nifty Smallcap 250,2025-03-28,REMOVE,CIEINDIA,seed_closure_official,https://www.niftyindices.com/Press_Release/ind_prs21022025.pdf,snapshot_floor,closed by ind_prs21022025.pdf
Nifty Smallcap 250,2025-03-28,REMOVE,EASEMYTRIP,yurukatsu_event,https://niftyindices.com/Press_Release/ind_prs24022022_1.pdf,press_release,closed by ind_prs21022025.pdf
Nifty Smallcap 250,2025-03-28,REMOVE,EQUITASBNK,yurukatsu_event,https://niftyindices.com/Press_Release/ind_prs15092021.pdf,press_release,closed by ind_prs21022025.pdf
Nifty Smallcap 250,2025-03-28,REMOVE,FINEORG,yurukatsu_event,https://niftyindices.com/Press_Release/ind_prs17082023.pdf,press_release,closed by ind_prs21022025.pdf
Nifty Smallcap 250,2025-03-28,REMOVE,GAEL,yurukatsu_event,https://niftyindices.com/Press_Release/ind_prs20082020.pdf,press_release,closed by ind_prs21022025.pdf
Nifty Smallcap 250,2025-03-28,REMOVE,GLENMARK,yurukatsu_event,https://niftyindices.com/Press_Release/ind_prs01092022.pdf,press_release,closed by ind_prs21022025.pdf
Nifty Smallcap 250,2025-03-28,REMOVE,GRINFRA,yurukatsu_event,https://niftyindices.com/Press_Release/ind_prs23082024.pdf,press_release,closed by ind_prs21022025.pdf
Nifty Smallcap 250,2025-03-28,REMOVE,GSFC,seed_closure_official,https://www.niftyindices.com/Press_Release/ind_prs21022025.pdf,snapshot_floor,closed by ind_prs21022025.pdf
Nifty Smallcap 250,2025-03-28,REMOVE,GVT&D,seed_closure_official,https://www.niftyindices.com/Press_Release/ind_prs21022025.pdf,snapshot_floor,closed by ind_prs21022025.pdf
Nifty Smallcap 250,2025-03-28,REMOVE,JKLAKSHMI,seed_closure_official,https://www.niftyindices.com/Press_Release/ind_prs21022025.pdf,snapshot_floor,closed by ind_prs21022025.pdf
Nifty Smallcap 250,2025-03-28,REMOVE,KSB,yurukatsu_event,https://niftyindices.com/Press_Release/ind_prs17022023_1.pdf,press_release,closed by ind_prs21022025.pdf
Nifty Smallcap 250,2025-03-28,REMOVE,MAHLIFE,yurukatsu_event,https://niftyindices.com/Press_Release/ind_prs01092022.pdf,press_release,closed by ind_prs21022025.pdf
Nifty Smallcap 250,2025-03-28,REMOVE,MOTILALOFS,yurukatsu_event,https://niftyindices.com/Press_Release/ind_prs24022022_1.pdf,press_release,closed by ind_prs21022025.pdf
Nifty Smallcap 250,2025-03-28,REMOVE,NATIONALUM,yurukatsu_event,https://niftyindices.com/Press_Release/ind_prs17022023_1.pdf,press_release,closed by ind_prs21022025.pdf
Nifty Smallcap 250,2025-03-28,REMOVE,NUVOCO,yurukatsu_event,https://niftyindices.com/Press_Release/ind_prs01092022.pdf,press_release,closed by ind_prs21022025.pdf
Nifty Smallcap 250,2025-03-28,REMOVE,RAJESHEXPO,yurukatsu_event,https://niftyindices.com/Press_Release/ind_prs28022024.pdf,press_release,closed by ind_prs21022025.pdf
Nifty Smallcap 250,2025-03-28,REMOVE,RATNAMANI,yurukatsu_event,https://niftyindices.com/Press_Release/ind_prs28082019.pdf,press_release,closed by ind_prs21022025.pdf
Nifty Smallcap 250,2025-03-28,REMOVE,SANOFI,yurukatsu_event,https://niftyindices.com/Press_Release/ind_prs17022023_1.pdf,press_release,closed by ind_prs21022025.pdf
Nifty Smallcap 250,2025-03-28,REMOVE,SPARC,yurukatsu_event,https://niftyindices.com/Press_Release/ind_prs28082019.pdf,press_release,closed by ind_prs21022025.pdf
Nifty Smallcap 250,2025-03-28,REMOVE,TVSSCS,yurukatsu_event,https://niftyindices.com/Press_Release/ind_prs28022024.pdf,press_release,closed by ind_prs21022025.pdf
Nifty Smallcap 250,2025-03-28,REMOVE,UJJIVANSFB,yurukatsu_event,https://niftyindices.com/Press_Release/ind_prs17082023.pdf,press_release,closed by ind_prs21022025.pdf
Nifty Smallcap 250,2025-03-28,REMOVE,VARROC,yurukatsu_event,https://niftyindices.com/Press_Release/ind_prs10062020.pdf,press_release,closed by ind_prs21022025.pdf
Nifty Smallcap 250,2025-03-28,REMOVE,VINATIORGA,yurukatsu_event,https://niftyindices.com/Press_Release/ind_prs23082024.pdf,press_release,closed by ind_prs21022025.pdf
Nifty Smallcap 250,2025-03-28,REMOVE,VIPIND,seed_closure_official,https://www.niftyindices.com/Press_Release/ind_prs21022025.pdf,snapshot_floor,closed by ind_prs21022025.pdf
Nifty Smallcap 250,2025-03-31,REMOVE,GET&D,yurukatsu_event,https://niftyindices.com/Press_Release/ind_prs23082024.pdf,press_release,"inferred-exclude: not in NSE current snapshot, no PR found (closed at next semi-annual review)"
Nifty Smallcap 250,2025-04-11,ADD,SUNDRMFAST,yurukatsu_event,https://niftyindices.com/Press_Release/ind_prs04042025_2.pdf,press_release,closed by ind_prs23022026.pdf
Nifty Smallcap 250,2025-04-11,REMOVE,QUESS,yurukatsu_event,https://niftyindices.com/Press_Release/ind_prs20082020.pdf,press_release,closed by ind_prs04042025_2.pdf
Nifty Smallcap 250,2025-09-23,ADD,RELINFRA,yurukatsu_event,https://niftyindices.com/Press_Release/ind_prs15092025_1.pdf,press_release,closed by ind_prs23022026.pdf
Nifty Smallcap 250,2025-09-23,REMOVE,PEL,yurukatsu_event,https://niftyindices.com/Press_Release/ind_prs23082024.pdf,press_release,closed by ind_prs15092025_1.pdf
Nifty Smallcap 250,2025-09-30,ADD,ABFRL,yurukatsu_event,https://niftyindices.com/Press_Release/ind_prs22082025.pdf,press_release,
Nifty Smallcap 250,2025-09-30,ADD,ABLBL,yurukatsu_event,https://niftyindices.com/Press_Release/ind_prs22082025.pdf,press_release,
Nifty Smallcap 250,2025-09-30,ADD,AEGISVOPAK,yurukatsu_event,https://niftyindices.com/Press_Release/ind_prs22082025.pdf,press_release,
Nifty Smallcap 250,2025-09-30,ADD,AGARWALEYE,yurukatsu_event,https://niftyindices.com/Press_Release/ind_prs22082025.pdf,press_release,closed by ind_prs23022026.pdf
Nifty Smallcap 250,2025-09-30,ADD,AKZOINDIA,yurukatsu_event,https://niftyindices.com/Press_Release/ind_prs22082025.pdf,press_release,"inferred-exclude: not in NSE current snapshot, no PR found (closed at next semi-annual review)"
Nifty Smallcap 250,2025-09-30,ADD,ATHERENERG,yurukatsu_event,https://niftyindices.com/Press_Release/ind_prs22082025.pdf,press_release,
Nifty Smallcap 250,2025-09-30,ADD,BANDHANBNK,yurukatsu_event,https://niftyindices.com/Press_Release/ind_prs22082025.pdf,press_release,
Nifty Smallcap 250,2025-09-30,ADD,BLUEJET,yurukatsu_event,https://niftyindices.com/Press_Release/ind_prs22082025.pdf,press_release,
Nifty Smallcap 250,2025-09-30,ADD,CHOICEIN,yurukatsu_event,https://niftyindices.com/Press_Release/ind_prs22082025.pdf,press_release,
Nifty Smallcap 250,2025-09-30,ADD,EMAMILTD,yurukatsu_event,https://niftyindices.com/Press_Release/ind_prs22082025.pdf,press_release,
Nifty Smallcap 250,2025-09-30,ADD,FORCEMOT,yurukatsu_event,https://niftyindices.com/Press_Release/ind_prs22082025.pdf,press_release,
Nifty Smallcap 250,2025-09-30,ADD,GLAND,yurukatsu_event,https://niftyindices.com/Press_Release/ind_prs22082025.pdf,press_release,
Nifty Smallcap 250,2025-09-30,ADD,KSB,yurukatsu_event,https://niftyindices.com/Press_Release/ind_prs22082025.pdf,press_release,closed by ind_prs23022026.pdf
Nifty Smallcap 250,2025-09-30,ADD,MAHSCOOTER,yurukatsu_event,https://niftyindices.com/Press_Release/ind_prs22082025.pdf,press_release,closed by ind_prs23022026.pdf
Nifty Smallcap 250,2025-09-30,ADD,MOTHERSON,yurukatsu_event,https://niftyindices.com/Press_Release/ind_prs22082025.pdf,press_release,
Nifty Smallcap 250,2025-09-30,ADD,MRPL,yurukatsu_event,https://niftyindices.com/Press_Release/ind_prs22082025.pdf,press_release,
Nifty Smallcap 250,2025-09-30,ADD,NUVOCO,yurukatsu_event,https://niftyindices.com/Press_Release/ind_prs22082025.pdf,press_release,
Nifty Smallcap 250,2025-09-30,ADD,OLAELEC,yurukatsu_event,https://niftyindices.com/Press_Release/ind_prs22082025.pdf,press_release,
Nifty Smallcap 250,2025-09-30,ADD,ONESOURCE,yurukatsu_event,https://niftyindices.com/Press_Release/ind_prs22082025.pdf,press_release,
Nifty Smallcap 250,2025-09-30,ADD,STARHEALTH,yurukatsu_event,https://niftyindices.com/Press_Release/ind_prs22082025.pdf,press_release,
Nifty Smallcap 250,2025-09-30,ADD,SUNTV,yurukatsu_event,https://niftyindices.com/Press_Release/ind_prs22082025.pdf,press_release,
Nifty Smallcap 250,2025-09-30,ADD,THELEELA,yurukatsu_event,https://niftyindices.com/Press_Release/ind_prs22082025.pdf,press_release,
Nifty Smallcap 250,2025-09-30,ADD,VENTIVE,yurukatsu_event,https://niftyindices.com/Press_Release/ind_prs22082025.pdf,press_release,closed by ind_prs23022026.pdf
Nifty Smallcap 250,2025-09-30,REMOVE,ALIVUS,yurukatsu_event,https://niftyindices.com/Press_Release/ind_prs21022025.pdf,press_release,closed by ind_prs22082025.pdf
Nifty Smallcap 250,2025-09-30,REMOVE,FACT,yurukatsu_event,https://niftyindices.com/Press_Release/ind_prs21022025.pdf,press_release,closed by ind_prs22082025.pdf
Nifty Smallcap 250,2025-09-30,REMOVE,GNFC,yurukatsu_event,https://niftyindices.com/Press_Release/ind_prs16022017.pdf,press_release,closed by ind_prs22082025.pdf
Nifty Smallcap 250,2025-09-30,REMOVE,GODFRYPHLP,seed_closure_official,https://www.niftyindices.com/Press_Release/ind_prs22082025.pdf,snapshot_floor,closed by ind_prs22082025.pdf
Nifty Smallcap 250,2025-09-30,REMOVE,GPPL,yurukatsu_event,https://niftyindices.com/Press_Release/ind_prs21022018.pdf,press_release,closed by ind_prs22082025.pdf
Nifty Smallcap 250,2025-09-30,REMOVE,IDBI,yurukatsu_event,https://niftyindices.com/Press_Release/ind_prs21022025.pdf,press_release,closed by ind_prs22082025.pdf
Nifty Smallcap 250,2025-09-30,REMOVE,IOB,yurukatsu_event,https://niftyindices.com/Press_Release/ind_prs21022025.pdf,press_release,closed by ind_prs22082025.pdf
Nifty Smallcap 250,2025-09-30,REMOVE,JSWHL,yurukatsu_event,https://niftyindices.com/Press_Release/ind_prs21022025.pdf,press_release,closed by ind_prs22082025.pdf
Nifty Smallcap 250,2025-09-30,REMOVE,JUSTDIAL,yurukatsu_event,https://niftyindices.com/Press_Release/ind_prs16022017.pdf,press_release,closed by ind_prs22082025.pdf
Nifty Smallcap 250,2025-09-30,REMOVE,KANSAINER,yurukatsu_event,https://niftyindices.com/Press_Release/ind_prs23082024.pdf,press_release,closed by ind_prs22082025.pdf
Nifty Smallcap 250,2025-09-30,REMOVE,KNRCON,yurukatsu_event,https://niftyindices.com/Press_Release/ind_prs21022018.pdf,press_release,closed by ind_prs22082025.pdf
Nifty Smallcap 250,2025-09-30,REMOVE,MASTEK,yurukatsu_event,https://niftyindices.com/Press_Release/ind_prs15092021.pdf,press_release,closed by ind_prs22082025.pdf
Nifty Smallcap 250,2025-09-30,REMOVE,NETWORK18,yurukatsu_event,https://niftyindices.com/Press_Release/ind_prs26102020.pdf,press_release,closed by ind_prs22082025.pdf
Nifty Smallcap 250,2025-09-30,REMOVE,PNCINFRA,seed_closure_official,https://www.niftyindices.com/Press_Release/ind_prs22082025.pdf,snapshot_floor,closed by ind_prs22082025.pdf
Nifty Smallcap 250,2025-09-30,REMOVE,RAYMOND,yurukatsu_event,https://niftyindices.com/Press_Release/ind_prs01092022.pdf,press_release,closed by ind_prs22082025.pdf
Nifty Smallcap 250,2025-09-30,REMOVE,RAYMONDLSL,yurukatsu_event,https://niftyindices.com/Press_Release/ind_prs17032025.pdf,press_release,closed by ind_prs22082025.pdf
Nifty Smallcap 250,2025-09-30,REMOVE,RENUKA,yurukatsu_event,https://niftyindices.com/Press_Release/ind_prs24022022_1.pdf,press_release,closed by ind_prs22082025.pdf
Nifty Smallcap 250,2025-09-30,REMOVE,ROUTE,yurukatsu_event,https://niftyindices.com/Press_Release/ind_prs23022021.pdf,press_release,closed by ind_prs22082025.pdf
Nifty Smallcap 250,2025-09-30,REMOVE,RTNINDIA,yurukatsu_event,https://niftyindices.com/Press_Release/ind_prs24022022_1.pdf,press_release,closed by ind_prs22082025.pdf
Nifty Smallcap 250,2025-09-30,REMOVE,SWSOLAR,yurukatsu_event,https://niftyindices.com/Press_Release/ind_prs18022020.pdf,press_release,closed by ind_prs22082025.pdf
Nifty Smallcap 250,2025-09-30,REMOVE,TANLA,yurukatsu_event,https://niftyindices.com/Press_Release/ind_prs23022021.pdf,press_release,closed by ind_prs22082025.pdf
Nifty Smallcap 250,2025-09-30,REMOVE,UCOBANK,yurukatsu_event,https://niftyindices.com/Press_Release/ind_prs06122022.pdf,press_release,closed by ind_prs22082025.pdf
Nifty Smallcap 250,2025-09-30,REMOVE,WESTLIFE,yurukatsu_event,https://niftyindices.com/Press_Release/ind_prs16122019.pdf,press_release,closed by ind_prs22082025.pdf
Nifty Smallcap 250,2025-12-31,ADD,JSWCEMENT,yurukatsu_event,https://niftyindices.com/Press_Release/ind_prs11122025.pdf,press_release,
Nifty Smallcap 250,2025-12-31,REMOVE,SKFINDIA,yurukatsu_event,https://niftyindices.com/Press_Release/ind_prs21022025.pdf,press_release,closed by ind_prs11122025.pdf
Nifty Smallcap 250,2026-03-30,ADD,ABDL,yurukatsu_event,https://niftyindices.com/Press_Release/ind_prs23022026.pdf,press_release,
Nifty Smallcap 250,2026-03-30,ADD,ACUTAAS,yurukatsu_event,https://niftyindices.com/Press_Release/ind_prs23022026.pdf,press_release,
Nifty Smallcap 250,2026-03-30,ADD,ANURAS,yurukatsu_event,https://niftyindices.com/Press_Release/ind_prs23022026.pdf,press_release,
Nifty Smallcap 250,2026-03-30,ADD,BELRISE,yurukatsu_event,https://niftyindices.com/Press_Release/ind_prs23022026.pdf,press_release,
Nifty Smallcap 250,2026-03-30,ADD,CANHLIFE,yurukatsu_event,https://niftyindices.com/Press_Release/ind_prs23022026.pdf,press_release,
Nifty Smallcap 250,2026-03-30,ADD,CARTRADE,yurukatsu_event,https://niftyindices.com/Press_Release/ind_prs23022026.pdf,press_release,
Nifty Smallcap 250,2026-03-30,ADD,CEMPRO,yurukatsu_event,https://niftyindices.com/Press_Release/ind_prs23022026.pdf,press_release,
Nifty Smallcap 250,2026-03-30,ADD,CPPLUS,yurukatsu_event,https://niftyindices.com/Press_Release/ind_prs23022026.pdf,press_release,
Nifty Smallcap 250,2026-03-30,ADD,DEEPAKNTR,yurukatsu_event,https://niftyindices.com/Press_Release/ind_prs23022026.pdf,press_release,
Nifty Smallcap 250,2026-03-30,ADD,EMMVEE,yurukatsu_event,https://niftyindices.com/Press_Release/ind_prs23022026.pdf,press_release,
Nifty Smallcap 250,2026-03-30,ADD,FACT,yurukatsu_event,https://niftyindices.com/Press_Release/ind_prs23022026.pdf,press_release,
Nifty Smallcap 250,2026-03-30,ADD,GABRIEL,yurukatsu_event,https://niftyindices.com/Press_Release/ind_prs23022026.pdf,press_release,
Nifty Smallcap 250,2026-03-30,ADD,GALLANTT,yurukatsu_event,https://niftyindices.com/Press_Release/ind_prs23022026.pdf,press_release,
Nifty Smallcap 250,2026-03-30,ADD,IDBI,yurukatsu_event,https://niftyindices.com/Press_Release/ind_prs23022026.pdf,press_release,
Nifty Smallcap 250,2026-03-30,ADD,IGL,yurukatsu_event,https://niftyindices.com/Press_Release/ind_prs23022026.pdf,press_release,
Nifty Smallcap 250,2026-03-30,ADD,IOB,yurukatsu_event,https://niftyindices.com/Press_Release/ind_prs23022026.pdf,press_release,
Nifty Smallcap 250,2026-03-30,ADD,IRB,yurukatsu_event,https://niftyindices.com/Press_Release/ind_prs23022026.pdf,press_release,
Nifty Smallcap 250,2026-03-30,ADD,JAINREC,yurukatsu_event,https://niftyindices.com/Press_Release/ind_prs23022026.pdf,press_release,
Nifty Smallcap 250,2026-03-30,ADD,MEESHO,yurukatsu_event,https://niftyindices.com/Press_Release/ind_prs23022026.pdf,press_release,
Nifty Smallcap 250,2026-03-30,ADD,PARADEEP,yurukatsu_event,https://niftyindices.com/Press_Release/ind_prs23022026.pdf,press_release,
Nifty Smallcap 250,2026-03-30,ADD,PINELABS,yurukatsu_event,https://niftyindices.com/Press_Release/ind_prs23022026.pdf,press_release,
Nifty Smallcap 250,2026-03-30,ADD,PIRAMALFIN,yurukatsu_event,https://niftyindices.com/Press_Release/ind_prs23022026.pdf,press_release,
Nifty Smallcap 250,2026-03-30,ADD,PWL,yurukatsu_event,https://niftyindices.com/Press_Release/ind_prs23022026.pdf,press_release,
Nifty Smallcap 250,2026-03-30,ADD,SONACOMS,yurukatsu_event,https://niftyindices.com/Press_Release/ind_prs23022026.pdf,press_release,
Nifty Smallcap 250,2026-03-30,ADD,SPLPETRO,yurukatsu_event,https://niftyindices.com/Press_Release/ind_prs23022026.pdf,press_release,
Nifty Smallcap 250,2026-03-30,ADD,SYNGENE,yurukatsu_event,https://niftyindices.com/Press_Release/ind_prs23022026.pdf,press_release,
Nifty Smallcap 250,2026-03-30,ADD,TATATECH,yurukatsu_event,https://niftyindices.com/Press_Release/ind_prs23022026.pdf,press_release,
Nifty Smallcap 250,2026-03-30,ADD,TEGA,yurukatsu_event,https://niftyindices.com/Press_Release/ind_prs23022026.pdf,press_release,
Nifty Smallcap 250,2026-03-30,ADD,TENNIND,yurukatsu_event,https://niftyindices.com/Press_Release/ind_prs23022026.pdf,press_release,
Nifty Smallcap 250,2026-03-30,ADD,TRAVELFOOD,yurukatsu_event,https://niftyindices.com/Press_Release/ind_prs23022026.pdf,press_release,
Nifty Smallcap 250,2026-03-30,ADD,UCOBANK,yurukatsu_event,https://niftyindices.com/Press_Release/ind_prs23022026.pdf,press_release,
Nifty Smallcap 250,2026-03-30,ADD,URBANCO,yurukatsu_event,https://niftyindices.com/Press_Release/ind_prs23022026.pdf,press_release,
Nifty Smallcap 250,2026-03-30,ADD,ZYDUSWELL,yurukatsu_event,https://niftyindices.com/Press_Release/ind_prs23022026.pdf,press_release,
Nifty Smallcap 250,2026-03-30,REMOVE,AGARWALEYE,yurukatsu_event,https://niftyindices.com/Press_Release/ind_prs22082025.pdf,press_release,closed by ind_prs23022026.pdf
Nifty Smallcap 250,2026-03-30,REMOVE,AIIL,yurukatsu_event,https://niftyindices.com/Press_Release/ind_prs21022025.pdf,press_release,closed by ind_prs23022026.pdf
Nifty Smallcap 250,2026-03-30,REMOVE,AKUMS,yurukatsu_event,https://niftyindices.com/Press_Release/ind_prs10102024.pdf,press_release,closed by ind_prs23022026.pdf
Nifty Smallcap 250,2026-03-30,REMOVE,ALKYLAMINE,yurukatsu_event,https://niftyindices.com/Press_Release/ind_prs17082023.pdf,press_release,closed by ind_prs23022026.pdf
Nifty Smallcap 250,2026-03-30,REMOVE,ALOKINDS,yurukatsu_event,https://niftyindices.com/Press_Release/ind_prs17082023.pdf,press_release,closed by ind_prs23022026.pdf
Nifty Smallcap 250,2026-03-30,REMOVE,APLLTD,yurukatsu_event,https://niftyindices.com/Press_Release/ind_prs17022023_1.pdf,press_release,closed by ind_prs23022026.pdf
Nifty Smallcap 250,2026-03-30,REMOVE,ASTRAZEN,yurukatsu_event,https://niftyindices.com/Press_Release/ind_prs28022024.pdf,press_release,closed by ind_prs23022026.pdf
Nifty Smallcap 250,2026-03-30,REMOVE,BASF,yurukatsu_event,https://niftyindices.com/Press_Release/ind_prs23082024.pdf,press_release,closed by ind_prs23022026.pdf
Nifty Smallcap 250,2026-03-30,REMOVE,CAMPUS,yurukatsu_event,https://niftyindices.com/Press_Release/ind_prs11072022.pdf,press_release,closed by ind_prs23022026.pdf
Nifty Smallcap 250,2026-03-30,REMOVE,CENTURYPLY,seed_closure_official,https://www.niftyindices.com/Press_Release/ind_prs23022026.pdf,snapshot_floor,closed by ind_prs23022026.pdf
Nifty Smallcap 250,2026-03-30,REMOVE,CERA,seed_closure_official,https://www.niftyindices.com/Press_Release/ind_prs23022026.pdf,snapshot_floor,closed by ind_prs23022026.pdf
Nifty Smallcap 250,2026-03-30,REMOVE,DBREALTY,yurukatsu_event,https://niftyindices.com/Press_Release/ind_prs23082024.pdf,press_release,closed by ind_prs23022026.pdf
Nifty Smallcap 250,2026-03-30,REMOVE,FINPIPE,seed_closure_official,https://www.niftyindices.com/Press_Release/ind_prs23022026.pdf,snapshot_floor,closed by ind_prs23022026.pdf
Nifty Smallcap 250,2026-03-30,REMOVE,GODREJAGRO,yurukatsu_event,https://niftyindices.com/Press_Release/ind_prs23082024.pdf,press_release,closed by ind_prs23022026.pdf
Nifty Smallcap 250,2026-03-30,REMOVE,HAPPSTMNDS,yurukatsu_event,https://niftyindices.com/Press_Release/ind_prs17082023.pdf,press_release,closed by ind_prs23022026.pdf
Nifty Smallcap 250,2026-03-30,REMOVE,INOXINDIA,yurukatsu_event,https://niftyindices.com/Press_Release/ind_prs23082024.pdf,press_release,closed by ind_prs23022026.pdf
Nifty Smallcap 250,2026-03-30,REMOVE,JYOTHYLAB,yurukatsu_event,https://niftyindices.com/Press_Release/ind_prs21022018.pdf,press_release,closed by ind_prs23022026.pdf
Nifty Smallcap 250,2026-03-30,REMOVE,KIRLOSBROS,yurukatsu_event,https://niftyindices.com/Press_Release/ind_prs23082024.pdf,press_release,closed by ind_prs23022026.pdf
Nifty Smallcap 250,2026-03-30,REMOVE,KSB,yurukatsu_event,https://niftyindices.com/Press_Release/ind_prs22082025.pdf,press_release,closed by ind_prs23022026.pdf
Nifty Smallcap 250,2026-03-30,REMOVE,LAURUSLABS,yurukatsu_event,https://niftyindices.com/Press_Release/ind_prs23082024.pdf,press_release,closed by ind_prs23022026.pdf
Nifty Smallcap 250,2026-03-30,REMOVE,MAHSCOOTER,yurukatsu_event,https://niftyindices.com/Press_Release/ind_prs22082025.pdf,press_release,closed by ind_prs23022026.pdf
Nifty Smallcap 250,2026-03-30,REMOVE,MAHSEAMLES,yurukatsu_event,https://niftyindices.com/Press_Release/ind_prs28022024.pdf,press_release,closed by ind_prs23022026.pdf
Nifty Smallcap 250,2026-03-30,REMOVE,MANYAVAR,yurukatsu_event,https://niftyindices.com/Press_Release/ind_prs23082024.pdf,press_release,closed by ind_prs23022026.pdf
Nifty Smallcap 250,2026-03-30,REMOVE,MCX,yurukatsu_event,https://niftyindices.com/Press_Release/ind_prs28082019.pdf,press_release,closed by ind_prs23022026.pdf
Nifty Smallcap 250,2026-03-30,REMOVE,METROPOLIS,yurukatsu_event,https://niftyindices.com/Press_Release/ind_prs01092022.pdf,press_release,closed by ind_prs23022026.pdf
Nifty Smallcap 250,2026-03-30,REMOVE,PRAJIND,yurukatsu_event,https://niftyindices.com/Press_Release/ind_prs15092021.pdf,press_release,closed by ind_prs23022026.pdf
Nifty Smallcap 250,2026-03-30,REMOVE,RADICO,seed_closure_official,https://www.niftyindices.com/Press_Release/ind_prs23022026.pdf,snapshot_floor,closed by ind_prs23022026.pdf
Nifty Smallcap 250,2026-03-30,REMOVE,RCF,seed_closure_official,https://www.niftyindices.com/Press_Release/ind_prs23022026.pdf,snapshot_floor,closed by ind_prs23022026.pdf
Nifty Smallcap 250,2026-03-30,REMOVE,RELINFRA,yurukatsu_event,https://niftyindices.com/Press_Release/ind_prs15092025_1.pdf,press_release,closed by ind_prs23022026.pdf
Nifty Smallcap 250,2026-03-30,REMOVE,SUNDRMFAST,yurukatsu_event,https://niftyindices.com/Press_Release/ind_prs04042025_2.pdf,press_release,closed by ind_prs23022026.pdf
Nifty Smallcap 250,2026-03-30,REMOVE,TRIVENI,yurukatsu_event,https://niftyindices.com/Press_Release/ind_prs24052022.pdf,press_release,closed by ind_prs23022026.pdf
Nifty Smallcap 250,2026-03-30,REMOVE,VENTIVE,yurukatsu_event,https://niftyindices.com/Press_Release/ind_prs22082025.pdf,press_release,closed by ind_prs23022026.pdf
Nifty Smallcap 250,2026-03-30,REMOVE,VGUARD,yurukatsu_event,https://niftyindices.com/Press_Release/ind_prs15092021.pdf,press_release,closed by ind_prs23022026.pdf
Nifty Smallcap 250,2026-03-31,ADD,CENTRALBK,yurukatsu_event,,snapshot,"inferred-include: in NSE current snapshot, no PR found (opened at most-recent semi-annual review)"
Nifty Smallcap 250,2026-03-31,REMOVE,AKZOINDIA,yurukatsu_event,https://niftyindices.com/Press_Release/ind_prs22082025.pdf,press_release,"inferred-exclude: not in NSE current snapshot, no PR found (closed at next semi-annual review)"
Nifty Smallcap 250,2026-05-12,REMOVE,GSPL,yurukatsu_event,https://niftyindices.com/Press_Release/ind_prs17022023_1.pdf,press_release,closed by ind_prs04052026.pdf
Nifty Smallcap 250,2026-05-31,ADD,CIEINDIA,provisional_independent_checkpoint,https://github.com/floyds1995/Auto-Index-Constituents-Tracker/blob/main/NSE/Nifty_Smallcap_250.csv,floyd_snapshot,Exact NSE effective date unresolved.
Nifty Smallcap 250,2026-05-31,ADD,MSUMI,provisional_independent_checkpoint,https://github.com/floyds1995/Auto-Index-Constituents-Tracker/blob/main/NSE/Nifty_Smallcap_250.csv,floyd_snapshot,Exact NSE effective date unresolved.
Nifty Smallcap 250,2026-05-31,REMOVE,MOTHERSON,provisional_independent_checkpoint,https://github.com/floyds1995/Auto-Index-Constituents-Tracker/blob/main/NSE/Nifty_Smallcap_250.csv,floyd_snapshot,Exact NSE effective date unresolved.
Nifty Smallcap 250,2026-07-17,ADD,PFOCUS,official_interim,https://www.niftyindices.com/Press_Release/ind_prs13072026_1.pdf,press_release,Official replacement.
Nifty Smallcap 250,2026-07-17,REMOVE,JBCHEPHARM,official_interim,https://www.niftyindices.com/Press_Release/ind_prs13072026_1.pdf,press_release,Official replacement.
Nifty Smallcap 250,2026-09-22,ADD,HEGAM,independent_symbol_change_crosscheck,https://raw.githubusercontent.com/floyds1995/Auto-Index-Constituents-Tracker/main/NSE/RawData/symbolchange.csv,symbolchange,HEG -> HEGAM effective 2026-09-22.
Nifty Smallcap 250,2026-09-22,REMOVE,HEG,independent_symbol_change_crosscheck,https://raw.githubusercontent.com/floyds1995/Auto-Index-Constituents-Tracker/main/NSE/RawData/symbolchange.csv,symbolchange,HEG -> HEGAM effective 2026-09-22.
Nifty Smallcap 250,2026-09-30,ADD,ACC,official_primary,https://www.niftyindices.com/Press_Release/ind_prs10082026.pdf,press_release,Official Sep-30-2026 reconstitution reconciled to Oct-02 anchor.
Nifty Smallcap 250,2026-09-30,ADD,AETHER,official_primary,https://www.niftyindices.com/Press_Release/ind_prs10082026.pdf,press_release,Official Sep-30-2026 reconstitution reconciled to Oct-02 anchor.
Nifty Smallcap 250,2026-09-30,ADD,APOLLOTYRE,official_primary,https://www.niftyindices.com/Press_Release/ind_prs10082026.pdf,press_release,Official Sep-30-2026 reconstitution reconciled to Oct-02 anchor.
Nifty Smallcap 250,2026-09-30,ADD,AVANTIFEED,official_primary,https://www.niftyindices.com/Press_Release/ind_prs10082026.pdf,press_release,Official Sep-30-2026 reconstitution reconciled to Oct-02 anchor.
Nifty Smallcap 250,2026-09-30,ADD,AWL,official_primary,https://www.niftyindices.com/Press_Release/ind_prs10082026.pdf,press_release,Official Sep-30-2026 reconstitution reconciled to Oct-02 anchor.
Nifty Smallcap 250,2026-09-30,ADD,AZAD,official_primary,https://www.niftyindices.com/Press_Release/ind_prs10082026.pdf,press_release,Official Sep-30-2026 reconstitution reconciled to Oct-02 anchor.
Nifty Smallcap 250,2026-09-30,ADD,BAGMANE,official_primary,https://www.niftyindices.com/Press_Release/ind_prs10082026.pdf,press_release,Official Sep-30-2026 reconstitution reconciled to Oct-02 anchor.
Nifty Smallcap 250,2026-09-30,ADD,BBOX,official_primary,https://www.niftyindices.com/Press_Release/ind_prs10082026.pdf,press_release,Official Sep-30-2026 reconstitution reconciled to Oct-02 anchor.
Nifty Smallcap 250,2026-09-30,ADD,BHARATCOAL,official_primary,https://www.niftyindices.com/Press_Release/ind_prs10082026.pdf,press_release,Official Sep-30-2026 reconstitution reconciled to Oct-02 anchor.
Nifty Smallcap 250,2026-09-30,ADD,BIRET,official_primary,https://www.niftyindices.com/Press_Release/ind_prs10082026.pdf,press_release,Official Sep-30-2026 reconstitution reconciled to Oct-02 anchor.
Nifty Smallcap 250,2026-09-30,ADD,CLEANMAX,official_primary,https://www.niftyindices.com/Press_Release/ind_prs10082026.pdf,press_release,Official Sep-30-2026 reconstitution reconciled to Oct-02 anchor.
Nifty Smallcap 250,2026-09-30,ADD,CMPDI,official_primary,https://www.niftyindices.com/Press_Release/ind_prs10082026.pdf,press_release,Official Sep-30-2026 reconstitution reconciled to Oct-02 anchor.
Nifty Smallcap 250,2026-09-30,ADD,CUPID,official_primary,https://www.niftyindices.com/Press_Release/ind_prs10082026.pdf,press_release,Official Sep-30-2026 reconstitution reconciled to Oct-02 anchor.
Nifty Smallcap 250,2026-09-30,ADD,FRACTAL,official_primary,https://www.niftyindices.com/Press_Release/ind_prs10082026.pdf,press_release,Official Sep-30-2026 reconstitution reconciled to Oct-02 anchor.
Nifty Smallcap 250,2026-09-30,ADD,HONAUT,official_primary,https://www.niftyindices.com/Press_Release/ind_prs10082026.pdf,press_release,Official Sep-30-2026 reconstitution reconciled to Oct-02 anchor.
Nifty Smallcap 250,2026-09-30,ADD,INOXINDIA,official_primary,https://www.niftyindices.com/Press_Release/ind_prs10082026.pdf,press_release,Official Sep-30-2026 reconstitution reconciled to Oct-02 anchor.
Nifty Smallcap 250,2026-09-30,ADD,KIRLOSBROS,official_primary,https://www.niftyindices.com/Press_Release/ind_prs10082026.pdf,press_release,Official Sep-30-2026 reconstitution reconciled to Oct-02 anchor.
Nifty Smallcap 250,2026-09-30,ADD,KPITTECH,official_primary,https://www.niftyindices.com/Press_Release/ind_prs10082026.pdf,press_release,Official Sep-30-2026 reconstitution reconciled to Oct-02 anchor.
Nifty Smallcap 250,2026-09-30,ADD,KSB,official_primary,https://www.niftyindices.com/Press_Release/ind_prs10082026.pdf,press_release,Official Sep-30-2026 reconstitution reconciled to Oct-02 anchor.
Nifty Smallcap 250,2026-09-30,ADD,MTARTECH,official_primary,https://www.niftyindices.com/Press_Release/ind_prs10082026.pdf,press_release,Official Sep-30-2026 reconstitution reconciled to Oct-02 anchor.
Nifty Smallcap 250,2026-09-30,ADD,NIACL,official_primary,https://www.niftyindices.com/Press_Release/ind_prs10082026.pdf,press_release,Official Sep-30-2026 reconstitution reconciled to Oct-02 anchor.
Nifty Smallcap 250,2026-09-30,ADD,PRIVISCL,official_primary,https://www.niftyindices.com/Press_Release/ind_prs10082026.pdf,press_release,Official Sep-30-2026 reconstitution reconciled to Oct-02 anchor.
Nifty Smallcap 250,2026-09-30,ADD,RUBICON,official_primary,https://www.niftyindices.com/Press_Release/ind_prs10082026.pdf,press_release,Official Sep-30-2026 reconstitution reconciled to Oct-02 anchor.
Nifty Smallcap 250,2026-09-30,ADD,SANSERA,official_primary,https://www.niftyindices.com/Press_Release/ind_prs10082026.pdf,press_release,Official Sep-30-2026 reconstitution reconciled to Oct-02 anchor.
Nifty Smallcap 250,2026-09-30,ADD,SHRIPISTON,official_primary,https://www.niftyindices.com/Press_Release/ind_prs10082026.pdf,press_release,Official Sep-30-2026 reconstitution reconciled to Oct-02 anchor.
Nifty Smallcap 250,2026-09-30,ADD,SJVN,official_primary,https://www.niftyindices.com/Press_Release/ind_prs10082026.pdf,press_release,Official Sep-30-2026 reconstitution reconciled to Oct-02 anchor.
Nifty Smallcap 250,2026-09-30,ADD,STLTECH,official_primary,https://www.niftyindices.com/Press_Release/ind_prs10082026.pdf,press_release,Official Sep-30-2026 reconstitution reconciled to Oct-02 anchor.
Nifty Smallcap 250,2026-09-30,ADD,TATAELXSI,official_primary,https://www.niftyindices.com/Press_Release/ind_prs10082026.pdf,press_release,Official Sep-30-2026 reconstitution reconciled to Oct-02 anchor.
Nifty Smallcap 250,2026-09-30,ADD,TDPOWERSYS,official_primary,https://www.niftyindices.com/Press_Release/ind_prs10082026.pdf,press_release,Official Sep-30-2026 reconstitution reconciled to Oct-02 anchor.
Nifty Smallcap 250,2026-09-30,ADD,THANGAMAYL,official_primary,https://www.niftyindices.com/Press_Release/ind_prs10082026.pdf,press_release,Official Sep-30-2026 reconstitution reconciled to Oct-02 anchor.
Nifty Smallcap 250,2026-09-30,ADD,VEDPOWER,official_primary,https://www.niftyindices.com/Press_Release/ind_prs10082026.pdf,press_release,Official Sep-30-2026 reconstitution reconciled to Oct-02 anchor.
Nifty Smallcap 250,2026-09-30,ADD,VISL,official_primary,https://www.niftyindices.com/Press_Release/ind_prs10082026.pdf,press_release,Official Sep-30-2026 reconstitution reconciled to Oct-02 anchor.
Nifty Smallcap 250,2026-09-30,ADD,VOGL,official_primary,https://www.niftyindices.com/Press_Release/ind_prs10082026.pdf,press_release,Official Sep-30-2026 reconstitution reconciled to Oct-02 anchor.
Nifty Smallcap 250,2026-09-30,REMOVE,ABFRL,official_primary,https://www.niftyindices.com/Press_Release/ind_prs10082026.pdf,press_release,Official Sep-30-2026 reconstitution reconciled to Oct-02 anchor.
Nifty Smallcap 250,2026-09-30,REMOVE,ABLBL,official_primary,https://www.niftyindices.com/Press_Release/ind_prs10082026.pdf,press_release,Official Sep-30-2026 reconstitution reconciled to Oct-02 anchor.
Nifty Smallcap 250,2026-09-30,REMOVE,ASTERDM,official_primary,https://www.niftyindices.com/Press_Release/ind_prs10082026.pdf,press_release,Official Sep-30-2026 reconstitution reconciled to Oct-02 anchor.
Nifty Smallcap 250,2026-09-30,REMOVE,BAYERCROP,official_primary,https://www.niftyindices.com/Press_Release/ind_prs10082026.pdf,press_release,Official Sep-30-2026 reconstitution reconciled to Oct-02 anchor.
Nifty Smallcap 250,2026-09-30,REMOVE,BBTC,official_primary,https://www.niftyindices.com/Press_Release/ind_prs10082026.pdf,press_release,Official Sep-30-2026 reconstitution reconciled to Oct-02 anchor.
Nifty Smallcap 250,2026-09-30,REMOVE,BIKAJI,official_primary,https://www.niftyindices.com/Press_Release/ind_prs10082026.pdf,press_release,Official Sep-30-2026 reconstitution reconciled to Oct-02 anchor.
Nifty Smallcap 250,2026-09-30,REMOVE,BLUEDART,official_primary,https://www.niftyindices.com/Press_Release/ind_prs10082026.pdf,press_release,Official Sep-30-2026 reconstitution reconciled to Oct-02 anchor.
Nifty Smallcap 250,2026-09-30,REMOVE,BLUEJET,official_primary,https://www.niftyindices.com/Press_Release/ind_prs10082026.pdf,press_release,Official Sep-30-2026 reconstitution reconciled to Oct-02 anchor.
Nifty Smallcap 250,2026-09-30,REMOVE,CHALET,official_primary,https://www.niftyindices.com/Press_Release/ind_prs10082026.pdf,press_release,Official Sep-30-2026 reconstitution reconciled to Oct-02 anchor.
Nifty Smallcap 250,2026-09-30,REMOVE,DCMSHRIRAM,official_primary,https://www.niftyindices.com/Press_Release/ind_prs10082026.pdf,press_release,Official Sep-30-2026 reconstitution reconciled to Oct-02 anchor.
Nifty Smallcap 250,2026-09-30,REMOVE,ERIS,official_primary,https://www.niftyindices.com/Press_Release/ind_prs10082026.pdf,press_release,Official Sep-30-2026 reconstitution reconciled to Oct-02 anchor.
Nifty Smallcap 250,2026-09-30,REMOVE,FACT,official_primary,https://www.niftyindices.com/Press_Release/ind_prs10082026.pdf,press_release,Official Sep-30-2026 reconstitution reconciled to Oct-02 anchor.
Nifty Smallcap 250,2026-09-30,REMOVE,GODIGIT,official_primary,https://www.niftyindices.com/Press_Release/ind_prs10082026.pdf,press_release,Official Sep-30-2026 reconstitution reconciled to Oct-02 anchor.
Nifty Smallcap 250,2026-09-30,REMOVE,HINDCOPPER,official_primary,https://www.niftyindices.com/Press_Release/ind_prs10082026.pdf,press_release,Official Sep-30-2026 reconstitution reconciled to Oct-02 anchor.
Nifty Smallcap 250,2026-09-30,REMOVE,INDGN,official_primary,https://www.niftyindices.com/Press_Release/ind_prs10082026.pdf,press_release,Official Sep-30-2026 reconstitution reconciled to Oct-02 anchor.
Nifty Smallcap 250,2026-09-30,REMOVE,IOB,official_primary,https://www.niftyindices.com/Press_Release/ind_prs10082026.pdf,press_release,Official Sep-30-2026 reconstitution reconciled to Oct-02 anchor.
Nifty Smallcap 250,2026-09-30,REMOVE,JSWDULUX,official_primary,https://www.niftyindices.com/Press_Release/ind_prs10082026.pdf,press_release,Official Sep-30-2026 reconstitution reconciled to Oct-02 anchor.
Nifty Smallcap 250,2026-09-30,REMOVE,JUBLPHARMA,official_primary,https://www.niftyindices.com/Press_Release/ind_prs10082026.pdf,press_release,Official Sep-30-2026 reconstitution reconciled to Oct-02 anchor.
Nifty Smallcap 250,2026-09-30,REMOVE,LATENTVIEW,official_primary,https://www.niftyindices.com/Press_Release/ind_prs10082026.pdf,press_release,Official Sep-30-2026 reconstitution reconciled to Oct-02 anchor.
Nifty Smallcap 250,2026-09-30,REMOVE,MAPMYINDIA,official_primary,https://www.niftyindices.com/Press_Release/ind_prs10082026.pdf,press_release,Official Sep-30-2026 reconstitution reconciled to Oct-02 anchor.
Nifty Smallcap 250,2026-09-30,REMOVE,MEESHO,official_primary,https://www.niftyindices.com/Press_Release/ind_prs10082026.pdf,press_release,Official Sep-30-2026 reconstitution reconciled to Oct-02 anchor.
Nifty Smallcap 250,2026-09-30,REMOVE,NEWGEN,official_primary,https://www.niftyindices.com/Press_Release/ind_prs10082026.pdf,press_release,Official Sep-30-2026 reconstitution reconciled to Oct-02 anchor.
Nifty Smallcap 250,2026-09-30,REMOVE,NH,official_primary,https://www.niftyindices.com/Press_Release/ind_prs10082026.pdf,press_release,Official Sep-30-2026 reconstitution reconciled to Oct-02 anchor.
Nifty Smallcap 250,2026-09-30,REMOVE,NIVABUPA,official_primary,https://www.niftyindices.com/Press_Release/ind_prs10082026.pdf,press_release,Official Sep-30-2026 reconstitution reconciled to Oct-02 anchor.
Nifty Smallcap 250,2026-09-30,REMOVE,PFIZER,official_primary,https://www.niftyindices.com/Press_Release/ind_prs10082026.pdf,press_release,Official Sep-30-2026 reconstitution reconciled to Oct-02 anchor.
Nifty Smallcap 250,2026-09-30,REMOVE,PIRAMALFIN,official_primary,https://www.niftyindices.com/Press_Release/ind_prs10082026.pdf,press_release,Official Sep-30-2026 reconstitution reconciled to Oct-02 anchor.
Nifty Smallcap 250,2026-09-30,REMOVE,SAPPHIRE,official_primary,https://www.niftyindices.com/Press_Release/ind_prs10082026.pdf,press_release,Official Sep-30-2026 reconstitution reconciled to Oct-02 anchor.
Nifty Smallcap 250,2026-09-30,REMOVE,SAREGAMA,official_primary,https://www.niftyindices.com/Press_Release/ind_prs10082026.pdf,press_release,Official Sep-30-2026 reconstitution reconciled to Oct-02 anchor.
Nifty Smallcap 250,2026-09-30,REMOVE,SBFC,official_primary,https://www.niftyindices.com/Press_Release/ind_prs10082026.pdf,press_release,Official Sep-30-2026 reconstitution reconciled to Oct-02 anchor.
Nifty Smallcap 250,2026-09-30,REMOVE,SONATSOFTW,official_primary,https://www.niftyindices.com/Press_Release/ind_prs10082026.pdf,press_release,Official Sep-30-2026 reconstitution reconciled to Oct-02 anchor.
Nifty Smallcap 250,2026-09-30,REMOVE,SPLPETRO,official_primary,https://www.niftyindices.com/Press_Release/ind_prs10082026.pdf,press_release,Official Sep-30-2026 reconstitution reconciled to Oct-02 anchor.
Nifty Smallcap 250,2026-09-30,REMOVE,THELEELA,official_primary,https://www.niftyindices.com/Press_Release/ind_prs10082026.pdf,press_release,Official Sep-30-2026 reconstitution reconciled to Oct-02 anchor.
Nifty Smallcap 250,2026-09-30,REMOVE,TRAVELFOOD,official_primary,https://www.niftyindices.com/Press_Release/ind_prs10082026.pdf,press_release,Official Sep-30-2026 reconstitution reconciled to Oct-02 anchor.
